time,particle_id,x,y,mesh_index,mesh_index_original
89770,8967,0.04047,0,4,4
89770,8968,0.0305289,0,4,4
89770,8969,0.0205875,0,3,3
89770,8970,0.0106461,0,3,3
89770,8971,0.00070443,0,2,2
89770,8972,-0.00923726,0,2,2
89770,8973,-0.0191792,0,1,1
89770,8974,-0.0291212,0,1,1
89770,8975,-0.0390635,0,0,0
89770,8976,-0.0490058,0,0,0
