time,particle_id,x,y,mesh_index,mesh_index_original
60020,5992,0.0436336,0,4,4
60020,5993,0.033673,0,4,4
60020,5994,0.0237123,0,3,3
60020,5995,0.0137515,0,3,3
60020,5996,0.00379057,0,2,2
60020,5997,-0.00617042,0,2,2
60020,5998,-0.0161315,0,1,1
60020,5999,-0.0260927,0,1,1
60020,6000,-0.0370502,0,0,0
60020,6001,-0.0470116,0,0,0
