time,particle_id,x,y,mesh_index,mesh_index_original
7530,743,0.048952,0,4,4
7530,744,0.0389569,0,4,4
7530,745,0.0289618,0,3,3
7530,746,0.0189666,0,3,3
7530,747,0.00897151,0,2,2
7530,748,-0.00102364,0,2,2
7530,749,-0.0110188,0,1,1
7530,750,-0.021014,0,1,1
7530,751,-0.0310091,0,0,0
7530,752,-0.0410043,0,0,0
