time,particle_id,x,y,mesh_index,mesh_index_original
14220,1412,0.0479098,0,4,4
14220,1413,0.0379191,0,4,4
14220,1414,0.0279284,0,3,3
14220,1415,0.0179376,0,3,3
14220,1416,0.00794685,0,2,2
14220,1417,-0.00204395,0,2,2
14220,1418,-0.0120347,0,1,1
14220,1419,-0.0220256,0,1,1
14220,1420,-0.0320164,0,0,0
14220,1421,-0.0420073,0,0,0
