time,particle_id,x,y,mesh_index,mesh_index_original
24260,2416,0.0468473,0,4,4
24260,2417,0.0368632,0,4,4
24260,2418,0.0268791,0,3,3
24260,2419,0.0168949,0,3,3
24260,2420,0.0069107,0,2,2
24260,2421,-0.00307355,0,2,2
24260,2422,-0.0130578,0,1,1
24260,2423,-0.0230422,0,1,1
24260,2424,-0.0330265,0,0,0
24260,2425,-0.0430109,0,0,0
