time,particle_id,x,y,mesh_index,mesh_index_original
45300,4520,0.0447205,0,4,4
45300,4521,0.0347502,0,4,4
45300,4522,0.0247799,0,3,3
45300,4523,0.0148095,0,3,3
45300,4524,0.00483899,0,2,2
45300,4525,-0.00513158,0,2,2
45300,4526,-0.0151022,0,1,1
45300,4527,-0.0250729,0,1,1
45300,4528,-0.0350437,0,0,0
45300,4529,-0.0450146,0,0,0
