time,particle_id,x,y,mesh_index,mesh_index_original
73930,7383,0.0415585,0,4,4
73930,7384,0.031607,0,4,4
73930,7385,0.0216553,0,3,3
73930,7386,0.0117036,0,3,3
73930,7387,0.0017517,0,2,2
73930,7388,-0.00820026,0,2,2
73930,7389,-0.0181524,0,1,1
73930,7390,-0.0281046,0,1,1
73930,7391,-0.0380571,0,0,0
73930,7392,-0.0480095,0,0,0
