time,particle_id,x,y,mesh_index,mesh_index_original
43800,4370,0.0447298,0,4,4
43800,4371,0.0347585,0,4,4
43800,4372,0.0247872,0,3,3
43800,4373,0.0148158,0,3,3
43800,4374,0.00484432,0,2,2
43800,4375,-0.00512722,0,2,2
43800,4376,-0.0150988,0,1,1
43800,4377,-0.0250705,0,1,1
43800,4378,-0.0350423,0,0,0
43800,4379,-0.0450141,0,0,0
