time,particle_id,x,y,mesh_index,mesh_index_original
87980,8788,0.0404805,0,4,4
87980,8789,0.0305383,0,4,4
87980,8790,0.0205957,0,3,3
87980,8791,0.0106531,0,3,3
87980,8792,0.000710312,0,2,2
87980,8793,-0.00923254,0,2,2
87980,8794,-0.0191757,0,1,1
87980,8795,-0.0291188,0,1,1
87980,8796,-0.0390622,0,0,0
87980,8797,-0.0490057,0,0,0
