time,particle_id,x,y,mesh_index,mesh_index_original
64340,6424,0.0426115,0,4,4
64340,6425,0.0326537,0,4,4
64340,6426,0.0226958,0,3,3
64340,6427,0.0127378,0,3,3
64340,6428,0.00277969,0,2,2
64340,6429,-0.0071785,0,2,2
64340,6430,-0.0171368,0,1,1
64340,6431,-0.0270952,0,1,1
64340,6432,-0.0370538,0,0,0
64340,6433,-0.0470124,0,0,0
