time,particle_id,x,y,mesh_index,mesh_index_original
41970,4187,0.0447411,0,4,4
41970,4188,0.0347686,0,4,4
41970,4189,0.0247961,0,3,3
41970,4190,0.0148235,0,3,3
41970,4191,0.00485083,0,2,2
41970,4192,-0.0051219,0,2,2
41970,4193,-0.0150947,0,1,1
41970,4194,-0.0250676,0,1,1
41970,4195,-0.0350405,0,0,0
41970,4196,-0.0450135,0,0,0
