time,particle_id,x,y,mesh_index,mesh_index_original
95850,9574,0.0493776,0,4,4
95850,9575,0.0394405,0,4,4
95850,9576,0.0295033,0,3,3
95850,9577,0.0195659,0,3,3
95850,9578,0.00962844,0,2,2
95850,9579,-0.000309316,0,2,2
95850,9580,-0.0102471,0,1,1
95850,9581,-0.0201851,0,1,1
95850,9582,-0.0301232,0,0,0
95850,9583,-0.0400616,0,0,0
