time,particle_id,x,y,mesh_index,mesh_index_original
97010,9690,0.0493701,0,4,4
97010,9691,0.0394337,0,4,4
97010,9692,0.0294973,0,3,3
97010,9693,0.0195606,0,3,3
97010,9694,0.00962395,0,2,2
97010,9695,-0.000313051,0,2,2
97010,9696,-0.0102501,0,1,1
97010,9697,-0.0201874,0,1,1
97010,9698,-0.0301247,0,0,0
97010,9699,-0.0400624,0,0,0
