time,particle_id,x,y,mesh_index,mesh_index_original
41550,4145,0.0447437,0,4,4
41550,4146,0.0347709,0,4,4
41550,4147,0.0247981,0,3,3
41550,4148,0.0148253,0,3,3
41550,4149,0.00485232,0,2,2
41550,4150,-0.00512068,0,2,2
41550,4151,-0.0150937,0,1,1
41550,4152,-0.0250669,0,1,1
41550,4153,-0.0350401,0,0,0
41550,4154,-0.0450134,0,0,0
