time,particle_id,x,y,mesh_index,mesh_index_original
97040,9693,0.0493699,0,4,4
97040,9694,0.0394335,0,4,4
97040,9695,0.0294972,0,3,3
97040,9696,0.0195605,0,3,3
97040,9697,0.00962383,0,2,2
97040,9698,-0.000313148,0,2,2
97040,9699,-0.0102501,0,1,1
97040,9700,-0.0201874,0,1,1
97040,9701,-0.0301247,0,0,0
97040,9702,-0.0400624,0,0,0
