time,particle_id,x,y,mesh_index,mesh_index_original
25870,2577,0.0468372,0,4,4
25870,2578,0.0368541,0,4,4
25870,2579,0.026871,0,3,3
25870,2580,0.0168879,0,3,3
25870,2581,0.00690476,0,2,2
25870,2582,-0.00307845,0,2,2
25870,2583,-0.0130617,0,1,1
25870,2584,-0.023045,0,1,1
25870,2585,-0.0330283,0,0,0
25870,2586,-0.0430116,0,0,0
