time,particle_id,x,y,mesh_index,mesh_index_original
82160,8206,0.0405149,0,4,4
82160,8207,0.0305688,0,4,4
82160,8208,0.0206224,0,3,3
82160,8209,0.0106761,0,3,3
82160,8210,0.000729442,0,2,2
82160,8211,-0.00921718,0,2,2
82160,8212,-0.0191641,0,1,1
82160,8213,-0.029111,0,1,1
82160,8214,-0.0390581,0,0,0
82160,8215,-0.0490053,0,0,0
