time,particle_id,x,y,mesh_index,mesh_index_original
3010,291,0.0489812,0,4,4
3010,292,0.0389831,0,4,4
3010,293,0.028985,0,3,3
3010,294,0.0189869,0,3,3
3010,295,0.00898881,0,2,2
3010,296,-0.00100929,0,2,2
3010,297,-0.0110074,0,1,1
3010,298,-0.0210055,0,1,1
3010,299,-0.0310036,0,0,0
3010,300,-0.0410017,0,0,0
