time,particle_id,x,y,mesh_index,mesh_index_original
68500,6840,0.0425864,0,4,4
68500,6841,0.0326314,0,4,4
68500,6842,0.0226762,0,3,3
68500,6843,0.0127209,0,3,3
68500,6844,0.00276546,0,2,2
68500,6845,-0.00719003,0,2,2
68500,6846,-0.0171457,0,1,1
68500,6847,-0.0271014,0,1,1
68500,6848,-0.0370573,0,0,0
68500,6849,-0.0470132,0,0,0
