time,particle_id,x,y,mesh_index,mesh_index_original
93170,9306,0.049395,0,4,4
93170,9307,0.0394561,0,4,4
93170,9308,0.0295172,0,3,3
93170,9309,0.019578,0,3,3
93170,9310,0.0096388,0,2,2
93170,9311,-0.000300687,0,2,2
93170,9312,-0.0102402,0,1,1
93170,9313,-0.02018,0,1,1
93170,9314,-0.0301198,0,0,0
93170,9315,-0.0400599,0,0,0
