time,particle_id,x,y,mesh_index,mesh_index_original
79540,7944,0.0415251,0,4,4
79540,7945,0.0315773,0,4,4
79540,7946,0.0216292,0,3,3
79540,7947,0.0116812,0,3,3
79540,7948,0.00173289,0,2,2
79540,7949,-0.00821544,0,2,2
79540,7950,-0.018164,0,1,1
79540,7951,-0.0281126,0,1,1
79540,7952,-0.0380614,0,0,0
79540,7953,-0.0480102,0,0,0
