time,particle_id,x,y,mesh_index,mesh_index_original
7030,693,0.0489552,0,4,4
7030,694,0.0389598,0,4,4
7030,695,0.0289644,0,3,3
7030,696,0.0189689,0,3,3
7030,697,0.00897343,0,2,2
7030,698,-0.00102206,0,2,2
7030,699,-0.0110175,0,1,1
7030,700,-0.021013,0,1,1
7030,701,-0.0310085,0,0,0
7030,702,-0.041004,0,0,0
