time,particle_id,x,y,mesh_index,mesh_index_original
48960,4886,0.0446979,0,4,4
48960,4887,0.0347301,0,4,4
48960,4888,0.0247621,0,3,3
48960,4889,0.0147941,0,3,3
48960,4890,0.00482597,0,2,2
48960,4891,-0.00514221,0,2,2
48960,4892,-0.0151105,0,1,1
48960,4893,-0.0250788,0,1,1
48960,4894,-0.0350472,0,0,0
48960,4895,-0.0450157,0,0,0
