time,particle_id,x,y,mesh_index,mesh_index_original
410,31,0.048998,0,4,4
410,32,0.0389982,0,4,4
410,33,0.0289984,0,3,3
410,34,0.0189986,0,3,3
410,35,0.00899876,0,2,2
410,36,-0.00100104,0,2,2
410,37,-0.0110008,0,1,1
410,38,-0.0210006,0,1,1
410,39,-0.0310004,0,0,0
410,40,-0.0410002,0,0,0
