time,particle_id,x,y,mesh_index,mesh_index_original
33840,3374,0.0457891,0,4,4
33840,3375,0.0358113,0,4,4
33840,3376,0.0258334,0,3,3
33840,3377,0.0158555,0,3,3
33840,3378,0.00587755,0,2,2
33840,3379,-0.00410047,0,2,2
33840,3380,-0.0140785,0,1,1
33840,3381,-0.0240567,0,1,1
33840,3382,-0.0340348,0,0,0
33840,3383,-0.0440131,0,0,0
