time,particle_id,x,y,mesh_index,mesh_index_original
17620,1752,0.0478881,0,4,4
17620,1753,0.0378996,0,4,4
17620,1754,0.0279111,0,3,3
17620,1755,0.0179226,0,3,3
17620,1756,0.00793407,0,2,2
17620,1757,-0.00205451,0,2,2
17620,1758,-0.0120431,0,1,1
17620,1759,-0.0220317,0,1,1
17620,1760,-0.0320204,0,0,0
17620,1761,-0.0420091,0,0,0
