time,particle_id,x,y,mesh_index,mesh_index_original
98990,9888,0.0493573,0,4,4
98990,9889,0.0394222,0,4,4
98990,9890,0.0294871,0,3,3
98990,9891,0.0195517,0,3,3
98990,9892,0.00961629,0,2,2
98990,9893,-0.000319425,0,2,2
98990,9894,-0.0102551,0,1,1
98990,9895,-0.0201912,0,1,1
98990,9896,-0.0301272,0,0,0
98990,9897,-0.0400636,0,0,0
