time,particle_id,x,y,mesh_index,mesh_index_original
34550,3445,0.0457846,0,4,4
34550,3446,0.0358073,0,4,4
34550,3447,0.0258299,0,3,3
34550,3448,0.0158525,0,3,3
34550,3449,0.00587498,0,2,2
34550,3450,-0.00410258,0,2,2
34550,3451,-0.0140802,0,1,1
34550,3452,-0.0240578,0,1,1
34550,3453,-0.0340356,0,0,0
34550,3454,-0.0440133,0,0,0
