time,particle_id,x,y,mesh_index,mesh_index_original
61090,6099,0.0426311,0,4,4
61090,6100,0.0326712,0,4,4
61090,6101,0.0227112,0,3,3
61090,6102,0.0127511,0,3,3
61090,6103,0.00279081,0,2,2
61090,6104,-0.00716949,0,2,2
61090,6105,-0.0171299,0,1,1
61090,6106,-0.0270904,0,1,1
61090,6107,-0.0370511,0,0,0
61090,6108,-0.0470118,0,0,0
