time,particle_id,x,y,mesh_index,mesh_index_original
4800,470,0.0489696,0,4,4
4800,471,0.0389727,0,4,4
4800,472,0.0289758,0,3,3
4800,473,0.0189789,0,3,3
4800,474,0.00898196,0,2,2
4800,475,-0.00101498,0,2,2
4800,476,-0.0110119,0,1,1
4800,477,-0.0210089,0,1,1
4800,478,-0.0310058,0,0,0
4800,479,-0.0410027,0,0,0
