time,particle_id,x,y,mesh_index,mesh_index_original
85820,8572,0.0404933,0,4,4
85820,8573,0.0305496,0,4,4
85820,8574,0.0206056,0,3,3
85820,8575,0.0106616,0,3,3
85820,8576,0.000717411,0,2,2
85820,8577,-0.00922684,0,2,2
85820,8578,-0.0191714,0,1,1
85820,8579,-0.0291159,0,1,1
85820,8580,-0.0390607,0,0,0
85820,8581,-0.0490055,0,0,0
