time,particle_id,x,y,mesh_index,mesh_index_original
73590,7349,0.0415606,0,4,4
73590,7350,0.0316088,0,4,4
73590,7351,0.0216569,0,3,3
73590,7352,0.011705,0,3,3
73590,7353,0.00175284,0,2,2
73590,7354,-0.00819934,0,2,2
73590,7355,-0.0181517,0,1,1
73590,7356,-0.0281042,0,1,1
73590,7357,-0.0380568,0,0,0
73590,7358,-0.0480095,0,0,0
