time,particle_id,x,y,mesh_index,mesh_index_original
58070,5797,0.0436455,0,4,4
58070,5798,0.0336837,0,4,4
58070,5799,0.0237216,0,3,3
58070,5800,0.0137596,0,3,3
58070,5801,0.00379737,0,2,2
58070,5802,-0.00616489,0,2,2
58070,5803,-0.0161273,0,1,1
58070,5804,-0.0260897,0,1,1
58070,5805,-0.0360523,0,0,0
58070,5806,-0.0460149,0,0,0
