time,particle_id,x,y,mesh_index,mesh_index_original
49980,4988,0.0446916,0,4,4
49980,4989,0.0347244,0,4,4
49980,4990,0.0247572,0,3,3
49980,4991,0.0147898,0,3,3
49980,4992,0.00482235,0,2,2
49980,4993,-0.00514517,0,2,2
49980,4994,-0.0151128,0,1,1
49980,4995,-0.0250805,0,1,1
49980,4996,-0.0350482,0,0,0
49980,4997,-0.0450161,0,0,0
