time,particle_id,x,y,mesh_index,mesh_index_original
83000,8290,0.0405099,0,4,4
83000,8291,0.0305644,0,4,4
83000,8292,0.0206186,0,3,3
83000,8293,0.0106727,0,3,3
83000,8294,0.00072668,0,2,2
83000,8295,-0.0092194,0,2,2
83000,8296,-0.0191657,0,1,1
83000,8297,-0.0291121,0,1,1
83000,8298,-0.0390587,0,0,0
83000,8299,-0.0490053,0,0,0
