time,particle_id,x,y,mesh_index,mesh_index_original
61510,6141,0.0426286,0,4,4
61510,6142,0.032669,0,4,4
61510,6143,0.0227092,0,3,3
61510,6144,0.0127494,0,3,3
61510,6145,0.00278938,0,2,2
61510,6146,-0.00717065,0,2,2
61510,6147,-0.0171308,0,1,1
61510,6148,-0.0270911,0,1,1
61510,6149,-0.0370514,0,0,0
61510,6150,-0.0470119,0,0,0
