time,particle_id,x,y,mesh_index,mesh_index_original
80560,8046,0.0405243,0,4,4
80560,8047,0.0305771,0,4,4
80560,8048,0.0206298,0,3,3
80560,8049,0.0106824,0,3,3
80560,8050,0.000734702,0,2,2
80560,8051,-0.00921296,0,2,2
80560,8052,-0.0191609,0,1,1
80560,8053,-0.0291088,0,1,1
80560,8054,-0.039057,0,0,0
80560,8055,-0.0490052,0,0,0
