time,particle_id,x,y,mesh_index,mesh_index_original
52550,5245,0.0436792,0,4,4
52550,5246,0.0337137,0,4,4
52550,5247,0.0237481,0,3,3
52550,5248,0.0137824,0,3,3
52550,5249,0.00381663,0,2,2
52550,5250,-0.00614922,0,2,2
52550,5251,-0.0161152,0,1,1
52550,5252,-0.0260812,0,1,1
52550,5253,-0.0360473,0,0,0
52550,5254,-0.0460135,0,0,0
