time,particle_id,x,y,mesh_index,mesh_index_original
26690,2659,0.046832,0,4,4
26690,2660,0.0368495,0,4,4
26690,2661,0.0268669,0,3,3
26690,2662,0.0168843,0,3,3
26690,2663,0.00690173,0,2,2
26690,2664,-0.00308094,0,2,2
26690,2665,-0.0130636,0,1,1
26690,2666,-0.0230464,0,1,1
26690,2667,-0.0330292,0,0,0
26690,2668,-0.043012,0,0,0
