time,particle_id,x,y,mesh_index,mesh_index_original
86980,8688,0.0404864,0,4,4
86980,8689,0.0305435,0,4,4
86980,8690,0.0206003,0,3,3
86980,8691,0.0106571,0,3,3
86980,8692,0.000713598,0,2,2
86980,8693,-0.0092299,0,2,2
86980,8694,-0.0191737,0,1,1
86980,8695,-0.0291175,0,1,1
86980,8696,-0.0390615,0,0,0
86980,8697,-0.0490056,0,0,0
