time,particle_id,x,y,mesh_index,mesh_index_original
81270,8117,0.0405201,0,4,4
81270,8118,0.0305734,0,4,4
81270,8119,0.0206265,0,3,3
81270,8120,0.0106796,0,3,3
81270,8121,0.000732368,0,2,2
81270,8122,-0.00921483,0,2,2
81270,8123,-0.0191623,0,1,1
81270,8124,-0.0291098,0,1,1
81270,8125,-0.0390575,0,0,0
81270,8126,-0.0490052,0,0,0
