time,particle_id,x,y,mesh_index,mesh_index_original
37110,3701,0.0457687,0,4,4
37110,3702,0.035793,0,4,4
37110,3703,0.0258173,0,3,3
37110,3704,0.0158415,0,3,3
37110,3705,0.0058657,0,2,2
37110,3706,-0.00411019,0,2,2
37110,3707,-0.0140861,0,1,1
37110,3708,-0.0240621,0,1,1
37110,3709,-0.0340382,0,0,0
37110,3710,-0.0440143,0,0,0
