time,particle_id,x,y,mesh_index,mesh_index_original
72010,7191,0.04157,0,4,4
72010,7192,0.0316172,0,4,4
72010,7193,0.0216643,0,3,3
72010,7194,0.0117113,0,3,3
72010,7195,0.00175814,0,2,2
72010,7196,-0.00819507,0,2,2
72010,7197,-0.0181485,0,1,1
72010,7198,-0.0281019,0,1,1
72010,7199,-0.0380556,0,0,0
72010,7200,-0.0480093,0,0,0
