time,particle_id,x,y,mesh_index,mesh_index_original
61150,6105,0.0426308,0,4,4
61150,6106,0.0326709,0,4,4
61150,6107,0.0227109,0,3,3
61150,6108,0.0127508,0,3,3
61150,6109,0.00279061,0,2,2
61150,6110,-0.00716965,0,2,2
61150,6111,-0.0171301,0,1,1
61150,6112,-0.0270905,0,1,1
61150,6113,-0.0370511,0,0,0
61150,6114,-0.0470118,0,0,0
