time,particle_id,x,y,mesh_index,mesh_index_original
81980,8188,0.0405159,0,4,4
81980,8189,0.0305697,0,4,4
81980,8190,0.0206232,0,3,3
81980,8191,0.0106768,0,3,3
81980,8192,0.000730033,0,2,2
81980,8193,-0.00921671,0,2,2
81980,8194,-0.0191637,0,1,1
81980,8195,-0.0291107,0,1,1
81980,8196,-0.039058,0,0,0
81980,8197,-0.0490053,0,0,0
