time,particle_id,x,y,mesh_index,mesh_index_original
99360,9925,0.0493549,0,4,4
99360,9926,0.03942,0,4,4
99360,9927,0.0294852,0,3,3
99360,9928,0.01955,0,3,3
99360,9929,0.00961486,0,2,2
99360,9930,-0.000320616,0,2,2
99360,9931,-0.0102561,0,1,1
99360,9932,-0.0201919,0,1,1
99360,9933,-0.0301277,0,0,0
99360,9934,-0.0400639,0,0,0
