time,particle_id,x,y,mesh_index,mesh_index_original
11610,1151,0.0479265,0,4,4
11610,1152,0.037934,0,4,4
11610,1153,0.0279416,0,3,3
11610,1154,0.0179491,0,3,3
11610,1155,0.00795666,0,2,2
11610,1156,-0.00203584,0,2,2
11610,1157,-0.0120283,0,1,1
11610,1158,-0.0220209,0,1,1
11610,1159,-0.0320134,0,0,0
11610,1160,-0.042006,0,0,0
