time,particle_id,x,y,mesh_index,mesh_index_original
18110,1801,0.047885,0,4,4
18110,1802,0.0378968,0,4,4
18110,1803,0.0279086,0,3,3
18110,1804,0.0179204,0,3,3
18110,1805,0.00793223,0,2,2
18110,1806,-0.00205603,0,2,2
18110,1807,-0.0120443,0,1,1
18110,1808,-0.0220326,0,1,1
18110,1809,-0.0320209,0,0,0
18110,1810,-0.0420093,0,0,0
