time,particle_id,x,y,mesh_index,mesh_index_original
88740,8864,0.0404761,0,4,4
88740,8865,0.0305343,0,4,4
88740,8866,0.0205922,0,3,3
88740,8867,0.0106502,0,3,3
88740,8868,0.000707814,0,2,2
88740,8869,-0.00923454,0,2,2
88740,8870,-0.0191772,0,1,1
88740,8871,-0.0291198,0,1,1
88740,8872,-0.0390628,0,0,0
88740,8873,-0.0490057,0,0,0
