time,particle_id,x,y,mesh_index,mesh_index_original
57680,5758,0.0436479,0,4,4
57680,5759,0.0336858,0,4,4
57680,5760,0.0237235,0,3,3
57680,5761,0.0137612,0,3,3
57680,5762,0.00379873,0,2,2
57680,5763,-0.00616378,0,2,2
57680,5764,-0.0161264,0,1,1
57680,5765,-0.0260891,0,1,1
57680,5766,-0.0360519,0,0,0
57680,5767,-0.0460148,0,0,0
