time,particle_id,x,y,mesh_index,mesh_index_original
26790,2669,0.0468313,0,4,4
26790,2670,0.0368489,0,4,4
26790,2671,0.0268664,0,3,3
26790,2672,0.0168839,0,3,3
26790,2673,0.00690136,0,2,2
26790,2674,-0.00308124,0,2,2
26790,2675,-0.0130639,0,1,1
26790,2676,-0.0230466,0,1,1
26790,2677,-0.0330293,0,0,0
26790,2678,-0.0430121,0,0,0
