time,particle_id,x,y,mesh_index,mesh_index_original
68570,6847,0.042586,0,4,4
68570,6848,0.032631,0,4,4
68570,6849,0.0226758,0,3,3
68570,6850,0.0127206,0,3,3
68570,6851,0.00276522,0,2,2
68570,6852,-0.00719022,0,2,2
68570,6853,-0.0171458,0,1,1
68570,6854,-0.0271015,0,1,1
68570,6855,-0.0370573,0,0,0
68570,6856,-0.0470132,0,0,0
