time,particle_id,x,y,mesh_index,mesh_index_original
21990,2189,0.0468616,0,4,4
21990,2190,0.036876,0,4,4
21990,2191,0.0268904,0,3,3
21990,2192,0.0169048,0,3,3
21990,2193,0.00691908,0,2,2
21990,2194,-0.00306665,0,2,2
21990,2195,-0.0130524,0,1,1
21990,2196,-0.0230382,0,1,1
21990,2197,-0.033024,0,0,0
21990,2198,-0.0430099,0,0,0
