time,particle_id,x,y,mesh_index,mesh_index_original
65890,6579,0.0426022,0,4,4
65890,6580,0.0326454,0,4,4
65890,6581,0.0226885,0,3,3
65890,6582,0.0127315,0,3,3
65890,6583,0.00277439,0,2,2
65890,6584,-0.00718279,0,2,2
65890,6585,-0.0171401,0,1,1
65890,6586,-0.0270975,0,1,1
65890,6587,-0.0370551,0,0,0
65890,6588,-0.0470127,0,0,0
