time,particle_id,x,y,mesh_index,mesh_index_original
29240,2914,0.0468159,0,4,4
29240,2915,0.036835,0,4,4
29240,2916,0.0268542,0,3,3
29240,2917,0.0168733,0,3,3
29240,2918,0.00689232,0,2,2
29240,2919,-0.00308869,0,2,2
29240,2920,-0.0130697,0,1,1
29240,2921,-0.0230508,0,1,1
29240,2922,-0.033032,0,0,0
29240,2923,-0.0430132,0,0,0
