time,particle_id,x,y,mesh_index,mesh_index_original
42180,4208,0.0447398,0,4,4
42180,4209,0.0347675,0,4,4
42180,4210,0.0247951,0,3,3
42180,4211,0.0148226,0,3,3
42180,4212,0.00485008,0,2,2
42180,4213,-0.00512251,0,2,2
42180,4214,-0.0150952,0,1,1
42180,4215,-0.0250679,0,1,1
42180,4216,-0.0350407,0,0,0
42180,4217,-0.0450136,0,0,0
