time,particle_id,x,y,mesh_index,mesh_index_original
3970,387,0.048975,0,4,4
3970,388,0.0389775,0,4,4
3970,389,0.0289801,0,3,3
3970,390,0.0189826,0,3,3
3970,391,0.00898513,0,2,2
3970,392,-0.00101234,0,2,2
3970,393,-0.0110098,0,1,1
3970,394,-0.0210073,0,1,1
3970,395,-0.0310048,0,0,0
3970,396,-0.0410023,0,0,0
