time,particle_id,x,y,mesh_index,mesh_index_original
88790,8869,0.0404758,0,4,4
88790,8870,0.030534,0,4,4
88790,8871,0.020592,0,3,3
88790,8872,0.01065,0,3,3
88790,8873,0.00070765,0,2,2
88790,8874,-0.00923467,0,2,2
88790,8875,-0.0191773,0,1,1
88790,8876,-0.0291199,0,1,1
88790,8877,-0.0390628,0,0,0
88790,8878,-0.0490057,0,0,0
