time,particle_id,x,y,mesh_index,mesh_index_original
58760,5866,0.0436413,0,4,4
58760,5867,0.0336799,0,4,4
58760,5868,0.0237183,0,3,3
58760,5869,0.0137567,0,3,3
58760,5870,0.00379497,0,2,2
58760,5871,-0.00616685,0,2,2
58760,5872,-0.0161288,0,1,1
58760,5873,-0.0260908,0,1,1
58760,5874,-0.0360529,0,0,0
58760,5875,-0.0460151,0,0,0
