time,particle_id,x,y,mesh_index,mesh_index_original
4840,474,0.0489694,0,4,4
4840,475,0.0389725,0,4,4
4840,476,0.0289756,0,3,3
4840,477,0.0189787,0,3,3
4840,478,0.0089818,0,2,2
4840,479,-0.0010151,0,2,2
4840,480,-0.011012,0,1,1
4840,481,-0.0210089,0,1,1
4840,482,-0.0310058,0,0,0
4840,483,-0.0410028,0,0,0
