time,particle_id,x,y,mesh_index,mesh_index_original
97050,9694,0.0493698,0,4,4
97050,9695,0.0394335,0,4,4
97050,9696,0.0294971,0,3,3
97050,9697,0.0195605,0,3,3
97050,9698,0.0096238,0,2,2
97050,9699,-0.00031318,0,2,2
97050,9700,-0.0102502,0,1,1
97050,9701,-0.0201875,0,1,1
97050,9702,-0.0301248,0,0,0
97050,9703,-0.0400624,0,0,0
