time,particle_id,x,y,mesh_index,mesh_index_original
72740,7264,0.0415656,0,4,4
72740,7265,0.0316134,0,4,4
72740,7266,0.0216609,0,3,3
72740,7267,0.0117084,0,3,3
72740,7268,0.00175569,0,2,2
72740,7269,-0.00819704,0,2,2
72740,7270,-0.01815,0,1,1
72740,7271,-0.028103,0,1,1
72740,7272,-0.0380561,0,0,0
72740,7273,-0.0480094,0,0,0
