time,particle_id,x,y,mesh_index,mesh_index_original
84520,8442,0.0405009,0,4,4
84520,8443,0.0305564,0,4,4
84520,8444,0.0206116,0,3,3
84520,8445,0.0106668,0,3,3
84520,8446,0.000721684,0,2,2
84520,8447,-0.00922341,0,2,2
84520,8448,-0.0191688,0,1,1
84520,8449,-0.0291141,0,1,1
84520,8450,-0.0390598,0,0,0
84520,8451,-0.0490054,0,0,0
