time,particle_id,x,y,mesh_index,mesh_index_original
62420,6232,0.0426231,0,4,4
62420,6233,0.0326641,0,4,4
62420,6234,0.0227049,0,3,3
62420,6235,0.0127456,0,3,3
62420,6236,0.00278626,0,2,2
62420,6237,-0.00717317,0,2,2
62420,6238,-0.0171328,0,1,1
62420,6239,-0.0270924,0,1,1
62420,6240,-0.0370522,0,0,0
62420,6241,-0.047012,0,0,0
