time,particle_id,x,y,mesh_index,mesh_index_original
47540,4744,0.0447067,0,4,4
47540,4745,0.0347379,0,4,4
47540,4746,0.024769,0,3,3
47540,4747,0.0148001,0,3,3
47540,4748,0.00483102,0,2,2
47540,4749,-0.00513808,0,2,2
47540,4750,-0.0151073,0,1,1
47540,4751,-0.0250765,0,1,1
47540,4752,-0.0350459,0,0,0
47540,4753,-0.0450153,0,0,0
