time,particle_id,x,y,mesh_index,mesh_index_original
34160,3406,0.0457871,0,4,4
34160,3407,0.0358095,0,4,4
34160,3408,0.0258318,0,3,3
34160,3409,0.0158541,0,3,3
34160,3410,0.00587639,0,2,2
34160,3411,-0.00410142,0,2,2
34160,3412,-0.0140793,0,1,1
34160,3413,-0.0240572,0,1,1
34160,3414,-0.0340352,0,0,0
34160,3415,-0.0440132,0,0,0
