time,particle_id,x,y,mesh_index,mesh_index_original
37830,3773,0.0457642,0,4,4
37830,3774,0.035789,0,4,4
37830,3775,0.0258137,0,3,3
37830,3776,0.0158384,0,3,3
37830,3777,0.00586309,0,2,2
37830,3778,-0.00411233,0,2,2
37830,3779,-0.0140878,0,1,1
37830,3780,-0.0240633,0,1,1
37830,3781,-0.0340389,0,0,0
37830,3782,-0.0440146,0,0,0
