time,particle_id,x,y,mesh_index,mesh_index_original
43420,4332,0.0447321,0,4,4
43420,4333,0.0347606,0,4,4
43420,4334,0.024789,0,3,3
43420,4335,0.0148174,0,3,3
43420,4336,0.00484567,0,2,2
43420,4337,-0.00512611,0,2,2
43420,4338,-0.015098,0,1,1
43420,4339,-0.0250699,0,1,1
43420,4340,-0.0350419,0,0,0
43420,4341,-0.045014,0,0,0
