time,particle_id,x,y,mesh_index,mesh_index_original
16940,1684,0.0478924,0,4,4
16940,1685,0.0379035,0,4,4
16940,1686,0.0279146,0,3,3
16940,1687,0.0179256,0,3,3
16940,1688,0.00793662,0,2,2
16940,1689,-0.0020524,0,2,2
16940,1690,-0.0120414,0,1,1
16940,1691,-0.0220305,0,1,1
16940,1692,-0.0320196,0,0,0
16940,1693,-0.0420087,0,0,0
