time,particle_id,x,y,mesh_index,mesh_index_original
52040,5194,0.0436823,0,4,4
52040,5195,0.0337165,0,4,4
52040,5196,0.0237505,0,3,3
52040,5197,0.0137845,0,3,3
52040,5198,0.00381841,0,2,2
52040,5199,-0.00614777,0,2,2
52040,5200,-0.0161141,0,1,1
52040,5201,-0.0260804,0,1,1
52040,5202,-0.0360469,0,0,0
52040,5203,-0.0460134,0,0,0
