time,particle_id,x,y,mesh_index,mesh_index_original
84410,8431,0.0405016,0,4,4
84410,8432,0.030557,0,4,4
84410,8433,0.0206121,0,3,3
84410,8434,0.0106672,0,3,3
84410,8435,0.000722045,0,2,2
84410,8436,-0.00922312,0,2,2
84410,8437,-0.0191685,0,1,1
84410,8438,-0.029114,0,1,1
84410,8439,-0.0390597,0,0,0
84410,8440,-0.0490054,0,0,0
