time,particle_id,x,y,mesh_index,mesh_index_original
95760,9565,0.0493782,0,4,4
95760,9566,0.039441,0,4,4
95760,9567,0.0295038,0,3,3
95760,9568,0.0195663,0,3,3
95760,9569,0.00962878,0,2,2
95760,9570,-0.000309027,0,2,2
95760,9571,-0.0102468,0,1,1
95760,9572,-0.020185,0,1,1
95760,9573,-0.0301231,0,0,0
95760,9574,-0.0400616,0,0,0
