time,particle_id,x,y,mesh_index,mesh_index_original
97720,9761,0.0493655,0,4,4
97720,9762,0.0394296,0,4,4
97720,9763,0.0294937,0,3,3
97720,9764,0.0195574,0,3,3
97720,9765,0.0096212,0,2,2
97720,9766,-0.000315337,0,2,2
97720,9767,-0.0102519,0,1,1
97720,9768,-0.0201887,0,1,1
97720,9769,-0.0301256,0,0,0
97720,9770,-0.0400628,0,0,0
