time,particle_id,x,y,mesh_index,mesh_index_original
86610,8651,0.0404886,0,4,4
86610,8652,0.0305454,0,4,4
86610,8653,0.020602,0,3,3
86610,8654,0.0106585,0,3,3
86610,8655,0.000714814,0,2,2
86610,8656,-0.00922892,0,2,2
86610,8657,-0.0191729,0,1,1
86610,8658,-0.029117,0,1,1
86610,8659,-0.0390613,0,0,0
86610,8660,-0.0490056,0,0,0
