time,particle_id,x,y,mesh_index,mesh_index_original
49380,4928,0.0446953,0,4,4
49380,4929,0.0347277,0,4,4
49380,4930,0.0247601,0,3,3
49380,4931,0.0147923,0,3,3
49380,4932,0.00482448,0,2,2
49380,4933,-0.00514343,0,2,2
49380,4934,-0.0151114,0,1,1
49380,4935,-0.0250795,0,1,1
49380,4936,-0.0350476,0,0,0
49380,4937,-0.0450159,0,0,0
