time,particle_id,x,y,mesh_index,mesh_index_original
69320,6922,0.0425815,0,4,4
69320,6923,0.032627,0,4,4
69320,6924,0.0226723,0,3,3
69320,6925,0.0127176,0,3,3
69320,6926,0.00276266,0,2,2
69320,6927,-0.0071923,0,2,2
69320,6928,-0.0171474,0,1,1
69320,6929,-0.0271026,0,1,1
69320,6930,-0.037058,0,0,0
69320,6931,-0.0470134,0,0,0
