time,particle_id,x,y,mesh_index,mesh_index_original
81840,8174,0.0405167,0,4,4
81840,8175,0.0305704,0,4,4
81840,8176,0.0206239,0,3,3
81840,8177,0.0106773,0,3,3
81840,8178,0.000730494,0,2,2
81840,8179,-0.00921634,0,2,2
81840,8180,-0.0191634,0,1,1
81840,8181,-0.0291105,0,1,1
81840,8182,-0.0390579,0,0,0
81840,8183,-0.0490053,0,0,0
