time,particle_id,x,y,mesh_index,mesh_index_original
16230,1613,0.047897,0,4,4
16230,1614,0.0379076,0,4,4
16230,1615,0.0279182,0,3,3
16230,1616,0.0179287,0,3,3
16230,1617,0.00793929,0,2,2
16230,1618,-0.00205019,0,2,2
16230,1619,-0.0120397,0,1,1
16230,1620,-0.0220292,0,1,1
16230,1621,-0.0320188,0,0,0
16230,1622,-0.0420083,0,0,0
