time,particle_id,x,y,mesh_index,mesh_index_original
14030,1393,0.047911,0,4,4
14030,1394,0.0379202,0,4,4
14030,1395,0.0279293,0,3,3
14030,1396,0.0179384,0,3,3
14030,1397,0.00794756,0,2,2
14030,1398,-0.00204336,0,2,2
14030,1399,-0.0120343,0,1,1
14030,1400,-0.0220252,0,1,1
14030,1401,-0.0320162,0,0,0
14030,1402,-0.0420072,0,0,0
