time,particle_id,x,y,mesh_index,mesh_index_original
74240,7414,0.0415567,0,4,4
74240,7415,0.0316054,0,4,4
74240,7416,0.0216539,0,3,3
74240,7417,0.0117024,0,3,3
74240,7418,0.00175066,0,2,2
74240,7419,-0.0082011,0,2,2
74240,7420,-0.0181531,0,1,1
74240,7421,-0.0281051,0,1,1
74240,7422,-0.0380573,0,0,0
74240,7423,-0.0480095,0,0,0
