time,particle_id,x,y,mesh_index,mesh_index_original
52220,5212,0.0436813,0,4,4
52220,5213,0.0337155,0,4,4
52220,5214,0.0237497,0,3,3
52220,5215,0.0137838,0,3,3
52220,5216,0.00381778,0,2,2
52220,5217,-0.00614828,0,2,2
52220,5218,-0.0161145,0,1,1
52220,5219,-0.0260807,0,1,1
52220,5220,-0.036047,0,0,0
52220,5221,-0.0460134,0,0,0
