time,particle_id,x,y,mesh_index,mesh_index_original
44630,4453,0.0447247,0,4,4
44630,4454,0.0347539,0,4,4
44630,4455,0.0247832,0,3,3
44630,4456,0.0148123,0,3,3
44630,4457,0.00484137,0,2,2
44630,4458,-0.00512963,0,2,2
44630,4459,-0.0151007,0,1,1
44630,4460,-0.0250718,0,1,1
44630,4461,-0.0350431,0,0,0
44630,4462,-0.0450144,0,0,0
