time,particle_id,x,y,mesh_index,mesh_index_original
61990,6189,0.0426257,0,4,4
61990,6190,0.0326664,0,4,4
61990,6191,0.0227069,0,3,3
61990,6192,0.0127474,0,3,3
61990,6193,0.00278773,0,2,2
61990,6194,-0.00717198,0,2,2
61990,6195,-0.0171318,0,1,1
61990,6196,-0.0270918,0,1,1
61990,6197,-0.0370518,0,0,0
61990,6198,-0.047012,0,0,0
