time,particle_id,x,y,mesh_index,mesh_index_original
84940,8484,0.0404985,0,4,4
84940,8485,0.0305542,0,4,4
84940,8486,0.0206097,0,3,3
84940,8487,0.0106651,0,3,3
84940,8488,0.000720303,0,2,2
84940,8489,-0.00922452,0,2,2
84940,8490,-0.0191696,0,1,1
84940,8491,-0.0291147,0,1,1
84940,8492,-0.0390601,0,0,0
84940,8493,-0.0490055,0,0,0
