time,particle_id,x,y,mesh_index,mesh_index_original
35890,3579,0.0457763,0,4,4
35890,3580,0.0357998,0,4,4
35890,3581,0.0258233,0,3,3
35890,3582,0.0158467,0,3,3
35890,3583,0.00587012,0,2,2
35890,3584,-0.00410656,0,2,2
35890,3585,-0.0140833,0,1,1
35890,3586,-0.0240601,0,1,1
35890,3587,-0.0340369,0,0,0
35890,3588,-0.0440139,0,0,0
