time,particle_id,x,y,mesh_index,mesh_index_original
70990,7089,0.0415761,0,4,4
70990,7090,0.0316226,0,4,4
70990,7091,0.021669,0,3,3
70990,7092,0.0117154,0,3,3
70990,7093,0.00176156,0,2,2
70990,7094,-0.00819231,0,2,2
70990,7095,-0.0181464,0,1,1
70990,7096,-0.0281005,0,1,1
70990,7097,-0.0380548,0,0,0
70990,7098,-0.0480091,0,0,0
