time,particle_id,x,y,mesh_index,mesh_index_original
35280,3518,0.0457801,0,4,4
35280,3519,0.0358032,0,4,4
35280,3520,0.0258263,0,3,3
35280,3521,0.0158493,0,3,3
35280,3522,0.00587233,0,2,2
35280,3523,-0.00410475,0,2,2
35280,3524,-0.0140819,0,1,1
35280,3525,-0.0240591,0,1,1
35280,3526,-0.0340363,0,0,0
35280,3527,-0.0440136,0,0,0
