time,particle_id,x,y,mesh_index,mesh_index_original
96680,9657,0.0493722,0,4,4
96680,9658,0.0394356,0,4,4
96680,9659,0.029499,0,3,3
96680,9660,0.0195621,0,3,3
96680,9661,0.00962523,0,2,2
96680,9662,-0.000311989,0,2,2
96680,9663,-0.0102492,0,1,1
96680,9664,-0.0201867,0,1,1
96680,9665,-0.0301243,0,0,0
96680,9666,-0.0400621,0,0,0
