time,particle_id,x,y,mesh_index,mesh_index_original
13510,1341,0.0479143,0,4,4
13510,1342,0.0379231,0,4,4
13510,1343,0.027932,0,3,3
13510,1344,0.0179407,0,3,3
13510,1345,0.00794952,0,2,2
13510,1346,-0.00204174,0,2,2
13510,1347,-0.012033,0,1,1
13510,1348,-0.0220243,0,1,1
13510,1349,-0.0320156,0,0,0
13510,1350,-0.0420069,0,0,0
