time,particle_id,x,y,mesh_index,mesh_index_original
22330,2223,0.0468595,0,4,4
22330,2224,0.0368741,0,4,4
22330,2225,0.0268887,0,3,3
22330,2226,0.0169033,0,3,3
22330,2227,0.00691782,0,2,2
22330,2228,-0.00306769,0,2,2
22330,2229,-0.0130532,0,1,1
22330,2230,-0.0230388,0,1,1
22330,2231,-0.0330244,0,0,0
22330,2232,-0.04301,0,0,0
