time,particle_id,x,y,mesh_index,mesh_index_original
65240,6514,0.0426061,0,4,4
65240,6515,0.0326489,0,4,4
65240,6516,0.0226916,0,3,3
65240,6517,0.0127342,0,3,3
65240,6518,0.00277661,0,2,2
65240,6519,-0.00718099,0,2,2
65240,6520,-0.0171388,0,1,1
65240,6521,-0.0270966,0,1,1
65240,6522,-0.0370546,0,0,0
65240,6523,-0.0470126,0,0,0
