time,particle_id,x,y,mesh_index,mesh_index_original
77590,7749,0.0415367,0,4,4
77590,7750,0.0315876,0,4,4
77590,7751,0.0216383,0,3,3
77590,7752,0.011689,0,3,3
77590,7753,0.00173942,0,2,2
77590,7754,-0.00821016,0,2,2
77590,7755,-0.01816,0,1,1
77590,7756,-0.0281098,0,1,1
77590,7757,-0.0380599,0,0,0
77590,7758,-0.04801,0,0,0
