time,particle_id,x,y,mesh_index,mesh_index_original
49750,4965,0.0446931,0,4,4
49750,4966,0.0347257,0,4,4
49750,4967,0.0247583,0,3,3
49750,4968,0.0147908,0,3,3
49750,4969,0.00482316,0,2,2
49750,4970,-0.0051445,0,2,2
49750,4971,-0.0151123,0,1,1
49750,4972,-0.0250801,0,1,1
49750,4973,-0.035048,0,0,0
49750,4974,-0.045016,0,0,0
