time,particle_id,x,y,mesh_index,mesh_index_original
66890,6679,0.0425961,0,4,4
66890,6680,0.03264,0,4,4
66890,6681,0.0226838,0,3,3
66890,6682,0.0127274,0,3,3
66890,6683,0.00277097,0,2,2
66890,6684,-0.00718556,0,2,2
66890,6685,-0.0171423,0,1,1
66890,6686,-0.027099,0,1,1
66890,6687,-0.0370559,0,0,0
66890,6688,-0.0470129,0,0,0
