time,particle_id,x,y,mesh_index,mesh_index_original
22150,2205,0.0468606,0,4,4
22150,2206,0.0368751,0,4,4
22150,2207,0.0268896,0,3,3
22150,2208,0.0169041,0,3,3
22150,2209,0.00691849,0,2,2
22150,2210,-0.00306714,0,2,2
22150,2211,-0.0130528,0,1,1
22150,2212,-0.0230385,0,1,1
22150,2213,-0.0330242,0,0,0
22150,2214,-0.04301,0,0,0
