time,particle_id,x,y,mesh_index,mesh_index_original
81780,8168,0.0405171,0,4,4
81780,8169,0.0305707,0,4,4
81780,8170,0.0206242,0,3,3
81780,8171,0.0106775,0,3,3
81780,8172,0.000730691,0,2,2
81780,8173,-0.00921618,0,2,2
81780,8174,-0.0191633,0,1,1
81780,8175,-0.0291104,0,1,1
81780,8176,-0.0390578,0,0,0
81780,8177,-0.0490053,0,0,0
