time,particle_id,x,y,mesh_index,mesh_index_original
64070,6397,0.0426131,0,4,4
64070,6398,0.0326552,0,4,4
64070,6399,0.0226971,0,3,3
64070,6400,0.0127389,0,3,3
64070,6401,0.00278062,0,2,2
64070,6402,-0.00717775,0,2,2
64070,6403,-0.0171363,0,1,1
64070,6404,-0.0270948,0,1,1
64070,6405,-0.0370536,0,0,0
64070,6406,-0.0470124,0,0,0
