time,particle_id,x,y,mesh_index,mesh_index_original
44130,4403,0.0447278,0,4,4
44130,4404,0.0347567,0,4,4
44130,4405,0.0247856,0,3,3
44130,4406,0.0148144,0,3,3
44130,4407,0.00484315,0,2,2
44130,4408,-0.00512818,0,2,2
44130,4409,-0.0150996,0,1,1
44130,4410,-0.025071,0,1,1
44130,4411,-0.0350426,0,0,0
44130,4412,-0.0450142,0,0,0
