time,particle_id,x,y,mesh_index,mesh_index_original
76800,7670,0.0415414,0,4,4
76800,7671,0.0315918,0,4,4
76800,7672,0.021642,0,3,3
76800,7673,0.0116921,0,3,3
76800,7674,0.00174207,0,2,2
76800,7675,-0.00820803,0,2,2
76800,7676,-0.0181583,0,1,1
76800,7677,-0.0281087,0,1,1
76800,7678,-0.0380593,0,0,0
76800,7679,-0.0480099,0,0,0
