time,particle_id,x,y,mesh_index,mesh_index_original
72870,7277,0.0415649,0,4,4
72870,7278,0.0316127,0,4,4
72870,7279,0.0216603,0,3,3
72870,7280,0.0117079,0,3,3
72870,7281,0.00175526,0,2,2
72870,7282,-0.0081974,0,2,2
72870,7283,-0.0181502,0,1,1
72870,7284,-0.0281031,0,1,1
72870,7285,-0.0380562,0,0,0
72870,7286,-0.0480094,0,0,0
