time,particle_id,x,y,mesh_index,mesh_index_original
40790,4069,0.0447484,0,4,4
40790,4070,0.0347751,0,4,4
40790,4071,0.0248018,0,3,3
40790,4072,0.0148285,0,3,3
40790,4073,0.00485503,0,2,2
40790,4074,-0.00511847,0,2,2
40790,4075,-0.015092,0,1,1
40790,4076,-0.0250657,0,1,1
40790,4077,-0.0350394,0,0,0
40790,4078,-0.0450131,0,0,0
