time,particle_id,x,y,mesh_index,mesh_index_original
88370,8827,0.0404782,0,4,4
88370,8828,0.0305362,0,4,4
88370,8829,0.0205939,0,3,3
88370,8830,0.0106516,0,3,3
88370,8831,0.00070903,0,2,2
88370,8832,-0.00923357,0,2,2
88370,8833,-0.0191764,0,1,1
88370,8834,-0.0291193,0,1,1
88370,8835,-0.0390625,0,0,0
88370,8836,-0.0490057,0,0,0
