time,particle_id,x,y,mesh_index,mesh_index_original
64430,6433,0.042611,0,4,4
64430,6434,0.0326533,0,4,4
64430,6435,0.0226954,0,3,3
64430,6436,0.0127375,0,3,3
64430,6437,0.00277939,0,2,2
64430,6438,-0.00717875,0,2,2
64430,6439,-0.017137,0,1,1
64430,6440,-0.0270954,0,1,1
64430,6441,-0.0370539,0,0,0
64430,6442,-0.0470124,0,0,0
