time,particle_id,x,y,mesh_index,mesh_index_original
70670,7057,0.041578,0,4,4
70670,7058,0.0316243,0,4,4
70670,7059,0.0216705,0,3,3
70670,7060,0.0117167,0,3,3
70670,7061,0.00176264,0,2,2
70670,7062,-0.00819144,0,2,2
70670,7063,-0.0181457,0,1,1
70670,7064,-0.0281,0,1,1
70670,7065,-0.0380545,0,0,0
70670,7066,-0.0480091,0,0,0
