time,particle_id,x,y,mesh_index,mesh_index_original
82430,8233,0.0405133,0,4,4
82430,8234,0.0305673,0,4,4
82430,8235,0.0206212,0,3,3
82430,8236,0.010675,0,3,3
82430,8237,0.000728554,0,2,2
82430,8238,-0.00921789,0,2,2
82430,8239,-0.0191646,0,1,1
82430,8240,-0.0291113,0,1,1
82430,8241,-0.0390583,0,0,0
82430,8242,-0.0490053,0,0,0
