time,particle_id,x,y,mesh_index,mesh_index_original
88670,8857,0.0404765,0,4,4
88670,8858,0.0305346,0,4,4
88670,8859,0.0205925,0,3,3
88670,8860,0.0106504,0,3,3
88670,8861,0.000708044,0,2,2
88670,8862,-0.00923436,0,2,2
88670,8863,-0.019177,0,1,1
88670,8864,-0.0291197,0,1,1
88670,8865,-0.0390627,0,0,0
88670,8866,-0.0490057,0,0,0
