time,particle_id,x,y,mesh_index,mesh_index_original
13460,1336,0.0479146,0,4,4
13460,1337,0.0379234,0,4,4
13460,1338,0.0279322,0,3,3
13460,1339,0.017941,0,3,3
13460,1340,0.0079497,0,2,2
13460,1341,-0.00204158,0,2,2
13460,1342,-0.0120329,0,1,1
13460,1343,-0.0220242,0,1,1
13460,1344,-0.0320155,0,0,0
13460,1345,-0.0420069,0,0,0
