time,particle_id,x,y,mesh_index,mesh_index_original
29250,2915,0.0468158,0,4,4
29250,2916,0.036835,0,4,4
29250,2917,0.0268541,0,3,3
29250,2918,0.0168732,0,3,3
29250,2919,0.00689228,0,2,2
29250,2920,-0.00308872,0,2,2
29250,2921,-0.0130698,0,1,1
29250,2922,-0.0230509,0,1,1
29250,2923,-0.033032,0,0,0
29250,2924,-0.0430132,0,0,0
