time,particle_id,x,y,mesh_index,mesh_index_original
53430,5333,0.0436739,0,4,4
53430,5334,0.0337089,0,4,4
53430,5335,0.0237439,0,3,3
53430,5336,0.0137788,0,3,3
53430,5337,0.00381356,0,2,2
53430,5338,-0.00615172,0,2,2
53430,5339,-0.0161171,0,1,1
53430,5340,-0.0260826,0,1,1
53430,5341,-0.0360481,0,0,0
53430,5342,-0.0460137,0,0,0
