time,particle_id,x,y,mesh_index,mesh_index_original
15520,1542,0.0479015,0,4,4
15520,1543,0.0379116,0,4,4
15520,1544,0.0279218,0,3,3
15520,1545,0.0179319,0,3,3
15520,1546,0.00794196,0,2,2
15520,1547,-0.00204799,0,2,2
15520,1548,-0.0120379,0,1,1
15520,1549,-0.0220279,0,1,1
15520,1550,-0.0320179,0,0,0
15520,1551,-0.042008,0,0,0
