time,particle_id,x,y,mesh_index,mesh_index_original
62640,6254,0.0426218,0,4,4
62640,6255,0.0326629,0,4,4
62640,6256,0.0227038,0,3,3
62640,6257,0.0127448,0,3,3
62640,6258,0.00278551,0,2,2
62640,6259,-0.00717378,0,2,2
62640,6260,-0.0171332,0,1,1
62640,6261,-0.0270927,0,1,1
62640,6262,-0.0370524,0,0,0
62640,6263,-0.0470121,0,0,0
