time,particle_id,x,y,mesh_index,mesh_index_original
36980,3688,0.0457695,0,4,4
36980,3689,0.0357937,0,4,4
36980,3690,0.0258179,0,3,3
36980,3691,0.0158421,0,3,3
36980,3692,0.00586617,0,2,2
36980,3693,-0.0041098,0,2,2
36980,3694,-0.0140858,0,1,1
36980,3695,-0.0240619,0,1,1
36980,3696,-0.0340381,0,0,0
36980,3697,-0.0440143,0,0,0
