time,particle_id,x,y,mesh_index,mesh_index_original
2220,212,0.0489863,0,4,4
2220,213,0.0389877,0,4,4
2220,214,0.0289891,0,3,3
2220,215,0.0189904,0,3,3
2220,216,0.00899183,0,2,2
2220,217,-0.00100679,0,2,2
2220,218,-0.0110054,0,1,1
2220,219,-0.021004,0,1,1
2220,220,-0.0310026,0,0,0
2220,221,-0.0410012,0,0,0
