time,particle_id,x,y,mesh_index,mesh_index_original
50920,5082,0.0436892,0,4,4
50920,5083,0.0337226,0,4,4
50920,5084,0.0237559,0,3,3
50920,5085,0.0137892,0,3,3
50920,5086,0.00382232,0,2,2
50920,5087,-0.00614459,0,2,2
50920,5088,-0.0161116,0,1,1
50920,5089,-0.0260787,0,1,1
50920,5090,-0.0360459,0,0,0
50920,5091,-0.0460131,0,0,0
