time,particle_id,x,y,mesh_index,mesh_index_original
30440,3034,0.0458103,0,4,4
30440,3035,0.0358303,0,4,4
30440,3036,0.0258502,0,3,3
30440,3037,0.01587,0,3,3
30440,3038,0.00588987,0,2,2
30440,3039,-0.00409036,0,2,2
30440,3040,-0.0140706,0,1,1
30440,3041,-0.024051,0,1,1
30440,3042,-0.0340313,0,0,0
30440,3043,-0.0440117,0,0,0
