time,particle_id,x,y,mesh_index,mesh_index_original
32830,3273,0.0457954,0,4,4
32830,3274,0.0358169,0,4,4
32830,3275,0.0258384,0,3,3
32830,3276,0.0158598,0,3,3
32830,3277,0.00588121,0,2,2
32830,3278,-0.00409746,0,2,2
32830,3279,-0.0140762,0,1,1
32830,3280,-0.024055,0,1,1
32830,3281,-0.0340338,0,0,0
32830,3282,-0.0440127,0,0,0
