time,particle_id,x,y,mesh_index,mesh_index_original
67840,6774,0.0425904,0,4,4
67840,6775,0.0326349,0,4,4
67840,6776,0.0226793,0,3,3
67840,6777,0.0127236,0,3,3
67840,6778,0.00276772,0,2,2
67840,6779,-0.0071882,0,2,2
67840,6780,-0.0171443,0,1,1
67840,6781,-0.0271004,0,1,1
67840,6782,-0.0370567,0,0,0
67840,6783,-0.0470131,0,0,0
