time,particle_id,x,y,mesh_index,mesh_index_original
70550,7045,0.0415787,0,4,4
70550,7046,0.031625,0,4,4
70550,7047,0.0216711,0,3,3
70550,7048,0.0117172,0,3,3
70550,7049,0.00176304,0,2,2
70550,7050,-0.00819112,0,2,2
70550,7051,-0.0181455,0,1,1
70550,7052,-0.0280999,0,1,1
70550,7053,-0.0380544,0,0,0
70550,7054,-0.0480091,0,0,0
