time,particle_id,x,y,mesh_index,mesh_index_original
91010,9090,0.049409,0,4,4
91010,9091,0.0394687,0,4,4
91010,9092,0.0295284,0,3,3
91010,9093,0.0195878,0,3,3
91010,9094,0.00964716,0,2,2
91010,9095,-0.00029373,0,2,2
91010,9096,-0.0102346,0,1,1
91010,9097,-0.0201758,0,1,1
91010,9098,-0.030117,0,0,0
91010,9099,-0.0400585,0,0,0
