time,particle_id,x,y,mesh_index,mesh_index_original
57550,5745,0.0436487,0,4,4
57550,5746,0.0336865,0,4,4
57550,5747,0.0237241,0,3,3
57550,5748,0.0137617,0,3,3
57550,5749,0.00379919,0,2,2
57550,5750,-0.00616341,0,2,2
57550,5751,-0.0161261,0,1,1
57550,5752,-0.0260889,0,1,1
57550,5753,-0.0360518,0,0,0
57550,5754,-0.0460148,0,0,0
