time,particle_id,x,y,mesh_index,mesh_index_original
90880,9077,0.0494098,0,4,4
90880,9078,0.0394694,0,4,4
90880,9079,0.029529,0,3,3
90880,9080,0.0195883,0,3,3
90880,9081,0.00964766,0,2,2
90880,9082,-0.000293312,0,2,2
90880,9083,-0.0102343,0,1,1
90880,9084,-0.0201756,0,1,1
90880,9085,-0.0301168,0,0,0
90880,9086,-0.0400584,0,0,0
