time,particle_id,x,y,mesh_index,mesh_index_original
37580,3748,0.0457657,0,4,4
37580,3749,0.0357904,0,4,4
37580,3750,0.025815,0,3,3
37580,3751,0.0158395,0,3,3
37580,3752,0.005864,0,2,2
37580,3753,-0.00411158,0,2,2
37580,3754,-0.0140872,0,1,1
37580,3755,-0.0240629,0,1,1
37580,3756,-0.0340387,0,0,0
37580,3757,-0.0440145,0,0,0
