time,particle_id,x,y,mesh_index,mesh_index_original
73900,7380,0.0415587,0,4,4
73900,7381,0.0316072,0,4,4
73900,7382,0.0216555,0,3,3
73900,7383,0.0117037,0,3,3
73900,7384,0.0017518,0,2,2
73900,7385,-0.00820018,0,2,2
73900,7386,-0.0181524,0,1,1
73900,7387,-0.0281046,0,1,1
73900,7388,-0.038057,0,0,0
73900,7389,-0.0480095,0,0,0
