time,particle_id,x,y,mesh_index,mesh_index_original
28760,2866,0.0468189,0,4,4
28760,2867,0.0368378,0,4,4
28760,2868,0.0268566,0,3,3
28760,2869,0.0168754,0,3,3
28760,2870,0.00689409,0,2,2
28760,2871,-0.00308723,0,2,2
28760,2872,-0.0130686,0,1,1
28760,2873,-0.02305,0,1,1
28760,2874,-0.0330314,0,0,0
28760,2875,-0.0430129,0,0,0
