time,particle_id,x,y,mesh_index,mesh_index_original
31380,3128,0.0458044,0,4,4
31380,3129,0.035825,0,4,4
31380,3130,0.0258455,0,3,3
31380,3131,0.015866,0,3,3
31380,3132,0.00588647,0,2,2
31380,3133,-0.00409315,0,2,2
31380,3134,-0.0140728,0,1,1
31380,3135,-0.0240525,0,1,1
31380,3136,-0.0340323,0,0,0
31380,3137,-0.0440121,0,0,0
