time,particle_id,x,y,mesh_index,mesh_index_original
14900,1480,0.0479055,0,4,4
14900,1481,0.0379152,0,4,4
14900,1482,0.0279249,0,3,3
14900,1483,0.0179346,0,3,3
14900,1484,0.00794429,0,2,2
14900,1485,-0.00204606,0,2,2
14900,1486,-0.0120364,0,1,1
14900,1487,-0.0220268,0,1,1
14900,1488,-0.0320172,0,0,0
14900,1489,-0.0420077,0,0,0
