time,particle_id,x,y,mesh_index,mesh_index_original
80070,7997,0.0415219,0,4,4
80070,7998,0.0315745,0,4,4
80070,7999,0.0216268,0,3,3
80070,8000,0.0106843,0,3,3
80070,8001,0.00073631,0,2,2
80070,8002,-0.00921167,0,2,2
80070,8003,-0.0191599,0,1,1
80070,8004,-0.0291081,0,1,1
80070,8005,-0.0390566,0,0,0
80070,8006,-0.0490051,0,0,0
