time,particle_id,x,y,mesh_index,mesh_index_original
90040,8994,0.0404684,0,4,4
90040,8995,0.0305275,0,4,4
90040,8996,0.0205863,0,3,3
90040,8997,0.010645,0,3,3
90040,8998,0.000703543,0,2,2
90040,8999,-0.00923797,0,2,2
90040,9000,-0.0201739,0,1,1
90040,9001,-0.0301158,0,0,0
90040,9002,-0.0400579,0,0,0
