time,particle_id,x,y,mesh_index,mesh_index_original
33080,3298,0.0457938,0,4,4
33080,3299,0.0358155,0,4,4
33080,3300,0.0258372,0,3,3
33080,3301,0.0158588,0,3,3
33080,3302,0.00588031,0,2,2
33080,3303,-0.00409821,0,2,2
33080,3304,-0.0140768,0,1,1
33080,3305,-0.0240554,0,1,1
33080,3306,-0.034034,0,0,0
33080,3307,-0.0440128,0,0,0
