time,particle_id,x,y,mesh_index,mesh_index_original
68440,6834,0.0425868,0,4,4
68440,6835,0.0326317,0,4,4
68440,6836,0.0226764,0,3,3
68440,6837,0.0127211,0,3,3
68440,6838,0.00276567,0,2,2
68440,6839,-0.00718986,0,2,2
68440,6840,-0.0171456,0,1,1
68440,6841,-0.0271013,0,1,1
68440,6842,-0.0370572,0,0,0
68440,6843,-0.0470132,0,0,0
