time,particle_id,x,y,mesh_index,mesh_index_original
41050,4095,0.0447468,0,4,4
41050,4096,0.0347737,0,4,4
41050,4097,0.0248006,0,3,3
41050,4098,0.0148274,0,3,3
41050,4099,0.0048541,0,2,2
41050,4100,-0.00511923,0,2,2
41050,4101,-0.0150926,0,1,1
41050,4102,-0.0250661,0,1,1
41050,4103,-0.0350396,0,0,0
41050,4104,-0.0450132,0,0,0
