time,particle_id,x,y,mesh_index,mesh_index_original
13950,1385,0.0479115,0,4,4
13950,1386,0.0379206,0,4,4
13950,1387,0.0279297,0,3,3
13950,1388,0.0179388,0,3,3
13950,1389,0.00794786,0,2,2
13950,1390,-0.00204311,0,2,2
13950,1391,-0.0120341,0,1,1
13950,1392,-0.0220251,0,1,1
13950,1393,-0.0320161,0,0,0
13950,1394,-0.0420072,0,0,0
