time,particle_id,x,y,mesh_index,mesh_index_original
46250,4615,0.0447147,0,4,4
46250,4616,0.034745,0,4,4
46250,4617,0.0247753,0,3,3
46250,4618,0.0148055,0,3,3
46250,4619,0.00483561,0,2,2
46250,4620,-0.00513434,0,2,2
46250,4621,-0.0151044,0,1,1
46250,4622,-0.0250745,0,1,1
46250,4623,-0.0350446,0,0,0
46250,4624,-0.0450149,0,0,0
