time,particle_id,x,y,mesh_index,mesh_index_original
75770,7567,0.0415476,0,4,4
75770,7568,0.0315973,0,4,4
75770,7569,0.0216468,0,3,3
75770,7570,0.0116963,0,3,3
75770,7571,0.00174553,0,2,2
75770,7572,-0.00820524,0,2,2
75770,7573,-0.0181562,0,1,1
75770,7574,-0.0281072,0,1,1
75770,7575,-0.0380585,0,0,0
75770,7576,-0.0480097,0,0,0
