time,particle_id,x,y,mesh_index,mesh_index_original
16170,1607,0.0478973,0,4,4
16170,1608,0.0379079,0,4,4
16170,1609,0.0279185,0,3,3
16170,1610,0.017929,0,3,3
16170,1611,0.00793952,0,2,2
16170,1612,-0.00205,0,2,2
16170,1613,-0.0120395,0,1,1
16170,1614,-0.0220291,0,1,1
16170,1615,-0.0320187,0,0,0
16170,1616,-0.0420083,0,0,0
