time,particle_id,x,y,mesh_index,mesh_index_original
9470,937,0.0489395,0,4,4
9470,938,0.0389457,0,4,4
9470,939,0.0289518,0,3,3
9470,940,0.018958,0,3,3
9470,941,0.00896409,0,2,2
9470,942,-0.0010298,0,2,2
9470,943,-0.0110237,0,1,1
9470,944,-0.0210176,0,1,1
9470,945,-0.0310115,0,0,0
9470,946,-0.0410055,0,0,0
