time,particle_id,x,y,mesh_index,mesh_index_original
74280,7418,0.0415564,0,4,4
74280,7419,0.0316052,0,4,4
74280,7420,0.0216537,0,3,3
74280,7421,0.0117022,0,3,3
74280,7422,0.00175053,0,2,2
74280,7423,-0.00820121,0,2,2
74280,7424,-0.0181532,0,1,1
74280,7425,-0.0281051,0,1,1
74280,7426,-0.0380573,0,0,0
74280,7427,-0.0480096,0,0,0
