time,particle_id,x,y,mesh_index,mesh_index_original
53530,5343,0.0436733,0,4,4
53530,5344,0.0337084,0,4,4
53530,5345,0.0237434,0,3,3
53530,5346,0.0137784,0,3,3
53530,5347,0.00381321,0,2,2
53530,5348,-0.006152,0,2,2
53530,5349,-0.0161173,0,1,1
53530,5350,-0.0260827,0,1,1
53530,5351,-0.0360482,0,0,0
53530,5352,-0.0460138,0,0,0
