time,particle_id,x,y,mesh_index,mesh_index_original
16780,1668,0.0478935,0,4,4
16780,1669,0.0379044,0,4,4
16780,1670,0.0279154,0,3,3
16780,1671,0.0179263,0,3,3
16780,1672,0.00793723,0,2,2
16780,1673,-0.0020519,0,2,2
16780,1674,-0.012041,0,1,1
16780,1675,-0.0220302,0,1,1
16780,1676,-0.0320194,0,0,0
16780,1677,-0.0420086,0,0,0
