time,particle_id,x,y,mesh_index,mesh_index_original
46340,4624,0.0447141,0,4,4
46340,4625,0.0347445,0,4,4
46340,4626,0.0247748,0,3,3
46340,4627,0.0148051,0,3,3
46340,4628,0.00483529,0,2,2
46340,4629,-0.0051346,0,2,2
46340,4630,-0.0151046,0,1,1
46340,4631,-0.0250746,0,1,1
46340,4632,-0.0350447,0,0,0
46340,4633,-0.0450149,0,0,0
