time,particle_id,x,y,mesh_index,mesh_index_original
33850,3375,0.045789,0,4,4
33850,3376,0.0358112,0,4,4
33850,3377,0.0258334,0,3,3
33850,3378,0.0158555,0,3,3
33850,3379,0.00587751,0,2,2
33850,3380,-0.0041005,0,2,2
33850,3381,-0.0140786,0,1,1
33850,3382,-0.0240567,0,1,1
33850,3383,-0.0340348,0,0,0
33850,3384,-0.0440131,0,0,0
