time,particle_id,x,y,mesh_index,mesh_index_original
50700,5060,0.0436905,0,4,4
50700,5061,0.0337238,0,4,4
50700,5062,0.023757,0,3,3
50700,5063,0.0137901,0,3,3
50700,5064,0.00382309,0,2,2
50700,5065,-0.00614397,0,2,2
50700,5066,-0.0161111,0,1,1
50700,5067,-0.0260783,0,1,1
50700,5068,-0.0360457,0,0,0
50700,5069,-0.046013,0,0,0
