time,particle_id,x,y,mesh_index,mesh_index_original
75620,7552,0.0415485,0,4,4
75620,7553,0.0315981,0,4,4
75620,7554,0.0216475,0,3,3
75620,7555,0.0116969,0,3,3
75620,7556,0.00174603,0,2,2
75620,7557,-0.00820484,0,2,2
75620,7558,-0.0181559,0,1,1
75620,7559,-0.028107,0,1,1
75620,7560,-0.0380584,0,0,0
75620,7561,-0.0480097,0,0,0
