time,particle_id,x,y,mesh_index,mesh_index_original
19060,1896,0.0478789,0,4,4
19060,1897,0.0378914,0,4,4
19060,1898,0.0279038,0,3,3
19060,1899,0.0179163,0,3,3
19060,1900,0.00792866,0,2,2
19060,1901,-0.00205898,0,2,2
19060,1902,-0.0120466,0,1,1
19060,1903,-0.0220343,0,1,1
19060,1904,-0.032022,0,0,0
19060,1905,-0.0420098,0,0,0
