time,particle_id,x,y,mesh_index,mesh_index_original
76020,7592,0.0415461,0,4,4
76020,7593,0.0315959,0,4,4
76020,7594,0.0216456,0,3,3
76020,7595,0.0116953,0,3,3
76020,7596,0.00174469,0,2,2
76020,7597,-0.00820592,0,2,2
76020,7598,-0.0181567,0,1,1
76020,7599,-0.0281076,0,1,1
76020,7600,-0.0380587,0,0,0
76020,7601,-0.0480098,0,0,0
