time,particle_id,x,y,mesh_index,mesh_index_original
93180,9307,0.0493949,0,4,4
93180,9308,0.039456,0,4,4
93180,9309,0.0295171,0,3,3
93180,9310,0.019578,0,3,3
93180,9311,0.00963876,0,2,2
93180,9312,-0.000300719,0,2,2
93180,9313,-0.0102402,0,1,1
93180,9314,-0.02018,0,1,1
93180,9315,-0.0301198,0,0,0
93180,9316,-0.0400599,0,0,0
