time,particle_id,x,y,mesh_index,mesh_index_original
53770,5367,0.0436718,0,4,4
53770,5368,0.0337071,0,4,4
53770,5369,0.0237423,0,3,3
53770,5370,0.0137774,0,3,3
53770,5371,0.00381237,0,2,2
53770,5372,-0.00615268,0,2,2
53770,5373,-0.0161178,0,1,1
53770,5374,-0.0260831,0,1,1
53770,5375,-0.0360484,0,0,0
53770,5376,-0.0460138,0,0,0
