time,particle_id,x,y,mesh_index,mesh_index_original
25000,2490,0.0468426,0,4,4
25000,2491,0.036859,0,4,4
25000,2492,0.0268754,0,3,3
25000,2493,0.0168917,0,3,3
25000,2494,0.00690797,0,2,2
25000,2495,-0.0030758,0,2,2
25000,2496,-0.0130596,0,1,1
25000,2497,-0.0230434,0,1,1
25000,2498,-0.0330273,0,0,0
25000,2499,-0.0430113,0,0,0
