time,particle_id,x,y,mesh_index,mesh_index_original
97810,9770,0.0493649,0,4,4
97810,9771,0.0394291,0,4,4
97810,9772,0.0294932,0,3,3
97810,9773,0.019557,0,3,3
97810,9774,0.00962086,0,2,2
97810,9775,-0.000315627,0,2,2
97810,9776,-0.0102521,0,1,1
97810,9777,-0.0201889,0,1,1
97810,9778,-0.0301257,0,0,0
97810,9779,-0.0400629,0,0,0
