time,particle_id,x,y,mesh_index,mesh_index_original
98530,9842,0.0493602,0,4,4
98530,9843,0.0394249,0,4,4
98530,9844,0.0294895,0,3,3
98530,9845,0.0195538,0,3,3
98530,9846,0.00961807,0,2,2
98530,9847,-0.000317944,0,2,2
98530,9848,-0.010254,0,1,1
98530,9849,-0.0201903,0,1,1
98530,9850,-0.0301266,0,0,0
98530,9851,-0.0400633,0,0,0
