time,particle_id,x,y,mesh_index,mesh_index_original
12110,1201,0.0479233,0,4,4
12110,1202,0.0379312,0,4,4
12110,1203,0.0279391,0,3,3
12110,1204,0.0179469,0,3,3
12110,1205,0.00795478,0,2,2
12110,1206,-0.00203739,0,2,2
12110,1207,-0.0120296,0,1,1
12110,1208,-0.0220218,0,1,1
12110,1209,-0.032014,0,0,0
12110,1210,-0.0420062,0,0,0
