time,particle_id,x,y,mesh_index,mesh_index_original
81110,8101,0.040521,0,4,4
81110,8102,0.0305743,0,4,4
81110,8103,0.0206272,0,3,3
81110,8104,0.0106802,0,3,3
81110,8105,0.000732894,0,2,2
81110,8106,-0.00921441,0,2,2
81110,8107,-0.019162,0,1,1
81110,8108,-0.0291095,0,1,1
81110,8109,-0.0390574,0,0,0
81110,8110,-0.0490052,0,0,0
