time,particle_id,x,y,mesh_index,mesh_index_original
87440,8734,0.0404837,0,4,4
87440,8735,0.0305411,0,4,4
87440,8736,0.0205982,0,3,3
87440,8737,0.0106553,0,3,3
87440,8738,0.000712086,0,2,2
87440,8739,-0.00923111,0,2,2
87440,8740,-0.0191746,0,1,1
87440,8741,-0.0291181,0,1,1
87440,8742,-0.0390618,0,0,0
87440,8743,-0.0490056,0,0,0
