time,particle_id,x,y,mesh_index,mesh_index_original
53410,5331,0.043674,0,4,4
53410,5332,0.033709,0,4,4
53410,5333,0.023744,0,3,3
53410,5334,0.0137789,0,3,3
53410,5335,0.00381363,0,2,2
53410,5336,-0.00615166,0,2,2
53410,5337,-0.0161171,0,1,1
53410,5338,-0.0260825,0,1,1
53410,5339,-0.0360481,0,0,0
53410,5340,-0.0460137,0,0,0
