time,particle_id,x,y,mesh_index,mesh_index_original
41490,4139,0.0447441,0,4,4
41490,4140,0.0347713,0,4,4
41490,4141,0.0247984,0,3,3
41490,4142,0.0148255,0,3,3
41490,4143,0.00485254,0,2,2
41490,4144,-0.0051205,0,2,2
41490,4145,-0.0150936,0,1,1
41490,4146,-0.0250668,0,1,1
41490,4147,-0.03504,0,0,0
41490,4148,-0.0450133,0,0,0
