time,particle_id,x,y,mesh_index,mesh_index_original
86300,8620,0.0404904,0,4,4
86300,8621,0.0305471,0,4,4
86300,8622,0.0206034,0,3,3
86300,8623,0.0106598,0,3,3
86300,8624,0.000715833,0,2,2
86300,8625,-0.0092281,0,2,2
86300,8626,-0.0191723,0,1,1
86300,8627,-0.0291165,0,1,1
86300,8628,-0.039061,0,0,0
86300,8629,-0.0490055,0,0,0
