time,particle_id,x,y,mesh_index,mesh_index_original
1700,160,0.0489896,0,4,4
1700,161,0.0389907,0,4,4
1700,162,0.0289917,0,3,3
1700,163,0.0189928,0,3,3
1700,164,0.00899382,0,2,2
1700,165,-0.00100513,0,2,2
1700,166,-0.0110041,0,1,1
1700,167,-0.021003,0,1,1
1700,168,-0.031002,0,0,0
1700,169,-0.0410009,0,0,0
