time,particle_id,x,y,mesh_index,mesh_index_original
23640,2354,0.0468512,0,4,4
23640,2355,0.0368667,0,4,4
23640,2356,0.0268822,0,3,3
23640,2357,0.0168976,0,3,3
23640,2358,0.00691299,0,2,2
23640,2359,-0.00307167,0,2,2
23640,2360,-0.0130563,0,1,1
23640,2361,-0.0230411,0,1,1
23640,2362,-0.0330258,0,0,0
23640,2363,-0.0430106,0,0,0
