time,particle_id,x,y,mesh_index,mesh_index_original
27950,2785,0.046824,0,4,4
27950,2786,0.0368423,0,4,4
27950,2787,0.0268606,0,3,3
27950,2788,0.0168789,0,3,3
27950,2789,0.00689708,0,2,2
27950,2790,-0.00308477,0,2,2
27950,2791,-0.0130666,0,1,1
27950,2792,-0.0230486,0,1,1
27950,2793,-0.0330306,0,0,0
27950,2794,-0.0430126,0,0,0
