time,particle_id,x,y,mesh_index,mesh_index_original
37200,3710,0.0457681,0,4,4
37200,3711,0.0357925,0,4,4
37200,3712,0.0258169,0,3,3
37200,3713,0.0158411,0,3,3
37200,3714,0.00586538,0,2,2
37200,3715,-0.00411045,0,2,2
37200,3716,-0.0140863,0,1,1
37200,3717,-0.0240623,0,1,1
37200,3718,-0.0340383,0,0,0
37200,3719,-0.0440144,0,0,0
