time,particle_id,x,y,mesh_index,mesh_index_original
19700,1960,0.0478748,0,4,4
19700,1961,0.0378877,0,4,4
19700,1962,0.0279006,0,3,3
19700,1963,0.0179134,0,3,3
19700,1964,0.00792625,0,2,2
19700,1965,-0.00206097,0,2,2
19700,1966,-0.0120482,0,1,1
19700,1967,-0.0220355,0,1,1
19700,1968,-0.0320228,0,0,0
19700,1969,-0.0420101,0,0,0
