time,particle_id,x,y,mesh_index,mesh_index_original
90500,9039,0.0494123,0,4,4
90500,9040,0.0394716,0,4,4
90500,9041,0.029531,0,3,3
90500,9042,0.0195901,0,3,3
90500,9043,0.00964913,0,2,2
90500,9044,-0.000292088,0,2,2
90500,9045,-0.0102333,0,1,1
90500,9046,-0.0201748,0,1,1
90500,9047,-0.0301163,0,0,0
90500,9048,-0.0400582,0,0,0
