time,particle_id,x,y,mesh_index,mesh_index_original
81140,8104,0.0405209,0,4,4
81140,8105,0.0305741,0,4,4
81140,8106,0.0206271,0,3,3
81140,8107,0.0106801,0,3,3
81140,8108,0.000732795,0,2,2
81140,8109,-0.00921449,0,2,2
81140,8110,-0.019162,0,1,1
81140,8111,-0.0291096,0,1,1
81140,8112,-0.0390574,0,0,0
81140,8113,-0.0490052,0,0,0
