time,particle_id,x,y,mesh_index,mesh_index_original
13850,1375,0.0479122,0,4,4
13850,1376,0.0379212,0,4,4
13850,1377,0.0279302,0,3,3
13850,1378,0.0179392,0,3,3
13850,1379,0.00794824,0,2,2
13850,1380,-0.0020428,0,2,2
13850,1381,-0.0120338,0,1,1
13850,1382,-0.0220249,0,1,1
13850,1383,-0.032016,0,0,0
13850,1384,-0.0420071,0,0,0
