time,particle_id,x,y,mesh_index,mesh_index_original
90950,9084,0.0494094,0,4,4
90950,9085,0.039469,0,4,4
90950,9086,0.0295287,0,3,3
90950,9087,0.019588,0,3,3
90950,9088,0.00964739,0,2,2
90950,9089,-0.000293537,0,2,2
90950,9090,-0.0102345,0,1,1
90950,9091,-0.0201757,0,1,1
90950,9092,-0.0301169,0,0,0
90950,9093,-0.0400585,0,0,0
