time,particle_id,x,y,mesh_index,mesh_index_original
10810,1071,0.0479316,0,4,4
10810,1072,0.0379386,0,4,4
10810,1073,0.0279456,0,3,3
10810,1074,0.0179527,0,3,3
10810,1075,0.00795967,0,2,2
10810,1076,-0.00203335,0,2,2
10810,1077,-0.0120264,0,1,1
10810,1078,-0.0220194,0,1,1
10810,1079,-0.0320125,0,0,0
10810,1080,-0.0420055,0,0,0
