time,particle_id,x,y,mesh_index,mesh_index_original
92670,9256,0.0493982,0,4,4
92670,9257,0.039459,0,4,4
92670,9258,0.0295198,0,3,3
92670,9259,0.0195803,0,3,3
92670,9260,0.00964074,0,2,2
92670,9261,-0.000299076,0,2,2
92670,9262,-0.0102389,0,1,1
92670,9263,-0.020179,0,1,1
92670,9264,-0.0301191,0,0,0
92670,9265,-0.0400596,0,0,0
