time,particle_id,x,y,mesh_index,mesh_index_original
32760,3266,0.0457958,0,4,4
32760,3267,0.0358173,0,4,4
32760,3268,0.0258387,0,3,3
32760,3269,0.0158601,0,3,3
32760,3270,0.00588146,0,2,2
32760,3271,-0.00409726,0,2,2
32760,3272,-0.014076,0,1,1
32760,3273,-0.0240548,0,1,1
32760,3274,-0.0340337,0,0,0
32760,3275,-0.0440126,0,0,0
