time,particle_id,x,y,mesh_index,mesh_index_original
68630,6853,0.0425856,0,4,4
68630,6854,0.0326307,0,4,4
68630,6855,0.0226755,0,3,3
68630,6856,0.0127204,0,3,3
68630,6857,0.00276502,0,2,2
68630,6858,-0.00719039,0,2,2
68630,6859,-0.017146,0,1,1
68630,6860,-0.0271016,0,1,1
68630,6861,-0.0370574,0,0,0
68630,6862,-0.0470132,0,0,0
