time,particle_id,x,y,mesh_index,mesh_index_original
52350,5225,0.0436805,0,4,4
52350,5226,0.0337148,0,4,4
52350,5227,0.0237491,0,3,3
52350,5228,0.0137832,0,3,3
52350,5229,0.00381733,0,2,2
52350,5230,-0.00614865,0,2,2
52350,5231,-0.0161147,0,1,1
52350,5232,-0.0260809,0,1,1
52350,5233,-0.0360471,0,0,0
52350,5234,-0.0460135,0,0,0
