time,particle_id,x,y,mesh_index,mesh_index_original
13210,1311,0.0479162,0,4,4
13210,1312,0.0379249,0,4,4
13210,1313,0.0279335,0,3,3
13210,1314,0.0179421,0,3,3
13210,1315,0.00795064,0,2,2
13210,1316,-0.00204081,0,2,2
13210,1317,-0.0120323,0,1,1
13210,1318,-0.0220238,0,1,1
13210,1319,-0.0320153,0,0,0
13210,1320,-0.0420068,0,0,0
