time,particle_id,x,y,mesh_index,mesh_index_original
45130,4503,0.0447216,0,4,4
45130,4504,0.0347512,0,4,4
45130,4505,0.0247807,0,3,3
45130,4506,0.0148102,0,3,3
45130,4507,0.00483959,0,2,2
45130,4508,-0.00513108,0,2,2
45130,4509,-0.0151018,0,1,1
45130,4510,-0.0250727,0,1,1
45130,4511,-0.0350435,0,0,0
45130,4512,-0.0450145,0,0,0
