time,particle_id,x,y,mesh_index,mesh_index_original
55920,5582,0.0436587,0,4,4
55920,5583,0.0336954,0,4,4
55920,5584,0.0237319,0,3,3
55920,5585,0.0137685,0,3,3
55920,5586,0.00380487,0,2,2
55920,5587,-0.00615879,0,2,2
55920,5588,-0.0161226,0,1,1
55920,5589,-0.0260864,0,1,1
55920,5590,-0.0360504,0,0,0
55920,5591,-0.0460144,0,0,0
