time,particle_id,x,y,mesh_index,mesh_index_original
73820,7372,0.0415592,0,4,4
73820,7373,0.0316076,0,4,4
73820,7374,0.0216559,0,3,3
73820,7375,0.0117041,0,3,3
73820,7376,0.00175207,0,2,2
73820,7377,-0.00819997,0,2,2
73820,7378,-0.0181522,0,1,1
73820,7379,-0.0281045,0,1,1
73820,7380,-0.038057,0,0,0
73820,7381,-0.0480095,0,0,0
