time,particle_id,x,y,mesh_index,mesh_index_original
12810,1271,0.0479188,0,4,4
12810,1272,0.0379272,0,4,4
12810,1273,0.0279355,0,3,3
12810,1274,0.0179438,0,3,3
12810,1275,0.00795215,0,2,2
12810,1276,-0.00203956,0,2,2
12810,1277,-0.0120313,0,1,1
12810,1278,-0.022023,0,1,1
12810,1279,-0.0320148,0,0,0
12810,1280,-0.0420066,0,0,0
