time,particle_id,x,y,mesh_index,mesh_index_original
48430,4833,0.0447012,0,4,4
48430,4834,0.034733,0,4,4
48430,4835,0.0247647,0,3,3
48430,4836,0.0147963,0,3,3
48430,4837,0.00482786,0,2,2
48430,4838,-0.00514067,0,2,2
48430,4839,-0.0151093,0,1,1
48430,4840,-0.025078,0,1,1
48430,4841,-0.0350467,0,0,0
48430,4842,-0.0450156,0,0,0
