time,particle_id,x,y,mesh_index,mesh_index_original
94880,9477,0.0493839,0,4,4
94880,9478,0.0394461,0,4,4
94880,9479,0.0295083,0,3,3
94880,9480,0.0195703,0,3,3
94880,9481,0.00963219,0,2,2
94880,9482,-0.000306193,0,2,2
94880,9483,-0.0102446,0,1,1
94880,9484,-0.0201833,0,1,1
94880,9485,-0.030122,0,0,0
94880,9486,-0.040061,0,0,0
