time,particle_id,x,y,mesh_index,mesh_index_original
50500,5040,0.0436918,0,4,4
50500,5041,0.0337249,0,4,4
50500,5042,0.0237579,0,3,3
50500,5043,0.0137909,0,3,3
50500,5044,0.00382378,0,2,2
50500,5045,-0.0061434,0,2,2
50500,5046,-0.0161107,0,1,1
50500,5047,-0.026078,0,1,1
50500,5048,-0.0360455,0,0,0
50500,5049,-0.046013,0,0,0
