time,particle_id,x,y,mesh_index,mesh_index_original
22230,2213,0.0468601,0,4,4
22230,2214,0.0368747,0,4,4
22230,2215,0.0268892,0,3,3
22230,2216,0.0169037,0,3,3
22230,2217,0.00691819,0,2,2
22230,2218,-0.00306738,0,2,2
22230,2219,-0.013053,0,1,1
22230,2220,-0.0230386,0,1,1
22230,2221,-0.0330243,0,0,0
22230,2222,-0.04301,0,0,0
