time,particle_id,x,y,mesh_index,mesh_index_original
91190,9108,0.0494078,0,4,4
91190,9109,0.0394676,0,4,4
91190,9110,0.0295274,0,3,3
91190,9111,0.0195869,0,3,3
91190,9112,0.00964646,0,2,2
91190,9113,-0.00029431,0,2,2
91190,9114,-0.0102351,0,1,1
91190,9115,-0.0201762,0,1,1
91190,9116,-0.0301172,0,0,0
91190,9117,-0.0400586,0,0,0
