time,particle_id,x,y,mesh_index,mesh_index_original
45590,4549,0.0447187,0,4,4
45590,4550,0.0347487,0,4,4
45590,4551,0.0247785,0,3,3
45590,4552,0.0148083,0,3,3
45590,4553,0.00483795,0,2,2
45590,4554,-0.00513242,0,2,2
45590,4555,-0.0151029,0,1,1
45590,4556,-0.0250734,0,1,1
45590,4557,-0.035044,0,0,0
45590,4558,-0.0450147,0,0,0
