time,particle_id,x,y,mesh_index,mesh_index_original
41770,4167,0.0447423,0,4,4
41770,4168,0.0347697,0,4,4
41770,4169,0.0247971,0,3,3
41770,4170,0.0148243,0,3,3
41770,4171,0.00485154,0,2,2
41770,4172,-0.00512132,0,2,2
41770,4173,-0.0150942,0,1,1
41770,4174,-0.0250672,0,1,1
41770,4175,-0.0350403,0,0,0
41770,4176,-0.0450134,0,0,0
