time,particle_id,x,y,mesh_index,mesh_index_original
82110,8201,0.0405151,0,4,4
82110,8202,0.030569,0,4,4
82110,8203,0.0206226,0,3,3
82110,8204,0.0106762,0,3,3
82110,8205,0.000729606,0,2,2
82110,8206,-0.00921705,0,2,2
82110,8207,-0.019164,0,1,1
82110,8208,-0.0291109,0,1,1
82110,8209,-0.0390581,0,0,0
82110,8210,-0.0490053,0,0,0
