time,particle_id,x,y,mesh_index,mesh_index_original
55390,5529,0.0436619,0,4,4
55390,5530,0.0336982,0,4,4
55390,5531,0.0237345,0,3,3
55390,5532,0.0137707,0,3,3
55390,5533,0.00380672,0,2,2
55390,5534,-0.00615728,0,2,2
55390,5535,-0.0161214,0,1,1
55390,5536,-0.0260856,0,1,1
55390,5537,-0.0360499,0,0,0
55390,5538,-0.0460143,0,0,0
