time,particle_id,x,y,mesh_index,mesh_index_original
58550,5845,0.0436426,0,4,4
58550,5846,0.033681,0,4,4
58550,5847,0.0237193,0,3,3
58550,5848,0.0137576,0,3,3
58550,5849,0.0037957,0,2,2
58550,5850,-0.00616625,0,2,2
58550,5851,-0.0161283,0,1,1
58550,5852,-0.0260905,0,1,1
58550,5853,-0.0360527,0,0,0
58550,5854,-0.0460151,0,0,0
