time,particle_id,x,y,mesh_index,mesh_index_original
87300,8720,0.0404846,0,4,4
87300,8721,0.0305418,0,4,4
87300,8722,0.0205988,0,3,3
87300,8723,0.0106558,0,3,3
87300,8724,0.000712546,0,2,2
87300,8725,-0.00923074,0,2,2
87300,8726,-0.0191743,0,1,1
87300,8727,-0.0291179,0,1,1
87300,8728,-0.0390617,0,0,0
87300,8729,-0.0490056,0,0,0
