time,particle_id,x,y,mesh_index,mesh_index_original
61860,6176,0.0426265,0,4,4
61860,6177,0.0326671,0,4,4
61860,6178,0.0227075,0,3,3
61860,6179,0.0127479,0,3,3
61860,6180,0.00278818,0,2,2
61860,6181,-0.00717162,0,2,2
61860,6182,-0.0171316,0,1,1
61860,6183,-0.0270916,0,1,1
61860,6184,-0.0370517,0,0,0
61860,6185,-0.0470119,0,0,0
