time,particle_id,x,y,mesh_index,mesh_index_original
26670,2657,0.0468321,0,4,4
26670,2658,0.0368496,0,4,4
26670,2659,0.026867,0,3,3
26670,2660,0.0168844,0,3,3
26670,2661,0.0069018,0,2,2
26670,2662,-0.00308088,0,2,2
26670,2663,-0.0130636,0,1,1
26670,2664,-0.0230464,0,1,1
26670,2665,-0.0330292,0,0,0
26670,2666,-0.043012,0,0,0
