time,particle_id,x,y,mesh_index,mesh_index_original
77900,7780,0.0415349,0,4,4
77900,7781,0.031586,0,4,4
77900,7782,0.0216369,0,3,3
77900,7783,0.0116877,0,3,3
77900,7784,0.00173838,0,2,2
77900,7785,-0.008211,0,2,2
77900,7786,-0.0181606,0,1,1
77900,7787,-0.0281102,0,1,1
77900,7788,-0.0380601,0,0,0
77900,7789,-0.04801,0,0,0
