time,particle_id,x,y,mesh_index,mesh_index_original
64230,6413,0.0426122,0,4,4
64230,6414,0.0326543,0,4,4
64230,6415,0.0226963,0,3,3
64230,6416,0.0127383,0,3,3
64230,6417,0.00278007,0,2,2
64230,6418,-0.00717819,0,2,2
64230,6419,-0.0171366,0,1,1
64230,6420,-0.0270951,0,1,1
64230,6421,-0.0370537,0,0,0
64230,6422,-0.0470124,0,0,0
