time,particle_id,x,y,mesh_index,mesh_index_original
32280,3218,0.0457988,0,4,4
32280,3219,0.03582,0,4,4
32280,3220,0.0258411,0,3,3
32280,3221,0.0158622,0,3,3
32280,3222,0.0058832,0,2,2
32280,3223,-0.00409583,0,2,2
32280,3224,-0.0140749,0,1,1
32280,3225,-0.024054,0,1,1
32280,3226,-0.0340332,0,0,0
32280,3227,-0.0440125,0,0,0
