time,particle_id,x,y,mesh_index,mesh_index_original
72790,7269,0.0415653,0,4,4
72790,7270,0.0316131,0,4,4
72790,7271,0.0216607,0,3,3
72790,7272,0.0117082,0,3,3
72790,7273,0.00175552,0,2,2
72790,7274,-0.00819718,0,2,2
72790,7275,-0.0181501,0,1,1
72790,7276,-0.028103,0,1,1
72790,7277,-0.0380562,0,0,0
72790,7278,-0.0480094,0,0,0
