time,particle_id,x,y,mesh_index,mesh_index_original
27890,2779,0.0468244,0,4,4
27890,2780,0.0368427,0,4,4
27890,2781,0.0268609,0,3,3
27890,2782,0.0168791,0,3,3
27890,2783,0.0068973,0,2,2
27890,2784,-0.00308459,0,2,2
27890,2785,-0.0130665,0,1,1
27890,2786,-0.0230485,0,1,1
27890,2787,-0.0330305,0,0,0
27890,2788,-0.0430126,0,0,0
