time,particle_id,x,y,mesh_index,mesh_index_original
36060,3596,0.0457752,0,4,4
36060,3597,0.0357989,0,4,4
36060,3598,0.0258225,0,3,3
36060,3599,0.015846,0,3,3
36060,3600,0.00586951,0,2,2
36060,3601,-0.00410707,0,2,2
36060,3602,-0.0140837,0,1,1
36060,3603,-0.0240604,0,1,1
36060,3604,-0.0340371,0,0,0
36060,3605,-0.0440139,0,0,0
