time,particle_id,x,y,mesh_index,mesh_index_original
3700,360,0.0489767,0,4,4
3700,361,0.0389791,0,4,4
3700,362,0.0289815,0,3,3
3700,363,0.0189838,0,3,3
3700,364,0.00898617,0,2,2
3700,365,-0.00101148,0,2,2
3700,366,-0.0110091,0,1,1
3700,367,-0.0210068,0,1,1
3700,368,-0.0310044,0,0,0
3700,369,-0.0410021,0,0,0
