time,particle_id,x,y,mesh_index,mesh_index_original
80320,8022,0.0405257,0,4,4
80320,8023,0.0305784,0,4,4
80320,8024,0.0206309,0,3,3
80320,8025,0.0106833,0,3,3
80320,8026,0.000735491,0,2,2
80320,8027,-0.00921233,0,2,2
80320,8028,-0.0191604,0,1,1
80320,8029,-0.0291085,0,1,1
80320,8030,-0.0390568,0,0,0
80320,8031,-0.0490052,0,0,0
