time,particle_id,x,y,mesh_index,mesh_index_original
91420,9131,0.0494063,0,4,4
91420,9132,0.0394663,0,4,4
91420,9133,0.0295262,0,3,3
91420,9134,0.0195859,0,3,3
91420,9135,0.00964557,0,2,2
91420,9136,-0.000295051,0,2,2
91420,9137,-0.0102357,0,1,1
91420,9138,-0.0201766,0,1,1
91420,9139,-0.0301175,0,0,0
91420,9140,-0.0400588,0,0,0
