time,particle_id,x,y,mesh_index,mesh_index_original
42210,4211,0.0447396,0,4,4
42210,4212,0.0347673,0,4,4
42210,4213,0.0247949,0,3,3
42210,4214,0.0148225,0,3,3
42210,4215,0.00484998,0,2,2
42210,4216,-0.0051226,0,2,2
42210,4217,-0.0150952,0,1,1
42210,4218,-0.0250679,0,1,1
42210,4219,-0.0350407,0,0,0
42210,4220,-0.0450136,0,0,0
