time,particle_id,x,y,mesh_index,mesh_index_original
77000,7690,0.0415402,0,4,4
77000,7691,0.0315907,0,4,4
77000,7692,0.0216411,0,3,3
77000,7693,0.0116913,0,3,3
77000,7694,0.0017414,0,2,2
77000,7695,-0.00820857,0,2,2
77000,7696,-0.0181588,0,1,1
77000,7697,-0.028109,0,1,1
77000,7698,-0.0380594,0,0,0
77000,7699,-0.0480099,0,0,0
