time,particle_id,x,y,mesh_index,mesh_index_original
45710,4561,0.044718,0,4,4
45710,4562,0.034748,0,4,4
45710,4563,0.0247779,0,3,3
45710,4564,0.0148078,0,3,3
45710,4565,0.00483753,0,2,2
45710,4566,-0.00513277,0,2,2
45710,4567,-0.0151031,0,1,1
45710,4568,-0.0250736,0,1,1
45710,4569,-0.0350441,0,0,0
45710,4570,-0.0450147,0,0,0
