time,particle_id,x,y,mesh_index,mesh_index_original
63260,6316,0.042618,0,4,4
63260,6317,0.0326596,0,4,4
63260,6318,0.0227009,0,3,3
63260,6319,0.0127422,0,3,3
63260,6320,0.00278339,0,2,2
63260,6321,-0.0071755,0,2,2
63260,6322,-0.0171345,0,1,1
63260,6323,-0.0270936,0,1,1
63260,6324,-0.0370529,0,0,0
63260,6325,-0.0470122,0,0,0
