time,particle_id,x,y,mesh_index,mesh_index_original
34000,3390,0.0457881,0,4,4
34000,3391,0.0358104,0,4,4
34000,3392,0.0258326,0,3,3
34000,3393,0.0158548,0,3,3
34000,3394,0.00587697,0,2,2
34000,3395,-0.00410094,0,2,2
34000,3396,-0.0140789,0,1,1
34000,3397,-0.0240569,0,1,1
34000,3398,-0.034035,0,0,0
34000,3399,-0.0440131,0,0,0
