time,particle_id,x,y,mesh_index,mesh_index_original
15080,1498,0.0479043,0,4,4
15080,1499,0.0379142,0,4,4
15080,1500,0.027924,0,3,3
15080,1501,0.0179338,0,3,3
15080,1502,0.00794362,0,2,2
15080,1503,-0.00204662,0,2,2
15080,1504,-0.0120369,0,1,1
15080,1505,-0.0220271,0,1,1
15080,1506,-0.0320174,0,0,0
15080,1507,-0.0420077,0,0,0
