time,particle_id,x,y,mesh_index,mesh_index_original
70620,7052,0.0415783,0,4,4
70620,7053,0.0316246,0,4,4
70620,7054,0.0216708,0,3,3
70620,7055,0.0117169,0,3,3
70620,7056,0.0017628,0,2,2
70620,7057,-0.00819131,0,2,2
70620,7058,-0.0181456,0,1,1
70620,7059,-0.0281,0,1,1
70620,7060,-0.0380545,0,0,0
70620,7061,-0.0480091,0,0,0
