time,particle_id,x,y,mesh_index,mesh_index_original
87400,8730,0.040484,0,4,4
87400,8731,0.0305413,0,4,4
87400,8732,0.0205984,0,3,3
87400,8733,0.0106554,0,3,3
87400,8734,0.000712218,0,2,2
87400,8735,-0.00923101,0,2,2
87400,8736,-0.0191745,0,1,1
87400,8737,-0.029118,0,1,1
87400,8738,-0.0390618,0,0,0
87400,8739,-0.0490056,0,0,0
