time,particle_id,x,y,mesh_index,mesh_index_original
13420,1332,0.0479149,0,4,4
13420,1333,0.0379237,0,4,4
13420,1334,0.0279324,0,3,3
13420,1335,0.0179411,0,3,3
13420,1336,0.00794986,0,2,2
13420,1337,-0.00204146,0,2,2
13420,1338,-0.0120328,0,1,1
13420,1339,-0.0220241,0,1,1
13420,1340,-0.0320155,0,0,0
13420,1341,-0.0420069,0,0,0
