time,particle_id,x,y,mesh_index,mesh_index_original
27930,2783,0.0468241,0,4,4
27930,2784,0.0368425,0,4,4
27930,2785,0.0268607,0,3,3
27930,2786,0.016879,0,3,3
27930,2787,0.00689715,0,2,2
27930,2788,-0.00308471,0,2,2
27930,2789,-0.0130666,0,1,1
27930,2790,-0.0230486,0,1,1
27930,2791,-0.0330305,0,0,0
27930,2792,-0.0430126,0,0,0
