time,particle_id,x,y,mesh_index,mesh_index_original
52390,5229,0.0436802,0,4,4
52390,5230,0.0337146,0,4,4
52390,5231,0.0237489,0,3,3
52390,5232,0.0137831,0,3,3
52390,5233,0.00381719,0,2,2
52390,5234,-0.00614876,0,2,2
52390,5235,-0.0161148,0,1,1
52390,5236,-0.0260809,0,1,1
52390,5237,-0.0360472,0,0,0
52390,5238,-0.0460135,0,0,0
