time,particle_id,x,y,mesh_index,mesh_index_original
14390,1429,0.0479087,0,4,4
14390,1430,0.0379181,0,4,4
14390,1431,0.0279275,0,3,3
14390,1432,0.0179369,0,3,3
14390,1433,0.00794621,0,2,2
14390,1434,-0.00204447,0,2,2
14390,1435,-0.0120352,0,1,1
14390,1436,-0.0220259,0,1,1
14390,1437,-0.0320166,0,0,0
14390,1438,-0.0420074,0,0,0
