time,particle_id,x,y,mesh_index,mesh_index_original
67150,6705,0.0425946,0,4,4
67150,6706,0.0326386,0,4,4
67150,6707,0.0226825,0,3,3
67150,6708,0.0127264,0,3,3
67150,6709,0.00277008,0,2,2
67150,6710,-0.00718628,0,2,2
67150,6711,-0.0171428,0,1,1
67150,6712,-0.0270994,0,1,1
67150,6713,-0.0370561,0,0,0
67150,6714,-0.047013,0,0,0
