time,particle_id,x,y,mesh_index,mesh_index_original
10800,1070,0.0479316,0,4,4
10800,1071,0.0379387,0,4,4
10800,1072,0.0279457,0,3,3
10800,1073,0.0179527,0,3,3
10800,1074,0.0079597,0,2,2
10800,1075,-0.00203332,0,2,2
10800,1076,-0.0120263,0,1,1
10800,1077,-0.0220194,0,1,1
10800,1078,-0.0320125,0,0,0
10800,1079,-0.0420055,0,0,0
