time,particle_id,x,y,mesh_index,mesh_index_original
75190,7509,0.041551,0,4,4
75190,7510,0.0316004,0,4,4
75190,7511,0.0216495,0,3,3
75190,7512,0.0116986,0,3,3
75190,7513,0.00174747,0,2,2
75190,7514,-0.00820367,0,2,2
75190,7515,-0.018155,0,1,1
75190,7516,-0.0281064,0,1,1
75190,7517,-0.038058,0,0,0
75190,7518,-0.0480097,0,0,0
