time,particle_id,x,y,mesh_index,mesh_index_original
33680,3358,0.0457901,0,4,4
33680,3359,0.0358122,0,4,4
33680,3360,0.0258342,0,3,3
33680,3361,0.0158562,0,3,3
33680,3362,0.00587813,0,2,2
33680,3363,-0.00409999,0,2,2
33680,3364,-0.0140782,0,1,1
33680,3365,-0.0240564,0,1,1
33680,3366,-0.0340347,0,0,0
33680,3367,-0.044013,0,0,0
