time,particle_id,x,y,mesh_index,mesh_index_original
89530,8943,0.0404714,0,4,4
89530,8944,0.0305301,0,4,4
89530,8945,0.0205886,0,3,3
89530,8946,0.010647,0,3,3
89530,8947,0.000705218,0,2,2
89530,8948,-0.00923663,0,2,2
89530,8949,-0.0191787,0,1,1
89530,8950,-0.0291209,0,1,1
89530,8951,-0.0390633,0,0,0
89530,8952,-0.0490058,0,0,0
