time,particle_id,x,y,mesh_index,mesh_index_original
42530,4243,0.0447376,0,4,4
42530,4244,0.0347655,0,4,4
42530,4245,0.0247934,0,3,3
42530,4246,0.0148211,0,3,3
42530,4247,0.00484884,0,2,2
42530,4248,-0.00512353,0,2,2
42530,4249,-0.015096,0,1,1
42530,4250,-0.0250685,0,1,1
42530,4251,-0.035041,0,0,0
42530,4252,-0.0450137,0,0,0
