time,particle_id,x,y,mesh_index,mesh_index_original
58190,5809,0.0436446,0,0,0
58190,5810,0.0336823,0,0,0
58190,5811,0.0237201,0,0,0
58190,5812,0.0137579,0,0,0
58190,5813,0.00379574,0,0,0
58190,5814,-0.00616645,0,0,0
58190,5815,-0.0161286,0,0,0
58190,5816,-0.0260908,0,0,0
58190,5817,-0.036053,0,0,0
58190,5818,-0.0460151,0,0,0
