time,particle_id,x,y,mesh_index,mesh_index_original
44450,4435,0.0447256,0,0,0
44450,4436,0.0347545,0,0,0
44450,4437,0.0247833,0,0,0
44450,4438,0.0148122,0,0,0
44450,4439,0.00484107,0,0,0
44450,4440,-0.00513005,0,0,0
44450,4441,-0.0151012,0,0,0
44450,4442,-0.0250723,0,0,0
44450,4443,-0.0350434,0,0,0
44450,4444,-0.0450145,0,0,0
