time,particle_id,x,y,mesh_index,mesh_index_original
85720,8562,0.0404933,0,0,0
85720,8563,0.030549,0,0,0
85720,8564,0.0206046,0,0,0
85720,8565,0.0106603,0,0,0
85720,8566,0.000715965,0,0,0
85720,8567,-0.00922836,0,0,0
85720,8568,-0.0191727,0,0,0
85720,8569,-0.029117,0,0,0
85720,8570,-0.0390613,0,0,0
85720,8571,-0.0490056,0,0,0
