time,particle_id,x,y,mesh_index,mesh_index_original
97280,9717,0.0493683,0,0,0
97280,9718,0.0394314,0,0,0
97280,9719,0.0294946,0,0,0
97280,9720,0.0195577,0,0,0
97280,9721,0.0096209,0,0,0
97280,9722,-0.00031593,0,0,0
97280,9723,-0.0102528,0,0,0
97280,9724,-0.0201896,0,0,0
97280,9725,-0.0301264,0,0,0
97280,9726,-0.0400632,0,0,0
