time,particle_id,x,y,mesh_index,mesh_index_original
53800,5370,0.0436714,0,0,0
53800,5371,0.0337063,0,0,0
53800,5372,0.0237412,0,0,0
53800,5373,0.0137762,0,0,0
53800,5374,0.00381114,0,0,0
53800,5375,-0.0061539,0,0,0
53800,5376,-0.0161189,0,0,0
53800,5377,-0.026084,0,0,0
53800,5378,-0.036049,0,0,0
53800,5379,-0.046014,0,0,0
