time,particle_id,x,y,mesh_index,mesh_index_original
41940,4184,0.0447411,0,0,0
41940,4185,0.0347683,0,0,0
41940,4186,0.0247956,0,0,0
41940,4187,0.0148228,0,0,0
41940,4188,0.00485005,0,0,0
41940,4189,-0.0051227,0,0,0
41940,4190,-0.0150954,0,0,0
41940,4191,-0.0250682,0,0,0
41940,4192,-0.0350409,0,0,0
41940,4193,-0.0450136,0,0,0
