time,particle_id,x,y,mesh_index,mesh_index_original
79500,7940,0.0415249,0,0,0
79500,7941,0.0315765,0,0,0
79500,7942,0.0216281,0,0,0
79500,7943,0.0116797,0,0,0
79500,7944,0.00173137,0,0,0
79500,7945,-0.00821698,0,0,0
79500,7946,-0.0181653,0,0,0
79500,7947,-0.0281137,0,0,0
79500,7948,-0.038062,0,0,0
79500,7949,-0.0480103,0,0,0
