time,particle_id,x,y,mesh_index,mesh_index_original
76210,7611,0.0415445,0,0,0
76210,7612,0.031594,0,0,0
76210,7613,0.0216435,0,0,0
76210,7614,0.011693,0,0,0
76210,7615,0.00174247,0,0,0
76210,7616,-0.00820802,0,0,0
76210,7617,-0.0181585,0,0,0
76210,7618,-0.028109,0,0,0
76210,7619,-0.0380594,0,0,0
76210,7620,-0.0480099,0,0,0
