time,particle_id,x,y,mesh_index,mesh_index_original
38100,3800,0.0457624,0,0,0
38100,3801,0.0357871,0,0,0
38100,3802,0.0258118,0,0,0
38100,3803,0.0158366,0,0,0
38100,3804,0.00586131,0,0,0
38100,3805,-0.00411394,0,0,0
38100,3806,-0.0140892,0,0,0
38100,3807,-0.0240644,0,0,0
38100,3808,-0.0340396,0,0,0
38100,3809,-0.0440149,0,0,0
