time,particle_id,x,y,mesh_index,mesh_index_original
8890,879,0.0489432,0,0,0
8890,880,0.0389489,0,0,0
8890,881,0.0289547,0,0,0
8890,882,0.0189604,0,0,0
8890,883,0.00896609,0,0,0
8890,884,-0.00102818,0,0,0
8890,885,-0.0110224,0,0,0
8890,886,-0.0210167,0,0,0
8890,887,-0.0310109,0,0,0
8890,888,-0.0410052,0,0,0
