time,particle_id,x,y,mesh_index,mesh_index_original
51310,5121,0.0436866,0,0,0
51310,5122,0.0337199,0,0,0
51310,5123,0.0237532,0,0,0
51310,5124,0.0137865,0,0,0
51310,5125,0.00381988,0,0,0
51310,5126,-0.00614678,0,0,0
51310,5127,-0.0161134,0,0,0
51310,5128,-0.0260801,0,0,0
51310,5129,-0.0360467,0,0,0
51310,5130,-0.0460133,0,0,0
