time,particle_id,x,y,mesh_index,mesh_index_original
26020,2592,0.0468361,0,0,0
26020,2593,0.036853,0,0,0
26020,2594,0.0268699,0,0,0
26020,2595,0.0168868,0,0,0
26020,2596,0.00690364,0,0,0
26020,2597,-0.00307947,0,0,0
26020,2598,-0.0130626,0,0,0
26020,2599,-0.0230457,0,0,0
26020,2600,-0.0330288,0,0,0
26020,2601,-0.0430118,0,0,0
