time,particle_id,x,y,mesh_index,mesh_index_original
63570,6347,0.0426158,0,0,0
63570,6348,0.0326571,0,0,0
63570,6349,0.0226984,0,0,0
63570,6350,0.0127397,0,0,0
63570,6351,0.002781,0,0,0
63570,6352,-0.00717769,0,0,0
63570,6353,-0.0171364,0,0,0
63570,6354,-0.0270951,0,0,0
63570,6355,-0.0370537,0,0,0
63570,6356,-0.0470124,0,0,0
