time,particle_id,x,y,mesh_index,mesh_index_original
49200,4910,0.0446963,0,0,0
49200,4911,0.0347282,0,0,0
49200,4912,0.0247602,0,0,0
49200,4913,0.0147921,0,0,0
49200,4914,0.00482409,0,0,0
49200,4915,-0.00514394,0,0,0
49200,4916,-0.015112,0,0,0
49200,4917,-0.02508,0,0,0
49200,4918,-0.035048,0,0,0
49200,4919,-0.045016,0,0,0
