time,particle_id,x,y,mesh_index,mesh_index_original
3010,291,0.0489812,0,0,0
3010,292,0.0389831,0,0,0
3010,293,0.0289849,0,0,0
3010,294,0.0189868,0,0,0
3010,295,0.00898871,0,0,0
3010,296,-0.00100939,0,0,0
3010,297,-0.0110075,0,0,0
3010,298,-0.0210056,0,0,0
3010,299,-0.0310037,0,0,0
3010,300,-0.0410017,0,0,0
