time,particle_id,x,y,mesh_index,mesh_index_original
2020,192,0.0489876,0,0,0
2020,193,0.0389888,0,0,0
2020,194,0.02899,0,0,0
2020,195,0.0189913,0,0,0
2020,196,0.00899252,0,0,0
2020,197,-0.00100623,0,0,0
2020,198,-0.011005,0,0,0
2020,199,-0.0210037,0,0,0
2020,200,-0.0310024,0,0,0
2020,201,-0.0410012,0,0,0
