time,particle_id,x,y,mesh_index,mesh_index_original
80640,8054,0.0405233,0,0,0
80640,8055,0.0305757,0,0,0
80640,8056,0.020628,0,0,0
80640,8057,0.0106804,0,0,0
80640,8058,0.000732768,0,0,0
80640,8059,-0.00921485,0,0,0
80640,8060,-0.0191625,0,0,0
80640,8061,-0.0291101,0,0,0
80640,8062,-0.0390577,0,0,0
80640,8063,-0.0490052,0,0,0
