time,particle_id,x,y,mesh_index,mesh_index_original
77970,7787,0.041534,0,0,0
77970,7788,0.0315846,0,0,0
77970,7789,0.0216352,0,0,0
77970,7790,0.0116859,0,0,0
77970,7791,0.00173653,0,0,0
77970,7792,-0.00821281,0,0,0
77970,7793,-0.0181622,0,0,0
77970,7794,-0.0281115,0,0,0
77970,7795,-0.0380608,0,0,0
77970,7796,-0.0480101,0,0,0
