time,particle_id,x,y,mesh_index,mesh_index_original
49760,4966,0.0446928,0,0,0
49760,4967,0.0347251,0,0,0
49760,4968,0.0247574,0,0,0
49760,4969,0.0147898,0,0,0
49760,4970,0.00482209,0,0,0
49760,4971,-0.00514558,0,0,0
49760,4972,-0.0151132,0,0,0
49760,4973,-0.0250809,0,0,0
49760,4974,-0.0350485,0,0,0
49760,4975,-0.0450162,0,0,0
