time,particle_id,x,y,mesh_index,mesh_index_original
51720,5162,0.0436841,0,0,0
51720,5163,0.0337177,0,0,0
51720,5164,0.0237512,0,0,0
51720,5165,0.0137848,0,0,0
51720,5166,0.00381844,0,0,0
51720,5167,-0.00614795,0,0,0
51720,5168,-0.0161143,0,0,0
51720,5169,-0.0260807,0,0,0
51720,5170,-0.0360471,0,0,0
51720,5171,-0.0460135,0,0,0
