time,particle_id,x,y,mesh_index,mesh_index_original
53940,5384,0.0436705,0,0,0
53940,5385,0.0337055,0,0,0
53940,5386,0.0237406,0,0,0
53940,5387,0.0137756,0,0,0
53940,5388,0.00381065,0,0,0
53940,5389,-0.0061543,0,0,0
53940,5390,-0.0161192,0,0,0
53940,5391,-0.0260842,0,0,0
53940,5392,-0.0360491,0,0,0
53940,5393,-0.046014,0,0,0
