time,particle_id,x,y,mesh_index,mesh_index_original
43440,4334,0.0447319,0,0,0
43440,4335,0.0347601,0,0,0
43440,4336,0.0247883,0,0,0
43440,4337,0.0148165,0,0,0
43440,4338,0.00484469,0,0,0
43440,4339,-0.00512709,0,0,0
43440,4340,-0.0150989,0,0,0
43440,4341,-0.0250706,0,0,0
43440,4342,-0.0350424,0,0,0
43440,4343,-0.0450141,0,0,0
