time,particle_id,x,y,mesh_index,mesh_index_original
21780,2168,0.0468629,0,0,0
21780,2169,0.036877,0,0,0
21780,2170,0.0268911,0,0,0
21780,2171,0.0169053,0,0,0
21780,2172,0.00691938,0,0,0
21780,2173,-0.00306649,0,0,0
21780,2174,-0.0130524,0,0,0
21780,2175,-0.0230382,0,0,0
21780,2176,-0.0330241,0,0,0
21780,2177,-0.0430099,0,0,0
