time,particle_id,x,y,mesh_index,mesh_index_original
130,3,0.0489997,0,0,0
130,4,0.0389998,0,0,0
130,5,0.0289998,0,0,0
130,6,0.0189998,0,0,0
130,7,0.00899979,0,0,0
130,8,-0.00100019,0,0,0
130,9,-0.0110002,0,0,0
130,10,-0.0210001,0,0,0
130,11,-0.0310001,0,0,0
130,12,-0.041,0,0,0
