time,particle_id,x,y,mesh_index,mesh_index_original
32400,3230,0.045798,0,0,0
32400,3231,0.035819,0,0,0
32400,3232,0.02584,0,0,0
32400,3233,0.015861,0,0,0
32400,3234,0.00588208,0,0,0
32400,3235,-0.00409688,0,0,0
32400,3236,-0.0140758,0,0,0
32400,3237,-0.0240548,0,0,0
32400,3238,-0.0340337,0,0,0
32400,3239,-0.0440126,0,0,0
