time,particle_id,x,y,mesh_index,mesh_index_original
870,77,0.048995,0,0,0
870,78,0.0389955,0,0,0
870,79,0.028996,0,0,0
870,80,0.0189964,0,0,0
870,81,0.00899694,0,0,0
870,82,-0.00100255,0,0,0
870,83,-0.011002,0,0,0
870,84,-0.0210015,0,0,0
870,85,-0.031001,0,0,0
870,86,-0.0410005,0,0,0
