time,particle_id,x,y,mesh_index,mesh_index_original
28860,2876,0.0468182,0,0,0
28860,2877,0.0368369,0,0,0
28860,2878,0.0268556,0,0,0
28860,2879,0.0168744,0,0,0
28860,2880,0.0068931,0,0,0
28860,2881,-0.00308816,0,0,0
28860,2882,-0.0130694,0,0,0
28860,2883,-0.0230507,0,0,0
28860,2884,-0.0330319,0,0,0
28860,2885,-0.0430131,0,0,0
