time,particle_id,x,y,mesh_index,mesh_index_original
77340,7724,0.0415377,0,0,0
77340,7725,0.031588,0,0,0
77340,7726,0.0216382,0,0,0
77340,7727,0.0116884,0,0,0
77340,7728,0.00173866,0,0,0
77340,7729,-0.0082111,0,0,0
77340,7730,-0.0181608,0,0,0
77340,7731,-0.0281106,0,0,0
77340,7732,-0.0380603,0,0,0
77340,7733,-0.0480101,0,0,0
