time,particle_id,x,y,mesh_index,mesh_index_original
12290,1219,0.0479221,0,0,0
12290,1220,0.03793,0,0,0
12290,1221,0.0279379,0,0,0
12290,1222,0.0179459,0,0,0
12290,1223,0.00795382,0,0,0
12290,1224,-0.00203824,0,0,0
12290,1225,-0.0120303,0,0,0
12290,1226,-0.0220223,0,0,0
12290,1227,-0.0320144,0,0,0
12290,1228,-0.0420064,0,0,0
