time,particle_id,x,y,mesh_index,mesh_index_original
17090,1699,0.0478914,0,0,0
17090,1700,0.0379025,0,0,0
17090,1701,0.0279136,0,0,0
17090,1702,0.0179246,0,0,0
17090,1703,0.00793568,0,0,0
17090,1704,-0.00205325,0,0,0
17090,1705,-0.0120422,0,0,0
17090,1706,-0.0220311,0,0,0
17090,1707,-0.03202,0,0,0
17090,1708,-0.0420089,0,0,0
