time,particle_id,x,y,mesh_index,mesh_index_original
61550,6145,0.042628,0,0,0
61550,6146,0.032668,0,0,0
61550,6147,0.022708,0,0,0
61550,6148,0.012748,0,0,0
61550,6149,0.00278796,0,0,0
61550,6150,-0.00717205,0,0,0
61550,6151,-0.017132,0,0,0
61550,6152,-0.027092,0,0,0
61550,6153,-0.037052,0,0,0
61550,6154,-0.047012,0,0,0
