time,particle_id,x,y,mesh_index,mesh_index_original
45760,4566,0.0447175,0,0,0
45760,4567,0.0347472,0,0,0
45760,4568,0.0247769,0,0,0
45760,4569,0.0148067,0,0,0
45760,4570,0.00483639,0,0,0
45760,4571,-0.00513388,0,0,0
45760,4572,-0.0151041,0,0,0
45760,4573,-0.0250744,0,0,0
45760,4574,-0.0350446,0,0,0
45760,4575,-0.0450149,0,0,0
