time,particle_id,x,y,mesh_index,mesh_index_original
64630,6453,0.0426094,0,0,0
64630,6454,0.0326514,0,0,0
64630,6455,0.0226934,0,0,0
64630,6456,0.0127354,0,0,0
64630,6457,0.00277736,0,0,0
64630,6458,-0.00718065,0,0,0
64630,6459,-0.0171386,0,0,0
64630,6460,-0.0270966,0,0,0
64630,6461,-0.0370546,0,0,0
64630,6462,-0.0470126,0,0,0
