time,particle_id,x,y,mesh_index,mesh_index_original
77910,7781,0.0415343,0,0,0
77910,7782,0.0315849,0,0,0
77910,7783,0.0216355,0,0,0
77910,7784,0.0116861,0,0,0
77910,7785,0.00173674,0,0,0
77910,7786,-0.00821265,0,0,0
77910,7787,-0.018162,0,0,0
77910,7788,-0.0281114,0,0,0
77910,7789,-0.0380608,0,0,0
77910,7790,-0.0480101,0,0,0
