time,particle_id,x,y,mesh_index,mesh_index_original
81220,8112,0.0405199,0,0,0
81220,8113,0.0305726,0,0,0
81220,8114,0.0206253,0,0,0
81220,8115,0.0106781,0,0,0
81220,8116,0.000730849,0,0,0
81220,8117,-0.00921639,0,0,0
81220,8118,-0.0191636,0,0,0
81220,8119,-0.0291108,0,0,0
81220,8120,-0.0390581,0,0,0
81220,8121,-0.0490053,0,0,0
