time,particle_id,x,y,mesh_index,mesh_index_original
60020,5992,0.0436334,0,0,0
60020,5993,0.0336724,0,0,0
60020,5994,0.0237113,0,0,0
60020,5995,0.0137503,0,0,0
60020,5996,0.00378932,0,0,0
60020,5997,-0.00617168,0,0,0
60020,5998,-0.0161327,0,0,0
60020,5999,-0.0260937,0,0,0
60020,6000,-0.0370507,0,0,0
60020,6001,-0.0470117,0,0,0
