time,particle_id,x,y,mesh_index,mesh_index_original
1590,149,0.0489904,0,0,0
1590,150,0.0389913,0,0,0
1590,151,0.0289922,0,0,0
1590,152,0.0189932,0,0,0
1590,153,0.00899417,0,0,0
1590,154,-0.00100486,0,0,0
1590,155,-0.0110039,0,0,0
1590,156,-0.0210029,0,0,0
1590,157,-0.0310019,0,0,0
1590,158,-0.0410009,0,0,0
