time,particle_id,x,y,mesh_index,mesh_index_original
32860,3276,0.0457951,0,0,0
32860,3277,0.0358164,0,0,0
32860,3278,0.0258377,0,0,0
32860,3279,0.0158591,0,0,0
32860,3280,0.0058804,0,0,0
32860,3281,-0.00409826,0,0,0
32860,3282,-0.0140769,0,0,0
32860,3283,-0.0240556,0,0,0
32860,3284,-0.0340342,0,0,0
32860,3285,-0.0440128,0,0,0
