time,particle_id,x,y,mesh_index,mesh_index_original
53170,5307,0.0436752,0,0,0
53170,5308,0.0337097,0,0,0
53170,5309,0.0237443,0,0,0
53170,5310,0.0137788,0,0,0
53170,5311,0.00381335,0,0,0
53170,5312,-0.0061521,0,0,0
53170,5313,-0.0161175,0,0,0
53170,5314,-0.026083,0,0,0
53170,5315,-0.0360484,0,0,0
53170,5316,-0.0460138,0,0,0
