time,particle_id,x,y,mesh_index,mesh_index_original
97530,9742,0.0493667,0,0,0
97530,9743,0.03943,0,0,0
97530,9744,0.0294933,0,0,0
97530,9745,0.0195566,0,0,0
97530,9746,0.00961993,0,0,0
97530,9747,-0.00031674,0,0,0
97530,9748,-0.0102534,0,0,0
97530,9749,-0.0201901,0,0,0
97530,9750,-0.0301267,0,0,0
97530,9751,-0.0400634,0,0,0
