time,particle_id,x,y,mesh_index,mesh_index_original
93470,9336,0.049393,0,0,0
93470,9337,0.0394537,0,0,0
93470,9338,0.0295143,0,0,0
93470,9339,0.019575,0,0,0
93470,9340,0.00963572,0,0,0
93470,9341,-0.000303585,0,0,0
93470,9342,-0.0102429,0,0,0
93470,9343,-0.0201822,0,0,0
93470,9344,-0.0301215,0,0,0
93470,9345,-0.0400607,0,0,0
