time,particle_id,x,y,mesh_index,mesh_index_original
53820,5372,0.0436713,0,0,0
53820,5373,0.0337062,0,0,0
53820,5374,0.0237411,0,0,0
53820,5375,0.0137761,0,0,0
53820,5376,0.00381107,0,0,0
53820,5377,-0.00615395,0,0,0
53820,5378,-0.016119,0,0,0
53820,5379,-0.026084,0,0,0
53820,5380,-0.036049,0,0,0
53820,5381,-0.046014,0,0,0
