time,particle_id,x,y,mesh_index,mesh_index_original
44720,4462,0.0447239,0,0,0
44720,4463,0.034753,0,0,0
44720,4464,0.024782,0,0,0
44720,4465,0.0148111,0,0,0
44720,4466,0.00484011,0,0,0
44720,4467,-0.00513084,0,0,0
44720,4468,-0.0151018,0,0,0
44720,4469,-0.0250727,0,0,0
44720,4470,-0.0350436,0,0,0
44720,4471,-0.0450145,0,0,0
