time,particle_id,x,y,mesh_index,mesh_index_original
67220,6712,0.0425938,0,0,0
67220,6713,0.0326375,0,0,0
67220,6714,0.0226811,0,0,0
67220,6715,0.0127248,0,0,0
67220,6716,0.00276844,0,0,0
67220,6717,-0.00718788,0,0,0
67220,6718,-0.0171442,0,0,0
67220,6719,-0.0271005,0,0,0
67220,6720,-0.0370568,0,0,0
67220,6721,-0.0470131,0,0,0
