time,particle_id,x,y,mesh_index,mesh_index_original
27190,2709,0.0468288,0,0,0
27190,2710,0.0368464,0,0,0
27190,2711,0.026864,0,0,0
27190,2712,0.0168817,0,0,0
27190,2713,0.0068993,0,0,0
27190,2714,-0.00308305,0,0,0
27190,2715,-0.0130654,0,0,0
27190,2716,-0.0230477,0,0,0
27190,2717,-0.0330301,0,0,0
27190,2718,-0.0430124,0,0,0
