time,particle_id,x,y,mesh_index,mesh_index_original
51780,5168,0.0436837,0,0,0
51780,5169,0.0337173,0,0,0
51780,5170,0.023751,0,0,0
51780,5171,0.0137846,0,0,0
51780,5172,0.00381823,0,0,0
51780,5173,-0.00614812,0,0,0
51780,5174,-0.0161145,0,0,0
51780,5175,-0.0260808,0,0,0
51780,5176,-0.0360471,0,0,0
51780,5177,-0.0460135,0,0,0
