time,particle_id,x,y,mesh_index,mesh_index_original
83930,8383,0.0405039,0,0,0
83930,8384,0.0305584,0,0,0
83930,8385,0.0206129,0,0,0
83930,8386,0.0106674,0,0,0
83930,8387,0.000721885,0,0,0
83930,8388,-0.0092236,0,0,0
83930,8389,-0.0191691,0,0,0
83930,8390,-0.0291145,0,0,0
83930,8391,-0.03906,0,0,0
83930,8392,-0.0490055,0,0,0
