time,particle_id,x,y,mesh_index,mesh_index_original
22630,2253,0.0468576,0,0,0
22630,2254,0.0368722,0,0,0
22630,2255,0.0268869,0,0,0
22630,2256,0.0169015,0,0,0
22630,2257,0.00691622,0,0,0
22630,2258,-0.00306909,0,0,0
22630,2259,-0.0130544,0,0,0
22630,2260,-0.0230397,0,0,0
22630,2261,-0.033025,0,0,0
22630,2262,-0.0430103,0,0,0
