time,particle_id,x,y,mesh_index,mesh_index_original
85870,8577,0.0404924,0,0,0
85870,8578,0.0305482,0,0,0
85870,8579,0.0206039,0,0,0
85870,8580,0.0106597,0,0,0
85870,8581,0.000715469,0,0,0
85870,8582,-0.00922875,0,0,0
85870,8583,-0.019173,0,0,0
85870,8584,-0.0291172,0,0,0
85870,8585,-0.0390614,0,0,0
85870,8586,-0.0490056,0,0,0
