time,particle_id,x,y,mesh_index,mesh_index_original
78540,7844,0.0415306,0,0,0
78540,7845,0.0315816,0,0,0
78540,7846,0.0216326,0,0,0
78540,7847,0.0116836,0,0,0
78540,7848,0.00173461,0,0,0
78540,7849,-0.00821437,0,0,0
78540,7850,-0.0181633,0,0,0
78540,7851,-0.0281123,0,0,0
78540,7852,-0.0380613,0,0,0
78540,7853,-0.0480102,0,0,0
