time,particle_id,x,y,mesh_index,mesh_index_original
15750,1565,0.0479,0,0,0
15750,1566,0.0379102,0,0,0
15750,1567,0.0279204,0,0,0
15750,1568,0.0179305,0,0,0
15750,1569,0.00794074,0,0,0
15750,1570,-0.00204906,0,0,0
15750,1571,-0.0120388,0,0,0
15750,1572,-0.0220286,0,0,0
15750,1573,-0.0320184,0,0,0
15750,1574,-0.0420082,0,0,0
