time,particle_id,x,y,mesh_index,mesh_index_original
27170,2707,0.0468289,0,0,0
27170,2708,0.0368465,0,0,0
27170,2709,0.0268641,0,0,0
27170,2710,0.0168817,0,0,0
27170,2711,0.00689937,0,0,0
27170,2712,-0.00308299,0,0,0
27170,2713,-0.0130653,0,0,0
27170,2714,-0.0230477,0,0,0
27170,2715,-0.03303,0,0,0
27170,2716,-0.0430124,0,0,0
