time,particle_id,x,y,mesh_index,mesh_index_original
48530,4843,0.0447004,0,0,0
48530,4844,0.0347319,0,0,0
48530,4845,0.0247634,0,0,0
48530,4846,0.014795,0,0,0
48530,4847,0.00482648,0,0,0
48530,4848,-0.00514198,0,0,0
48530,4849,-0.0151104,0,0,0
48530,4850,-0.0250789,0,0,0
48530,4851,-0.0350473,0,0,0
48530,4852,-0.0450158,0,0,0
