time,particle_id,x,y,mesh_index,mesh_index_original
36260,3616,0.0457739,0,0,0
36260,3617,0.0357974,0,0,0
36260,3618,0.0258209,0,0,0
36260,3619,0.0158445,0,0,0
36260,3620,0.00586801,0,0,0
36260,3621,-0.00410843,0,0,0
36260,3622,-0.0140849,0,0,0
36260,3623,-0.0240613,0,0,0
36260,3624,-0.0340377,0,0,0
36260,3625,-0.0440142,0,0,0
