time,particle_id,x,y,mesh_index,mesh_index_original
92590,9248,0.0493987,0,0,0
92590,9249,0.0394588,0,0,0
92590,9250,0.0295189,0,0,0
92590,9251,0.019579,0,0,0
92590,9252,0.00963914,0,0,0
92590,9253,-0.000300734,0,0,0
92590,9254,-0.0102406,0,0,0
92590,9255,-0.0201805,0,0,0
92590,9256,-0.0301203,0,0,0
92590,9257,-0.0400602,0,0,0
