time,particle_id,x,y,mesh_index,mesh_index_original
55700,5560,0.0436598,0,0,0
55700,5561,0.0336959,0,0,0
55700,5562,0.0237321,0,0,0
55700,5563,0.0137683,0,0,0
55700,5564,0.00380448,0,0,0
55700,5565,-0.00615933,0,0,0
55700,5566,-0.0161231,0,0,0
55700,5567,-0.0260869,0,0,0
55700,5568,-0.0360507,0,0,0
55700,5569,-0.0460145,0,0,0
