time,particle_id,x,y,mesh_index,mesh_index_original
80700,8060,0.0405229,0,0,0
80700,8061,0.0305753,0,0,0
80700,8062,0.0206277,0,0,0
80700,8063,0.0106802,0,0,0
80700,8064,0.000732569,0,0,0
80700,8065,-0.00921501,0,0,0
80700,8066,-0.0191626,0,0,0
80700,8067,-0.0291101,0,0,0
80700,8068,-0.0390577,0,0,0
80700,8069,-0.0490052,0,0,0
