time,particle_id,x,y,mesh_index,mesh_index_original
67670,6757,0.0425911,0,0,0
67670,6758,0.032635,0,0,0
67670,6759,0.022679,0,0,0
67670,6760,0.0127229,0,0,0
67670,6761,0.00276689,0,0,0
67670,6762,-0.00718914,0,0,0
67670,6763,-0.0171452,0,0,0
67670,6764,-0.0271012,0,0,0
67670,6765,-0.0370572,0,0,0
67670,6766,-0.0470132,0,0,0
