time,particle_id,x,y,mesh_index,mesh_index_original
80360,8026,0.0405249,0,0,0
80360,8027,0.0305771,0,0,0
80360,8028,0.0206293,0,0,0
80360,8029,0.0106815,0,0,0
80360,8030,0.000733694,0,0,0
80360,8031,-0.0092141,0,0,0
80360,8032,-0.0191619,0,0,0
80360,8033,-0.0291097,0,0,0
80360,8034,-0.0390575,0,0,0
80360,8035,-0.0490052,0,0,0
