time,particle_id,x,y,mesh_index,mesh_index_original
6370,627,0.0489595,0,0,0
6370,628,0.0389636,0,0,0
6370,629,0.0289676,0,0,0
6370,630,0.0189717,0,0,0
6370,631,0.00897579,0,0,0
6370,632,-0.00102013,0,0,0
6370,633,-0.011016,0,0,0
6370,634,-0.0210119,0,0,0
6370,635,-0.0310078,0,0,0
6370,636,-0.0410037,0,0,0
