time,particle_id,x,y,mesh_index,mesh_index_original
73840,7374,0.0415586,0,0,0
73840,7375,0.0316066,0,0,0
73840,7376,0.0216545,0,0,0
73840,7377,0.0117025,0,0,0
73840,7378,0.00175047,0,0,0
73840,7379,-0.00820156,0,0,0
73840,7380,-0.0181536,0,0,0
73840,7381,-0.0281056,0,0,0
73840,7382,-0.0380576,0,0,0
73840,7383,-0.0480096,0,0,0
