time,particle_id,x,y,mesh_index,mesh_index_original
51480,5138,0.0436855,0,0,0
51480,5139,0.033719,0,0,0
51480,5140,0.0237524,0,0,0
51480,5141,0.0137858,0,0,0
51480,5142,0.00381929,0,0,0
51480,5143,-0.00614726,0,0,0
51480,5144,-0.0161138,0,0,0
51480,5145,-0.0260803,0,0,0
51480,5146,-0.0360469,0,0,0
51480,5147,-0.0460134,0,0,0
