time,particle_id,x,y,mesh_index,mesh_index_original
38540,3844,0.0457596,0,0,0
38540,3845,0.0357846,0,0,0
38540,3846,0.0258097,0,0,0
38540,3847,0.0158347,0,0,0
38540,3848,0.00585971,0,0,0
38540,3849,-0.00411526,0,0,0
38540,3850,-0.0140902,0,0,0
38540,3851,-0.0240652,0,0,0
38540,3852,-0.0340401,0,0,0
38540,3853,-0.044015,0,0,0
