time,particle_id,x,y,mesh_index,mesh_index_original
63920,6382,0.0426137,0,0,0
63920,6383,0.0326552,0,0,0
63920,6384,0.0226968,0,0,0
63920,6385,0.0127383,0,0,0
63920,6386,0.0027798,0,0,0
63920,6387,-0.00717867,0,0,0
63920,6388,-0.0171371,0,0,0
63920,6389,-0.0270956,0,0,0
63920,6390,-0.037054,0,0,0
63920,6391,-0.0470125,0,0,0
