time,particle_id,x,y,mesh_index,mesh_index_original
64300,6420,0.0426114,0,0,0
64300,6421,0.0326532,0,0,0
64300,6422,0.022695,0,0,0
64300,6423,0.0127367,0,0,0
64300,6424,0.00277849,0,0,0
64300,6425,-0.00717973,0,0,0
64300,6426,-0.0171379,0,0,0
64300,6427,-0.0270961,0,0,0
64300,6428,-0.0370543,0,0,0
64300,6429,-0.0470125,0,0,0
