time,particle_id,x,y,mesh_index,mesh_index_original
56200,5610,0.0436567,0,0,0
56200,5611,0.0336932,0,0,0
56200,5612,0.0237297,0,0,0
56200,5613,0.0137662,0,0,0
56200,5614,0.00380272,0,0,0
56200,5615,-0.00616076,0,0,0
56200,5616,-0.0161242,0,0,0
56200,5617,-0.0260877,0,0,0
56200,5618,-0.0360512,0,0,0
56200,5619,-0.0460146,0,0,0
