time,particle_id,x,y,mesh_index,mesh_index_original
62920,6282,0.0426198,0,0,0
62920,6283,0.0326606,0,0,0
62920,6284,0.0227015,0,0,0
62920,6285,0.0127424,0,0,0
62920,6286,0.00278324,0,0,0
62920,6287,-0.00717587,0,0,0
62920,6288,-0.017135,0,0,0
62920,6289,-0.0270941,0,0,0
62920,6290,-0.0370532,0,0,0
62920,6291,-0.0470123,0,0,0
