time,particle_id,x,y,mesh_index,mesh_index_original
52300,5220,0.0436805,0,0,0
52300,5221,0.0337145,0,0,0
52300,5222,0.0237485,0,0,0
52300,5223,0.0137824,0,0,0
52300,5224,0.00381641,0,0,0
52300,5225,-0.00614961,0,0,0
52300,5226,-0.0161156,0,0,0
52300,5227,-0.0260816,0,0,0
52300,5228,-0.0360476,0,0,0
52300,5229,-0.0460136,0,0,0
