time,particle_id,x,y,mesh_index,mesh_index_original
53990,5389,0.0436702,0,0,0
53990,5390,0.0337053,0,0,0
53990,5391,0.0237403,0,0,0
53990,5392,0.0137754,0,0,0
53990,5393,0.00381048,0,0,0
53990,5394,-0.00615444,0,0,0
53990,5395,-0.0161194,0,0,0
53990,5396,-0.0260843,0,0,0
53990,5397,-0.0360492,0,0,0
53990,5398,-0.046014,0,0,0
