time,particle_id,x,y,mesh_index,mesh_index_original
40850,4075,0.0447479,0,0,0
40850,4076,0.0347744,0,0,0
40850,4077,0.0248009,0,0,0
40850,4078,0.0148274,0,0,0
40850,4079,0.00485395,0,0,0
40850,4080,-0.00511951,0,0,0
40850,4081,-0.015093,0,0,0
40850,4082,-0.0250664,0,0,0
40850,4083,-0.0350399,0,0,0
40850,4084,-0.0450133,0,0,0
