time,particle_id,x,y,mesh_index,mesh_index_original
58350,5825,0.0436436,0,0,0
58350,5826,0.0336815,0,0,0
58350,5827,0.0237194,0,0,0
58350,5828,0.0137573,0,0,0
58350,5829,0.00379518,0,0,0
58350,5830,-0.00616691,0,0,0
58350,5831,-0.016129,0,0,0
58350,5832,-0.0260911,0,0,0
58350,5833,-0.0360531,0,0,0
58350,5834,-0.0460152,0,0,0
