time,particle_id,x,y,mesh_index,mesh_index_original
38910,3881,0.0457573,0,0,0
38910,3882,0.0357826,0,0,0
38910,3883,0.0258078,0,0,0
38910,3884,0.0158331,0,0,0
38910,3885,0.00585836,0,0,0
38910,3886,-0.00411636,0,0,0
38910,3887,-0.0140911,0,0,0
38910,3888,-0.0240658,0,0,0
38910,3889,-0.0340405,0,0,0
38910,3890,-0.0440152,0,0,0
