time,particle_id,x,y,mesh_index,mesh_index_original
39230,3913,0.0457553,0,0,0
39230,3914,0.0357808,0,0,0
39230,3915,0.0258062,0,0,0
39230,3916,0.0158317,0,0,0
39230,3917,0.00585719,0,0,0
39230,3918,-0.00411732,0,0,0
39230,3919,-0.0140918,0,0,0
39230,3920,-0.0240663,0,0,0
39230,3921,-0.0340408,0,0,0
39230,3922,-0.0440153,0,0,0
