time,particle_id,x,y,mesh_index,mesh_index_original
6500,640,0.0489587,0,0,0
6500,641,0.0389628,0,0,0
6500,642,0.028967,0,0,0
6500,643,0.0189711,0,0,0
6500,644,0.00897529,0,0,0
6500,645,-0.00102054,0,0,0
6500,646,-0.0110164,0,0,0
6500,647,-0.0210122,0,0,0
6500,648,-0.031008,0,0,0
6500,649,-0.0410038,0,0,0
