time,particle_id,x,y,mesh_index,mesh_index_original
18770,1867,0.0478807,0,0,0
18770,1868,0.0378929,0,0,0
18770,1869,0.027905,0,0,0
18770,1870,0.0179172,0,0,0
18770,1871,0.00792933,0,0,0
18770,1872,-0.0020585,0,0,0
18770,1873,-0.0120463,0,0,0
18770,1874,-0.0220341,0,0,0
18770,1875,-0.032022,0,0,0
18770,1876,-0.0420098,0,0,0
