time,particle_id,x,y,mesh_index,mesh_index_original
37120,3702,0.0457685,0,0,0
37120,3703,0.0357926,0,0,0
37120,3704,0.0258167,0,0,0
37120,3705,0.0158408,0,0,0
37120,3706,0.00586488,0,0,0
37120,3707,-0.00411101,0,0,0
37120,3708,-0.0140869,0,0,0
37120,3709,-0.0240628,0,0,0
37120,3710,-0.0340386,0,0,0
37120,3711,-0.0440145,0,0,0
