time,particle_id,x,y,mesh_index,mesh_index_original
23800,2370,0.0468502,0,0,0
23800,2371,0.0368656,0,0,0
23800,2372,0.026881,0,0,0
23800,2373,0.0168964,0,0,0
23800,2374,0.00691188,0,0,0
23800,2375,-0.00307268,0,0,0
23800,2376,-0.0130572,0,0,0
23800,2377,-0.0230418,0,0,0
23800,2378,-0.0330263,0,0,0
23800,2379,-0.0430108,0,0,0
