time,particle_id,x,y,mesh_index,mesh_index_original
19210,1911,0.0478779,0,0,0
19210,1912,0.0378903,0,0,0
19210,1913,0.0279028,0,0,0
19210,1914,0.0179152,0,0,0
19210,1915,0.00792767,0,0,0
19210,1916,-0.00205988,0,0,0
19210,1917,-0.0120474,0,0,0
19210,1918,-0.0220349,0,0,0
19210,1919,-0.0320225,0,0,0
19210,1920,-0.04201,0,0,0
