time,particle_id,x,y,mesh_index,mesh_index_original
1970,187,0.0489879,0,0,0
1970,188,0.0389891,0,0,0
1970,189,0.0289903,0,0,0
1970,190,0.0189915,0,0,0
1970,191,0.00899271,0,0,0
1970,192,-0.00100607,0,0,0
1970,193,-0.0110048,0,0,0
1970,194,-0.0210036,0,0,0
1970,195,-0.0310024,0,0,0
1970,196,-0.0410011,0,0,0
