time,particle_id,x,y,mesh_index,mesh_index_original
36240,3614,0.045774,0,0,0
36240,3615,0.0357975,0,0,0
36240,3616,0.025821,0,0,0
36240,3617,0.0158446,0,0,0
36240,3618,0.00586809,0,0,0
36240,3619,-0.00410837,0,0,0
36240,3620,-0.0140848,0,0,0
36240,3621,-0.0240613,0,0,0
36240,3622,-0.0340377,0,0,0
36240,3623,-0.0440141,0,0,0
