time,particle_id,x,y,mesh_index,mesh_index_original
27870,2777,0.0468245,0,0,0
27870,2778,0.0368425,0,0,0
27870,2779,0.0268606,0,0,0
27870,2780,0.0168787,0,0,0
27870,2781,0.00689678,0,0,0
27870,2782,-0.00308513,0,0,0
27870,2783,-0.013067,0,0,0
27870,2784,-0.0230489,0,0,0
27870,2785,-0.0330308,0,0,0
27870,2786,-0.0430127,0,0,0
