time,particle_id,x,y,mesh_index,mesh_index_original
52070,5197,0.0436819,0,0,0
52070,5198,0.0337157,0,0,0
52070,5199,0.0237496,0,0,0
52070,5200,0.0137834,0,0,0
52070,5201,0.00381721,0,0,0
52070,5202,-0.00614895,0,0,0
52070,5203,-0.0161151,0,0,0
52070,5204,-0.0260813,0,0,0
52070,5205,-0.0360474,0,0,0
52070,5206,-0.0460135,0,0,0
