time,particle_id,x,y,mesh_index,mesh_index_original
70250,7015,0.0415801,0,0,0
70250,7016,0.0316257,0,0,0
70250,7017,0.0216713,0,0,0
70250,7018,0.0117169,0,0,0
70250,7019,0.00176259,0,0,0
70250,7020,-0.00819177,0,0,0
70250,7021,-0.0181461,0,0,0
70250,7022,-0.0281005,0,0,0
70250,7023,-0.0380548,0,0,0
70250,7024,-0.0480091,0,0,0
