time,particle_id,x,y,mesh_index,mesh_index_original
88340,8824,0.0404779,0,0,0
88340,8825,0.0305352,0,0,0
88340,8826,0.0205926,0,0,0
88340,8827,0.0106499,0,0,0
88340,8828,0.000707301,0,0,0
88340,8829,-0.00923532,0,0,0
88340,8830,-0.0191779,0,0,0
88340,8831,-0.0291205,0,0,0
88340,8832,-0.0390631,0,0,0
88340,8833,-0.0490057,0,0,0
