time,particle_id,x,y,mesh_index,mesh_index_original
24290,2419,0.0468471,0,0,0
24290,2420,0.0368628,0,0,0
24290,2421,0.0268786,0,0,0
24290,2422,0.0168943,0,0,0
24290,2423,0.00691006,0,0,0
24290,2424,-0.00307418,0,0,0
24290,2425,-0.0130584,0,0,0
24290,2426,-0.0230426,0,0,0
24290,2427,-0.0330268,0,0,0
24290,2428,-0.0430111,0,0,0
