time,particle_id,x,y,mesh_index,mesh_index_original
1380,128,0.0489917,0,0,0
1380,129,0.0389925,0,0,0
1380,130,0.0289933,0,0,0
1380,131,0.0189942,0,0,0
1380,132,0.00899498,0,0,0
1380,133,-0.00100418,0,0,0
1380,134,-0.0110033,0,0,0
1380,135,-0.0210025,0,0,0
1380,136,-0.0310016,0,0,0
1380,137,-0.0410008,0,0,0
