time,particle_id,x,y,mesh_index,mesh_index_original
80370,8027,0.0405249,0,0,0
80370,8028,0.0305771,0,0,0
80370,8029,0.0206293,0,0,0
80370,8030,0.0106815,0,0,0
80370,8031,0.000733661,0,0,0
80370,8032,-0.00921413,0,0,0
80370,8033,-0.0191619,0,0,0
80370,8034,-0.0291097,0,0,0
80370,8035,-0.0390575,0,0,0
80370,8036,-0.0490052,0,0,0
