time,particle_id,x,y,mesh_index,mesh_index_original
88660,8856,0.040476,0,0,0
88660,8857,0.0305335,0,0,0
88660,8858,0.0205911,0,0,0
88660,8859,0.0106487,0,0,0
88660,8860,0.000706243,0,0,0
88660,8861,-0.00923617,0,0,0
88660,8862,-0.0191786,0,0,0
88660,8863,-0.029121,0,0,0
88660,8864,-0.0390634,0,0,0
88660,8865,-0.0490058,0,0,0
