time,particle_id,x,y,mesh_index,mesh_index_original
3000,290,0.0489812,0,0,0
3000,291,0.0389831,0,0,0
3000,292,0.028985,0,0,0
3000,293,0.0189869,0,0,0
3000,294,0.00898875,0,0,0
3000,295,-0.00100936,0,0,0
3000,296,-0.0110075,0,0,0
3000,297,-0.0210056,0,0,0
3000,298,-0.0310036,0,0,0
3000,299,-0.0410017,0,0,0
