time,particle_id,x,y,mesh_index,mesh_index_original
83190,8309,0.0405082,0,0,0
83190,8310,0.0305623,0,0,0
83190,8311,0.0206163,0,0,0
83190,8312,0.0106703,0,0,0
83190,8313,0.000724333,0,0,0
83190,8314,-0.00922163,0,0,0
83190,8315,-0.0191676,0,0,0
83190,8316,-0.0291135,0,0,0
83190,8317,-0.0390595,0,0,0
83190,8318,-0.0490054,0,0,0
