time,particle_id,x,y,mesh_index,mesh_index_original
51210,5111,0.0436872,0,0,0
51210,5112,0.0337204,0,0,0
51210,5113,0.0237537,0,0,0
51210,5114,0.013787,0,0,0
51210,5115,0.00382023,0,0,0
51210,5116,-0.00614649,0,0,0
51210,5117,-0.0161132,0,0,0
51210,5118,-0.0260799,0,0,0
51210,5119,-0.0360466,0,0,0
51210,5120,-0.0460133,0,0,0
