time,particle_id,x,y,mesh_index,mesh_index_original
64440,6434,0.0426106,0,0,0
64440,6435,0.0326524,0,0,0
64440,6436,0.0226943,0,0,0
64440,6437,0.0127361,0,0,0
64440,6438,0.00277801,0,0,0
64440,6439,-0.00718012,0,0,0
64440,6440,-0.0171382,0,0,0
64440,6441,-0.0270964,0,0,0
64440,6442,-0.0370545,0,0,0
64440,6443,-0.0470126,0,0,0
