time,particle_id,x,y,mesh_index,mesh_index_original
3250,315,0.0489796,0,0,0
3250,316,0.0389817,0,0,0
3250,317,0.0289837,0,0,0
3250,318,0.0189857,0,0,0
3250,319,0.00898779,0,0,0
3250,320,-0.00101016,0,0,0
3250,321,-0.0110081,0,0,0
3250,322,-0.021006,0,0,0
3250,323,-0.031004,0,0,0
3250,324,-0.0410019,0,0,0
