time,particle_id,x,y,mesh_index,mesh_index_original
28420,2832,0.046821,0,0,0
28420,2833,0.0368394,0,0,0
28420,2834,0.0268579,0,0,0
28420,2835,0.0168763,0,0,0
28420,2836,0.00689474,0,0,0
28420,2837,-0.00308681,0,0,0
28420,2838,-0.0130684,0,0,0
28420,2839,-0.0230499,0,0,0
28420,2840,-0.0330314,0,0,0
28420,2841,-0.0430129,0,0,0
