time,particle_id,x,y,mesh_index,mesh_index_original
15170,1507,0.0479037,0,0,0
15170,1508,0.0379135,0,0,0
15170,1509,0.0279233,0,0,0
15170,1510,0.0179331,0,0,0
15170,1511,0.00794293,0,0,0
15170,1512,-0.00204724,0,0,0
15170,1513,-0.0120374,0,0,0
15170,1514,-0.0220276,0,0,0
15170,1515,-0.0320177,0,0,0
15170,1516,-0.0420079,0,0,0
