time,particle_id,x,y,mesh_index,mesh_index_original
68780,6868,0.0425844,0,0,0
68780,6869,0.032629,0,0,0
68780,6870,0.0226737,0,0,0
68780,6871,0.0127184,0,0,0
68780,6872,0.00276308,0,0,0
68780,6873,-0.00719224,0,0,0
68780,6874,-0.0171475,0,0,0
68780,6875,-0.0271028,0,0,0
68780,6876,-0.0370581,0,0,0
68780,6877,-0.0470134,0,0,0
