time,particle_id,x,y,mesh_index,mesh_index_original
9680,958,0.0489381,0,0,0
9680,959,0.0389444,0,0,0
9680,960,0.0289506,0,0,0
9680,961,0.0189568,0,0,0
9680,962,0.00896306,0,0,0
9680,963,-0.0010307,0,0,0
9680,964,-0.0110244,0,0,0
9680,965,-0.0210182,0,0,0
9680,966,-0.0310119,0,0,0
9680,967,-0.0410057,0,0,0
