time,particle_id,x,y,mesh_index,mesh_index_original
55490,5539,0.043661,0,0,0
55490,5540,0.0336971,0,0,0
55490,5541,0.0237331,0,0,0
55490,5542,0.0137692,0,0,0
55490,5543,0.00380521,0,0,0
55490,5544,-0.00615873,0,0,0
55490,5545,-0.0161227,0,0,0
55490,5546,-0.0260866,0,0,0
55490,5547,-0.0360505,0,0,0
55490,5548,-0.0460144,0,0,0
