time,particle_id,x,y,mesh_index,mesh_index_original
850,75,0.0489951,0,0,0
850,76,0.0389956,0,0,0
850,77,0.0289961,0,0,0
850,78,0.0189965,0,0,0
850,79,0.00899702,0,0,0
850,80,-0.00100249,0,0,0
850,81,-0.011002,0,0,0
850,82,-0.0210015,0,0,0
850,83,-0.031001,0,0,0
850,84,-0.0410005,0,0,0
