time,particle_id,x,y,mesh_index,mesh_index_original
64310,6421,0.0426114,0,0,0
64310,6422,0.0326531,0,0,0
64310,6423,0.0226949,0,0,0
64310,6424,0.0127367,0,0,0
64310,6425,0.00277846,0,0,0
64310,6426,-0.00717976,0,0,0
64310,6427,-0.017138,0,0,0
64310,6428,-0.0270962,0,0,0
64310,6429,-0.0370544,0,0,0
64310,6430,-0.0470125,0,0,0
