time,particle_id,x,y,mesh_index,mesh_index_original
70700,7060,0.0415774,0,0,0
70700,7061,0.0316233,0,0,0
70700,7062,0.0216692,0,0,0
70700,7063,0.0117151,0,0,0
70700,7064,0.00176107,0,0,0
70700,7065,-0.008193,0,0,0
70700,7066,-0.0181471,0,0,0
70700,7067,-0.0281011,0,0,0
70700,7068,-0.0380552,0,0,0
70700,7069,-0.0480092,0,0,0
