time,particle_id,x,y,mesh_index,mesh_index_original
45550,4545,0.0447188,0,0,0
45550,4546,0.0347484,0,0,0
45550,4547,0.024778,0,0,0
45550,4548,0.0148075,0,0,0
45550,4549,0.00483714,0,0,0
45550,4550,-0.00513326,0,0,0
45550,4551,-0.0151037,0,0,0
45550,4552,-0.0250741,0,0,0
45550,4553,-0.0350444,0,0,0
45550,4554,-0.0450148,0,0,0
