time,particle_id,x,y,mesh_index,mesh_index_original
4550,445,0.0489712,0,0,0
4550,446,0.0389741,0,0,0
4550,447,0.028977,0,0,0
4550,448,0.0189799,0,0,0
4550,449,0.00898279,0,0,0
4550,450,-0.00101431,0,0,0
4550,451,-0.0110114,0,0,0
4550,452,-0.0210085,0,0,0
4550,453,-0.0310056,0,0,0
4550,454,-0.0410026,0,0,0
