time,particle_id,x,y,mesh_index,mesh_index_original
68240,6814,0.0425876,0,0,0
68240,6815,0.032632,0,0,0
68240,6816,0.0226763,0,0,0
68240,6817,0.0127206,0,0,0
68240,6818,0.00276493,0,0,0
68240,6819,-0.00719073,0,0,0
68240,6820,-0.0171464,0,0,0
68240,6821,-0.027102,0,0,0
68240,6822,-0.0370577,0,0,0
68240,6823,-0.0470133,0,0,0
