time,particle_id,x,y,mesh_index,mesh_index_original
80300,8020,0.0405253,0,0,0
80300,8021,0.0305774,0,0,0
80300,8022,0.0206296,0,0,0
80300,8023,0.0106817,0,0,0
80300,8024,0.000733893,0,0,0
80300,8025,-0.00921394,0,0,0
80300,8026,-0.0191618,0,0,0
80300,8027,-0.0291096,0,0,0
80300,8028,-0.0390574,0,0,0
80300,8029,-0.0490052,0,0,0
