time,particle_id,x,y,mesh_index,mesh_index_original
62290,6219,0.0426236,0,0,0
62290,6220,0.032664,0,0,0
62290,6221,0.0227045,0,0,0
62290,6222,0.0127449,0,0,0
62290,6223,0.00278541,0,0,0
62290,6224,-0.00717412,0,0,0
62290,6225,-0.0171336,0,0,0
62290,6226,-0.0270931,0,0,0
62290,6227,-0.0370527,0,0,0
62290,6228,-0.0470122,0,0,0
