time,particle_id,x,y,mesh_index,mesh_index_original
16400,1630,0.0478959,0,0,0
16400,1631,0.0379065,0,0,0
16400,1632,0.0279171,0,0,0
16400,1633,0.0179277,0,0,0
16400,1634,0.00793829,0,0,0
16400,1635,-0.00205109,0,0,0
16400,1636,-0.0120405,0,0,0
16400,1637,-0.0220298,0,0,0
16400,1638,-0.0320192,0,0,0
16400,1639,-0.0420085,0,0,0
