time,particle_id,x,y,mesh_index,mesh_index_original
30370,3027,0.0458107,0,0,0
30370,3028,0.0358304,0,0,0
30370,3029,0.0258501,0,0,0
30370,3030,0.0158698,0,0,0
30370,3031,0.00588948,0,0,0
30370,3032,-0.0040908,0,0,0
30370,3033,-0.0140711,0,0,0
30370,3034,-0.0240513,0,0,0
30370,3035,-0.0340316,0,0,0
30370,3036,-0.0440119,0,0,0
