time,particle_id,x,y,mesh_index,mesh_index_original
52340,5224,0.0436803,0,0,0
52340,5225,0.0337143,0,0,0
52340,5226,0.0237483,0,0,0
52340,5227,0.0137823,0,0,0
52340,5228,0.00381627,0,0,0
52340,5229,-0.00614972,0,0,0
52340,5230,-0.0161157,0,0,0
52340,5231,-0.0260817,0,0,0
52340,5232,-0.0360477,0,0,0
52340,5233,-0.0460136,0,0,0
