time,particle_id,x,y,mesh_index,mesh_index_original
6430,633,0.0489591,0,0,0
6430,634,0.0389632,0,0,0
6430,635,0.0289673,0,0,0
6430,636,0.0189714,0,0,0
6430,637,0.00897555,0,0,0
6430,638,-0.00102032,0,0,0
6430,639,-0.0110162,0,0,0
6430,640,-0.021012,0,0,0
6430,641,-0.0310079,0,0,0
6430,642,-0.0410037,0,0,0
