time,particle_id,x,y,mesh_index,mesh_index_original
24880,2478,0.0468433,0,0,0
24880,2479,0.0368595,0,0,0
24880,2480,0.0268756,0,0,0
24880,2481,0.0168917,0,0,0
24880,2482,0.00690787,0,0,0
24880,2483,-0.00307598,0,0,0
24880,2484,-0.0130598,0,0,0
24880,2485,-0.0230437,0,0,0
24880,2486,-0.0330275,0,0,0
24880,2487,-0.0430113,0,0,0
