time,particle_id,x,y,mesh_index,mesh_index_original
13970,1387,0.0479114,0,0,0
13970,1388,0.0379204,0,0,0
13970,1389,0.0279294,0,0,0
13970,1390,0.0179384,0,0,0
13970,1391,0.00794747,0,0,0
13970,1392,-0.00204349,0,0,0
13970,1393,-0.0120344,0,0,0
13970,1394,-0.0220254,0,0,0
13970,1395,-0.0320163,0,0,0
13970,1396,-0.0420073,0,0,0
