time,particle_id,x,y,mesh_index,mesh_index_original
42830,4273,0.0447356,0,0,0
42830,4274,0.0347634,0,0,0
42830,4275,0.0247912,0,0,0
42830,4276,0.014819,0,0,0
42830,4277,0.00484687,0,0,0
42830,4278,-0.00512531,0,0,0
42830,4279,-0.0150975,0,0,0
42830,4280,-0.0250696,0,0,0
42830,4281,-0.0350418,0,0,0
42830,4282,-0.0450139,0,0,0
