time,particle_id,x,y,mesh_index,mesh_index_original
34890,3479,0.0457824,0,0,0
34890,3480,0.0358051,0,0,0
34890,3481,0.0258277,0,0,0
34890,3482,0.0158503,0,0,0
34890,3483,0.005873,0,0,0
34890,3484,-0.00410433,0,0,0
34890,3485,-0.0140817,0,0,0
34890,3486,-0.024059,0,0,0
34890,3487,-0.0340363,0,0,0
34890,3488,-0.0440136,0,0,0
