time,particle_id,x,y,mesh_index,mesh_index_original
83860,8376,0.0405043,0,0,0
83860,8377,0.0305587,0,0,0
83860,8378,0.0206132,0,0,0
83860,8379,0.0106676,0,0,0
83860,8380,0.000722116,0,0,0
83860,8381,-0.00922341,0,0,0
83860,8382,-0.0191689,0,0,0
83860,8383,-0.0291144,0,0,0
83860,8384,-0.0390599,0,0,0
83860,8385,-0.0490055,0,0,0
