time,particle_id,x,y,mesh_index,mesh_index_original
6270,617,0.0489601,0,0,0
6270,618,0.0389641,0,0,0
6270,619,0.0289681,0,0,0
6270,620,0.0189722,0,0,0
6270,621,0.00897617,0,0,0
6270,622,-0.00101981,0,0,0
6270,623,-0.0110158,0,0,0
6270,624,-0.0210117,0,0,0
6270,625,-0.0310077,0,0,0
6270,626,-0.0410036,0,0,0
