time,particle_id,x,y,mesh_index,mesh_index_original
4470,437,0.0489718,0,0,0
4470,438,0.0389746,0,0,0
4470,439,0.0289774,0,0,0
4470,440,0.0189803,0,0,0
4470,441,0.00898309,0,0,0
4470,442,-0.00101406,0,0,0
4470,443,-0.0110112,0,0,0
4470,444,-0.0210083,0,0,0
4470,445,-0.0310055,0,0,0
4470,446,-0.0410026,0,0,0
