time,particle_id,x,y,mesh_index,mesh_index_original
59720,5962,0.0436352,0,0,0
59720,5963,0.033674,0,0,0
59720,5964,0.0237128,0,0,0
59720,5965,0.0137516,0,0,0
59720,5966,0.00379037,0,0,0
59720,5967,-0.00617082,0,0,0
59720,5968,-0.016132,0,0,0
59720,5969,-0.0260932,0,0,0
59720,5970,-0.0360544,0,0,0
59720,5971,-0.0460155,0,0,0
