time,particle_id,x,y,mesh_index,mesh_index_original
18240,1814,0.0478841,0,0,0
18240,1815,0.0378959,0,0,0
18240,1816,0.0279077,0,0,0
18240,1817,0.0179195,0,0,0
18240,1818,0.00793133,0,0,0
18240,1819,-0.00205684,0,0,0
18240,1820,-0.012045,0,0,0
18240,1821,-0.0220332,0,0,0
18240,1822,-0.0320213,0,0,0
18240,1823,-0.0420095,0,0,0
