time,particle_id,x,y,mesh_index,mesh_index_original
93920,9381,0.0493901,0,0,0
93920,9382,0.039451,0,0,0
93920,9383,0.029512,0,0,0
93920,9384,0.019573,0,0,0
93920,9385,0.00963397,0,0,0
93920,9386,-0.000305044,0,0,0
93920,9387,-0.010244,0,0,0
93920,9388,-0.020183,0,0,0
93920,9389,-0.030122,0,0,0
93920,9390,-0.040061,0,0,0
