time,particle_id,x,y,mesh_index,mesh_index_original
25260,2516,0.0468409,0,0,0
25260,2517,0.0368573,0,0,0
25260,2518,0.0268737,0,0,0
25260,2519,0.0168901,0,0,0
25260,2520,0.00690646,0,0,0
25260,2521,-0.00307714,0,0,0
25260,2522,-0.0130607,0,0,0
25260,2523,-0.0230443,0,0,0
25260,2524,-0.0330279,0,0,0
25260,2525,-0.0430115,0,0,0
