time,particle_id,x,y,mesh_index,mesh_index_original
65000,6490,0.0426072,0,0,0
65000,6491,0.0326494,0,0,0
65000,6492,0.0226916,0,0,0
65000,6493,0.0127339,0,0,0
65000,6494,0.00277608,0,0,0
65000,6495,-0.00718168,0,0,0
65000,6496,-0.0171394,0,0,0
65000,6497,-0.0270972,0,0,0
65000,6498,-0.0370549,0,0,0
65000,6499,-0.0470127,0,0,0
