time,particle_id,x,y,mesh_index,mesh_index_original
60170,6007,0.0426364,0,0,0
60170,6008,0.0326755,0,0,0
60170,6009,0.0227145,0,0,0
60170,6010,0.0127536,0,0,0
60170,6011,0.00279271,0,0,0
60170,6012,-0.00716819,0,0,0
60170,6013,-0.0171291,0,0,0
60170,6014,-0.02709,0,0,0
60170,6015,-0.0370509,0,0,0
60170,6016,-0.0470117,0,0,0
