time,particle_id,x,y,mesh_index,mesh_index_original
94400,9429,0.049387,0,0,0
94400,9430,0.0394482,0,0,0
94400,9431,0.0295095,0,0,0
94400,9432,0.0195708,0,0,0
94400,9433,0.0096321,0,0,0
94400,9434,-0.000306599,0,0,0
94400,9435,-0.0102453,0,0,0
94400,9436,-0.020184,0,0,0
94400,9437,-0.0301227,0,0,0
94400,9438,-0.0400613,0,0,0
