time,particle_id,x,y,mesh_index,mesh_index_original
33470,3337,0.0457913,0,0,0
33470,3338,0.035813,0,0,0
33470,3339,0.0258347,0,0,0
33470,3340,0.0158564,0,0,0
33470,3341,0.00587818,0,0,0
33470,3342,-0.00410008,0,0,0
33470,3343,-0.0140783,0,0,0
33470,3344,-0.0240566,0,0,0
33470,3345,-0.0340348,0,0,0
33470,3346,-0.0440131,0,0,0
