time,particle_id,x,y,mesh_index,mesh_index_original
97910,9780,0.0493642,0,0,0
97910,9781,0.0394278,0,0,0
97910,9782,0.0294913,0,0,0
97910,9783,0.0195549,0,0,0
97910,9784,0.00961845,0,0,0
97910,9785,-0.000317971,0,0,0
97910,9786,-0.0102544,0,0,0
97910,9787,-0.0201908,0,0,0
97910,9788,-0.0301272,0,0,0
97910,9789,-0.0400636,0,0,0
