time,particle_id,x,y,mesh_index,mesh_index_original
33590,3349,0.0457905,0,0,0
33590,3350,0.0358123,0,0,0
33590,3351,0.0258341,0,0,0
33590,3352,0.0158559,0,0,0
33590,3353,0.00587774,0,0,0
33590,3354,-0.00410044,0,0,0
33590,3355,-0.0140786,0,0,0
33590,3356,-0.0240568,0,0,0
33590,3357,-0.034035,0,0,0
33590,3358,-0.0440131,0,0,0
