time,particle_id,x,y,mesh_index,mesh_index_original
50750,5065,0.04369,0,0,0
50750,5066,0.033723,0,0,0
50750,5067,0.0237559,0,0,0
50750,5068,0.0137889,0,0,0
50750,5069,0.00382185,0,0,0
50750,5070,-0.00614518,0,0,0
50750,5071,-0.0161122,0,0,0
50750,5072,-0.0260792,0,0,0
50750,5073,-0.0360462,0,0,0
50750,5074,-0.0460132,0,0,0
