time,particle_id,x,y,mesh_index,mesh_index_original
97460,9735,0.0493671,0,0,0
97460,9736,0.0394304,0,0,0
97460,9737,0.0294937,0,0,0
97460,9738,0.0195569,0,0,0
97460,9739,0.0096202,0,0,0
97460,9740,-0.000316514,0,0,0
97460,9741,-0.0102532,0,0,0
97460,9742,-0.0201899,0,0,0
97460,9743,-0.0301266,0,0,0
97460,9744,-0.0400633,0,0,0
