time,particle_id,x,y,mesh_index,mesh_index_original
50900,5080,0.0436891,0,0,0
50900,5081,0.0337221,0,0,0
50900,5082,0.0237552,0,0,0
50900,5083,0.0137883,0,0,0
50900,5084,0.00382132,0,0,0
50900,5085,-0.0061456,0,0,0
50900,5086,-0.0161125,0,0,0
50900,5087,-0.0260794,0,0,0
50900,5088,-0.0360463,0,0,0
50900,5089,-0.0460132,0,0,0
