time,particle_id,x,y,mesh_index,mesh_index_original
10560,1046,0.0479331,0,0,0
10560,1047,0.0379399,0,0,0
10560,1048,0.0279467,0,0,0
10560,1049,0.0179535,0,0,0
10560,1050,0.00796036,0,0,0
10560,1051,-0.00203282,0,0,0
10560,1052,-0.012026,0,0,0
10560,1053,-0.0220192,0,0,0
10560,1054,-0.0320123,0,0,0
10560,1055,-0.0420055,0,0,0
