time,particle_id,x,y,mesh_index,mesh_index_original
62680,6258,0.0426212,0,0,0
62680,6259,0.0326619,0,0,0
62680,6260,0.0227026,0,0,0
62680,6261,0.0127433,0,0,0
62680,6262,0.00278407,0,0,0
62680,6263,-0.0071752,0,0,0
62680,6264,-0.0171345,0,0,0
62680,6265,-0.0270937,0,0,0
62680,6266,-0.037053,0,0,0
62680,6267,-0.0470122,0,0,0
