time,particle_id,x,y,mesh_index,mesh_index_original
95210,9510,0.0493817,0,0,0
95210,9511,0.0394435,0,0,0
95210,9512,0.0295053,0,0,0
95210,9513,0.0195671,0,0,0
95210,9514,0.00962895,0,0,0
95210,9515,-0.000309224,0,0,0
95210,9516,-0.0102474,0,0,0
95210,9517,-0.0201856,0,0,0
95210,9518,-0.0301237,0,0,0
95210,9519,-0.0400619,0,0,0
