time,particle_id,x,y,mesh_index,mesh_index_original
45540,4544,0.0447189,0,0,0
45540,4545,0.0347484,0,0,0
45540,4546,0.024778,0,0,0
45540,4547,0.0148076,0,0,0
45540,4548,0.00483717,0,0,0
45540,4549,-0.00513324,0,0,0
45540,4550,-0.0151036,0,0,0
45540,4551,-0.025074,0,0,0
45540,4552,-0.0350444,0,0,0
45540,4553,-0.0450148,0,0,0
