time,particle_id,x,y,mesh_index,mesh_index_original
81400,8130,0.0405188,0,0,0
81400,8131,0.0305717,0,0,0
81400,8132,0.0206245,0,0,0
81400,8133,0.0106774,0,0,0
81400,8134,0.000730254,0,0,0
81400,8135,-0.00921687,0,0,0
81400,8136,-0.019164,0,0,0
81400,8137,-0.0291111,0,0,0
81400,8138,-0.0390582,0,0,0
81400,8139,-0.0490053,0,0,0
