time,particle_id,x,y,mesh_index,mesh_index_original
96440,9633,0.0493737,0,0,0
96440,9634,0.0394363,0,0,0
96440,9635,0.0294989,0,0,0
96440,9636,0.0195616,0,0,0
96440,9637,0.00962417,0,0,0
96440,9638,-0.000313209,0,0,0
96440,9639,-0.0102506,0,0,0
96440,9640,-0.0201879,0,0,0
96440,9641,-0.0301253,0,0,0
96440,9642,-0.0400627,0,0,0
