time,particle_id,x,y,mesh_index,mesh_index_original
64770,6467,0.0426086,0,0,0
64770,6468,0.0326507,0,0,0
64770,6469,0.0226927,0,0,0
64770,6470,0.0127348,0,0,0
64770,6471,0.00277687,0,0,0
64770,6472,-0.00718104,0,0,0
64770,6473,-0.0171389,0,0,0
64770,6474,-0.0270969,0,0,0
64770,6475,-0.0370547,0,0,0
64770,6476,-0.0470126,0,0,0
