time,particle_id,x,y,mesh_index,mesh_index_original
16580,1648,0.0478947,0,0,0
16580,1649,0.0379054,0,0,0
16580,1650,0.0279161,0,0,0
16580,1651,0.0179269,0,0,0
16580,1652,0.00793761,0,0,0
16580,1653,-0.00205165,0,0,0
16580,1654,-0.0120409,0,0,0
16580,1655,-0.0220301,0,0,0
16580,1656,-0.0320194,0,0,0
16580,1657,-0.0420086,0,0,0
