time,particle_id,x,y,mesh_index,mesh_index_original
14120,1402,0.0479104,0,0,0
14120,1403,0.0379195,0,0,0
14120,1404,0.0279286,0,0,0
14120,1405,0.0179378,0,0,0
14120,1406,0.0079469,0,0,0
14120,1407,-0.00204396,0,0,0
14120,1408,-0.0120348,0,0,0
14120,1409,-0.0220257,0,0,0
14120,1410,-0.0320165,0,0,0
14120,1411,-0.0420073,0,0,0
