time,particle_id,x,y,mesh_index,mesh_index_original
5820,572,0.048963,0,0,0
5820,573,0.0389668,0,0,0
5820,574,0.0289705,0,0,0
5820,575,0.0189742,0,0,0
5820,576,0.0089779,0,0,0
5820,577,-0.00101837,0,0,0
5820,578,-0.0110146,0,0,0
5820,579,-0.0210109,0,0,0
5820,580,-0.0310071,0,0,0
5820,581,-0.0410034,0,0,0
