time,particle_id,x,y,mesh_index,mesh_index_original
69900,6980,0.0425776,0,0,0
69900,6981,0.032623,0,0,0
69900,6982,0.0226684,0,0,0
69900,6983,0.0127138,0,0,0
69900,6984,0.00275922,0,0,0
69900,6985,-0.00719536,0,0,0
69900,6986,-0.0171499,0,0,0
69900,6987,-0.0271045,0,0,0
69900,6988,-0.0370591,0,0,0
69900,6989,-0.0470136,0,0,0
