time,particle_id,x,y,mesh_index,mesh_index_original
67300,6720,0.0425933,0,0,0
67300,6721,0.032637,0,0,0
67300,6722,0.0226807,0,0,0
67300,6723,0.0127244,0,0,0
67300,6724,0.00276817,0,0,0
67300,6725,-0.0071881,0,0,0
67300,6726,-0.0171444,0,0,0
67300,6727,-0.0271006,0,0,0
67300,6728,-0.0370569,0,0,0
67300,6729,-0.0470131,0,0,0
