time,particle_id,x,y,mesh_index,mesh_index_original
39030,3893,0.0457566,0,0,0
39030,3894,0.0357819,0,0,0
39030,3895,0.0258072,0,0,0
39030,3896,0.0158326,0,0,0
39030,3897,0.00585792,0,0,0
39030,3898,-0.00411672,0,0,0
39030,3899,-0.0140914,0,0,0
39030,3900,-0.024066,0,0,0
39030,3901,-0.0340406,0,0,0
39030,3902,-0.0440152,0,0,0
