time,particle_id,x,y,mesh_index,mesh_index_original
54870,5477,0.0436648,0,0,0
54870,5478,0.0337005,0,0,0
54870,5479,0.0237361,0,0,0
54870,5480,0.0137717,0,0,0
54870,5481,0.00380739,0,0,0
54870,5482,-0.00615696,0,0,0
54870,5483,-0.0161213,0,0,0
54870,5484,-0.0260856,0,0,0
54870,5485,-0.03605,0,0,0
54870,5486,-0.0460143,0,0,0
