time,particle_id,x,y,mesh_index,mesh_index_original
97480,9737,0.049367,0,0,0
97480,9738,0.0394303,0,0,0
97480,9739,0.0294936,0,0,0
97480,9740,0.0195568,0,0,0
97480,9741,0.00962013,0,0,0
97480,9742,-0.000316578,0,0,0
97480,9743,-0.0102533,0,0,0
97480,9744,-0.02019,0,0,0
97480,9745,-0.0301267,0,0,0
97480,9746,-0.0400633,0,0,0
