time,particle_id,x,y,mesh_index,mesh_index_original
32190,3209,0.0457993,0,0,0
32190,3210,0.0358202,0,0,0
32190,3211,0.0258411,0,0,0
32190,3212,0.0158619,0,0,0
32190,3213,0.00588284,0,0,0
32190,3214,-0.00409625,0,0,0
32190,3215,-0.0140753,0,0,0
32190,3216,-0.0240544,0,0,0
32190,3217,-0.0340335,0,0,0
32190,3218,-0.0440126,0,0,0
