time,particle_id,x,y,mesh_index,mesh_index_original
84110,8401,0.0405028,0,0,0
84110,8402,0.0305574,0,0,0
84110,8403,0.020612,0,0,0
84110,8404,0.0106667,0,0,0
84110,8405,0.00072129,0,0,0
84110,8406,-0.00922407,0,0,0
84110,8407,-0.0191694,0,0,0
84110,8408,-0.0291148,0,0,0
84110,8409,-0.0390601,0,0,0
84110,8410,-0.0490055,0,0,0
