time,particle_id,x,y,mesh_index,mesh_index_original
19940,1984,0.0478733,0,0,0
19940,1985,0.0378862,0,0,0
19940,1986,0.0278991,0,0,0
19940,1987,0.017912,0,0,0
19940,1988,0.00792491,0,0,0
19940,1989,-0.00206216,0,0,0
19940,1990,-0.0120492,0,0,0
19940,1991,-0.0220363,0,0,0
19940,1992,-0.0320233,0,0,0
19940,1993,-0.0420104,0,0,0
