time,particle_id,x,y,mesh_index,mesh_index_original
27310,2721,0.046828,0,0,0
27310,2722,0.0368457,0,0,0
27310,2723,0.0268634,0,0,0
27310,2724,0.0168811,0,0,0
27310,2725,0.00689885,0,0,0
27310,2726,-0.00308342,0,0,0
27310,2727,-0.0130657,0,0,0
27310,2728,-0.0230479,0,0,0
27310,2729,-0.0330302,0,0,0
27310,2730,-0.0430124,0,0,0
