time,particle_id,x,y,mesh_index,mesh_index_original
7110,701,0.0489547,0,0,0
7110,702,0.0389593,0,0,0
7110,703,0.0289638,0,0,0
7110,704,0.0189684,0,0,0
7110,705,0.00897294,0,0,0
7110,706,-0.00102249,0,0,0
7110,707,-0.0110179,0,0,0
7110,708,-0.0210133,0,0,0
7110,709,-0.0310087,0,0,0
7110,710,-0.0410041,0,0,0
