time,particle_id,x,y,mesh_index,mesh_index_original
36970,3687,0.0457694,0,0,0
36970,3688,0.0357934,0,0,0
36970,3689,0.0258174,0,0,0
36970,3690,0.0158414,0,0,0
36970,3691,0.00586543,0,0,0
36970,3692,-0.00411056,0,0,0
36970,3693,-0.0140865,0,0,0
36970,3694,-0.0240625,0,0,0
36970,3695,-0.0340385,0,0,0
36970,3696,-0.0440144,0,0,0
