time,particle_id,x,y,mesh_index,mesh_index_original
7730,763,0.0489507,0,0,0
7730,764,0.0389557,0,0,0
7730,765,0.0289606,0,0,0
7730,766,0.0189656,0,0,0
7730,767,0.00897055,0,0,0
7730,768,-0.00102447,0,0,0
7730,769,-0.0110195,0,0,0
7730,770,-0.0210145,0,0,0
7730,771,-0.0310095,0,0,0
7730,772,-0.0410045,0,0,0
