time,particle_id,x,y,mesh_index,mesh_index_original
51410,5131,0.043686,0,0,0
51410,5132,0.0337194,0,0,0
51410,5133,0.0237527,0,0,0
51410,5134,0.0137861,0,0,0
51410,5135,0.00381953,0,0,0
51410,5136,-0.00614706,0,0,0
51410,5137,-0.0161137,0,0,0
51410,5138,-0.0260802,0,0,0
51410,5139,-0.0360468,0,0,0
51410,5140,-0.0460134,0,0,0
