time,particle_id,x,y,mesh_index,mesh_index_original
77850,7775,0.0415347,0,0,0
77850,7776,0.0315853,0,0,0
77850,7777,0.0216358,0,0,0
77850,7778,0.0116864,0,0,0
77850,7779,0.00173694,0,0,0
77850,7780,-0.00821249,0,0,0
77850,7781,-0.0181619,0,0,0
77850,7782,-0.0281113,0,0,0
77850,7783,-0.0380607,0,0,0
77850,7784,-0.0480101,0,0,0
