time,particle_id,x,y,mesh_index,mesh_index_original
9300,920,0.0489406,0,0,0
9300,921,0.0389466,0,0,0
9300,922,0.0289525,0,0,0
9300,923,0.0189585,0,0,0
9300,924,0.00896452,0,0,0
9300,925,-0.00102949,0,0,0
9300,926,-0.0110235,0,0,0
9300,927,-0.0210175,0,0,0
9300,928,-0.0310115,0,0,0
9300,929,-0.0410054,0,0,0
