time,particle_id,x,y,mesh_index,mesh_index_original
71070,7097,0.0415752,0,0,0
71070,7098,0.0316213,0,0,0
71070,7099,0.0216675,0,0,0
71070,7100,0.0117136,0,0,0
71070,7101,0.00175982,0,0,0
71070,7102,-0.00819401,0,0,0
71070,7103,-0.0181478,0,0,0
71070,7104,-0.0281016,0,0,0
71070,7105,-0.0380554,0,0,0
71070,7106,-0.0480092,0,0,0
