time,particle_id,x,y,mesh_index,mesh_index_original
55960,5586,0.0436582,0,0,0
55960,5587,0.0336945,0,0,0
55960,5588,0.0237309,0,0,0
55960,5589,0.0137672,0,0,0
55960,5590,0.00380356,0,0,0
55960,5591,-0.00616007,0,0,0
55960,5592,-0.0161237,0,0,0
55960,5593,-0.0260873,0,0,0
55960,5594,-0.0360509,0,0,0
55960,5595,-0.0460146,0,0,0
