time,particle_id,x,y,mesh_index,mesh_index_original
9830,973,0.0489372,0,0,0
9830,974,0.0389435,0,0,0
9830,975,0.0289498,0,0,0
9830,976,0.0189561,0,0,0
9830,977,0.00896248,0,0,0
9830,978,-0.00103118,0,0,0
9830,979,-0.0110248,0,0,0
9830,980,-0.0210185,0,0,0
9830,981,-0.0310121,0,0,0
9830,982,-0.0410057,0,0,0
