time,particle_id,x,y,mesh_index,mesh_index_original
91460,9135,0.049406,0,0,0
91460,9136,0.0394654,0,0,0
91460,9137,0.0295248,0,0,0
91460,9138,0.0195841,0,0,0
91460,9139,0.00964353,0,0,0
91460,9140,-0.000297071,0,0,0
91460,9141,-0.0102377,0,0,0
91460,9142,-0.0201783,0,0,0
91460,9143,-0.0301188,0,0,0
91460,9144,-0.0400594,0,0,0
