time,particle_id,x,y,mesh_index,mesh_index_original
74260,7416,0.0415561,0,0,0
74260,7417,0.0316044,0,0,0
74260,7418,0.0216526,0,0,0
74260,7419,0.0117008,0,0,0
74260,7420,0.00174905,0,0,0
74260,7421,-0.0082027,0,0,0
74260,7422,-0.0181545,0,0,0
74260,7423,-0.0281062,0,0,0
74260,7424,-0.0380579,0,0,0
74260,7425,-0.0480097,0,0,0
