time,particle_id,x,y,mesh_index,mesh_index_original
15160,1506,0.0479038,0,0,0
15160,1507,0.0379136,0,0,0
15160,1508,0.0279234,0,0,0
15160,1509,0.0179332,0,0,0
15160,1510,0.00794297,0,0,0
15160,1511,-0.00204721,0,0,0
15160,1512,-0.0120374,0,0,0
15160,1513,-0.0220276,0,0,0
15160,1514,-0.0320177,0,0,0
15160,1515,-0.0420079,0,0,0
