time,particle_id,x,y,mesh_index,mesh_index_original
71970,7187,0.0415698,0,0,0
71970,7188,0.0316165,0,0,0
71970,7189,0.0216633,0,0,0
71970,7190,0.01171,0,0,0
71970,7191,0.00175678,0,0,0
71970,7192,-0.00819646,0,0,0
71970,7193,-0.0181497,0,0,0
71970,7194,-0.0281029,0,0,0
71970,7195,-0.0380561,0,0,0
71970,7196,-0.0480094,0,0,0
