time,particle_id,x,y,mesh_index,mesh_index_original
62980,6288,0.0426194,0,0,0
62980,6289,0.0326603,0,0,0
62980,6290,0.0227012,0,0,0
62980,6291,0.0127421,0,0,0
62980,6292,0.00278304,0,0,0
62980,6293,-0.00717604,0,0,0
62980,6294,-0.0171351,0,0,0
62980,6295,-0.0270942,0,0,0
62980,6296,-0.0370532,0,0,0
62980,6297,-0.0470123,0,0,0
