time,particle_id,x,y,mesh_index,mesh_index_original
56760,5666,0.0436533,0,0,0
56760,5667,0.0336901,0,0,0
56760,5668,0.023727,0,0,0
56760,5669,0.0137639,0,0,0
56760,5670,0.00380076,0,0,0
56760,5671,-0.00616236,0,0,0
56760,5672,-0.0161255,0,0,0
56760,5673,-0.0260886,0,0,0
56760,5674,-0.0360517,0,0,0
56760,5675,-0.0460148,0,0,0
