time,particle_id,x,y,mesh_index,mesh_index_original
28710,2861,0.0468192,0,0,0
28710,2862,0.0368378,0,0,0
28710,2863,0.0268564,0,0,0
28710,2864,0.016875,0,0,0
28710,2865,0.00689366,0,0,0
28710,2866,-0.0030877,0,0,0
28710,2867,-0.0130691,0,0,0
28710,2868,-0.0230504,0,0,0
28710,2869,-0.0330317,0,0,0
28710,2870,-0.0430131,0,0,0
