time,particle_id,x,y,mesh_index,mesh_index_original
73600,7350,0.0415601,0,0,0
73600,7351,0.0316079,0,0,0
73600,7352,0.0216557,0,0,0
73600,7353,0.0117035,0,0,0
73600,7354,0.00175128,0,0,0
73600,7355,-0.0082009,0,0,0
73600,7356,-0.0181531,0,0,0
73600,7357,-0.0281052,0,0,0
73600,7358,-0.0380574,0,0,0
73600,7359,-0.0480096,0,0,0
