time,particle_id,x,y,mesh_index,mesh_index_original
79980,7988,0.041522,0,0,0
79980,7989,0.0315739,0,0,0
79980,7990,0.0216259,0,0,0
79980,7991,0.0116778,0,0,0
79980,7992,0.00172975,0,0,0
79980,7993,-0.00821829,0,0,0
79980,7994,-0.0181663,0,0,0
79980,7995,-0.0281144,0,0,0
79980,7996,-0.0380624,0,0,0
79980,7997,-0.0480104,0,0,0
