time,particle_id,x,y,mesh_index,mesh_index_original
60300,6020,0.0426356,0,0,0
60300,6021,0.0326748,0,0,0
60300,6022,0.0227139,0,0,0
60300,6023,0.0127531,0,0,0
60300,6024,0.00279226,0,0,0
60300,6025,-0.00716856,0,0,0
60300,6026,-0.0171294,0,0,0
60300,6027,-0.0270902,0,0,0
60300,6028,-0.037051,0,0,0
60300,6029,-0.0470118,0,0,0
