time,particle_id,x,y,mesh_index,mesh_index_original
66220,6612,0.0425998,0,0,0
66220,6613,0.0326428,0,0,0
66220,6614,0.0226859,0,0,0
66220,6615,0.0127289,0,0,0
66220,6616,0.00277188,0,0,0
66220,6617,-0.00718509,0,0,0
66220,6618,-0.0171421,0,0,0
66220,6619,-0.027099,0,0,0
66220,6620,-0.037056,0,0,0
66220,6621,-0.0470129,0,0,0
