time,particle_id,x,y,mesh_index,mesh_index_original
36930,3683,0.0457697,0,0,0
36930,3684,0.0357936,0,0,0
36930,3685,0.0258176,0,0,0
36930,3686,0.0158416,0,0,0
36930,3687,0.00586557,0,0,0
36930,3688,-0.00411044,0,0,0
36930,3689,-0.0140864,0,0,0
36930,3690,-0.0240624,0,0,0
36930,3691,-0.0340384,0,0,0
36930,3692,-0.0440144,0,0,0
