time,particle_id,x,y,mesh_index,mesh_index_original
44690,4459,0.0447241,0,0,0
44690,4460,0.0347531,0,0,0
44690,4461,0.0247822,0,0,0
44690,4462,0.0148112,0,0,0
44690,4463,0.00484021,0,0,0
44690,4464,-0.00513075,0,0,0
44690,4465,-0.0151017,0,0,0
44690,4466,-0.0250727,0,0,0
44690,4467,-0.0350436,0,0,0
44690,4468,-0.0450145,0,0,0
