time,particle_id,x,y,mesh_index,mesh_index_original
6380,628,0.0489594,0,0,0
6380,629,0.0389635,0,0,0
6380,630,0.0289676,0,0,0
6380,631,0.0189717,0,0,0
6380,632,0.00897575,0,0,0
6380,633,-0.00102016,0,0,0
6380,634,-0.0110161,0,0,0
6380,635,-0.0210119,0,0,0
6380,636,-0.0310078,0,0,0
6380,637,-0.0410037,0,0,0
