time,particle_id,x,y,mesh_index,mesh_index_original
23390,2329,0.0468528,0,0,0
23390,2330,0.0368679,0,0,0
23390,2331,0.0268831,0,0,0
23390,2332,0.0168982,0,0,0
23390,2333,0.0069134,0,0,0
23390,2334,-0.00307142,0,0,0
23390,2335,-0.0130562,0,0,0
23390,2336,-0.023041,0,0,0
23390,2337,-0.0330258,0,0,0
23390,2338,-0.0430106,0,0,0
