time,particle_id,x,y,mesh_index,mesh_index_original
72560,7246,0.0415663,0,0,0
72560,7247,0.0316134,0,0,0
72560,7248,0.0216605,0,0,0
72560,7249,0.0117077,0,0,0
72560,7250,0.00175479,0,0,0
72560,7251,-0.00819807,0,0,0
72560,7252,-0.0181509,0,0,0
72560,7253,-0.0281038,0,0,0
72560,7254,-0.0380566,0,0,0
72560,7255,-0.0480094,0,0,0
