time,particle_id,x,y,mesh_index,mesh_index_original
83040,8294,0.0405091,0,0,0
83040,8295,0.030563,0,0,0
83040,8296,0.020617,0,0,0
83040,8297,0.0106709,0,0,0
83040,8298,0.000724829,0,0,0
83040,8299,-0.00922123,0,0,0
83040,8300,-0.0191673,0,0,0
83040,8301,-0.0291133,0,0,0
83040,8302,-0.0390594,0,0,0
83040,8303,-0.0490054,0,0,0
