time,particle_id,x,y,mesh_index,mesh_index_original
72060,7196,0.0415693,0,0,0
72060,7197,0.0316161,0,0,0
72060,7198,0.0216629,0,0,0
72060,7199,0.0117097,0,0,0
72060,7200,0.00175648,0,0,0
72060,7201,-0.00819671,0,0,0
72060,7202,-0.0181499,0,0,0
72060,7203,-0.0281031,0,0,0
72060,7204,-0.0380562,0,0,0
72060,7205,-0.0480094,0,0,0
