time,particle_id,x,y,mesh_index,mesh_index_original
47030,4693,0.0447097,0,0,0
47030,4694,0.0347402,0,0,0
47030,4695,0.0247707,0,0,0
47030,4696,0.0148013,0,0,0
47030,4697,0.00483185,0,0,0
47030,4698,-0.00513759,0,0,0
47030,4699,-0.015107,0,0,0
47030,4700,-0.0250765,0,0,0
47030,4701,-0.0350459,0,0,0
47030,4702,-0.0450153,0,0,0
