time,particle_id,x,y,mesh_index,mesh_index_original
11620,1152,0.0479264,0,0,0
11620,1153,0.0379339,0,0,0
11620,1154,0.0279413,0,0,0
11620,1155,0.0179488,0,0,0
11620,1156,0.00795635,0,0,0
11620,1157,-0.00203614,0,0,0
11620,1158,-0.0120286,0,0,0
11620,1159,-0.0220211,0,0,0
11620,1160,-0.0320136,0,0,0
11620,1161,-0.042006,0,0,0
