time,particle_id,x,y,mesh_index,mesh_index_original
40350,4025,0.0447509,0,0,0
40350,4026,0.0347771,0,0,0
40350,4027,0.0248033,0,0,0
40350,4028,0.0148295,0,0,0
40350,4029,0.00485574,0,0,0
40350,4030,-0.00511805,0,0,0
40350,4031,-0.0150918,0,0,0
40350,4032,-0.0250656,0,0,0
40350,4033,-0.0350394,0,0,0
40350,4034,-0.0450131,0,0,0
