time,particle_id,x,y,mesh_index,mesh_index_original
31190,3109,0.0458055,0,0,0
31190,3110,0.0358258,0,0,0
31190,3111,0.025846,0,0,0
31190,3112,0.0158662,0,0,0
31190,3113,0.00588649,0,0,0
31190,3114,-0.00409326,0,0,0
31190,3115,-0.014073,0,0,0
31190,3116,-0.0240527,0,0,0
31190,3117,-0.0340325,0,0,0
31190,3118,-0.0440122,0,0,0
