time,particle_id,x,y,mesh_index,mesh_index_original
51600,5150,0.0436848,0,0,0
51600,5151,0.0337183,0,0,0
51600,5152,0.0237518,0,0,0
51600,5153,0.0137853,0,0,0
51600,5154,0.00381886,0,0,0
51600,5155,-0.00614761,0,0,0
51600,5156,-0.0161141,0,0,0
51600,5157,-0.0260805,0,0,0
51600,5158,-0.036047,0,0,0
51600,5159,-0.0460134,0,0,0
