time,particle_id,x,y,mesh_index,mesh_index_original
4790,469,0.0489697,0,0,0
4790,470,0.0389727,0,0,0
4790,471,0.0289758,0,0,0
4790,472,0.0189788,0,0,0
4790,473,0.00898186,0,0,0
4790,474,-0.00101508,0,0,0
4790,475,-0.011012,0,0,0
4790,476,-0.0210089,0,0,0
4790,477,-0.0310059,0,0,0
4790,478,-0.0410028,0,0,0
