time,particle_id,x,y,mesh_index,mesh_index_original
25570,2547,0.046839,0,0,0
25570,2548,0.0368556,0,0,0
25570,2549,0.0268721,0,0,0
25570,2550,0.0168887,0,0,0
25570,2551,0.00690531,0,0,0
25570,2552,-0.00307809,0,0,0
25570,2553,-0.0130615,0,0,0
25570,2554,-0.0230449,0,0,0
25570,2555,-0.0330283,0,0,0
25570,2556,-0.0430116,0,0,0
