time,particle_id,x,y,mesh_index,mesh_index_original
15650,1555,0.0479006,0,0,0
15650,1556,0.0379108,0,0,0
15650,1557,0.0279209,0,0,0
15650,1558,0.017931,0,0,0
15650,1559,0.00794112,0,0,0
15650,1560,-0.00204874,0,0,0
15650,1561,-0.0120386,0,0,0
15650,1562,-0.0220285,0,0,0
15650,1563,-0.0320183,0,0,0
15650,1564,-0.0420081,0,0,0
