time,particle_id,x,y,mesh_index,mesh_index_original
51450,5135,0.0436857,0,0,0
51450,5136,0.0337191,0,0,0
51450,5137,0.0237525,0,0,0
51450,5138,0.013786,0,0,0
51450,5139,0.00381939,0,0,0
51450,5140,-0.00614718,0,0,0
51450,5141,-0.0161137,0,0,0
51450,5142,-0.0260803,0,0,0
51450,5143,-0.0360468,0,0,0
51450,5144,-0.0460134,0,0,0
