time,particle_id,x,y,mesh_index,mesh_index_original
88620,8852,0.0404762,0,0,0
88620,8853,0.0305337,0,0,0
88620,8854,0.0205913,0,0,0
88620,8855,0.0106488,0,0,0
88620,8856,0.000706375,0,0,0
88620,8857,-0.00923606,0,0,0
88620,8858,-0.0191785,0,0,0
88620,8859,-0.0291209,0,0,0
88620,8860,-0.0390633,0,0,0
88620,8861,-0.0490058,0,0,0
