time,particle_id,x,y,mesh_index,mesh_index_original
65970,6587,0.0426014,0,0,0
65970,6588,0.0326442,0,0,0
65970,6589,0.022687,0,0,0
65970,6590,0.0127299,0,0,0
65970,6591,0.00277274,0,0,0
65970,6592,-0.00718439,0,0,0
65970,6593,-0.0171415,0,0,0
65970,6594,-0.0270986,0,0,0
65970,6595,-0.0370558,0,0,0
65970,6596,-0.0470129,0,0,0
