time,particle_id,x,y,mesh_index,mesh_index_original
7410,731,0.0489528,0,0,0
7410,732,0.0389575,0,0,0
7410,733,0.0289623,0,0,0
7410,734,0.018967,0,0,0
7410,735,0.00897179,0,0,0
7410,736,-0.00102345,0,0,0
7410,737,-0.0110187,0,0,0
7410,738,-0.0210139,0,0,0
7410,739,-0.0310091,0,0,0
7410,740,-0.0410043,0,0,0
