time,particle_id,x,y,mesh_index,mesh_index_original
30710,3061,0.0458085,0,0,0
30710,3062,0.0358284,0,0,0
30710,3063,0.0258484,0,0,0
30710,3064,0.0158683,0,0,0
30710,3065,0.00588824,0,0,0
30710,3066,-0.00409182,0,0,0
30710,3067,-0.0140719,0,0,0
30710,3068,-0.0240519,0,0,0
30710,3069,-0.034032,0,0,0
30710,3070,-0.044012,0,0,0
