time,particle_id,x,y,mesh_index,mesh_index_original
76040,7594,0.0415455,0,0,0
76040,7595,0.0315949,0,0,0
76040,7596,0.0216443,0,0,0
76040,7597,0.0116937,0,0,0
76040,7598,0.00174304,0,0,0
76040,7599,-0.00820755,0,0,0
76040,7600,-0.0181581,0,0,0
76040,7601,-0.0281087,0,0,0
76040,7602,-0.0380593,0,0,0
76040,7603,-0.0480099,0,0,0
