time,particle_id,x,y,mesh_index,mesh_index_original
92030,9192,0.0494023,0,0,0
92030,9193,0.0394621,0,0,0
92030,9194,0.0295218,0,0,0
92030,9195,0.0195816,0,0,0
92030,9196,0.00964132,0,0,0
92030,9197,-0.000298919,0,0,0
92030,9198,-0.0102391,0,0,0
92030,9199,-0.0201794,0,0,0
92030,9200,-0.0301196,0,0,0
92030,9201,-0.0400598,0,0,0
