time,particle_id,x,y,mesh_index,mesh_index_original
40750,4065,0.0447485,0,0,0
40750,4066,0.0347749,0,0,0
40750,4067,0.0248014,0,0,0
40750,4068,0.0148278,0,0,0
40750,4069,0.00485431,0,0,0
40750,4070,-0.00511922,0,0,0
40750,4071,-0.0150927,0,0,0
40750,4072,-0.0250662,0,0,0
40750,4073,-0.0350398,0,0,0
40750,4074,-0.0450133,0,0,0
