time,particle_id,x,y,mesh_index,mesh_index_original
34070,3397,0.0457875,0,0,0
34070,3398,0.0358096,0,0,0
34070,3399,0.0258318,0,0,0
34070,3400,0.0158539,0,0,0
34070,3401,0.00587599,0,0,0
34070,3402,-0.00410188,0,0,0
34070,3403,-0.0140797,0,0,0
34070,3404,-0.0240576,0,0,0
34070,3405,-0.0340355,0,0,0
34070,3406,-0.0440133,0,0,0
