time,particle_id,x,y,mesh_index,mesh_index_original
70710,7061,0.0415773,0,0,0
70710,7062,0.0316232,0,0,0
70710,7063,0.0216692,0,0,0
70710,7064,0.0117151,0,0,0
70710,7065,0.00176103,0,0,0
70710,7066,-0.00819303,0,0,0
70710,7067,-0.0181471,0,0,0
70710,7068,-0.0281011,0,0,0
70710,7069,-0.0380552,0,0,0
70710,7070,-0.0480092,0,0,0
