time,particle_id,x,y,mesh_index,mesh_index_original
77310,7721,0.0415379,0,0,0
77310,7722,0.0315881,0,0,0
77310,7723,0.0216383,0,0,0
77310,7724,0.0116885,0,0,0
77310,7725,0.00173876,0,0,0
77310,7726,-0.00821102,0,0,0
77310,7727,-0.0181608,0,0,0
77310,7728,-0.0281105,0,0,0
77310,7729,-0.0380603,0,0,0
77310,7730,-0.0480101,0,0,0
