time,particle_id,x,y,mesh_index,mesh_index_original
18300,1820,0.0478837,0,0,0
18300,1821,0.0378956,0,0,0
18300,1822,0.0279074,0,0,0
18300,1823,0.0179193,0,0,0
18300,1824,0.00793111,0,0,0
18300,1825,-0.00205703,0,0,0
18300,1826,-0.0120452,0,0,0
18300,1827,-0.0220333,0,0,0
18300,1828,-0.0320214,0,0,0
18300,1829,-0.0420095,0,0,0
