time,particle_id,x,y,mesh_index,mesh_index_original
29900,2980,0.0468116,0,0,0
29900,2981,0.036831,0,0,0
29900,2982,0.0268504,0,0,0
29900,2983,0.0168698,0,0,0
29900,2984,0.00688924,0,0,0
29900,2985,-0.00309134,0,0,0
29900,2986,-0.0130719,0,0,0
29900,2987,-0.0230525,0,0,0
29900,2988,-0.0330331,0,0,0
29900,2989,-0.0430136,0,0,0
