time,particle_id,x,y,mesh_index,mesh_index_original
42490,4239,0.0447377,0,0,0
42490,4240,0.0347653,0,0,0
42490,4241,0.0247929,0,0,0
42490,4242,0.0148205,0,0,0
42490,4243,0.00484808,0,0,0
42490,4244,-0.00512431,0,0,0
42490,4245,-0.0150967,0,0,0
42490,4246,-0.0250691,0,0,0
42490,4247,-0.0350415,0,0,0
42490,4248,-0.0450138,0,0,0
