time,particle_id,x,y,mesh_index,mesh_index_original
91200,9109,0.0494077,0,0,0
91200,9110,0.0394669,0,0,0
91200,9111,0.0295261,0,0,0
91200,9112,0.0195853,0,0,0
91200,9113,0.00964455,0,0,0
91200,9114,-0.000296229,0,0,0
91200,9115,-0.010237,0,0,0
91200,9116,-0.0201778,0,0,0
91200,9117,-0.0301185,0,0,0
91200,9118,-0.0400593,0,0,0
