time,particle_id,x,y,mesh_index,mesh_index_original
38720,3862,0.0457585,0,0,0
38720,3863,0.0357836,0,0,0
38720,3864,0.0258088,0,0,0
38720,3865,0.0158339,0,0,0
38720,3866,0.00585905,0,0,0
38720,3867,-0.00411579,0,0,0
38720,3868,-0.0140906,0,0,0
38720,3869,-0.0240655,0,0,0
38720,3870,-0.0340403,0,0,0
38720,3871,-0.0440151,0,0,0
