time,particle_id,x,y,mesh_index,mesh_index_original
89280,8918,0.0404723,0,0,0
89280,8919,0.0305303,0,0,0
89280,8920,0.0205882,0,0,0
89280,8921,0.0106462,0,0,0
89280,8922,0.000704193,0,0,0
89280,8923,-0.00923782,0,0,0
89280,8924,-0.0191798,0,0,0
89280,8925,-0.0291218,0,0,0
89280,8926,-0.0390638,0,0,0
89280,8927,-0.0490058,0,0,0
