time,particle_id,x,y,mesh_index,mesh_index_original
3980,388,0.0489749,0,0,0
3980,389,0.0389774,0,0,0
3980,390,0.0289799,0,0,0
3980,391,0.0189825,0,0,0
3980,392,0.00898498,0,0,0
3980,393,-0.00101249,0,0,0
3980,394,-0.01101,0,0,0
3980,395,-0.0210074,0,0,0
3980,396,-0.0310049,0,0,0
3980,397,-0.0410023,0,0,0
