time,particle_id,x,y,mesh_index,mesh_index_original
26310,2621,0.0468343,0,0,0
26310,2622,0.0368514,0,0,0
26310,2623,0.0268684,0,0,0
26310,2624,0.0168855,0,0,0
26310,2625,0.00690256,0,0,0
26310,2626,-0.00308036,0,0,0
26310,2627,-0.0130633,0,0,0
26310,2628,-0.0230462,0,0,0
26310,2629,-0.0330291,0,0,0
26310,2630,-0.043012,0,0,0
