time,particle_id,x,y,mesh_index,mesh_index_original
48580,4848,0.0447001,0,0,0
48580,4849,0.0347316,0,0,0
48580,4850,0.0247632,0,0,0
48580,4851,0.0147947,0,0,0
48580,4852,0.0048263,0,0,0
48580,4853,-0.00514213,0,0,0
48580,4854,-0.0151106,0,0,0
48580,4855,-0.025079,0,0,0
48580,4856,-0.0350474,0,0,0
48580,4857,-0.0450158,0,0,0
