time,particle_id,x,y,mesh_index,mesh_index_original
1880,178,0.0489885,0,0,0
1880,179,0.0389896,0,0,0
1880,180,0.0289908,0,0,0
1880,181,0.0189919,0,0,0
1880,182,0.00899306,0,0,0
1880,183,-0.00100578,0,0,0
1880,184,-0.0110046,0,0,0
1880,185,-0.0210034,0,0,0
1880,186,-0.0310023,0,0,0
1880,187,-0.0410011,0,0,0
