time,particle_id,x,y,mesh_index,mesh_index_original
25440,2534,0.0468398,0,0,0
25440,2535,0.0368563,0,0,0
25440,2536,0.0268728,0,0,0
25440,2537,0.0168893,0,0,0
25440,2538,0.00690579,0,0,0
25440,2539,-0.00307769,0,0,0
25440,2540,-0.0130612,0,0,0
25440,2541,-0.0230447,0,0,0
25440,2542,-0.0330281,0,0,0
25440,2543,-0.0430116,0,0,0
