time,particle_id,x,y,mesh_index,mesh_index_original
54510,5441,0.043667,0,0,0
54510,5442,0.0337024,0,0,0
54510,5443,0.0237378,0,0,0
54510,5444,0.0137732,0,0,0
54510,5445,0.00380865,0,0,0
54510,5446,-0.00615593,0,0,0
54510,5447,-0.0161205,0,0,0
54510,5448,-0.0260851,0,0,0
54510,5449,-0.0360496,0,0,0
54510,5450,-0.0460142,0,0,0
