time,particle_id,x,y,mesh_index,mesh_index_original
88880,8878,0.0404747,0,0,0
88880,8879,0.0305324,0,0,0
88880,8880,0.0205901,0,0,0
88880,8881,0.0106478,0,0,0
88880,8882,0.000705515,0,0,0
88880,8883,-0.00923676,0,0,0
88880,8884,-0.019179,0,0,0
88880,8885,-0.0291213,0,0,0
88880,8886,-0.0390635,0,0,0
88880,8887,-0.0490058,0,0,0
