time,particle_id,x,y,mesh_index,mesh_index_original
62600,6250,0.0426217,0,0,0
62600,6251,0.0326624,0,0,0
62600,6252,0.022703,0,0,0
62600,6253,0.0127437,0,0,0
62600,6254,0.00278434,0,0,0
62600,6255,-0.00717498,0,0,0
62600,6256,-0.0171343,0,0,0
62600,6257,-0.0270936,0,0,0
62600,6258,-0.0370529,0,0,0
62600,6259,-0.0470122,0,0,0
