time,particle_id,x,y,mesh_index,mesh_index_original
84530,8443,0.0405003,0,0,0
84530,8444,0.0305552,0,0,0
84530,8445,0.0206101,0,0,0
84530,8446,0.010665,0,0,0
84530,8447,0.0007199,0,0,0
84530,8448,-0.00922519,0,0,0
84530,8449,-0.0191703,0,0,0
84530,8450,-0.0291154,0,0,0
84530,8451,-0.0390604,0,0,0
84530,8452,-0.0490055,0,0,0
