time,particle_id,x,y,mesh_index,mesh_index_original
89260,8916,0.0404724,0,0,0
89260,8917,0.0305304,0,0,0
89260,8918,0.0205883,0,0,0
89260,8919,0.0106463,0,0,0
89260,8920,0.000704259,0,0,0
89260,8921,-0.00923777,0,0,0
89260,8922,-0.0191798,0,0,0
89260,8923,-0.0291218,0,0,0
89260,8924,-0.0390638,0,0,0
89260,8925,-0.0490058,0,0,0
