time,particle_id,x,y,mesh_index,mesh_index_original
14560,1446,0.0479076,0,0,0
14560,1447,0.037917,0,0,0
14560,1448,0.0279264,0,0,0
14560,1449,0.0179358,0,0,0
14560,1450,0.00794524,0,0,0
14560,1451,-0.00204533,0,0,0
14560,1452,-0.0120359,0,0,0
14560,1453,-0.0220265,0,0,0
14560,1454,-0.032017,0,0,0
14560,1455,-0.0420076,0,0,0
