time,particle_id,x,y,mesh_index,mesh_index_original
77070,7697,0.0415394,0,0,0
77070,7698,0.0315894,0,0,0
77070,7699,0.0216395,0,0,0
77070,7700,0.0116895,0,0,0
77070,7701,0.00173957,0,0,0
77070,7702,-0.00821036,0,0,0
77070,7703,-0.0181603,0,0,0
77070,7704,-0.0281102,0,0,0
77070,7705,-0.0380601,0,0,0
77070,7706,-0.04801,0,0,0
