time,particle_id,x,y,mesh_index,mesh_index_original
1650,155,0.04899,0,0,0
1650,156,0.0389909,0,0,0
1650,157,0.0289919,0,0,0
1650,158,0.0189929,0,0,0
1650,159,0.00899394,0,0,0
1650,160,-0.00100505,0,0,0
1650,161,-0.011004,0,0,0
1650,162,-0.021003,0,0,0
1650,163,-0.031002,0,0,0
1650,164,-0.0410009,0,0,0
