time,particle_id,x,y,mesh_index,mesh_index_original
80690,8059,0.040523,0,0,0
80690,8060,0.0305754,0,0,0
80690,8061,0.0206278,0,0,0
80690,8062,0.0106802,0,0,0
80690,8063,0.000732602,0,0,0
80690,8064,-0.00921498,0,0,0
80690,8065,-0.0191626,0,0,0
80690,8066,-0.0291101,0,0,0
80690,8067,-0.0390577,0,0,0
80690,8068,-0.0490052,0,0,0
