time,particle_id,x,y,mesh_index,mesh_index_original
78260,7816,0.0415323,0,0,0
78260,7817,0.0315831,0,0,0
78260,7818,0.0216339,0,0,0
78260,7819,0.0116847,0,0,0
78260,7820,0.00173555,0,0,0
78260,7821,-0.0082136,0,0,0
78260,7822,-0.0181628,0,0,0
78260,7823,-0.0281119,0,0,0
78260,7824,-0.038061,0,0,0
78260,7825,-0.0480102,0,0,0
