time,particle_id,x,y,mesh_index,mesh_index_original
51710,5161,0.0436841,0,0,0
51710,5162,0.0337177,0,0,0
51710,5163,0.0237513,0,0,0
51710,5164,0.0137849,0,0,0
51710,5165,0.00381848,0,0,0
51710,5166,-0.00614792,0,0,0
51710,5167,-0.0161143,0,0,0
51710,5168,-0.0260807,0,0,0
51710,5169,-0.0360471,0,0,0
51710,5170,-0.0460135,0,0,0
