time,particle_id,x,y,mesh_index,mesh_index_original
17130,1703,0.0478912,0,0,0
17130,1704,0.0379023,0,0,0
17130,1705,0.0279133,0,0,0
17130,1706,0.0179244,0,0,0
17130,1707,0.00793553,0,0,0
17130,1708,-0.00205337,0,0,0
17130,1709,-0.0120423,0,0,0
17130,1710,-0.0220312,0,0,0
17130,1711,-0.03202,0,0,0
17130,1712,-0.0420089,0,0,0
