time,particle_id,x,y,mesh_index,mesh_index_original
36120,3602,0.0457747,0,0,0
36120,3603,0.0357982,0,0,0
36120,3604,0.0258216,0,0,0
36120,3605,0.0158451,0,0,0
36120,3606,0.00586852,0,0,0
36120,3607,-0.00410801,0,0,0
36120,3608,-0.0140845,0,0,0
36120,3609,-0.0240611,0,0,0
36120,3610,-0.0340376,0,0,0
36120,3611,-0.0440141,0,0,0
