time,particle_id,x,y,mesh_index,mesh_index_original
57660,5756,0.0436478,0,0,0
57660,5757,0.0336852,0,0,0
57660,5758,0.0237227,0,0,0
57660,5759,0.0137601,0,0,0
57660,5760,0.0037976,0,0,0
57660,5761,-0.00616493,0,0,0
57660,5762,-0.0161275,0,0,0
57660,5763,-0.02609,0,0,0
57660,5764,-0.0360525,0,0,0
57660,5765,-0.046015,0,0,0
