time,particle_id,x,y,mesh_index,mesh_index_original
82290,8219,0.0405136,0,0,0
82290,8220,0.030567,0,0,0
82290,8221,0.0206204,0,0,0
82290,8222,0.0106739,0,0,0
82290,8223,0.00072731,0,0,0
82290,8224,-0.00921924,0,0,0
82290,8225,-0.0191658,0,0,0
82290,8226,-0.0291123,0,0,0
82290,8227,-0.0390588,0,0,0
82290,8228,-0.0490053,0,0,0
