time,particle_id,x,y,mesh_index,mesh_index_original
47660,4756,0.0447058,0,0,0
47660,4757,0.0347367,0,0,0
47660,4758,0.0247677,0,0,0
47660,4759,0.0147986,0,0,0
47660,4760,0.00482959,0,0,0
47660,4761,-0.00513944,0,0,0
47660,4762,-0.0151085,0,0,0
47660,4763,-0.0250775,0,0,0
47660,4764,-0.0350465,0,0,0
47660,4765,-0.0450155,0,0,0
