time,particle_id,x,y,mesh_index,mesh_index_original
36700,3660,0.0457711,0,0,0
36700,3661,0.0357949,0,0,0
36700,3662,0.0258187,0,0,0
36700,3663,0.0158426,0,0,0
36700,3664,0.00586641,0,0,0
36700,3665,-0.00410975,0,0,0
36700,3666,-0.0140859,0,0,0
36700,3667,-0.024062,0,0,0
36700,3668,-0.0340382,0,0,0
36700,3669,-0.0440143,0,0,0
