time,particle_id,x,y,mesh_index,mesh_index_original
60500,6040,0.0426344,0,0,0
60500,6041,0.0326737,0,0,0
60500,6042,0.022713,0,0,0
60500,6043,0.0127523,0,0,0
60500,6044,0.00279157,0,0,0
60500,6045,-0.00716912,0,0,0
60500,6046,-0.0171298,0,0,0
60500,6047,-0.0270905,0,0,0
60500,6048,-0.0370511,0,0,0
60500,6049,-0.0470118,0,0,0
