time,particle_id,x,y,mesh_index,mesh_index_original
94580,9447,0.0493858,0,0,0
94580,9448,0.0394472,0,0,0
94580,9449,0.0295086,0,0,0
94580,9450,0.01957,0,0,0
94580,9451,0.0096314,0,0,0
94580,9452,-0.000307182,0,0,0
94580,9453,-0.0102458,0,0,0
94580,9454,-0.0201843,0,0,0
94580,9455,-0.0301229,0,0,0
94580,9456,-0.0400614,0,0,0
