time,particle_id,x,y,mesh_index,mesh_index_original
68610,6851,0.0425854,0,0,0
68610,6852,0.03263,0,0,0
68610,6853,0.0226745,0,0,0
68610,6854,0.0127191,0,0,0
68610,6855,0.00276366,0,0,0
68610,6856,-0.00719176,0,0,0
68610,6857,-0.0171472,0,0,0
68610,6858,-0.0271026,0,0,0
68610,6859,-0.037058,0,0,0
68610,6860,-0.0470134,0,0,0
