time,particle_id,x,y,mesh_index,mesh_index_original
8670,857,0.0489447,0,0,0
8670,858,0.0389502,0,0,0
8670,859,0.0289558,0,0,0
8670,860,0.0189614,0,0,0
8670,861,0.00896694,0,0,0
8670,862,-0.00102747,0,0,0
8670,863,-0.0110219,0,0,0
8670,864,-0.0210163,0,0,0
8670,865,-0.0310107,0,0,0
8670,866,-0.0410051,0,0,0
