time,particle_id,x,y,mesh_index,mesh_index_original
49320,4922,0.0446955,0,0,0
49320,4923,0.0347276,0,0,0
49320,4924,0.0247596,0,0,0
49320,4925,0.0147916,0,0,0
49320,4926,0.00482366,0,0,0
49320,4927,-0.00514429,0,0,0
49320,4928,-0.0151122,0,0,0
49320,4929,-0.0250802,0,0,0
49320,4930,-0.0350481,0,0,0
49320,4931,-0.045016,0,0,0
