time,particle_id,x,y,mesh_index,mesh_index_original
21820,2172,0.0468627,0,0,0
21820,2173,0.0368768,0,0,0
21820,2174,0.0268909,0,0,0
21820,2175,0.0169051,0,0,0
21820,2176,0.00691923,0,0,0
21820,2177,-0.00306662,0,0,0
21820,2178,-0.0130525,0,0,0
21820,2179,-0.0230383,0,0,0
21820,2180,-0.0330241,0,0,0
21820,2181,-0.0430099,0,0,0
