time,particle_id,x,y,mesh_index,mesh_index_original
95580,9547,0.0493793,0,0,0
95580,9548,0.0394414,0,0,0
95580,9549,0.0295034,0,0,0
95580,9550,0.0195655,0,0,0
95580,9551,0.00962751,0,0,0
95580,9552,-0.000310422,0,0,0
95580,9553,-0.0102484,0,0,0
95580,9554,-0.0201863,0,0,0
95580,9555,-0.0301242,0,0,0
95580,9556,-0.0400621,0,0,0
