time,particle_id,x,y,mesh_index,mesh_index_original
82280,8218,0.0405136,0,0,0
82280,8219,0.030567,0,0,0
82280,8220,0.0206205,0,0,0
82280,8221,0.0106739,0,0,0
82280,8222,0.000727343,0,0,0
82280,8223,-0.00921921,0,0,0
82280,8224,-0.0191658,0,0,0
82280,8225,-0.0291123,0,0,0
82280,8226,-0.0390588,0,0,0
82280,8227,-0.0490053,0,0,0
