time,particle_id,x,y,mesh_index,mesh_index_original
91880,9177,0.0494033,0,0,0
91880,9178,0.0394629,0,0,0
91880,9179,0.0295226,0,0,0
91880,9180,0.0195822,0,0,0
91880,9181,0.0096419,0,0,0
91880,9182,-0.000298432,0,0,0
91880,9183,-0.0102388,0,0,0
91880,9184,-0.0201791,0,0,0
91880,9185,-0.0301194,0,0,0
91880,9186,-0.0400597,0,0,0
