time,particle_id,x,y,mesh_index,mesh_index_original
30770,3067,0.0458082,0,0,0
30770,3068,0.0358281,0,0,0
30770,3069,0.0258481,0,0,0
30770,3070,0.015868,0,0,0
30770,3071,0.00588802,0,0,0
30770,3072,-0.004092,0,0,0
30770,3073,-0.014072,0,0,0
30770,3074,-0.024052,0,0,0
30770,3075,-0.034032,0,0,0
30770,3076,-0.044012,0,0,0
