time,particle_id,x,y,mesh_index,mesh_index_original
93910,9380,0.0493901,0,0,0
93910,9381,0.0394511,0,0,0
93910,9382,0.0295121,0,0,0
93910,9383,0.019573,0,0,0
93910,9384,0.00963401,0,0,0
93910,9385,-0.000305011,0,0,0
93910,9386,-0.010244,0,0,0
93910,9387,-0.020183,0,0,0
93910,9388,-0.030122,0,0,0
93910,9389,-0.040061,0,0,0
