time,particle_id,x,y,mesh_index,mesh_index_original
77720,7762,0.0415355,0,0,0
77720,7763,0.0315859,0,0,0
77720,7764,0.0216364,0,0,0
77720,7765,0.0116869,0,0,0
77720,7766,0.00173738,0,0,0
77720,7767,-0.00821213,0,0,0
77720,7768,-0.0181616,0,0,0
77720,7769,-0.0281111,0,0,0
77720,7770,-0.0380606,0,0,0
77720,7771,-0.0480101,0,0,0
