time,particle_id,x,y,mesh_index,mesh_index_original
40940,4084,0.0447473,0,0,0
40940,4085,0.0347739,0,0,0
40940,4086,0.0248004,0,0,0
40940,4087,0.014827,0,0,0
40940,4088,0.00485363,0,0,0
40940,4089,-0.00511977,0,0,0
40940,4090,-0.0150932,0,0,0
40940,4091,-0.0250666,0,0,0
40940,4092,-0.0350399,0,0,0
40940,4093,-0.0450133,0,0,0
