time,particle_id,x,y,mesh_index,mesh_index_original
7240,714,0.0489539,0,0,0
7240,715,0.0389585,0,0,0
7240,716,0.0289631,0,0,0
7240,717,0.0189678,0,0,0
7240,718,0.00897244,0,0,0
7240,719,-0.00102291,0,0,0
7240,720,-0.0110182,0,0,0
7240,721,-0.0210136,0,0,0
7240,722,-0.0310089,0,0,0
7240,723,-0.0410042,0,0,0
