time,particle_id,x,y,mesh_index,mesh_index_original
21490,2139,0.0468648,0,0,0
21490,2140,0.0368787,0,0,0
21490,2141,0.0268926,0,0,0
21490,2142,0.0169065,0,0,0
21490,2143,0.00692045,0,0,0
21490,2144,-0.00306561,0,0,0
21490,2145,-0.0130517,0,0,0
21490,2146,-0.0230377,0,0,0
21490,2147,-0.0330237,0,0,0
21490,2148,-0.0430098,0,0,0
