time,particle_id,x,y,mesh_index,mesh_index_original
63960,6386,0.0426135,0,0,0
63960,6387,0.032655,0,0,0
63960,6388,0.0226966,0,0,0
63960,6389,0.0127381,0,0,0
63960,6390,0.00277966,0,0,0
63960,6391,-0.00717878,0,0,0
63960,6392,-0.0171372,0,0,0
63960,6393,-0.0270956,0,0,0
63960,6394,-0.0370541,0,0,0
63960,6395,-0.0470125,0,0,0
