time,particle_id,x,y,mesh_index,mesh_index_original
74540,7444,0.0415545,0,0,0
74540,7445,0.0316029,0,0,0
74540,7446,0.0216513,0,0,0
74540,7447,0.0116997,0,0,0
74540,7448,0.00174811,0,0,0
74540,7449,-0.00820347,0,0,0
74540,7450,-0.018155,0,0,0
74540,7451,-0.0281066,0,0,0
74540,7452,-0.0380581,0,0,0
74540,7453,-0.0480097,0,0,0
