time,particle_id,x,y,mesh_index,mesh_index_original
97330,9722,0.049368,0,0,0
97330,9723,0.0394312,0,0,0
97330,9724,0.0294943,0,0,0
97330,9725,0.0195575,0,0,0
97330,9726,0.00962071,0,0,0
97330,9727,-0.000316092,0,0,0
97330,9728,-0.0102529,0,0,0
97330,9729,-0.0201897,0,0,0
97330,9730,-0.0301265,0,0,0
97330,9731,-0.0400632,0,0,0
