time,particle_id,x,y,mesh_index,mesh_index_original
86470,8637,0.0404889,0,0,0
86470,8638,0.030545,0,0,0
86470,8639,0.0206012,0,0,0
86470,8640,0.0106573,0,0,0
86470,8641,0.000713485,0,0,0
86470,8642,-0.00923035,0,0,0
86470,8643,-0.0191742,0,0,0
86470,8644,-0.029118,0,0,0
86470,8645,-0.0390618,0,0,0
86470,8646,-0.0490056,0,0,0
