time,particle_id,x,y,mesh_index,mesh_index_original
47560,4746,0.0447064,0,0,0
47560,4747,0.0347373,0,0,0
47560,4748,0.0247682,0,0,0
47560,4749,0.0147991,0,0,0
47560,4750,0.00482995,0,0,0
47560,4751,-0.00513915,0,0,0
47560,4752,-0.0151082,0,0,0
47560,4753,-0.0250773,0,0,0
47560,4754,-0.0350464,0,0,0
47560,4755,-0.0450155,0,0,0
