time,particle_id,x,y,mesh_index,mesh_index_original
72440,7234,0.041567,0,0,0
72440,7235,0.031614,0,0,0
72440,7236,0.0216611,0,0,0
72440,7237,0.0117081,0,0,0
72440,7238,0.00175519,0,0,0
72440,7239,-0.00819774,0,0,0
72440,7240,-0.0181507,0,0,0
72440,7241,-0.0281036,0,0,0
72440,7242,-0.0380565,0,0,0
72440,7243,-0.0480094,0,0,0
