time,particle_id,x,y,mesh_index,mesh_index_original
24840,2474,0.0468436,0,0,0
24840,2475,0.0368597,0,0,0
24840,2476,0.0268758,0,0,0
24840,2477,0.0168919,0,0,0
24840,2478,0.00690802,0,0,0
24840,2479,-0.00307586,0,0,0
24840,2480,-0.0130597,0,0,0
24840,2481,-0.0230436,0,0,0
24840,2482,-0.0330275,0,0,0
24840,2483,-0.0430113,0,0,0
