time,particle_id,x,y,mesh_index,mesh_index_original
19240,1914,0.0478777,0,0,0
19240,1915,0.0378902,0,0,0
19240,1916,0.0279026,0,0,0
19240,1917,0.0179151,0,0,0
19240,1918,0.00792756,0,0,0
19240,1919,-0.00205997,0,0,0
19240,1920,-0.0120475,0,0,0
19240,1921,-0.022035,0,0,0
19240,1922,-0.0320225,0,0,0
19240,1923,-0.04201,0,0,0
