time,particle_id,x,y,mesh_index,mesh_index_original
31260,3116,0.0458051,0,0,0
31260,3117,0.0358254,0,0,0
31260,3118,0.0258457,0,0,0
31260,3119,0.0158659,0,0,0
31260,3120,0.00588623,0,0,0
31260,3121,-0.00409347,0,0,0
31260,3122,-0.0140732,0,0,0
31260,3123,-0.0240528,0,0,0
31260,3124,-0.0340325,0,0,0
31260,3125,-0.0440122,0,0,0
