time,particle_id,x,y,mesh_index,mesh_index_original
12880,1278,0.0479183,0,0,0
12880,1279,0.0379266,0,0,0
12880,1280,0.0279349,0,0,0
12880,1281,0.0179433,0,0,0
12880,1282,0.00795159,0,0,0
12880,1283,-0.00204008,0,0,0
12880,1284,-0.0120317,0,0,0
12880,1285,-0.0220234,0,0,0
12880,1286,-0.032015,0,0,0
12880,1287,-0.0420067,0,0,0
