time,particle_id,x,y,mesh_index,mesh_index_original
78310,7821,0.041532,0,0,0
78310,7822,0.0315828,0,0,0
78310,7823,0.0216337,0,0,0
78310,7824,0.0116845,0,0,0
78310,7825,0.00173539,0,0,0
78310,7826,-0.00821374,0,0,0
78310,7827,-0.0181629,0,0,0
78310,7828,-0.028112,0,0,0
78310,7829,-0.0380611,0,0,0
78310,7830,-0.0480102,0,0,0
