time,particle_id,x,y,mesh_index,mesh_index_original
85080,8498,0.0404971,0,0,0
85080,8499,0.0305523,0,0,0
85080,8500,0.0206076,0,0,0
85080,8501,0.0106628,0,0,0
85080,8502,0.000718081,0,0,0
85080,8503,-0.00922665,0,0,0
85080,8504,-0.0191714,0,0,0
85080,8505,-0.0291161,0,0,0
85080,8506,-0.0390608,0,0,0
85080,8507,-0.0490055,0,0,0
