time,particle_id,x,y,mesh_index,mesh_index_original
68970,6887,0.0425832,0,0,0
68970,6888,0.032628,0,0,0
68970,6889,0.0226728,0,0,0
68970,6890,0.0127176,0,0,0
68970,6891,0.00276242,0,0,0
68970,6892,-0.00719277,0,0,0
68970,6893,-0.0171479,0,0,0
68970,6894,-0.0271031,0,0,0
68970,6895,-0.0370583,0,0,0
68970,6896,-0.0470135,0,0,0
