time,particle_id,x,y,mesh_index,mesh_index_original
33530,3343,0.0457909,0,0,0
33530,3344,0.0358127,0,0,0
33530,3345,0.0258344,0,0,0
33530,3346,0.0158562,0,0,0
33530,3347,0.00587796,0,0,0
33530,3348,-0.00410026,0,0,0
33530,3349,-0.0140785,0,0,0
33530,3350,-0.0240567,0,0,0
33530,3351,-0.0340349,0,0,0
33530,3352,-0.0440131,0,0,0
