time,particle_id,x,y,mesh_index,mesh_index_original
26330,2623,0.0468342,0,0,0
26330,2624,0.0368513,0,0,0
26330,2625,0.0268683,0,0,0
26330,2626,0.0168854,0,0,0
26330,2627,0.00690249,0,0,0
26330,2628,-0.00308042,0,0,0
26330,2629,-0.0130633,0,0,0
26330,2630,-0.0230462,0,0,0
26330,2631,-0.0330291,0,0,0
26330,2632,-0.043012,0,0,0
