time,particle_id,x,y,mesh_index,mesh_index_original
44170,4407,0.0447273,0,0,0
44170,4408,0.034756,0,0,0
44170,4409,0.0247847,0,0,0
44170,4410,0.0148134,0,0,0
44170,4411,0.00484207,0,0,0
44170,4412,-0.00512923,0,0,0
44170,4413,-0.0151005,0,0,0
44170,4414,-0.0250718,0,0,0
44170,4415,-0.0350431,0,0,0
44170,4416,-0.0450144,0,0,0
