time,particle_id,x,y,mesh_index,mesh_index_original
14660,1456,0.047907,0,0,0
14660,1457,0.0379164,0,0,0
14660,1458,0.0279259,0,0,0
14660,1459,0.0179354,0,0,0
14660,1460,0.00794486,0,0,0
14660,1461,-0.00204565,0,0,0
14660,1462,-0.0120362,0,0,0
14660,1463,-0.0220266,0,0,0
14660,1464,-0.0320171,0,0,0
14660,1465,-0.0420076,0,0,0
