time,particle_id,x,y,mesh_index,mesh_index_original
960,86,0.0489944,0,0,0
960,87,0.038995,0,0,0
960,88,0.0289955,0,0,0
960,89,0.018996,0,0,0
960,90,0.0089966,0,0,0
960,91,-0.00100284,0,0,0
960,92,-0.0110023,0,0,0
960,93,-0.0210017,0,0,0
960,94,-0.0310011,0,0,0
960,95,-0.0410005,0,0,0
