time,particle_id,x,y,mesh_index,mesh_index_original
87410,8731,0.0404833,0,0,0
87410,8732,0.0305401,0,0,0
87410,8733,0.0205968,0,0,0
87410,8734,0.0106536,0,0,0
87410,8735,0.000710376,0,0,0
87410,8736,-0.00923285,0,0,0
87410,8737,-0.0191761,0,0,0
87410,8738,-0.0291193,0,0,0
87410,8739,-0.0390625,0,0,0
87410,8740,-0.0490057,0,0,0
