time,particle_id,x,y,mesh_index,mesh_index_original
64680,6458,0.0426091,0,0,0
64680,6459,0.0326511,0,0,0
64680,6460,0.0226931,0,0,0
64680,6461,0.0127352,0,0,0
64680,6462,0.00277718,0,0,0
64680,6463,-0.00718079,0,0,0
64680,6464,-0.0171388,0,0,0
64680,6465,-0.0270967,0,0,0
64680,6466,-0.0370547,0,0,0
64680,6467,-0.0470126,0,0,0
