time,particle_id,x,y,mesh_index,mesh_index_original
61280,6118,0.0426297,0,0,0
61280,6119,0.0326695,0,0,0
61280,6120,0.0227093,0,0,0
61280,6121,0.0127491,0,0,0
61280,6122,0.00278889,0,0,0
61280,6123,-0.00717129,0,0,0
61280,6124,-0.0171315,0,0,0
61280,6125,-0.0270916,0,0,0
61280,6126,-0.0370518,0,0,0
61280,6127,-0.047012,0,0,0
