time,particle_id,x,y,mesh_index,mesh_index_original
29960,2986,0.0468113,0,0,0
29960,2987,0.0368307,0,0,0
29960,2988,0.0268501,0,0,0
29960,2989,0.0168696,0,0,0
29960,2990,0.00688902,0,0,0
29960,2991,-0.00309152,0,0,0
29960,2992,-0.0130721,0,0,0
29960,2993,-0.0230526,0,0,0
29960,2994,-0.0330331,0,0,0
29960,2995,-0.0430136,0,0,0
