time,particle_id,x,y,mesh_index,mesh_index_original
96560,9645,0.049373,0,0,0
96560,9646,0.0394356,0,0,0
96560,9647,0.0294983,0,0,0
96560,9648,0.019561,0,0,0
96560,9649,0.0096237,0,0,0
96560,9650,-0.000313598,0,0,0
96560,9651,-0.0102509,0,0,0
96560,9652,-0.0201882,0,0,0
96560,9653,-0.0301255,0,0,0
96560,9654,-0.0400627,0,0,0
