time,particle_id,x,y,mesh_index,mesh_index_original
83350,8325,0.0405073,0,0,0
83350,8326,0.0305614,0,0,0
83350,8327,0.0206155,0,0,0
83350,8328,0.0106697,0,0,0
83350,8329,0.000723803,0,0,0
83350,8330,-0.00922205,0,0,0
83350,8331,-0.0191679,0,0,0
83350,8332,-0.0291137,0,0,0
83350,8333,-0.0390596,0,0,0
83350,8334,-0.0490054,0,0,0
