time,particle_id,x,y,mesh_index,mesh_index_original
20700,2060,0.0468697,0,0,0
20700,2061,0.0368831,0,0,0
20700,2062,0.0268966,0,0,0
20700,2063,0.01691,0,0,0
20700,2064,0.00692339,0,0,0
20700,2065,-0.00306319,0,0,0
20700,2066,-0.0130498,0,0,0
20700,2067,-0.0230363,0,0,0
20700,2068,-0.0330229,0,0,0
20700,2069,-0.0430094,0,0,0
