time,particle_id,x,y,mesh_index,mesh_index_original
67750,6765,0.0425906,0,0,0
67750,6766,0.0326346,0,0,0
67750,6767,0.0226786,0,0,0
67750,6768,0.0127226,0,0,0
67750,6769,0.00276662,0,0,0
67750,6770,-0.00718936,0,0,0
67750,6771,-0.0171453,0,0,0
67750,6772,-0.0271013,0,0,0
67750,6773,-0.0370573,0,0,0
67750,6774,-0.0470132,0,0,0
