time,particle_id,x,y,mesh_index,mesh_index_original
55990,5589,0.043658,0,0,0
55990,5590,0.0336944,0,0,0
55990,5591,0.0237307,0,0,0
55990,5592,0.0137671,0,0,0
55990,5593,0.00380346,0,0,0
55990,5594,-0.00616016,0,0,0
55990,5595,-0.0161238,0,0,0
55990,5596,-0.0260874,0,0,0
55990,5597,-0.036051,0,0,0
55990,5598,-0.0460146,0,0,0
