time,particle_id,x,y,mesh_index,mesh_index_original
41540,4144,0.0447436,0,0,0
41540,4145,0.0347706,0,0,0
41540,4146,0.0247975,0,0,0
41540,4147,0.0148245,0,0,0
41540,4148,0.00485148,0,0,0
41540,4149,-0.00512153,0,0,0
41540,4150,-0.0150945,0,0,0
41540,4151,-0.0250675,0,0,0
41540,4152,-0.0350405,0,0,0
41540,4153,-0.0450135,0,0,0
