time,particle_id,x,y,mesh_index,mesh_index_original
51140,5104,0.0436876,0,0,0
51140,5105,0.0337208,0,0,0
51140,5106,0.023754,0,0,0
51140,5107,0.0137873,0,0,0
51140,5108,0.00382048,0,0,0
51140,5109,-0.00614629,0,0,0
51140,5110,-0.0161131,0,0,0
51140,5111,-0.0260798,0,0,0
51140,5112,-0.0360466,0,0,0
51140,5113,-0.0460133,0,0,0
