time,particle_id,x,y,mesh_index,mesh_index_original
9310,921,0.0489405,0,0,0
9310,922,0.0389465,0,0,0
9310,923,0.0289525,0,0,0
9310,924,0.0189585,0,0,0
9310,925,0.00896448,0,0,0
9310,926,-0.00102952,0,0,0
9310,927,-0.0110235,0,0,0
9310,928,-0.0210175,0,0,0
9310,929,-0.0310115,0,0,0
9310,930,-0.0410054,0,0,0
