time,particle_id,x,y,mesh_index,mesh_index_original
60870,6077,0.0426322,0,0,0
60870,6078,0.0326717,0,0,0
60870,6079,0.0227112,0,0,0
60870,6080,0.0127508,0,0,0
60870,6081,0.0027903,0,0,0
60870,6082,-0.00717015,0,0,0
60870,6083,-0.0171306,0,0,0
60870,6084,-0.027091,0,0,0
60870,6085,-0.0370515,0,0,0
60870,6086,-0.0470119,0,0,0
