time,particle_id,x,y,mesh_index,mesh_index_original
86480,8638,0.0404888,0,0,0
86480,8639,0.030545,0,0,0
86480,8640,0.0206011,0,0,0
86480,8641,0.0106573,0,0,0
86480,8642,0.000713451,0,0,0
86480,8643,-0.00923038,0,0,0
86480,8644,-0.0191742,0,0,0
86480,8645,-0.029118,0,0,0
86480,8646,-0.0390618,0,0,0
86480,8647,-0.0490056,0,0,0
