time,particle_id,x,y,mesh_index,mesh_index_original
31870,3177,0.0458013,0,0,0
31870,3178,0.035822,0,0,0
31870,3179,0.0258426,0,0,0
31870,3180,0.0158633,0,0,0
31870,3181,0.00588401,0,0,0
31870,3182,-0.00409529,0,0,0
31870,3183,-0.0140746,0,0,0
31870,3184,-0.0240539,0,0,0
31870,3185,-0.0340332,0,0,0
31870,3186,-0.0440124,0,0,0
