time,particle_id,x,y,mesh_index,mesh_index_original
93160,9305,0.049395,0,0,0
93160,9306,0.0394555,0,0,0
93160,9307,0.0295159,0,0,0
93160,9308,0.0195764,0,0,0
93160,9309,0.00963692,0,0,0
93160,9310,-0.000302581,0,0,0
93160,9311,-0.0102421,0,0,0
93160,9312,-0.0201816,0,0,0
93160,9313,-0.0301211,0,0,0
93160,9314,-0.0400605,0,0,0
