time,particle_id,x,y,mesh_index,mesh_index_original
42620,4252,0.0447369,0,0,0
42620,4253,0.0347646,0,0,0
42620,4254,0.0247923,0,0,0
42620,4255,0.0148199,0,0,0
42620,4256,0.00484762,0,0,0
42620,4257,-0.00512469,0,0,0
42620,4258,-0.015097,0,0,0
42620,4259,-0.0250693,0,0,0
42620,4260,-0.0350416,0,0,0
42620,4261,-0.0450139,0,0,0
