time,particle_id,x,y,mesh_index,mesh_index_original
79730,7963,0.0415235,0,0,0
79730,7964,0.0315753,0,0,0
79730,7965,0.021627,0,0,0
79730,7966,0.0116788,0,0,0
79730,7967,0.0017306,0,0,0
79730,7968,-0.00821761,0,0,0
79730,7969,-0.0181658,0,0,0
79730,7970,-0.028114,0,0,0
79730,7971,-0.0380622,0,0,0
79730,7972,-0.0480104,0,0,0
