time,particle_id,x,y,mesh_index,mesh_index_original
75550,7545,0.0415484,0,0,0
75550,7546,0.0315975,0,0,0
75550,7547,0.0216466,0,0,0
75550,7548,0.0116956,0,0,0
75550,7549,0.0017447,0,0,0
75550,7550,-0.00820622,0,0,0
75550,7551,-0.0181571,0,0,0
75550,7552,-0.028108,0,0,0
75550,7553,-0.0380589,0,0,0
75550,7554,-0.0480098,0,0,0
