time,particle_id,x,y,mesh_index,mesh_index_original
28380,2828,0.0468212,0,0,0
28380,2829,0.0368396,0,0,0
28380,2830,0.0268581,0,0,0
28380,2831,0.0168765,0,0,0
28380,2832,0.00689488,0,0,0
28380,2833,-0.00308669,0,0,0
28380,2834,-0.0130683,0,0,0
28380,2835,-0.0230498,0,0,0
28380,2836,-0.0330314,0,0,0
28380,2837,-0.0430129,0,0,0
