time,particle_id,x,y,mesh_index,mesh_index_original
73200,7310,0.0415625,0,0,0
73200,7311,0.03161,0,0,0
73200,7312,0.0216575,0,0,0
73200,7313,0.0117051,0,0,0
73200,7314,0.00175263,0,0,0
73200,7315,-0.00819981,0,0,0
73200,7316,-0.0181522,0,0,0
73200,7317,-0.0281047,0,0,0
73200,7318,-0.0380571,0,0,0
73200,7319,-0.0480095,0,0,0
