time,particle_id,x,y,mesh_index,mesh_index_original
92290,9219,0.0400098,0,4,4
92290,9220,0.0300087,0,4,4
92290,9221,0.0200076,0,3,3
92290,9222,0.0100065,0,3,3
92290,9223,5.45369e-06,0,2,2
92290,9224,-0.00999564,0,2,2
92290,9225,-0.0199967,0,1,1
92290,9226,-0.0299978,0,1,1
92290,9227,-0.0399989,0,0,0
