time,particle_id,x,y,mesh_index,mesh_index_original
49590,4949,0.0450056,0,4,4
49590,4950,0.035005,0,4,4
49590,4951,0.0250044,0,3,3
49590,4952,0.0150038,0,3,3
49590,4953,0.00500322,0,2,2
49590,4954,-0.00499736,0,2,2
49590,4955,-0.014998,0,1,1
49590,4956,-0.0249985,0,1,1
49590,4957,-0.0349991,0,0,0
49590,4958,-0.0449997,0,0,0
