time,particle_id,x,y,mesh_index,mesh_index_original
22030,2193,0.0470025,0,4,4
22030,2194,0.0370023,0,4,4
22030,2195,0.027002,0,3,3
22030,2196,0.0170017,0,3,3
22030,2197,0.00700148,0,2,2
22030,2198,-0.00299878,0,2,2
22030,2199,-0.012999,0,1,1
22030,2200,-0.0229993,0,1,1
22030,2201,-0.0329996,0,0,0
22030,2202,-0.0429998,0,0,0
