time,particle_id,x,y,mesh_index,mesh_index_original
82250,8215,0.0410088,0,4,4
82250,8216,0.0310079,0,4,4
82250,8217,0.0210069,0,3,3
82250,8218,0.0110059,0,3,3
82250,8219,0.00100496,0,2,2
82250,8220,-0.00899601,0,2,2
82250,8221,-0.018997,0,1,1
82250,8222,-0.028998,0,1,1
82250,8223,-0.0389989,0,0,0
82250,8224,-0.0489999,0,0,0
