time,particle_id,x,y,mesh_index,mesh_index_original
30770,3067,0.0460035,0,4,4
30770,3068,0.0360031,0,4,4
30770,3069,0.0260028,0,3,3
30770,3070,0.0160024,0,3,3
30770,3071,0.00600203,0,2,2
30770,3072,-0.00399833,0,2,2
30770,3073,-0.0139987,0,1,1
30770,3074,-0.0239991,0,1,1
30770,3075,-0.0339994,0,0,0
30770,3076,-0.0439998,0,0,0
