time,particle_id,x,y,mesh_index,mesh_index_original
70350,7025,0.0420076,0,4,4
70350,7026,0.0320068,0,4,4
70350,7027,0.022006,0,3,3
70350,7028,0.0120052,0,3,3
70350,7029,0.00200432,0,2,2
70350,7030,-0.00799651,0,2,2
70350,7031,-0.0179973,0,1,1
70350,7032,-0.0279982,0,1,1
70350,7033,-0.037999,0,0,0
70350,7034,-0.0479998,0,0,0
