time,particle_id,x,y,mesh_index,mesh_index_original
89870,8977,0.0410097,0,4,4
89870,8978,0.0310086,0,4,4
89870,8979,0.0210075,0,3,3
89870,8980,0.0110065,0,3,3
89870,8981,0.00100542,0,2,2
89870,8982,-0.00899565,0,2,2
89870,8983,-0.0189967,0,1,1
89870,8984,-0.0289978,0,1,1
89870,8985,-0.0389988,0,0,0
89870,8986,-0.0489999,0,0,0
