time,particle_id,x,y,mesh_index,mesh_index_original
31800,3170,0.0460036,0,4,4
31800,3171,0.0360032,0,4,4
31800,3172,0.0260029,0,3,3
31800,3173,0.0160025,0,3,3
31800,3174,0.0060021,0,2,2
31800,3175,-0.00399827,0,2,2
31800,3176,-0.0139986,0,1,1
31800,3177,-0.023999,0,1,1
31800,3178,-0.0339994,0,0,0
31800,3179,-0.0439998,0,0,0
