time,particle_id,x,y,mesh_index,mesh_index_original
19380,1928,0.0480022,0,4,4
19380,1929,0.038002,0,4,4
19380,1930,0.0280018,0,3,3
19380,1931,0.0180016,0,3,3
19380,1932,0.00800132,0,2,2
19380,1933,-0.0019989,0,2,2
19380,1934,-0.0119991,0,1,1
19380,1935,-0.0219994,0,1,1
19380,1936,-0.0319996,0,0,0
19380,1937,-0.0419998,0,0,0
