time,particle_id,x,y,mesh_index,mesh_index_original
47020,4692,0.0450053,0,4,4
47020,4693,0.0350047,0,4,4
47020,4694,0.0250042,0,3,3
47020,4695,0.0150036,0,3,3
47020,4696,0.00500305,0,2,2
47020,4697,-0.0049975,0,2,2
47020,4698,-0.0149981,0,1,1
47020,4699,-0.0249986,0,1,1
47020,4700,-0.0349992,0,0,0
47020,4701,-0.0449997,0,0,0
