time,particle_id,x,y,mesh_index,mesh_index_original
65100,6500,0.0430072,0,4,4
65100,6501,0.0330064,0,4,4
65100,6502,0.0230056,0,3,3
65100,6503,0.0130048,0,3,3
65100,6504,0.00300408,0,2,2
65100,6505,-0.00699669,0,2,2
65100,6506,-0.0169975,0,1,1
65100,6507,-0.0269982,0,1,1
65100,6508,-0.036999,0,0,0
65100,6509,-0.0469998,0,0,0
