time,particle_id,x,y,mesh_index,mesh_index_original
16060,1596,0.0480019,0,4,4
16060,1597,0.0380017,0,4,4
16060,1598,0.0280015,0,3,3
16060,1599,0.0180013,0,3,3
16060,1600,0.0080011,0,2,2
16060,1601,-0.00199909,0,2,2
16060,1602,-0.0119993,0,1,1
16060,1603,-0.0219995,0,1,1
16060,1604,-0.0319997,0,0,0
16060,1605,-0.0419998,0,0,0
