time,particle_id,x,y,mesh_index,mesh_index_original
63030,6293,0.0430069,0,4,4
63030,6294,0.0330062,0,4,4
63030,6295,0.0230054,0,3,3
63030,6296,0.0130047,0,3,3
63030,6297,0.00300395,0,2,2
63030,6298,-0.0069968,0,2,2
63030,6299,-0.0169975,0,1,1
63030,6300,-0.0269983,0,1,1
63030,6301,-0.036999,0,0,0
63030,6302,-0.0469998,0,0,0
