time,particle_id,x,y,mesh_index,mesh_index_original
33280,3318,0.0460038,0,4,4
33280,3319,0.0360034,0,4,4
33280,3320,0.026003,0,3,3
33280,3321,0.0160026,0,3,3
33280,3322,0.0060022,0,2,2
33280,3323,-0.00399819,0,2,2
33280,3324,-0.0139986,0,1,1
33280,3325,-0.023999,0,1,1
33280,3326,-0.0339994,0,0,0
33280,3327,-0.0439998,0,0,0
