time,particle_id,x,y,mesh_index,mesh_index_original
69840,6974,0.0430077,0,4,4
69840,6975,0.0330068,0,4,4
69840,6976,0.023006,0,3,3
69840,6977,0.0130052,0,3,3
69840,6978,0.00300437,0,2,2
69840,6979,-0.00699645,0,2,2
69840,6980,-0.0169973,0,1,1
69840,6981,-0.0269981,0,1,1
69840,6982,-0.0369989,0,0,0
69840,6983,-0.0469998,0,0,0
