time,particle_id,x,y,mesh_index,mesh_index_original
93120,9302,0.0400099,0,4,4
93120,9303,0.0300088,0,4,4
93120,9304,0.0200077,0,3,3
93120,9305,0.0100066,0,3,3
93120,9306,5.50279e-06,0,2,2
93120,9307,-0.0099956,0,2,2
93120,9308,-0.0199967,0,1,1
93120,9309,-0.0299978,0,1,1
93120,9310,-0.0399989,0,0,0
