time,particle_id,x,y,mesh_index,mesh_index_original
3200,310,0.0490004,0,4,4
3200,311,0.0390003,0,4,4
3200,312,0.0290003,0,3,3
3200,313,0.0190003,0,3,3
3200,314,0.00900022,0,2,2
3200,315,-0.000999819,0,2,2
3200,316,-0.0109999,0,1,1
3200,317,-0.0209999,0,1,1
3200,318,-0.0309999,0,0,0
3200,319,-0.041,0,0,0
