time,particle_id,x,y,mesh_index,mesh_index_original
82520,8242,0.0410089,0,4,4
82520,8243,0.0310079,0,4,4
82520,8244,0.0210069,0,3,3
82520,8245,0.0110059,0,3,3
82520,8246,0.00100497,0,2,2
82520,8247,-0.008996,0,2,2
82520,8248,-0.018997,0,1,1
82520,8249,-0.028998,0,1,1
82520,8250,-0.0389989,0,0,0
82520,8251,-0.0489999,0,0,0
