time,particle_id,x,y,mesh_index,mesh_index_original
36200,3610,0.0460041,0,4,4
36200,3611,0.0360037,0,4,4
36200,3612,0.0260032,0,3,3
36200,3613,0.0160028,0,3,3
36200,3614,0.00600239,0,2,2
36200,3615,-0.00399803,0,2,2
36200,3616,-0.0139985,0,1,1
36200,3617,-0.0239989,0,1,1
36200,3618,-0.0339993,0,0,0
36200,3619,-0.0439997,0,0,0
