time,particle_id,x,y,mesh_index,mesh_index_original
54340,5424,0.044006,0,4,4
54340,5425,0.0340054,0,4,4
54340,5426,0.0240047,0,3,3
54340,5427,0.0140041,0,3,3
54340,5428,0.00400347,0,2,2
54340,5429,-0.00599718,0,2,2
54340,5430,-0.0159978,0,1,1
54340,5431,-0.0259985,0,1,1
54340,5432,-0.0359991,0,0,0
54340,5433,-0.0459997,0,0,0
