time,particle_id,x,y,mesh_index,mesh_index_original
59640,5954,0.0440066,0,4,4
59640,5955,0.0340059,0,4,4
59640,5956,0.0240052,0,3,3
59640,5957,0.0140045,0,3,3
59640,5958,0.0040038,0,2,2
59640,5959,-0.0059969,0,2,2
59640,5960,-0.0159976,0,1,1
59640,5961,-0.0259983,0,1,1
59640,5962,-0.035999,0,0,0
59640,5963,-0.0459997,0,0,0
