time,particle_id,x,y,mesh_index,mesh_index_original
45050,4495,0.0450051,0,4,4
45050,4496,0.0350045,0,4,4
45050,4497,0.025004,0,3,3
45050,4498,0.0150035,0,3,3
45050,4499,0.00500293,0,2,2
45050,4500,-0.00499761,0,2,2
45050,4501,-0.0149981,0,1,1
45050,4502,-0.0249987,0,1,1
45050,4503,-0.0349992,0,0,0
45050,4504,-0.0449997,0,0,0
