time,particle_id,x,y,mesh_index,mesh_index_original
84310,8421,0.0410091,0,4,4
84310,8422,0.0310081,0,4,4
84310,8423,0.0210071,0,3,3
84310,8424,0.0110061,0,3,3
84310,8425,0.00100508,0,2,2
84310,8426,-0.00899591,0,2,2
84310,8427,-0.0189969,0,1,1
84310,8428,-0.0289979,0,1,1
84310,8429,-0.0389989,0,0,0
84310,8430,-0.0489999,0,0,0
