time,particle_id,x,y,mesh_index,mesh_index_original
22310,2221,0.0470025,0,4,4
22310,2222,0.0370023,0,4,4
22310,2223,0.027002,0,3,3
22310,2224,0.0170018,0,3,3
22310,2225,0.0070015,0,2,2
22310,2226,-0.00299876,0,2,2
22310,2227,-0.012999,0,1,1
22310,2228,-0.0229993,0,1,1
22310,2229,-0.0329996,0,0,0
22310,2230,-0.0429998,0,0,0
