time,particle_id,x,y,mesh_index,mesh_index_original
94900,9480,0.0400101,0,4,4
94900,9481,0.030009,0,4,4
94900,9482,0.0200079,0,3,3
94900,9483,0.0100067,0,3,3
94900,9484,5.60809e-06,0,2,2
94900,9485,-0.00999551,0,2,2
94900,9486,-0.0199966,0,1,1
94900,9487,-0.0299978,0,1,1
94900,9488,-0.0399989,0,0,0
