time,particle_id,x,y,mesh_index,mesh_index_original
35930,3583,0.0460041,0,4,4
35930,3584,0.0360036,0,4,4
35930,3585,0.0260032,0,3,3
35930,3586,0.0160028,0,3,3
35930,3587,0.00600237,0,2,2
35930,3588,-0.00399805,0,2,2
35930,3589,-0.0139985,0,1,1
35930,3590,-0.0239989,0,1,1
35930,3591,-0.0339993,0,0,0
35930,3592,-0.0439997,0,0,0
