time,particle_id,x,y,mesh_index,mesh_index_original
11360,1126,0.0480013,0,4,4
11360,1127,0.0380012,0,4,4
11360,1128,0.028001,0,3,3
11360,1129,0.0180009,0,3,3
11360,1130,0.00800077,0,2,2
11360,1131,-0.00199936,0,2,2
11360,1132,-0.0119995,0,1,1
11360,1133,-0.0219996,0,1,1
11360,1134,-0.0319998,0,0,0
11360,1135,-0.0419999,0,0,0
