time,particle_id,x,y,mesh_index,mesh_index_original
83090,8299,0.0410089,0,4,4
83090,8300,0.031008,0,4,4
83090,8301,0.021007,0,3,3
83090,8302,0.011006,0,3,3
83090,8303,0.00100501,0,2,2
83090,8304,-0.00899597,0,2,2
83090,8305,-0.018997,0,1,1
83090,8306,-0.0289979,0,1,1
83090,8307,-0.0389989,0,0,0
83090,8308,-0.0489999,0,0,0
