time,particle_id,x,y,mesh_index,mesh_index_original
95420,9532,0.0400101,0,4,4
95420,9533,0.030009,0,4,4
95420,9534,0.0200079,0,3,3
95420,9535,0.0100068,0,3,3
95420,9536,5.63885e-06,0,2,2
95420,9537,-0.00999549,0,2,2
95420,9538,-0.0199966,0,1,1
95420,9539,-0.0299977,0,1,1
95420,9540,-0.0399989,0,0,0
