time,particle_id,x,y,mesh_index,mesh_index_original
17360,1726,0.048002,0,4,4
17360,1727,0.0380018,0,4,4
17360,1728,0.0280016,0,3,3
17360,1729,0.0180014,0,3,3
17360,1730,0.00800119,0,2,2
17360,1731,-0.00199902,0,2,2
17360,1732,-0.0119992,0,1,1
17360,1733,-0.0219994,0,1,1
17360,1734,-0.0319996,0,0,0
17360,1735,-0.0419998,0,0,0
