time,particle_id,x,y,mesh_index,mesh_index_original
89170,8907,0.0410096,0,4,4
89170,8908,0.0310085,0,4,4
89170,8909,0.0210075,0,3,3
89170,8910,0.0110064,0,3,3
89170,8911,0.00100537,0,2,2
89170,8912,-0.00899568,0,2,2
89170,8913,-0.0189967,0,1,1
89170,8914,-0.0289978,0,1,1
89170,8915,-0.0389988,0,0,0
89170,8916,-0.0489999,0,0,0
