time,particle_id,x,y,mesh_index,mesh_index_original
89970,8987,0.0410097,0,4,4
89970,8988,0.0310086,0,4,4
89970,8989,0.0210075,0,3,3
89970,8990,0.0110065,0,3,3
89970,8991,0.00100542,0,2,2
89970,8992,-0.00899564,0,2,2
89970,8993,-0.0189967,0,1,1
89970,8994,-0.0289978,0,1,1
89970,8995,-0.0389988,0,0,0
89970,8996,-0.0489999,0,0,0
