time,particle_id,x,y,mesh_index,mesh_index_original
48660,4856,0.0450055,0,4,4
48660,4857,0.0350049,0,4,4
48660,4858,0.0250043,0,3,3
48660,4859,0.0150037,0,3,3
48660,4860,0.00500316,0,2,2
48660,4861,-0.00499741,0,2,2
48660,4862,-0.014998,0,1,1
48660,4863,-0.0249986,0,1,1
48660,4864,-0.0349991,0,0,0
48660,4865,-0.0449997,0,0,0
