time,particle_id,x,y,mesh_index,mesh_index_original
24830,2473,0.0470028,0,4,4
24830,2474,0.0370025,0,4,4
24830,2475,0.0270023,0,3,3
24830,2476,0.017002,0,3,3
24830,2477,0.00700167,0,2,2
24830,2478,-0.00299862,0,2,2
24830,2479,-0.0129989,0,1,1
24830,2480,-0.0229992,0,1,1
24830,2481,-0.0329995,0,0,0
24830,2482,-0.0429998,0,0,0
