time,particle_id,x,y,mesh_index,mesh_index_original
83510,8341,0.041009,0,4,4
83510,8342,0.031008,0,4,4
83510,8343,0.021007,0,3,3
83510,8344,0.011006,0,3,3
83510,8345,0.00100503,0,2,2
83510,8346,-0.00899595,0,2,2
83510,8347,-0.0189969,0,1,1
83510,8348,-0.0289979,0,1,1
83510,8349,-0.0389989,0,0,0
83510,8350,-0.0489999,0,0,0
