time,particle_id,x,y,mesh_index,mesh_index_original
54640,5454,0.0440061,0,4,4
54640,5455,0.0340054,0,4,4
54640,5456,0.0240048,0,3,3
54640,5457,0.0140041,0,3,3
54640,5458,0.00400348,0,2,2
54640,5459,-0.00599716,0,2,2
54640,5460,-0.0159978,0,1,1
54640,5461,-0.0259985,0,1,1
54640,5462,-0.0359991,0,0,0
54640,5463,-0.0459997,0,0,0
