time,particle_id,x,y,mesh_index,mesh_index_original
530,43,0.0490001,0,4,4
530,44,0.039,0,4,4
530,45,0.029,0,3,3
530,46,0.019,0,3,3
530,47,0.00900003,0,2,2
530,48,-0.000999974,0,2,2
530,49,-0.011,0,1,1
530,50,-0.021,0,1,1
530,51,-0.031,0,0,0
530,52,-0.041,0,0,0
