time,particle_id,x,y,mesh_index,mesh_index_original
37470,3737,0.0460042,0,4,4
37470,3738,0.0360038,0,4,4
37470,3739,0.0260034,0,3,3
37470,3740,0.0160029,0,3,3
37470,3741,0.00600248,0,2,2
37470,3742,-0.00399797,0,2,2
37470,3743,-0.0139984,0,1,1
37470,3744,-0.0239988,0,1,1
37470,3745,-0.0339993,0,0,0
37470,3746,-0.0439997,0,0,0
