time,particle_id,x,y,mesh_index,mesh_index_original
71920,7182,0.0420078,0,4,4
71920,7183,0.032007,0,4,4
71920,7184,0.0220061,0,3,3
71920,7185,0.0120053,0,3,3
71920,7186,0.00200442,0,2,2
71920,7187,-0.00799643,0,2,2
71920,7188,-0.0179973,0,1,1
71920,7189,-0.0279981,0,1,1
71920,7190,-0.037999,0,0,0
71920,7191,-0.0479998,0,0,0
