time,particle_id,x,y,mesh_index,mesh_index_original
43670,4357,0.0450049,0,4,4
43670,4358,0.0350044,0,4,4
43670,4359,0.0250039,0,3,3
43670,4360,0.0150034,0,3,3
43670,4361,0.00500284,0,2,2
43670,4362,-0.00499768,0,2,2
43670,4363,-0.0149982,0,1,1
43670,4364,-0.0249987,0,1,1
43670,4365,-0.0349992,0,0,0
43670,4366,-0.0449997,0,0,0
