time,particle_id,x,y,mesh_index,mesh_index_original
99870,9977,0.0400106,0,4,4
99870,9978,0.0300094,0,4,4
99870,9979,0.0200083,0,3,3
99870,9980,0.0100071,0,3,3
99870,9981,5.90209e-06,0,2,2
99870,9982,-0.00999528,0,2,2
99870,9983,-0.0199965,0,1,1
99870,9984,-0.0299976,0,1,1
99870,9985,-0.0399988,0,0,0
