time,particle_id,x,y,mesh_index,mesh_index_original
81330,8123,0.0410087,0,4,4
81330,8124,0.0310078,0,4,4
81330,8125,0.0210068,0,3,3
81330,8126,0.0110059,0,3,3
81330,8127,0.0010049,0,2,2
81330,8128,-0.00899606,0,2,2
81330,8129,-0.018997,0,1,1
81330,8130,-0.028998,0,1,1
81330,8131,-0.0389989,0,0,0
81330,8132,-0.0489999,0,0,0
