time,particle_id,x,y,mesh_index,mesh_index_original
1470,137,0.0490002,0,4,4
1470,138,0.0390001,0,4,4
1470,139,0.0290001,0,3,3
1470,140,0.0190001,0,3,3
1470,141,0.0090001,0,2,2
1470,142,-0.00099992,0,2,2
1470,143,-0.0109999,0,1,1
1470,144,-0.021,0,1,1
1470,145,-0.031,0,0,0
1470,146,-0.041,0,0,0
