time,particle_id,x,y,mesh_index,mesh_index_original
11320,1122,0.0480013,0,4,4
11320,1123,0.0380012,0,4,4
11320,1124,0.028001,0,3,3
11320,1125,0.0180009,0,3,3
11320,1126,0.00800077,0,2,2
11320,1127,-0.00199936,0,2,2
11320,1128,-0.0119995,0,1,1
11320,1129,-0.0219996,0,1,1
11320,1130,-0.0319998,0,0,0
11320,1131,-0.0419999,0,0,0
