time,particle_id,x,y,mesh_index,mesh_index_original
23150,2305,0.0470026,0,4,4
23150,2306,0.0370024,0,4,4
23150,2307,0.0270021,0,3,3
23150,2308,0.0170018,0,3,3
23150,2309,0.00700156,0,2,2
23150,2310,-0.00299872,0,2,2
23150,2311,-0.012999,0,1,1
23150,2312,-0.0229993,0,1,1
23150,2313,-0.0329995,0,0,0
23150,2314,-0.0429998,0,0,0
