time,particle_id,x,y,mesh_index,mesh_index_original
66460,6636,0.0430073,0,4,4
66460,6637,0.0330065,0,4,4
66460,6638,0.0230057,0,3,3
66460,6639,0.0130049,0,3,3
66460,6640,0.00300416,0,2,2
66460,6641,-0.00699662,0,2,2
66460,6642,-0.0169974,0,1,1
66460,6643,-0.0269982,0,1,1
66460,6644,-0.036999,0,0,0
66460,6645,-0.0469998,0,0,0
