time,particle_id,x,y,mesh_index,mesh_index_original
53550,5345,0.0440059,0,4,4
53550,5346,0.0340053,0,4,4
53550,5347,0.0240047,0,3,3
53550,5348,0.014004,0,3,3
53550,5349,0.00400342,0,2,2
53550,5350,-0.00599722,0,2,2
53550,5351,-0.0159978,0,1,1
53550,5352,-0.0259985,0,1,1
53550,5353,-0.0359991,0,0,0
53550,5354,-0.0459997,0,0,0
