time,particle_id,x,y,mesh_index,mesh_index_original
60520,6042,0.0430066,0,4,4
60520,6043,0.0330059,0,4,4
60520,6044,0.0230052,0,3,3
60520,6045,0.0130045,0,3,3
60520,6046,0.00300379,0,2,2
60520,6047,-0.00699693,0,2,2
60520,6048,-0.0169976,0,1,1
60520,6049,-0.0269984,0,1,1
60520,6050,-0.0369991,0,0,0
60520,6051,-0.0469998,0,0,0
