time,particle_id,x,y,mesh_index,mesh_index_original
95040,9494,0.0400101,0,4,4
95040,9495,0.030009,0,4,4
95040,9496,0.0200079,0,3,3
95040,9497,0.0100067,0,3,3
95040,9498,5.61637e-06,0,2,2
95040,9499,-0.00999551,0,2,2
95040,9500,-0.0199966,0,1,1
95040,9501,-0.0299978,0,1,1
95040,9502,-0.0399989,0,0,0
