time,particle_id,x,y,mesh_index,mesh_index_original
95000,9490,0.0400101,0,4,4
95000,9491,0.030009,0,4,4
95000,9492,0.0200079,0,3,3
95000,9493,0.0100067,0,3,3
95000,9494,5.614e-06,0,2,2
95000,9495,-0.00999551,0,2,2
95000,9496,-0.0199966,0,1,1
95000,9497,-0.0299978,0,1,1
95000,9498,-0.0399989,0,0,0
