time,particle_id,x,y,mesh_index,mesh_index_original
95170,9507,0.0400101,0,4,4
95170,9508,0.030009,0,4,4
95170,9509,0.0200079,0,3,3
95170,9510,0.0100067,0,3,3
95170,9511,5.62406e-06,0,2,2
95170,9512,-0.0099955,0,2,2
95170,9513,-0.0199966,0,1,1
95170,9514,-0.0299978,0,1,1
95170,9515,-0.0399989,0,0,0
