time,particle_id,x,y,mesh_index,mesh_index_original
32770,3267,0.0460037,0,4,4
32770,3268,0.0360033,0,4,4
32770,3269,0.0260029,0,3,3
32770,3270,0.0160026,0,3,3
32770,3271,0.00600217,0,2,2
32770,3272,-0.00399822,0,2,2
32770,3273,-0.0139986,0,1,1
32770,3274,-0.023999,0,1,1
32770,3275,-0.0339994,0,0,0
32770,3276,-0.0439998,0,0,0
