time,particle_id,x,y,mesh_index,mesh_index_original
29340,2924,0.0470034,0,4,4
29340,2925,0.037003,0,4,4
29340,2926,0.0270027,0,3,3
29340,2927,0.0170023,0,3,3
29340,2928,0.00700197,0,2,2
29340,2929,-0.00299837,0,2,2
29340,2930,-0.0129987,0,1,1
29340,2931,-0.0229991,0,1,1
29340,2932,-0.0329994,0,0,0
29340,2933,-0.0429998,0,0,0
