time,particle_id,x,y,mesh_index,mesh_index_original
53250,5315,0.0440059,0,4,4
53250,5316,0.0340053,0,4,4
53250,5317,0.0240047,0,3,3
53250,5318,0.014004,0,3,3
53250,5319,0.0040034,0,2,2
53250,5320,-0.00599723,0,2,2
53250,5321,-0.0159979,0,1,1
53250,5322,-0.0259985,0,1,1
53250,5323,-0.0359991,0,0,0
53250,5324,-0.0459997,0,0,0
