time,particle_id,x,y,mesh_index,mesh_index_original
96550,9645,0.0400103,0,4,4
96550,9646,0.0300091,0,4,4
96550,9647,0.020008,0,3,3
96550,9648,0.0100068,0,3,3
96550,9649,5.7057e-06,0,2,2
96550,9650,-0.00999544,0,2,2
96550,9651,-0.0199966,0,1,1
96550,9652,-0.0299977,0,1,1
96550,9653,-0.0399989,0,0,0
