time,particle_id,x,y,mesh_index,mesh_index_original
37780,3768,0.0460043,0,4,4
37780,3769,0.0360038,0,4,4
37780,3770,0.0260034,0,3,3
37780,3771,0.0160029,0,3,3
37780,3772,0.0060025,0,2,2
37780,3773,-0.00399795,0,2,2
37780,3774,-0.0139984,0,1,1
37780,3775,-0.0239988,0,1,1
37780,3776,-0.0339993,0,0,0
37780,3777,-0.0439997,0,0,0
