time,particle_id,x,y,mesh_index,mesh_index_original
15200,1510,0.0480018,0,4,4
15200,1511,0.0380016,0,4,4
15200,1512,0.0280014,0,3,3
15200,1513,0.0180012,0,3,3
15200,1514,0.00800104,0,2,2
15200,1515,-0.00199914,0,2,2
15200,1516,-0.0119993,0,1,1
15200,1517,-0.0219995,0,1,1
15200,1518,-0.0319997,0,0,0
15200,1519,-0.0419999,0,0,0
