time,particle_id,x,y,mesh_index,mesh_index_original
99120,9902,0.0400105,0,4,4
99120,9903,0.0300094,0,4,4
99120,9904,0.0200082,0,3,3
99120,9905,0.010007,0,3,3
99120,9906,5.85773e-06,0,2,2
99120,9907,-0.00999531,0,2,2
99120,9908,-0.0199965,0,1,1
99120,9909,-0.0299977,0,1,1
99120,9910,-0.0399988,0,0,0
