time,particle_id,x,y,mesh_index,mesh_index_original
81010,8091,0.0410087,0,4,4
81010,8092,0.0310078,0,4,4
81010,8093,0.0210068,0,3,3
81010,8094,0.0110058,0,3,3
81010,8095,0.00100488,0,2,2
81010,8096,-0.00899607,0,2,2
81010,8097,-0.018997,0,1,1
81010,8098,-0.028998,0,1,1
81010,8099,-0.0389989,0,0,0
81010,8100,-0.0489999,0,0,0
