time,particle_id,x,y,mesh_index,mesh_index_original
61470,6137,0.0430068,0,4,4
61470,6138,0.033006,0,4,4
61470,6139,0.0230053,0,3,3
61470,6140,0.0130046,0,3,3
61470,6141,0.00300385,0,2,2
61470,6142,-0.00699688,0,2,2
61470,6143,-0.0169976,0,1,1
61470,6144,-0.0269983,0,1,1
61470,6145,-0.0369991,0,0,0
61470,6146,-0.0469998,0,0,0
