time,particle_id,x,y,mesh_index,mesh_index_original
92100,9200,0.0400098,0,4,4
92100,9201,0.0300087,0,4,4
92100,9202,0.0200076,0,3,3
92100,9203,0.0100065,0,3,3
92100,9204,5.44245e-06,0,2,2
92100,9205,-0.00999565,0,2,2
92100,9206,-0.0199967,0,1,1
92100,9207,-0.0299978,0,1,1
92100,9208,-0.0399989,0,0,0
