time,particle_id,x,y,mesh_index,mesh_index_original
34210,3411,0.0460039,0,4,4
34210,3412,0.0360035,0,4,4
34210,3413,0.0260031,0,3,3
34210,3414,0.0160027,0,3,3
34210,3415,0.00600226,0,2,2
34210,3416,-0.00399814,0,2,2
34210,3417,-0.0139985,0,1,1
34210,3418,-0.023999,0,1,1
34210,3419,-0.0339994,0,0,0
34210,3420,-0.0439998,0,0,0
