time,particle_id,x,y,mesh_index,mesh_index_original
7700,760,0.0490009,0,4,4
7700,761,0.0390008,0,4,4
7700,762,0.0290007,0,3,3
7700,763,0.0190006,0,3,3
7700,764,0.00900053,0,2,2
7700,765,-0.000999558,0,2,2
7700,766,-0.0109996,0,1,1
7700,767,-0.0209997,0,1,1
7700,768,-0.0309998,0,0,0
7700,769,-0.0409999,0,0,0
