time,particle_id,x,y,mesh_index,mesh_index_original
16770,1667,0.0480019,0,4,4
16770,1668,0.0380017,0,4,4
16770,1669,0.0280015,0,3,3
16770,1670,0.0180013,0,3,3
16770,1671,0.00800114,0,2,2
16770,1672,-0.00199905,0,2,2
16770,1673,-0.0119992,0,1,1
16770,1674,-0.0219994,0,1,1
16770,1675,-0.0319996,0,0,0
16770,1676,-0.0419998,0,0,0
