time,particle_id,x,y,mesh_index,mesh_index_original
26110,2601,0.047003,0,4,4
26110,2602,0.0370027,0,4,4
26110,2603,0.0270024,0,3,3
26110,2604,0.0170021,0,3,3
26110,2605,0.00700175,0,2,2
26110,2606,-0.00299855,0,2,2
26110,2607,-0.0129989,0,1,1
26110,2608,-0.0229992,0,1,1
26110,2609,-0.0329995,0,0,0
26110,2610,-0.0429998,0,0,0
