time,particle_id,x,y,mesh_index,mesh_index_original
98850,9875,0.0400105,0,4,4
98850,9876,0.0300093,0,4,4
98850,9877,0.0200082,0,3,3
98850,9878,0.010007,0,3,3
98850,9879,5.84175e-06,0,2,2
98850,9880,-0.00999533,0,2,2
98850,9881,-0.0199965,0,1,1
98850,9882,-0.0299977,0,1,1
98850,9883,-0.0399988,0,0,0
