time,particle_id,x,y,mesh_index,mesh_index_original
60340,6024,0.0430066,0,4,4
60340,6025,0.0330059,0,4,4
60340,6026,0.0230052,0,3,3
60340,6027,0.0130045,0,3,3
60340,6028,0.00300378,0,2,2
60340,6029,-0.00699693,0,2,2
60340,6030,-0.0169976,0,1,1
60340,6031,-0.0269984,0,1,1
60340,6032,-0.0369991,0,0,0
60340,6033,-0.0469998,0,0,0
