time,particle_id,x,y,mesh_index,mesh_index_original
69740,6964,0.0430077,0,4,4
69740,6965,0.0330068,0,4,4
69740,6966,0.023006,0,3,3
69740,6967,0.0130052,0,3,3
69740,6968,0.00300437,0,2,2
69740,6969,-0.00699646,0,2,2
69740,6970,-0.0169973,0,1,1
69740,6971,-0.0269981,0,1,1
69740,6972,-0.0369989,0,0,0
69740,6973,-0.0469998,0,0,0
