time,particle_id,x,y,mesh_index,mesh_index_original
35410,3531,0.046004,0,4,4
35410,3532,0.0360036,0,4,4
35410,3533,0.0260032,0,3,3
35410,3534,0.0160028,0,3,3
35410,3535,0.00600234,0,2,2
35410,3536,-0.00399808,0,2,2
35410,3537,-0.0139985,0,1,1
35410,3538,-0.0239989,0,1,1
35410,3539,-0.0339993,0,0,0
35410,3540,-0.0439997,0,0,0
