time,particle_id,x,y,mesh_index,mesh_index_original
25970,2587,0.047003,0,4,4
25970,2588,0.0370027,0,4,4
25970,2589,0.0270024,0,3,3
25970,2590,0.0170021,0,3,3
25970,2591,0.00700175,0,2,2
25970,2592,-0.00299856,0,2,2
25970,2593,-0.0129989,0,1,1
25970,2594,-0.0229992,0,1,1
25970,2595,-0.0329995,0,0,0
25970,2596,-0.0429998,0,0,0
