time,particle_id,x,y,mesh_index,mesh_index_original
33940,3384,0.0460038,0,4,4
33940,3385,0.0360034,0,4,4
33940,3386,0.026003,0,3,3
33940,3387,0.0160026,0,3,3
33940,3388,0.00600224,0,2,2
33940,3389,-0.00399816,0,2,2
33940,3390,-0.0139986,0,1,1
33940,3391,-0.023999,0,1,1
33940,3392,-0.0339994,0,0,0
33940,3393,-0.0439998,0,0,0
