time,particle_id,x,y,mesh_index,mesh_index_original
36190,3609,0.0460041,0,4,4
36190,3610,0.0360037,0,4,4
36190,3611,0.0260032,0,3,3
36190,3612,0.0160028,0,3,3
36190,3613,0.00600239,0,2,2
36190,3614,-0.00399804,0,2,2
36190,3615,-0.0139985,0,1,1
36190,3616,-0.0239989,0,1,1
36190,3617,-0.0339993,0,0,0
36190,3618,-0.0439997,0,0,0
