time,particle_id,x,y,mesh_index,mesh_index_original
50720,5062,0.0440056,0,4,4
50720,5063,0.034005,0,4,4
50720,5064,0.0240044,0,3,3
50720,5065,0.0140038,0,3,3
50720,5066,0.00400323,0,2,2
50720,5067,-0.00599736,0,2,2
50720,5068,-0.015998,0,1,1
50720,5069,-0.0259986,0,1,1
50720,5070,-0.0359992,0,0,0
50720,5071,-0.0459998,0,0,0
