time,particle_id,x,y,mesh_index,mesh_index_original
69900,6980,0.0430077,0,4,4
69900,6981,0.0330069,0,4,4
69900,6982,0.023006,0,3,3
69900,6983,0.0130052,0,3,3
69900,6984,0.00300438,0,2,2
69900,6985,-0.00699645,0,2,2
69900,6986,-0.0169973,0,1,1
69900,6987,-0.0269981,0,1,1
69900,6988,-0.0369989,0,0,0
69900,6989,-0.0469998,0,0,0
