time,particle_id,x,y,mesh_index,mesh_index_original
24260,2416,0.0470028,0,4,4
24260,2417,0.0370025,0,4,4
24260,2418,0.0270022,0,3,3
24260,2419,0.0170019,0,3,3
24260,2420,0.00700163,0,2,2
24260,2421,-0.00299866,0,2,2
24260,2422,-0.0129989,0,1,1
24260,2423,-0.0229992,0,1,1
24260,2424,-0.0329995,0,0,0
24260,2425,-0.0429998,0,0,0
