time,particle_id,x,y,mesh_index,mesh_index_original
9660,956,0.0490011,0,4,4
9660,957,0.039001,0,4,4
9660,958,0.0290009,0,3,3
9660,959,0.0190008,0,3,3
9660,960,0.00900067,0,2,2
9660,961,-0.000999445,0,2,2
9660,962,-0.0109996,0,1,1
9660,963,-0.0209997,0,1,1
9660,964,-0.0309998,0,0,0
9660,965,-0.0409999,0,0,0
