time,particle_id,x,y,mesh_index,mesh_index_original
25680,2558,0.0470029,0,4,4
25680,2559,0.0370026,0,4,4
25680,2560,0.0270023,0,3,3
25680,2561,0.017002,0,3,3
25680,2562,0.00700173,0,2,2
25680,2563,-0.00299858,0,2,2
25680,2564,-0.0129989,0,1,1
25680,2565,-0.0229992,0,1,1
25680,2566,-0.0329995,0,0,0
25680,2567,-0.0429998,0,0,0
