time,particle_id,x,y,mesh_index,mesh_index_original
86140,8604,0.0410093,0,4,4
86140,8605,0.0310082,0,4,4
86140,8606,0.0210072,0,3,3
86140,8607,0.0110062,0,3,3
86140,8608,0.00100519,0,2,2
86140,8609,-0.00899583,0,2,2
86140,8610,-0.0189968,0,1,1
86140,8611,-0.0289979,0,1,1
86140,8612,-0.0389989,0,0,0
86140,8613,-0.0489999,0,0,0
