time,particle_id,x,y,mesh_index,mesh_index_original
30970,3087,0.0460035,0,4,4
30970,3088,0.0360031,0,4,4
30970,3089,0.0260028,0,3,3
30970,3090,0.0160024,0,3,3
30970,3091,0.00600205,0,2,2
30970,3092,-0.00399832,0,2,2
30970,3093,-0.0139987,0,1,1
30970,3094,-0.023999,0,1,1
30970,3095,-0.0339994,0,0,0
30970,3096,-0.0439998,0,0,0
