time,particle_id,x,y,mesh_index,mesh_index_original
36770,3667,0.0460042,0,4,4
36770,3668,0.0360037,0,4,4
36770,3669,0.0260033,0,3,3
36770,3670,0.0160029,0,3,3
36770,3671,0.00600243,0,2,2
36770,3672,-0.003998,0,2,2
36770,3673,-0.0139984,0,1,1
36770,3674,-0.0239989,0,1,1
36770,3675,-0.0339993,0,0,0
36770,3676,-0.0439997,0,0,0
