time,particle_id,x,y,mesh_index,mesh_index_original
27830,2773,0.0470032,0,4,4
27830,2774,0.0370029,0,4,4
27830,2775,0.0270025,0,3,3
27830,2776,0.0170022,0,3,3
27830,2777,0.00700187,0,2,2
27830,2778,-0.00299846,0,2,2
27830,2779,-0.0129988,0,1,1
27830,2780,-0.0229991,0,1,1
27830,2781,-0.0329994,0,0,0
27830,2782,-0.0429998,0,0,0
