time,particle_id,x,y,mesh_index,mesh_index_original
98210,9811,0.0400104,0,4,4
98210,9812,0.0300093,0,4,4
98210,9813,0.0200081,0,3,3
98210,9814,0.010007,0,3,3
98210,9815,5.80389e-06,0,2,2
98210,9816,-0.00999536,0,2,2
98210,9817,-0.0199965,0,1,1
98210,9818,-0.0299977,0,1,1
98210,9819,-0.0399988,0,0,0
