time,particle_id,x,y,mesh_index,mesh_index_original
91120,9102,0.0400097,0,4,4
91120,9103,0.0300086,0,4,4
91120,9104,0.0200075,0,3,3
91120,9105,0.0100065,0,3,3
91120,9106,5.38448e-06,0,2,2
91120,9107,-0.00999569,0,2,2
91120,9108,-0.0199968,0,1,1
91120,9109,-0.0299978,0,1,1
91120,9110,-0.0399989,0,0,0
