time,particle_id,x,y,mesh_index,mesh_index_original
30820,3072,0.0460035,0,4,4
30820,3073,0.0360031,0,4,4
30820,3074,0.0260028,0,3,3
30820,3075,0.0160024,0,3,3
30820,3076,0.00600204,0,2,2
30820,3077,-0.00399833,0,2,2
30820,3078,-0.0139987,0,1,1
30820,3079,-0.0239991,0,1,1
30820,3080,-0.0339994,0,0,0
30820,3081,-0.0439998,0,0,0
