time,particle_id,x,y,mesh_index,mesh_index_original
52370,5227,0.0440058,0,4,4
52370,5228,0.0340052,0,4,4
52370,5229,0.0240046,0,3,3
52370,5230,0.014004,0,3,3
52370,5231,0.00400334,0,2,2
52370,5232,-0.00599728,0,2,2
52370,5233,-0.0159979,0,1,1
52370,5234,-0.0259985,0,1,1
52370,5235,-0.0359991,0,0,0
52370,5236,-0.0459998,0,0,0
