time,particle_id,x,y,mesh_index,mesh_index_original
1370,127,0.0490001,0,4,4
1370,128,0.0390001,0,4,4
1370,129,0.0290001,0,3,3
1370,130,0.0190001,0,3,3
1370,131,0.00900009,0,2,2
1370,132,-0.000999925,0,2,2
1370,133,-0.0109999,0,1,1
1370,134,-0.021,0,1,1
1370,135,-0.031,0,0,0
1370,136,-0.041,0,0,0
