time,particle_id,x,y,mesh_index,mesh_index_original
31080,3098,0.0460035,0,4,4
31080,3099,0.0360032,0,4,4
31080,3100,0.0260028,0,3,3
31080,3101,0.0160024,0,3,3
31080,3102,0.00600205,0,2,2
31080,3103,-0.00399831,0,2,2
31080,3104,-0.0139987,0,1,1
31080,3105,-0.023999,0,1,1
31080,3106,-0.0339994,0,0,0
31080,3107,-0.0439998,0,0,0
