time,particle_id,x,y,mesh_index,mesh_index_original
42890,4279,0.0450048,0,4,4
42890,4280,0.0350043,0,4,4
42890,4281,0.0250038,0,3,3
42890,4282,0.0150033,0,3,3
42890,4283,0.00500278,0,2,2
42890,4284,-0.00499772,0,2,2
42890,4285,-0.0149982,0,1,1
42890,4286,-0.0249987,0,1,1
42890,4287,-0.0349992,0,0,0
42890,4288,-0.0449997,0,0,0
