time,particle_id,x,y,mesh_index,mesh_index_original
34910,3481,0.046004,0,4,4
34910,3482,0.0360035,0,4,4
34910,3483,0.0260031,0,3,3
34910,3484,0.0160027,0,3,3
34910,3485,0.00600231,0,2,2
34910,3486,-0.0039981,0,2,2
34910,3487,-0.0139985,0,1,1
34910,3488,-0.0239989,0,1,1
34910,3489,-0.0339993,0,0,0
34910,3490,-0.0439998,0,0,0
