time,particle_id,x,y,mesh_index,mesh_index_original
98450,9835,0.0400105,0,4,4
98450,9836,0.0300093,0,4,4
98450,9837,0.0200081,0,3,3
98450,9838,0.010007,0,3,3
98450,9839,5.81809e-06,0,2,2
98450,9840,-0.00999535,0,2,2
98450,9841,-0.0199965,0,1,1
98450,9842,-0.0299977,0,1,1
98450,9843,-0.0399988,0,0,0
