time,particle_id,x,y,mesh_index,mesh_index_original
7570,747,0.0490009,0,4,4
7570,748,0.0390008,0,4,4
7570,749,0.0290007,0,3,3
7570,750,0.0190006,0,3,3
7570,751,0.00900052,0,2,2
7570,752,-0.000999566,0,2,2
7570,753,-0.0109997,0,1,1
7570,754,-0.0209997,0,1,1
7570,755,-0.0309998,0,0,0
7570,756,-0.0409999,0,0,0
