time,particle_id,x,y,mesh_index,mesh_index_original
45260,4516,0.0450051,0,4,4
45260,4517,0.0350045,0,4,4
45260,4518,0.025004,0,3,3
45260,4519,0.0150035,0,3,3
45260,4520,0.00500294,0,2,2
45260,4521,-0.0049976,0,2,2
45260,4522,-0.0149981,0,1,1
45260,4523,-0.0249987,0,1,1
45260,4524,-0.0349992,0,0,0
45260,4525,-0.0449997,0,0,0
