time,particle_id,x,y,mesh_index,mesh_index_original
83230,8313,0.0410089,0,4,4
83230,8314,0.031008,0,4,4
83230,8315,0.021007,0,3,3
83230,8316,0.011006,0,3,3
83230,8317,0.00100502,0,2,2
83230,8318,-0.00899597,0,2,2
83230,8319,-0.018997,0,1,1
83230,8320,-0.0289979,0,1,1
83230,8321,-0.0389989,0,0,0
83230,8322,-0.0489999,0,0,0
