time,particle_id,x,y,mesh_index,mesh_index_original
1910,181,0.0490002,0,4,4
1910,182,0.0390002,0,4,4
1910,183,0.0290002,0,3,3
1910,184,0.0190001,0,3,3
1910,185,0.00900013,0,2,2
1910,186,-0.000999894,0,2,2
1910,187,-0.0109999,0,1,1
1910,188,-0.0209999,0,1,1
1910,189,-0.031,0,0,0
1910,190,-0.041,0,0,0
