time,particle_id,x,y,mesh_index,mesh_index_original
59790,5969,0.0440066,0,4,4
59790,5970,0.0340059,0,4,4
59790,5971,0.0240052,0,3,3
59790,5972,0.0140045,0,3,3
59790,5973,0.00400381,0,2,2
59790,5974,-0.00599689,0,2,2
59790,5975,-0.0159976,0,1,1
59790,5976,-0.0259983,0,1,1
59790,5977,-0.035999,0,0,0
59790,5978,-0.0459997,0,0,0
