time,particle_id,x,y,mesh_index,mesh_index_original
26720,2662,0.0470031,0,4,4
26720,2663,0.0370027,0,4,4
26720,2664,0.0270024,0,3,3
26720,2665,0.0170021,0,3,3
26720,2666,0.0070018,0,2,2
26720,2667,-0.00299852,0,2,2
26720,2668,-0.0129988,0,1,1
26720,2669,-0.0229991,0,1,1
26720,2670,-0.0329995,0,0,0
26720,2671,-0.0429998,0,0,0
