time,particle_id,x,y,mesh_index,mesh_index_original
64590,6449,0.0430071,0,4,4
64590,6450,0.0330063,0,4,4
64590,6451,0.0230056,0,3,3
64590,6452,0.0130048,0,3,3
64590,6453,0.00300404,0,2,2
64590,6454,-0.00699672,0,2,2
64590,6455,-0.0169975,0,1,1
64590,6456,-0.0269982,0,1,1
64590,6457,-0.036999,0,0,0
64590,6458,-0.0469998,0,0,0
