time,particle_id,x,y,mesh_index,mesh_index_original
53190,5309,0.0440059,0,4,4
53190,5310,0.0340053,0,4,4
53190,5311,0.0240046,0,3,3
53190,5312,0.014004,0,3,3
53190,5313,0.00400339,0,2,2
53190,5314,-0.00599724,0,2,2
53190,5315,-0.0159979,0,1,1
53190,5316,-0.0259985,0,1,1
53190,5317,-0.0359991,0,0,0
53190,5318,-0.0459997,0,0,0
