time,particle_id,x,y,mesh_index,mesh_index_original
63840,6374,0.043007,0,4,4
63840,6375,0.0330063,0,4,4
63840,6376,0.0230055,0,3,3
63840,6377,0.0130048,0,3,3
63840,6378,0.003004,0,2,2
63840,6379,-0.00699676,0,2,2
63840,6380,-0.0169975,0,1,1
63840,6381,-0.0269983,0,1,1
63840,6382,-0.036999,0,0,0
63840,6383,-0.0469998,0,0,0
