time,particle_id,x,y,mesh_index,mesh_index_original
60120,6002,0.0430066,0,4,4
60120,6003,0.0330059,0,4,4
60120,6004,0.0230052,0,3,3
60120,6005,0.0130045,0,3,3
60120,6006,0.00300376,0,2,2
60120,6007,-0.00699695,0,2,2
60120,6008,-0.0169977,0,1,1
60120,6009,-0.0269984,0,1,1
60120,6010,-0.0369991,0,0,0
60120,6011,-0.0469998,0,0,0
