time,particle_id,x,y,mesh_index,mesh_index_original
4390,429,0.0490005,0,4,4
4390,430,0.0390005,0,4,4
4390,431,0.0290004,0,3,3
4390,432,0.0190004,0,3,3
4390,433,0.0090003,0,2,2
4390,434,-0.00099975,0,2,2
4390,435,-0.0109998,0,1,1
4390,436,-0.0209999,0,1,1
4390,437,-0.0309999,0,0,0
4390,438,-0.041,0,0,0
