time,particle_id,x,y,mesh_index,mesh_index_original
5170,507,0.0490006,0,4,4
5170,508,0.0390005,0,4,4
5170,509,0.0290005,0,3,3
5170,510,0.0190004,0,3,3
5170,511,0.00900035,0,2,2
5170,512,-0.000999705,0,2,2
5170,513,-0.0109998,0,1,1
5170,514,-0.0209998,0,1,1
5170,515,-0.0309999,0,0,0
5170,516,-0.0409999,0,0,0
