time,particle_id,x,y,mesh_index,mesh_index_original
96460,9636,0.0400103,0,4,4
96460,9637,0.0300091,0,4,4
96460,9638,0.020008,0,3,3
96460,9639,0.0100068,0,3,3
96460,9640,5.70037e-06,0,2,2
96460,9641,-0.00999544,0,2,2
96460,9642,-0.0199966,0,1,1
96460,9643,-0.0299977,0,1,1
96460,9644,-0.0399989,0,0,0
