time,particle_id,x,y,mesh_index,mesh_index_original
32340,3224,0.0460037,0,4,4
32340,3225,0.0360033,0,4,4
32340,3226,0.0260029,0,3,3
32340,3227,0.0160025,0,3,3
32340,3228,0.00600214,0,2,2
32340,3229,-0.00399824,0,2,2
32340,3230,-0.0139986,0,1,1
32340,3231,-0.023999,0,1,1
32340,3232,-0.0339994,0,0,0
32340,3233,-0.0439998,0,0,0
