time,particle_id,x,y,mesh_index,mesh_index_original
10980,1088,0.0480013,0,4,4
10980,1089,0.0380011,0,4,4
10980,1090,0.028001,0,3,3
10980,1091,0.0180009,0,3,3
10980,1092,0.00800075,0,2,2
10980,1093,-0.00199938,0,2,2
10980,1094,-0.0119995,0,1,1
10980,1095,-0.0219996,0,1,1
10980,1096,-0.0319998,0,0,0
10980,1097,-0.0419999,0,0,0
