time,particle_id,x,y,mesh_index,mesh_index_original
59920,5982,0.0440067,0,4,4
59920,5983,0.0340059,0,4,4
59920,5984,0.0240052,0,3,3
59920,5985,0.0140045,0,3,3
59920,5986,0.00400382,0,2,2
59920,5987,-0.00599689,0,2,2
59920,5988,-0.0159976,0,1,1
59920,5989,-0.0259983,0,1,1
59920,5990,-0.035999,0,0,0
59920,5991,-0.0459997,0,0,0
