time,particle_id,x,y,mesh_index,mesh_index_original
96700,9660,0.0400103,0,4,4
96700,9661,0.0300091,0,4,4
96700,9662,0.020008,0,3,3
96700,9663,0.0100069,0,3,3
96700,9664,5.71457e-06,0,2,2
96700,9665,-0.00999543,0,2,2
96700,9666,-0.0199966,0,1,1
96700,9667,-0.0299977,0,1,1
96700,9668,-0.0399989,0,0,0
