time,particle_id,x,y,mesh_index,mesh_index_original
26130,2603,0.047003,0,4,4
26130,2604,0.0370027,0,4,4
26130,2605,0.0270024,0,3,3
26130,2606,0.0170021,0,3,3
26130,2607,0.00700176,0,2,2
26130,2608,-0.00299855,0,2,2
26130,2609,-0.0129989,0,1,1
26130,2610,-0.0229992,0,1,1
26130,2611,-0.0329995,0,0,0
26130,2612,-0.0429998,0,0,0
