time,particle_id,x,y,mesh_index,mesh_index_original
69400,6930,0.0430076,0,4,4
69400,6931,0.0330068,0,4,4
69400,6932,0.023006,0,3,3
69400,6933,0.0130052,0,3,3
69400,6934,0.00300435,0,2,2
69400,6935,-0.00699647,0,2,2
69400,6936,-0.0169973,0,1,1
69400,6937,-0.0269981,0,1,1
69400,6938,-0.0369989,0,0,0
69400,6939,-0.0469998,0,0,0
