time,particle_id,x,y,mesh_index,mesh_index_original
95740,9564,0.0400102,0,4,4
95740,9565,0.0300091,0,4,4
95740,9566,0.0200079,0,3,3
95740,9567,0.0100068,0,3,3
95740,9568,5.65778e-06,0,2,2
95740,9569,-0.00999547,0,2,2
95740,9570,-0.0199966,0,1,1
95740,9571,-0.0299977,0,1,1
95740,9572,-0.0399989,0,0,0
