time,particle_id,x,y,mesh_index,mesh_index_original
40250,4015,0.0450045,0,4,4
40250,4016,0.035004,0,4,4
40250,4017,0.0250036,0,3,3
40250,4018,0.0150031,0,3,3
40250,4019,0.00500261,0,2,2
40250,4020,-0.00499786,0,2,2
40250,4021,-0.0149983,0,1,1
40250,4022,-0.0249988,0,1,1
40250,4023,-0.0349993,0,0,0
40250,4024,-0.0449998,0,0,0
