time,particle_id,x,y,mesh_index,mesh_index_original
78680,7858,0.0420086,0,4,4
78680,7859,0.0320076,0,4,4
78680,7860,0.0220067,0,3,3
78680,7861,0.0120058,0,3,3
78680,7862,0.00200483,0,2,2
78680,7863,-0.0079961,0,2,2
78680,7864,-0.017997,0,1,1
78680,7865,-0.027998,0,1,1
78680,7866,-0.0379989,0,0,0
78680,7867,-0.0479998,0,0,0
