time,particle_id,x,y,mesh_index,mesh_index_original
590,49,0.0490001,0,4,4
590,50,0.0390001,0,4,4
590,51,0.029,0,3,3
590,52,0.019,0,3,3
590,53,0.00900004,0,2,2
590,54,-0.000999971,0,2,2
590,55,-0.011,0,1,1
590,56,-0.021,0,1,1
590,57,-0.031,0,0,0
590,58,-0.041,0,0,0
