time,particle_id,x,y,mesh_index,mesh_index_original
99920,9982,0.0400106,0,4,4
99920,9983,0.0300094,0,4,4
99920,9984,0.0200083,0,3,3
99920,9985,0.0100071,0,3,3
99920,9986,5.90505e-06,0,2,2
99920,9987,-0.00999528,0,2,2
99920,9988,-0.0199965,0,1,1
99920,9989,-0.0299976,0,1,1
99920,9990,-0.0399988,0,0,0
