time,particle_id,x,y,mesh_index,mesh_index_original
55970,5587,0.0440062,0,4,4
55970,5588,0.0340056,0,4,4
55970,5589,0.0240049,0,3,3
55970,5590,0.0140042,0,3,3
55970,5591,0.00400357,0,2,2
55970,5592,-0.00599709,0,2,2
55970,5593,-0.0159978,0,1,1
55970,5594,-0.0259984,0,1,1
55970,5595,-0.0359991,0,0,0
55970,5596,-0.0459997,0,0,0
