time,particle_id,x,y,mesh_index,mesh_index_original
12950,1285,0.0480015,0,4,4
12950,1286,0.0380013,0,4,4
12950,1287,0.0280012,0,3,3
12950,1288,0.018001,0,3,3
12950,1289,0.00800088,0,2,2
12950,1290,-0.00199927,0,2,2
12950,1291,-0.0119994,0,1,1
12950,1292,-0.0219996,0,1,1
12950,1293,-0.0319997,0,0,0
12950,1294,-0.0419999,0,0,0
