time,particle_id,x,y,mesh_index,mesh_index_original
47170,4707,0.0450053,0,4,4
47170,4708,0.0350047,0,4,4
47170,4709,0.0250042,0,3,3
47170,4710,0.0150036,0,3,3
47170,4711,0.00500306,0,2,2
47170,4712,-0.00499749,0,2,2
47170,4713,-0.0149981,0,1,1
47170,4714,-0.0249986,0,1,1
47170,4715,-0.0349992,0,0,0
47170,4716,-0.0449997,0,0,0
