time,particle_id,x,y,mesh_index,mesh_index_original
4300,420,0.0490005,0,4,4
4300,421,0.0390004,0,4,4
4300,422,0.0290004,0,3,3
4300,423,0.0190003,0,3,3
4300,424,0.00900029,0,2,2
4300,425,-0.000999756,0,2,2
4300,426,-0.0109998,0,1,1
4300,427,-0.0209999,0,1,1
4300,428,-0.0309999,0,0,0
4300,429,-0.041,0,0,0
