time,particle_id,x,y,mesh_index,mesh_index_original
87260,8716,0.0410094,0,4,4
87260,8717,0.0310084,0,4,4
87260,8718,0.0210073,0,3,3
87260,8719,0.0110063,0,3,3
87260,8720,0.00100526,0,2,2
87260,8721,-0.00899577,0,2,2
87260,8722,-0.0189968,0,1,1
87260,8723,-0.0289978,0,1,1
87260,8724,-0.0389989,0,0,0
87260,8725,-0.0489999,0,0,0
