time,particle_id,x,y,mesh_index,mesh_index_original
76480,7638,0.0420083,0,4,4
76480,7639,0.0320074,0,4,4
76480,7640,0.0220065,0,3,3
76480,7641,0.0120056,0,3,3
76480,7642,0.0020047,0,2,2
76480,7643,-0.0079962,0,2,2
76480,7644,-0.0179971,0,1,1
76480,7645,-0.027998,0,1,1
76480,7646,-0.0379989,0,0,0
76480,7647,-0.0479998,0,0,0
