time,particle_id,x,y,mesh_index,mesh_index_original
76180,7608,0.0420083,0,4,4
76180,7609,0.0320074,0,4,4
76180,7610,0.0220065,0,3,3
76180,7611,0.0120056,0,3,3
76180,7612,0.00200468,0,2,2
76180,7613,-0.00799622,0,2,2
76180,7614,-0.0179971,0,1,1
76180,7615,-0.027998,0,1,1
76180,7616,-0.0379989,0,0,0
76180,7617,-0.0479998,0,0,0
