time,particle_id,x,y,mesh_index,mesh_index_original
63150,6305,0.0430069,0,4,4
63150,6306,0.0330062,0,4,4
63150,6307,0.0230054,0,3,3
63150,6308,0.0130047,0,3,3
63150,6309,0.00300395,0,2,2
63150,6310,-0.00699679,0,2,2
63150,6311,-0.0169975,0,1,1
63150,6312,-0.0269983,0,1,1
63150,6313,-0.036999,0,0,0
63150,6314,-0.0469998,0,0,0
