time,particle_id,x,y,mesh_index,mesh_index_original
42650,4255,0.0450048,0,4,4
42650,4256,0.0350043,0,4,4
42650,4257,0.0250038,0,3,3
42650,4258,0.0150033,0,3,3
42650,4259,0.00500277,0,2,2
42650,4260,-0.00499773,0,2,2
42650,4261,-0.0149982,0,1,1
42650,4262,-0.0249987,0,1,1
42650,4263,-0.0349992,0,0,0
42650,4264,-0.0449997,0,0,0
