time,particle_id,x,y,mesh_index,mesh_index_original
34060,3396,0.0460039,0,4,4
34060,3397,0.0360035,0,4,4
34060,3398,0.0260031,0,3,3
34060,3399,0.0160027,0,3,3
34060,3400,0.00600225,0,2,2
34060,3401,-0.00399815,0,2,2
34060,3402,-0.0139986,0,1,1
34060,3403,-0.023999,0,1,1
34060,3404,-0.0339994,0,0,0
34060,3405,-0.0439998,0,0,0
