time,particle_id,x,y,mesh_index,mesh_index_original
28220,2812,0.0470032,0,4,4
28220,2813,0.0370029,0,4,4
28220,2814,0.0270026,0,3,3
28220,2815,0.0170022,0,3,3
28220,2816,0.0070019,0,2,2
28220,2817,-0.00299844,0,2,2
28220,2818,-0.0129988,0,1,1
28220,2819,-0.0229991,0,1,1
28220,2820,-0.0329994,0,0,0
28220,2821,-0.0429998,0,0,0
