time,particle_id,x,y,mesh_index,mesh_index_original
85420,8532,0.0410092,0,4,4
85420,8533,0.0310082,0,4,4
85420,8534,0.0210072,0,3,3
85420,8535,0.0110062,0,3,3
85420,8536,0.00100515,0,2,2
85420,8537,-0.00899586,0,2,2
85420,8538,-0.0189969,0,1,1
85420,8539,-0.0289979,0,1,1
85420,8540,-0.0389989,0,0,0
85420,8541,-0.0489999,0,0,0
