time,particle_id,x,y,mesh_index,mesh_index_original
29090,2899,0.0470033,0,4,4
29090,2900,0.037003,0,4,4
29090,2901,0.0270026,0,3,3
29090,2902,0.0170023,0,3,3
29090,2903,0.00700196,0,2,2
29090,2904,-0.00299839,0,2,2
29090,2905,-0.0129987,0,1,1
29090,2906,-0.0229991,0,1,1
29090,2907,-0.0329994,0,0,0
29090,2908,-0.0429998,0,0,0
