time,particle_id,x,y,mesh_index,mesh_index_original
89000,8890,0.0410096,0,4,4
89000,8891,0.0310085,0,4,4
89000,8892,0.0210075,0,3,3
89000,8893,0.0110064,0,3,3
89000,8894,0.00100536,0,2,2
89000,8895,-0.00899569,0,2,2
89000,8896,-0.0189967,0,1,1
89000,8897,-0.0289978,0,1,1
89000,8898,-0.0389988,0,0,0
89000,8899,-0.0489999,0,0,0
