time,particle_id,x,y,mesh_index,mesh_index_original
61000,6090,0.0430067,0,4,4
61000,6091,0.033006,0,4,4
61000,6092,0.0230053,0,3,3
61000,6093,0.0130045,0,3,3
61000,6094,0.00300382,0,2,2
61000,6095,-0.0069969,0,2,2
61000,6096,-0.0169976,0,1,1
61000,6097,-0.0269983,0,1,1
61000,6098,-0.0369991,0,0,0
61000,6099,-0.0469998,0,0,0
