time,particle_id,x,y,mesh_index,mesh_index_original
50930,5083,0.0440057,0,4,4
50930,5084,0.0340051,0,4,4
50930,5085,0.0240045,0,3,3
50930,5086,0.0140038,0,3,3
50930,5087,0.00400325,0,2,2
50930,5088,-0.00599735,0,2,2
50930,5089,-0.015998,0,1,1
50930,5090,-0.0259986,0,1,1
50930,5091,-0.0359992,0,0,0
50930,5092,-0.0459998,0,0,0
