time,particle_id,x,y,mesh_index,mesh_index_original
97260,9716,0.0400103,0,4,4
97260,9717,0.0300092,0,4,4
97260,9718,0.020008,0,3,3
97260,9719,0.0100069,0,3,3
97260,9720,5.7477e-06,0,2,2
97260,9721,-0.0099954,0,2,2
97260,9722,-0.0199966,0,1,1
97260,9723,-0.0299977,0,1,1
97260,9724,-0.0399989,0,0,0
