time,particle_id,x,y,mesh_index,mesh_index_original
26690,2659,0.0470031,0,4,4
26690,2660,0.0370027,0,4,4
26690,2661,0.0270024,0,3,3
26690,2662,0.0170021,0,3,3
26690,2663,0.00700179,0,2,2
26690,2664,-0.00299852,0,2,2
26690,2665,-0.0129988,0,1,1
26690,2666,-0.0229992,0,1,1
26690,2667,-0.0329995,0,0,0
26690,2668,-0.0429998,0,0,0
