time,particle_id,x,y,mesh_index,mesh_index_original
75140,7504,0.0420082,0,4,4
75140,7505,0.0320073,0,4,4
75140,7506,0.0220064,0,3,3
75140,7507,0.0120055,0,3,3
75140,7508,0.00200462,0,2,2
75140,7509,-0.00799627,0,2,2
75140,7510,-0.0179972,0,1,1
75140,7511,-0.027998,0,1,1
75140,7512,-0.0379989,0,0,0
75140,7513,-0.0479998,0,0,0
