time,particle_id,x,y,mesh_index,mesh_index_original
7940,784,0.0490009,0,4,4
7940,785,0.0390008,0,4,4
7940,786,0.0290007,0,3,3
7940,787,0.0190006,0,3,3
7940,788,0.00900055,0,2,2
7940,789,-0.000999545,0,2,2
7940,790,-0.0109996,0,1,1
7940,791,-0.0209997,0,1,1
7940,792,-0.0309998,0,0,0
7940,793,-0.0409999,0,0,0
