time,particle_id,x,y,mesh_index,mesh_index_original
27020,2692,0.0470031,0,4,4
27020,2693,0.0370028,0,4,4
27020,2694,0.0270025,0,3,3
27020,2695,0.0170021,0,3,3
27020,2696,0.00700182,0,2,2
27020,2697,-0.0029985,0,2,2
27020,2698,-0.0129988,0,1,1
27020,2699,-0.0229991,0,1,1
27020,2700,-0.0329995,0,0,0
27020,2701,-0.0429998,0,0,0
