time,particle_id,x,y,mesh_index,mesh_index_original
75640,7554,0.0420082,0,4,4
75640,7555,0.0320073,0,4,4
75640,7556,0.0220064,0,3,3
75640,7557,0.0120055,0,3,3
75640,7558,0.00200465,0,2,2
75640,7559,-0.00799625,0,2,2
75640,7560,-0.0179971,0,1,1
75640,7561,-0.027998,0,1,1
75640,7562,-0.0379989,0,0,0
75640,7563,-0.0479998,0,0,0
