time,particle_id,x,y,mesh_index,mesh_index_original
28640,2854,0.0470033,0,4,4
28640,2855,0.0370029,0,4,4
28640,2856,0.0270026,0,3,3
28640,2857,0.0170023,0,3,3
28640,2858,0.00700193,0,2,2
28640,2859,-0.00299841,0,2,2
28640,2860,-0.0129988,0,1,1
28640,2861,-0.0229991,0,1,1
28640,2862,-0.0329994,0,0,0
28640,2863,-0.0429998,0,0,0
