time,particle_id,x,y,mesh_index,mesh_index_original
36360,3626,0.0460041,0,4,4
36360,3627,0.0360037,0,4,4
36360,3628,0.0260033,0,3,3
36360,3629,0.0160028,0,3,3
36360,3630,0.0060024,0,2,2
36360,3631,-0.00399803,0,2,2
36360,3632,-0.0139985,0,1,1
36360,3633,-0.0239989,0,1,1
36360,3634,-0.0339993,0,0,0
36360,3635,-0.0439997,0,0,0
