time,particle_id,x,y,mesh_index,mesh_index_original
58870,5877,0.0440065,0,4,4
58870,5878,0.0340058,0,4,4
58870,5879,0.0240051,0,3,3
58870,5880,0.0140045,0,3,3
58870,5881,0.00400376,0,2,2
58870,5882,-0.00599694,0,2,2
58870,5883,-0.0159976,0,1,1
58870,5884,-0.0259983,0,1,1
58870,5885,-0.035999,0,0,0
58870,5886,-0.0459997,0,0,0
