time,particle_id,x,y,mesh_index,mesh_index_original
58520,5842,0.0440065,0,4,4
58520,5843,0.0340058,0,4,4
58520,5844,0.0240051,0,3,3
58520,5845,0.0140044,0,3,3
58520,5846,0.00400373,0,2,2
58520,5847,-0.00599696,0,2,2
58520,5848,-0.0159976,0,1,1
58520,5849,-0.0259983,0,1,1
58520,5850,-0.035999,0,0,0
58520,5851,-0.0459997,0,0,0
