time,particle_id,x,y,mesh_index,mesh_index_original
55530,5543,0.0440062,0,4,4
55530,5544,0.0340055,0,4,4
55530,5545,0.0240049,0,3,3
55530,5546,0.0140042,0,3,3
55530,5547,0.00400354,0,2,2
55530,5548,-0.00599711,0,2,2
55530,5549,-0.0159978,0,1,1
55530,5550,-0.0259984,0,1,1
55530,5551,-0.0359991,0,0,0
55530,5552,-0.0459997,0,0,0
