time,particle_id,x,y,mesh_index,mesh_index_original
49550,4945,0.0450056,0,4,4
49550,4946,0.035005,0,4,4
49550,4947,0.0250044,0,3,3
49550,4948,0.0150038,0,3,3
49550,4949,0.00500322,0,2,2
49550,4950,-0.00499737,0,2,2
49550,4951,-0.014998,0,1,1
49550,4952,-0.0249985,0,1,1
49550,4953,-0.0349991,0,0,0
49550,4954,-0.0449997,0,0,0
