time,particle_id,x,y,mesh_index,mesh_index_original
1120,102,0.0490001,0,4,4
1120,103,0.0390001,0,4,4
1120,104,0.0290001,0,3,3
1120,105,0.0190001,0,3,3
1120,106,0.00900007,0,2,2
1120,107,-0.00099994,0,2,2
1120,108,-0.011,0,1,1
1120,109,-0.021,0,1,1
1120,110,-0.031,0,0,0
1120,111,-0.041,0,0,0
