time,particle_id,x,y,mesh_index,mesh_index_original
74990,7489,0.0420082,0,4,4
74990,7490,0.0320073,0,4,4
74990,7491,0.0220064,0,3,3
74990,7492,0.0120055,0,3,3
74990,7493,0.00200461,0,2,2
74990,7494,-0.00799628,0,2,2
74990,7495,-0.0179972,0,1,1
74990,7496,-0.0279981,0,1,1
74990,7497,-0.0379989,0,0,0
74990,7498,-0.0479998,0,0,0
