time,particle_id,x,y,mesh_index,mesh_index_original
51070,5097,0.0440057,0,4,4
51070,5098,0.0340051,0,4,4
51070,5099,0.0240045,0,3,3
51070,5100,0.0140039,0,3,3
51070,5101,0.00400326,0,2,2
51070,5102,-0.00599735,0,2,2
51070,5103,-0.0159979,0,1,1
51070,5104,-0.0259986,0,1,1
51070,5105,-0.0359992,0,0,0
51070,5106,-0.0459998,0,0,0
