time,particle_id,x,y,mesh_index,mesh_index_original
62640,6254,0.0430069,0,4,4
62640,6255,0.0330061,0,4,4
62640,6256,0.0230054,0,3,3
62640,6257,0.0130047,0,3,3
62640,6258,0.00300392,0,2,2
62640,6259,-0.00699682,0,2,2
62640,6260,-0.0169976,0,1,1
62640,6261,-0.0269983,0,1,1
62640,6262,-0.036999,0,0,0
62640,6263,-0.0469998,0,0,0
