time,particle_id,x,y,mesh_index,mesh_index_original
6080,598,0.0490007,0,4,4
6080,599,0.0390006,0,4,4
6080,600,0.0290006,0,3,3
6080,601,0.0190005,0,3,3
6080,602,0.00900042,0,2,2
6080,603,-0.000999652,0,2,2
6080,604,-0.0109997,0,1,1
6080,605,-0.0209998,0,1,1
6080,606,-0.0309999,0,0,0
6080,607,-0.0409999,0,0,0
