time,particle_id,x,y,mesh_index,mesh_index_original
16800,1670,0.0480019,0,4,4
16800,1671,0.0380017,0,4,4
16800,1672,0.0280015,0,3,3
16800,1673,0.0180013,0,3,3
16800,1674,0.00800115,0,2,2
16800,1675,-0.00199905,0,2,2
16800,1676,-0.0119992,0,1,1
16800,1677,-0.0219994,0,1,1
16800,1678,-0.0319996,0,0,0
16800,1679,-0.0419998,0,0,0
