time,particle_id,x,y,mesh_index,mesh_index_original
90340,9024,0.0400096,0,4,4
90340,9025,0.0300085,0,4,4
90340,9026,0.0200075,0,3,3
90340,9027,0.0100064,0,3,3
90340,9028,5.33834e-06,0,2,2
90340,9029,-0.00999573,0,2,2
90340,9030,-0.0199968,0,1,1
90340,9031,-0.0299979,0,1,1
90340,9032,-0.0399989,0,0,0
