time,particle_id,x,y,mesh_index,mesh_index_original
95550,9545,0.0400102,0,4,4
95550,9546,0.030009,0,4,4
95550,9547,0.0200079,0,3,3
95550,9548,0.0100068,0,3,3
95550,9549,5.64654e-06,0,2,2
95550,9550,-0.00999548,0,2,2
95550,9551,-0.0199966,0,1,1
95550,9552,-0.0299977,0,1,1
95550,9553,-0.0399989,0,0,0
