time,particle_id,x,y,mesh_index,mesh_index_original
55170,5507,0.0440061,0,4,4
55170,5508,0.0340055,0,4,4
55170,5509,0.0240048,0,3,3
55170,5510,0.0140042,0,3,3
55170,5511,0.00400352,0,2,2
55170,5512,-0.00599713,0,2,2
55170,5513,-0.0159978,0,1,1
55170,5514,-0.0259984,0,1,1
55170,5515,-0.0359991,0,0,0
55170,5516,-0.0459997,0,0,0
