time,particle_id,x,y,mesh_index,mesh_index_original
45250,4515,0.0450051,0,4,4
45250,4516,0.0350045,0,4,4
45250,4517,0.025004,0,3,3
45250,4518,0.0150035,0,3,3
45250,4519,0.00500294,0,2,2
45250,4520,-0.0049976,0,2,2
45250,4521,-0.0149981,0,1,1
45250,4522,-0.0249987,0,1,1
45250,4523,-0.0349992,0,0,0
45250,4524,-0.0449997,0,0,0
