time,particle_id,x,y,mesh_index,mesh_index_original
56050,5595,0.0440062,0,4,4
56050,5596,0.0340056,0,4,4
56050,5597,0.0240049,0,3,3
56050,5598,0.0140042,0,3,3
56050,5599,0.00400357,0,2,2
56050,5600,-0.00599709,0,2,2
56050,5601,-0.0159977,0,1,1
56050,5602,-0.0259984,0,1,1
56050,5603,-0.0359991,0,0,0
56050,5604,-0.0459997,0,0,0
