time,particle_id,x,y,mesh_index,mesh_index_original
71880,7178,0.0420078,0,4,4
71880,7179,0.032007,0,4,4
71880,7180,0.0220061,0,3,3
71880,7181,0.0120053,0,3,3
71880,7182,0.00200442,0,2,2
71880,7183,-0.00799643,0,2,2
71880,7184,-0.0179973,0,1,1
71880,7185,-0.0279981,0,1,1
71880,7186,-0.037999,0,0,0
71880,7187,-0.0479998,0,0,0
