time,particle_id,x,y,mesh_index,mesh_index_original
79150,7905,0.0420086,0,4,4
79150,7906,0.0320077,0,4,4
79150,7907,0.0220067,0,3,3
79150,7908,0.0120058,0,3,3
79150,7909,0.00200486,0,2,2
79150,7910,-0.00799607,0,2,2
79150,7911,-0.017997,0,1,1
79150,7912,-0.0279979,0,1,1
79150,7913,-0.0379989,0,0,0
79150,7914,-0.0479998,0,0,0
