time,particle_id,x,y,mesh_index,mesh_index_original
52440,5234,0.0440058,0,4,4
52440,5235,0.0340052,0,4,4
52440,5236,0.0240046,0,3,3
52440,5237,0.014004,0,3,3
52440,5238,0.00400334,0,2,2
52440,5239,-0.00599727,0,2,2
52440,5240,-0.0159979,0,1,1
52440,5241,-0.0259985,0,1,1
52440,5242,-0.0359991,0,0,0
52440,5243,-0.0459998,0,0,0
