time,particle_id,x,y,mesh_index,mesh_index_original
84540,8444,0.0410091,0,4,4
84540,8445,0.0310081,0,4,4
84540,8446,0.0210071,0,3,3
84540,8447,0.0110061,0,3,3
84540,8448,0.0010051,0,2,2
84540,8449,-0.0089959,0,2,2
84540,8450,-0.0189969,0,1,1
84540,8451,-0.0289979,0,1,1
84540,8452,-0.0389989,0,0,0
84540,8453,-0.0489999,0,0,0
