time,particle_id,x,y,mesh_index,mesh_index_original
59730,5963,0.0440066,0,4,4
59730,5964,0.0340059,0,4,4
59730,5965,0.0240052,0,3,3
59730,5966,0.0140045,0,3,3
59730,5967,0.00400381,0,2,2
59730,5968,-0.0059969,0,2,2
59730,5969,-0.0159976,0,1,1
59730,5970,-0.0259983,0,1,1
59730,5971,-0.035999,0,0,0
59730,5972,-0.0459997,0,0,0
