time,particle_id,x,y,mesh_index,mesh_index_original
62620,6252,0.0430069,0,4,4
62620,6253,0.0330061,0,4,4
62620,6254,0.0230054,0,3,3
62620,6255,0.0130047,0,3,3
62620,6256,0.00300392,0,2,2
62620,6257,-0.00699682,0,2,2
62620,6258,-0.0169976,0,1,1
62620,6259,-0.0269983,0,1,1
62620,6260,-0.036999,0,0,0
62620,6261,-0.0469998,0,0,0
