time,particle_id,x,y,mesh_index,mesh_index_original
5270,517,0.0490006,0,4,4
5270,518,0.0390005,0,4,4
5270,519,0.0290005,0,3,3
5270,520,0.0190004,0,3,3
5270,521,0.00900036,0,2,2
5270,522,-0.000999699,0,2,2
5270,523,-0.0109998,0,1,1
5270,524,-0.0209998,0,1,1
5270,525,-0.0309999,0,0,0
5270,526,-0.0409999,0,0,0
