time,particle_id,x,y,mesh_index,mesh_index_original
4660,456,0.0490005,0,4,4
4660,457,0.0390005,0,4,4
4660,458,0.0290004,0,3,3
4660,459,0.0190004,0,3,3
4660,460,0.00900032,0,2,2
4660,461,-0.000999735,0,2,2
4660,462,-0.0109998,0,1,1
4660,463,-0.0209998,0,1,1
4660,464,-0.0309999,0,0,0
4660,465,-0.041,0,0,0
