time,particle_id,x,y,mesh_index,mesh_index_original
86820,8672,0.0410093,0,4,4
86820,8673,0.0310083,0,4,4
86820,8674,0.0210073,0,3,3
86820,8675,0.0110063,0,3,3
86820,8676,0.00100523,0,2,2
86820,8677,-0.00899579,0,2,2
86820,8678,-0.0189968,0,1,1
86820,8679,-0.0289978,0,1,1
86820,8680,-0.0389989,0,0,0
86820,8681,-0.0489999,0,0,0
