time,particle_id,x,y,mesh_index,mesh_index_original
7330,723,0.0490008,0,4,4
7330,724,0.0390008,0,4,4
7330,725,0.0290007,0,3,3
7330,726,0.0190006,0,3,3
7330,727,0.00900051,0,2,2
7330,728,-0.00099958,0,2,2
7330,729,-0.0109997,0,1,1
7330,730,-0.0209998,0,1,1
7330,731,-0.0309998,0,0,0
7330,732,-0.0409999,0,0,0
