time,particle_id,x,y,mesh_index,mesh_index_original
64070,6397,0.043007,0,4,4
64070,6398,0.0330063,0,4,4
64070,6399,0.0230055,0,3,3
64070,6400,0.0130048,0,3,3
64070,6401,0.00300401,0,2,2
64070,6402,-0.00699675,0,2,2
64070,6403,-0.0169975,0,1,1
64070,6404,-0.0269983,0,1,1
64070,6405,-0.036999,0,0,0
64070,6406,-0.0469998,0,0,0
