time,particle_id,x,y,mesh_index,mesh_index_original
31960,3186,0.0460036,0,4,4
31960,3187,0.0360032,0,4,4
31960,3188,0.0260029,0,3,3
31960,3189,0.0160025,0,3,3
31960,3190,0.00600211,0,2,2
31960,3191,-0.00399827,0,2,2
31960,3192,-0.0139986,0,1,1
31960,3193,-0.023999,0,1,1
31960,3194,-0.0339994,0,0,0
31960,3195,-0.0439998,0,0,0
