time,particle_id,x,y,mesh_index,mesh_index_original
35340,3524,0.046004,0,4,4
35340,3525,0.0360036,0,4,4
35340,3526,0.0260032,0,3,3
35340,3527,0.0160028,0,3,3
35340,3528,0.00600234,0,2,2
35340,3529,-0.00399808,0,2,2
35340,3530,-0.0139985,0,1,1
35340,3531,-0.0239989,0,1,1
35340,3532,-0.0339993,0,0,0
35340,3533,-0.0439997,0,0,0
