time,particle_id,x,y,mesh_index,mesh_index_original
89490,8939,0.0410096,0,4,4
89490,8940,0.0310086,0,4,4
89490,8941,0.0210075,0,3,3
89490,8942,0.0110065,0,3,3
89490,8943,0.00100539,0,2,2
89490,8944,-0.00899566,0,2,2
89490,8945,-0.0189967,0,1,1
89490,8946,-0.0289978,0,1,1
89490,8947,-0.0389988,0,0,0
89490,8948,-0.0489999,0,0,0
