time,particle_id,x,y,mesh_index,mesh_index_original
54940,5484,0.0440061,0,4,4
54940,5485,0.0340054,0,4,4
54940,5486,0.0240048,0,3,3
54940,5487,0.0140042,0,3,3
54940,5488,0.0040035,0,2,2
54940,5489,-0.00599714,0,2,2
54940,5490,-0.0159978,0,1,1
54940,5491,-0.0259984,0,1,1
54940,5492,-0.0359991,0,0,0
54940,5493,-0.0459997,0,0,0
