time,particle_id,x,y,mesh_index,mesh_index_original
11230,1113,0.0480013,0,4,4
11230,1114,0.0380012,0,4,4
11230,1115,0.028001,0,3,3
11230,1116,0.0180009,0,3,3
11230,1117,0.00800076,0,2,2
11230,1118,-0.00199937,0,2,2
11230,1119,-0.0119995,0,1,1
11230,1120,-0.0219996,0,1,1
11230,1121,-0.0319998,0,0,0
11230,1122,-0.0419999,0,0,0
