time,particle_id,x,y,mesh_index,mesh_index_original
10540,1044,0.0480012,0,4,4
10540,1045,0.0380011,0,4,4
10540,1046,0.028001,0,3,3
10540,1047,0.0180008,0,3,3
10540,1048,0.00800072,0,2,2
10540,1049,-0.00199941,0,2,2
10540,1050,-0.0119995,0,1,1
10540,1051,-0.0219997,0,1,1
10540,1052,-0.0319998,0,0,0
10540,1053,-0.0419999,0,0,0
