time,particle_id,x,y,mesh_index,mesh_index_original
52690,5259,0.0440058,0,4,4
52690,5260,0.0340052,0,4,4
52690,5261,0.0240046,0,3,3
52690,5262,0.014004,0,3,3
52690,5263,0.00400336,0,2,2
52690,5264,-0.00599726,0,2,2
52690,5265,-0.0159979,0,1,1
52690,5266,-0.0259985,0,1,1
52690,5267,-0.0359991,0,0,0
52690,5268,-0.0459998,0,0,0
