time,particle_id,x,y,mesh_index,mesh_index_original
72650,7255,0.0420079,0,4,4
72650,7256,0.032007,0,4,4
72650,7257,0.0220062,0,3,3
72650,7258,0.0120053,0,3,3
72650,7259,0.00200446,0,2,2
72650,7260,-0.00799639,0,2,2
72650,7261,-0.0179973,0,1,1
72650,7262,-0.0279981,0,1,1
72650,7263,-0.037999,0,0,0
72650,7264,-0.0479998,0,0,0
