time,particle_id,x,y,mesh_index,mesh_index_original
71840,7174,0.0420078,0,4,4
71840,7175,0.032007,0,4,4
71840,7176,0.0220061,0,3,3
71840,7177,0.0120053,0,3,3
71840,7178,0.00200441,0,2,2
71840,7179,-0.00799643,0,2,2
71840,7180,-0.0179973,0,1,1
71840,7181,-0.0279981,0,1,1
71840,7182,-0.037999,0,0,0
71840,7183,-0.0479998,0,0,0
