time,particle_id,x,y,mesh_index,mesh_index_original
22900,2280,0.0470026,0,4,4
22900,2281,0.0370023,0,4,4
22900,2282,0.0270021,0,3,3
22900,2283,0.0170018,0,3,3
22900,2284,0.00700154,0,2,2
22900,2285,-0.00299873,0,2,2
22900,2286,-0.012999,0,1,1
22900,2287,-0.0229993,0,1,1
22900,2288,-0.0329995,0,0,0
22900,2289,-0.0429998,0,0,0
