time,particle_id,x,y,mesh_index,mesh_index_original
28320,2822,0.0470032,0,4,4
28320,2823,0.0370029,0,4,4
28320,2824,0.0270026,0,3,3
28320,2825,0.0170022,0,3,3
28320,2826,0.0070019,0,2,2
28320,2827,-0.00299843,0,2,2
28320,2828,-0.0129988,0,1,1
28320,2829,-0.0229991,0,1,1
28320,2830,-0.0329994,0,0,0
28320,2831,-0.0429998,0,0,0
