time,particle_id,x,y,mesh_index,mesh_index_original
5570,547,0.0489647,0,49,49
5570,548,0.0389683,0,44,44
5570,549,0.0289718,0,39,39
5570,550,0.0189754,0,34,34
5570,551,0.00897901,0,29,29
5570,552,-0.00101742,0,24,24
5570,553,-0.0110139,0,19,19
5570,554,-0.0210103,0,14,14
5570,555,-0.0310067,0,9,9
5570,556,-0.0410032,0,4,4
