time,particle_id,x,y,mesh_index,mesh_index_original
28500,2840,0.0468206,0,48,48
28500,2841,0.0368392,0,43,43
28500,2842,0.0268579,0,38,38
28500,2843,0.0168765,0,33,33
28500,2844,0.00689506,0,28,28
28500,2845,-0.00308642,0,23,23
28500,2846,-0.013068,0,18,18
28500,2847,-0.0230495,0,13,13
28500,2848,-0.0330311,0,8,8
28500,2849,-0.0430128,0,3,3
