time,particle_id,x,y,mesh_index,mesh_index_original
9570,947,0.0489388,0,49,49
9570,948,0.0389451,0,44,44
9570,949,0.0289513,0,39,39
9570,950,0.0189575,0,34,34
9570,951,0.00896371,0,29,29
9570,952,-0.00103011,0,24,24
9570,953,-0.0110239,0,19,19
9570,954,-0.0210178,0,14,14
9570,955,-0.0310116,0,9,9
9570,956,-0.0410055,0,4,4
