time,particle_id,x,y,mesh_index,mesh_index_original
17260,1716,0.0478904,0,48,48
17260,1717,0.0379017,0,43,43
17260,1718,0.027913,0,38,38
17260,1719,0.0179242,0,33,33
17260,1720,0.00793542,0,28,28
17260,1721,-0.00205338,0,23,23
17260,1722,-0.0120422,0,18,18
17260,1723,-0.0220311,0,13,13
17260,1724,-0.0320199,0,8,8
17260,1725,-0.0420089,0,3,3
