time,particle_id,x,y,mesh_index,mesh_index_original
76290,7619,0.0415445,0,45,45
76290,7620,0.0315945,0,40,40
76290,7621,0.0216444,0,35,35
76290,7622,0.0116942,0,30,30
76290,7623,0.00174384,0,25,25
76290,7624,-0.00820663,0,20,20
76290,7625,-0.0181572,0,15,15
76290,7626,-0.028108,0,10,10
76290,7627,-0.0380588,0,5,5
76290,7628,-0.0480098,0,0,0
