time,particle_id,x,y,mesh_index,mesh_index_original
51600,5150,0.0436851,0,46,46
51600,5151,0.0337189,0,41,41
51600,5152,0.0237527,0,36,36
51600,5153,0.0137864,0,31,31
51600,5154,0.00381998,0,26,26
51600,5155,-0.0061465,0,21,21
51600,5156,-0.0161131,0,16,16
51600,5157,-0.0260797,0,11,11
51600,5158,-0.0360464,0,6,6
51600,5159,-0.0460132,0,1,1
