time,particle_id,x,y,mesh_index,mesh_index_original
99460,9935,0.0493542,0,49,49
99460,9936,0.0394195,0,44,44
99460,9937,0.0294847,0,39,39
99460,9938,0.0195497,0,34,34
99460,9939,0.00961448,0,29,29
99460,9940,-0.000320856,0,24,24
99460,9941,-0.0102564,0,19,19
99460,9942,-0.020192,0,14,14
99460,9943,-0.0301278,0,9,9
99460,9944,-0.0400638,0,4,4
