time,particle_id,x,y,mesh_index,mesh_index_original
78900,7880,0.0415289,0,45,45
78900,7881,0.0315807,0,40,40
78900,7882,0.0216323,0,35,35
78900,7883,0.0116837,0,30,30
78900,7884,0.00173509,0,25,25
78900,7885,-0.00821369,0,20,20
78900,7886,-0.0181626,0,15,15
78900,7887,-0.0281116,0,10,10
78900,7888,-0.0380608,0,5,5
78900,7889,-0.0480101,0,0,0
