time,particle_id,x,y,mesh_index,mesh_index_original
20840,2074,0.0468689,0,48,48
20840,2075,0.0368826,0,43,43
20840,2076,0.0268962,0,38,38
20840,2077,0.0169098,0,33,33
20840,2078,0.00692333,0,28,28
20840,2079,-0.00306314,0,23,23
20840,2080,-0.0130496,0,18,18
20840,2081,-0.0230362,0,13,13
20840,2082,-0.0330228,0,8,8
20840,2083,-0.0430094,0,3,3
