time,particle_id,x,y,mesh_index,mesh_index_original
22650,2255,0.0468575,0,48,48
22650,2256,0.0368723,0,43,43
22650,2257,0.0268871,0,38,38
22650,2258,0.0169019,0,33,33
22650,2259,0.00691665,0,28,28
22650,2260,-0.00306864,0,23,23
22650,2261,-0.013054,0,18,18
22650,2262,-0.0230393,0,13,13
22650,2263,-0.0330247,0,8,8
22650,2264,-0.0430102,0,3,3
