time,particle_id,x,y,mesh_index,mesh_index_original
40580,4048,0.0447497,0,47,47
40580,4049,0.0347763,0,42,42
40580,4050,0.0248029,0,37,37
40580,4051,0.0148294,0,32,32
40580,4052,0.0048558,0,27,27
40580,4053,-0.00511784,0,22,22
40580,4054,-0.0150915,0,17,17
40580,4055,-0.0250653,0,12,12
40580,4056,-0.0350391,0,7,7
40580,4057,-0.045013,0,2,2
