time,particle_id,x,y,mesh_index,mesh_index_original
76800,7670,0.0415415,0,45,45
76800,7671,0.0315918,0,40,40
76800,7672,0.021642,0,35,35
76800,7673,0.0116922,0,30,30
76800,7674,0.00174213,0,25,25
76800,7675,-0.00820801,0,20,20
76800,7676,-0.0181583,0,15,15
76800,7677,-0.0281087,0,10,10
76800,7678,-0.0380592,0,5,5
76800,7679,-0.0480099,0,0,0
