time,particle_id,x,y,mesh_index,mesh_index_original
35440,3534,0.0457791,0,47,47
35440,3535,0.0358023,0,42,42
35440,3536,0.0258255,0,37,37
35440,3537,0.0158487,0,32,32
35440,3538,0.00587177,0,27,27
35440,3539,-0.0041052,0,22,22
35440,3540,-0.0140822,0,17,17
35440,3541,-0.0240593,0,12,12
35440,3542,-0.0340365,0,7,7
35440,3543,-0.0440137,0,2,2
