time,particle_id,x,y,mesh_index,mesh_index_original
870,77,0.048995,0,49,49
870,78,0.0389955,0,44,44
870,79,0.028996,0,39,39
870,80,0.0189965,0,34,34
870,81,0.00899699,0,29,29
870,82,-0.0010025,0,24,24
870,83,-0.011002,0,19,19
870,84,-0.0210015,0,14,14
870,85,-0.031001,0,9,9
870,86,-0.0410005,0,4,4
