time,particle_id,x,y,mesh_index,mesh_index_original
75180,7508,0.0415511,0,45,45
75180,7509,0.0316004,0,40,40
75180,7510,0.0216496,0,35,35
75180,7511,0.0116986,0,30,30
75180,7512,0.00174757,0,25,25
75180,7513,-0.00820363,0,20,20
75180,7514,-0.0181549,0,15,15
75180,7515,-0.0281064,0,10,10
75180,7516,-0.038058,0,5,5
75180,7517,-0.0480096,0,0,0
