time,particle_id,x,y,mesh_index,mesh_index_original
66120,6602,0.0426008,0,46,46
66120,6603,0.0326442,0,41,41
66120,6604,0.0226874,0,36,36
66120,6605,0.0127306,0,31,31
66120,6606,0.00277365,0,26,26
66120,6607,-0.0071834,0,21,21
66120,6608,-0.0171406,0,16,16
66120,6609,-0.0270978,0,11,11
66120,6610,-0.0370552,0,6,6
66120,6611,-0.0470127,0,1,1
