time,particle_id,x,y,mesh_index,mesh_index_original
65640,6554,0.0426037,0,46,46
65640,6555,0.0326468,0,41,41
65640,6556,0.0226897,0,36,36
65640,6557,0.0127326,0,31,31
65640,6558,0.00277529,0,26,26
65640,6559,-0.00718207,0,21,21
65640,6560,-0.0171396,0,16,16
65640,6561,-0.0270971,0,11,11
65640,6562,-0.0370548,0,6,6
65640,6563,-0.0470126,0,1,1
