time,particle_id,x,y,mesh_index,mesh_index_original
21680,2158,0.0468636,0,48,48
21680,2159,0.0368778,0,43,43
21680,2160,0.026892,0,38,38
21680,2161,0.0169061,0,33,33
21680,2162,0.00692023,0,28,28
21680,2163,-0.0030657,0,23,23
21680,2164,-0.0130517,0,18,18
21680,2165,-0.0230376,0,13,13
21680,2166,-0.0330237,0,8,8
21680,2167,-0.0430097,0,3,3
