time,particle_id,x,y,mesh_index,mesh_index_original
93370,9326,0.0493937,0,49,49
93370,9327,0.039455,0,44,44
93370,9328,0.0295162,0,39,39
93370,9329,0.0195772,0,34,34
93370,9330,0.00963803,0,29,29
93370,9331,-0.000301254,0,24,24
93370,9332,-0.0102407,0,19,19
93370,9333,-0.0201803,0,14,14
93370,9334,-0.03012,0,9,9
93370,9335,-0.0400599,0,4,4
