time,particle_id,x,y,mesh_index,mesh_index_original
26490,2639,0.0468332,0,48,48
26490,2640,0.0368506,0,43,43
26490,2641,0.0268679,0,38,38
26490,2642,0.0168852,0,33,33
26490,2643,0.00690248,0,28,28
26490,2644,-0.00308031,0,23,23
26490,2645,-0.0130631,0,18,18
26490,2646,-0.023046,0,13,13
26490,2647,-0.0330289,0,8,8
26490,2648,-0.0430119,0,3,3
