time,particle_id,x,y,mesh_index,mesh_index_original
70010,6991,0.0425774,0,46,46
70010,6992,0.0326233,0,41,41
70010,6993,0.0226691,0,36,36
70010,6994,0.0127148,0,31,31
70010,6995,0.00276035,0,26,26
70010,6996,-0.00719418,0,21,21
70010,6997,-0.0171488,0,16,16
70010,6998,-0.0271036,0,11,11
70010,6999,-0.0370585,0,6,6
70010,7000,-0.048009,0,0,0
