time,particle_id,x,y,mesh_index,mesh_index_original
84800,8470,0.0404994,0,45,45
84800,8471,0.0305549,0,40,40
84800,8472,0.0206104,0,35,35
84800,8473,0.0106657,0,30,30
84800,8474,0.000720832,0,25,25
84800,8475,-0.00922414,0,20,20
84800,8476,-0.0191693,0,15,15
84800,8477,-0.0291145,0,10,10
84800,8478,-0.0390599,0,5,5
84800,8479,-0.0490054,0,0,0
