time,particle_id,x,y,mesh_index,mesh_index_original
74330,7423,0.0415562,0,45,45
74330,7424,0.0316049,0,40,40
74330,7425,0.0216535,0,35,35
74330,7426,0.011702,0,30,30
74330,7427,0.00175042,0,25,25
74330,7428,-0.00820133,0,20,20
74330,7429,-0.0181532,0,15,15
74330,7430,-0.0281052,0,10,10
74330,7431,-0.0380573,0,5,5
74330,7432,-0.0480095,0,0,0
