time,particle_id,x,y,mesh_index,mesh_index_original
6510,641,0.0489586,0,49,49
6510,642,0.0389628,0,44,44
6510,643,0.028967,0,39,39
6510,644,0.0189712,0,34,34
6510,645,0.00897541,0,29,29
6510,646,-0.0010204,0,24,24
6510,647,-0.0110162,0,19,19
6510,648,-0.0210121,0,14,14
6510,649,-0.0310079,0,9,9
6510,650,-0.0410037,0,4,4
