time,particle_id,x,y,mesh_index,mesh_index_original
23810,2371,0.0468502,0,48,48
23810,2372,0.0368658,0,43,43
23810,2373,0.0268813,0,38,38
23810,2374,0.0168969,0,33,33
23810,2375,0.00691237,0,28,28
23810,2376,-0.00307217,0,23,23
23810,2377,-0.0130567,0,18,18
23810,2378,-0.0230414,0,13,13
23810,2379,-0.033026,0,8,8
23810,2380,-0.0430107,0,3,3
