time,particle_id,x,y,mesh_index,mesh_index_original
92700,9259,0.049398,0,49,49
92700,9260,0.0394589,0,44,44
92700,9261,0.0295196,0,39,39
92700,9262,0.0195802,0,34,34
92700,9263,0.00964062,0,29,29
92700,9264,-0.000299097,0,24,24
92700,9265,-0.010239,0,19,19
92700,9266,-0.020179,0,14,14
92700,9267,-0.0301192,0,9,9
92700,9268,-0.0400595,0,4,4
