time,particle_id,x,y,mesh_index,mesh_index_original
6670,657,0.0489576,0,49,49
6670,658,0.0389619,0,44,44
6670,659,0.0289662,0,39,39
6670,660,0.0189705,0,34,34
6670,661,0.0089748,0,29,29
6670,662,-0.00102091,0,24,24
6670,663,-0.0110166,0,19,19
6670,664,-0.0210124,0,14,14
6670,665,-0.0310081,0,9,9
6670,666,-0.0410038,0,4,4
