time,particle_id,x,y,mesh_index,mesh_index_original
36670,3657,0.0457714,0,47,47
36670,3658,0.0357955,0,42,42
36670,3659,0.0258195,0,37,37
36670,3660,0.0158434,0,32,32
36670,3661,0.00586731,0,27,27
36670,3662,-0.00410886,0,22,22
36670,3663,-0.0140851,0,17,17
36670,3664,-0.0240614,0,12,12
36670,3665,-0.0340377,0,7,7
36670,3666,-0.0440141,0,2,2
