time,particle_id,x,y,mesh_index,mesh_index_original
15990,1589,0.0478985,0,48,48
15990,1590,0.037909,0,43,43
15990,1591,0.0279194,0,38,38
15990,1592,0.0179298,0,33,33
15990,1593,0.0079402,0,28,28
15990,1594,-0.00204943,0,23,23
15990,1595,-0.0120391,0,18,18
15990,1596,-0.0220288,0,13,13
15990,1597,-0.0320185,0,8,8
15990,1598,-0.0420082,0,3,3
