time,particle_id,x,y,mesh_index,mesh_index_original
21300,2120,0.046866,0,48,48
21300,2121,0.03688,0,43,43
21300,2122,0.0268939,0,38,38
21300,2123,0.0169078,0,33,33
21300,2124,0.00692163,0,28,28
21300,2125,-0.00306454,0,23,23
21300,2126,-0.0130507,0,18,18
21300,2127,-0.023037,0,13,13
21300,2128,-0.0330233,0,8,8
21300,2129,-0.0430096,0,3,3
