time,particle_id,x,y,mesh_index,mesh_index_original
31940,3184,0.045801,0,47,47
31940,3185,0.0358219,0,42,42
31940,3186,0.0258428,0,37,37
31940,3187,0.0158637,0,32,32
31940,3188,0.00588445,0,27,27
31940,3189,-0.0040948,0,22,22
31940,3190,-0.0140741,0,17,17
31940,3191,-0.0240534,0,12,12
31940,3192,-0.0340328,0,7,7
31940,3193,-0.0440123,0,2,2
