time,particle_id,x,y,mesh_index,mesh_index_original
31890,3179,0.0458013,0,47,47
31890,3180,0.0358222,0,42,42
31890,3181,0.025843,0,37,37
31890,3182,0.0158639,0,32,32
31890,3183,0.00588463,0,27,27
31890,3184,-0.00409465,0,22,22
31890,3185,-0.014074,0,17,17
31890,3186,-0.0240534,0,12,12
31890,3187,-0.0340328,0,7,7
31890,3188,-0.0440123,0,2,2
