time,particle_id,x,y,mesh_index,mesh_index_original
50470,5037,0.043692,0,46,46
50470,5038,0.0337251,0,41,41
50470,5039,0.0237581,0,36,36
50470,5040,0.0137911,0,31,31
50470,5041,0.00382392,0,26,26
50470,5042,-0.00614329,0,21,21
50470,5043,-0.0161106,0,16,16
50470,5044,-0.026078,0,11,11
50470,5045,-0.0360454,0,6,6
50470,5046,-0.046013,0,1,1
