time,particle_id,x,y,mesh_index,mesh_index_original
24810,2471,0.0468438,0,48,48
24810,2472,0.0368601,0,43,43
24810,2473,0.0268763,0,38,38
24810,2474,0.0168925,0,33,33
24810,2475,0.00690868,0,28,28
24810,2476,-0.00307521,0,23,23
24810,2477,-0.0130591,0,18,18
24810,2478,-0.0230431,0,13,13
24810,2479,-0.0330271,0,8,8
24810,2480,-0.0430111,0,3,3
