time,particle_id,x,y,mesh_index,mesh_index_original
14320,1422,0.0479092,0,48,48
14320,1423,0.0379185,0,43,43
14320,1424,0.0279279,0,38,38
14320,1425,0.0179372,0,33,33
14320,1426,0.00794647,0,28,28
14320,1427,-0.00204425,0,23,23
14320,1428,-0.012035,0,18,18
14320,1429,-0.0220258,0,13,13
14320,1430,-0.0320165,0,8,8
14320,1431,-0.0420073,0,3,3
