time,particle_id,x,y,mesh_index,mesh_index_original
39430,3933,0.0457542,0,47,47
39430,3934,0.0357801,0,42,42
39430,3935,0.0258059,0,37,37
39430,3936,0.0158316,0,32,32
39430,3937,0.00585732,0,27,27
39430,3938,-0.00411706,0,22,22
39430,3939,-0.0140915,0,17,17
39430,3940,-0.024066,0,12,12
39430,3941,-0.0340406,0,7,7
39430,3942,-0.0440152,0,2,2
