time,particle_id,x,y,mesh_index,mesh_index_original
6770,667,0.0489569,0,49,49
6770,668,0.0389613,0,44,44
6770,669,0.0289657,0,39,39
6770,670,0.0189701,0,34,34
6770,671,0.00897442,0,29,29
6770,672,-0.00102123,0,24,24
6770,673,-0.0110169,0,19,19
6770,674,-0.0210125,0,14,14
6770,675,-0.0310082,0,9,9
6770,676,-0.0410039,0,4,4
