time,particle_id,x,y,mesh_index,mesh_index_original
7730,763,0.0489507,0,49,49
7730,764,0.0389557,0,44,44
7730,765,0.0289608,0,39,39
7730,766,0.0189658,0,34,34
7730,767,0.00897075,0,29,29
7730,768,-0.00102427,0,24,24
7730,769,-0.0110193,0,19,19
7730,770,-0.0210143,0,14,14
7730,771,-0.0310094,0,9,9
7730,772,-0.0410044,0,4,4
