time,particle_id,x,y,mesh_index,mesh_index_original
17370,1727,0.0478897,0,48,48
17370,1728,0.0379011,0,43,43
17370,1729,0.0279124,0,38,38
17370,1730,0.0179237,0,33,33
17370,1731,0.00793501,0,28,28
17370,1732,-0.00205372,0,23,23
17370,1733,-0.0120425,0,18,18
17370,1734,-0.0220313,0,13,13
17370,1735,-0.0320201,0,8,8
17370,1736,-0.0420089,0,3,3
