time,particle_id,x,y,mesh_index,mesh_index_original
55050,5495,0.043664,0,46,46
55050,5496,0.0337001,0,41,41
55050,5497,0.0237362,0,36,36
55050,5498,0.0137721,0,31,31
55050,5499,0.00380795,0,26,26
55050,5500,-0.00615629,0,21,21
55050,5501,-0.0161206,0,16,16
55050,5502,-0.026085,0,11,11
55050,5503,-0.0360495,0,6,6
55050,5504,-0.0460141,0,1,1
