time,particle_id,x,y,mesh_index,mesh_index_original
40370,4027,0.044751,0,47,47
40370,4028,0.0347775,0,42,42
40370,4029,0.0248039,0,37,37
40370,4030,0.0148302,0,32,32
40370,4031,0.00485654,0,27,27
40370,4032,-0.00511723,0,22,22
40370,4033,-0.0150911,0,17,17
40370,4034,-0.025065,0,12,12
40370,4035,-0.0350389,0,7,7
40370,4036,-0.045013,0,2,2
