time,particle_id,x,y,mesh_index,mesh_index_original
63030,6293,0.0426195,0,46,46
63030,6294,0.0326608,0,41,41
63030,6295,0.022702,0,36,36
63030,6296,0.0127432,0,31,31
63030,6297,0.00278422,0,26,26
63030,6298,-0.00717484,0,21,21
63030,6299,-0.017134,0,16,16
63030,6300,-0.0270933,0,11,11
63030,6301,-0.0370527,0,6,6
63030,6302,-0.0470121,0,1,1
