time,particle_id,x,y,mesh_index,mesh_index_original
40820,4072,0.0447482,0,47,47
40820,4073,0.034775,0,42,42
40820,4074,0.0248017,0,37,37
40820,4075,0.0148284,0,32,32
40820,4076,0.00485494,0,27,27
40820,4077,-0.00511853,0,22,22
40820,4078,-0.0150921,0,17,17
40820,4079,-0.0250657,0,12,12
40820,4080,-0.0350394,0,7,7
40820,4081,-0.0450131,0,2,2
