time,particle_id,x,y,mesh_index,mesh_index_original
62060,6196,0.0426253,0,46,46
62060,6197,0.032666,0,41,41
62060,6198,0.0227066,0,36,36
62060,6199,0.0127471,0,31,31
62060,6200,0.00278754,0,26,26
62060,6201,-0.00717215,0,21,21
62060,6202,-0.0171319,0,16,16
62060,6203,-0.0270918,0,11,11
62060,6204,-0.0370518,0,6,6
62060,6205,-0.0470119,0,1,1
