time,particle_id,x,y,mesh_index,mesh_index_original
25850,2575,0.0468373,0,48,48
25850,2576,0.0368542,0,43,43
25850,2577,0.0268711,0,38,38
25850,2578,0.016888,0,33,33
25850,2579,0.00690484,0,28,28
25850,2580,-0.00307837,0,23,23
25850,2581,-0.0130616,0,18,18
25850,2582,-0.0230449,0,13,13
25850,2583,-0.0330282,0,8,8
25850,2584,-0.0430116,0,3,3
