time,particle_id,x,y,mesh_index,mesh_index_original
38860,3876,0.0457578,0,47,47
38860,3877,0.0357833,0,42,42
38860,3878,0.0258087,0,37,37
38860,3879,0.0158341,0,32,32
38860,3880,0.00585938,0,27,27
38860,3881,-0.00411536,0,22,22
38860,3882,-0.0140902,0,17,17
38860,3883,-0.024065,0,12,12
38860,3884,-0.03404,0,7,7
38860,3885,-0.044015,0,2,2
