time,particle_id,x,y,mesh_index,mesh_index_original
81970,8187,0.040516,0,45,45
81970,8188,0.0305698,0,40,40
81970,8189,0.0206233,0,35,35
81970,8190,0.0106768,0,30,30
81970,8191,0.000730133,0,25,25
81970,8192,-0.00921667,0,20,20
81970,8193,-0.0191636,0,15,15
81970,8194,-0.0291107,0,10,10
81970,8195,-0.0390579,0,5,5
81970,8196,-0.0490053,0,0,0
