time,particle_id,x,y,mesh_index,mesh_index_original
31720,3162,0.0458023,0,47,47
31720,3163,0.0358231,0,42,42
31720,3164,0.0258439,0,37,37
31720,3165,0.0158646,0,32,32
31720,3166,0.00588525,0,27,27
31720,3167,-0.00409414,0,22,22
31720,3168,-0.0140736,0,17,17
31720,3169,-0.0240531,0,12,12
31720,3170,-0.0340326,0,7,7
31720,3171,-0.0440122,0,2,2
