time,particle_id,x,y,mesh_index,mesh_index_original
39140,3904,0.045756,0,47,47
39140,3905,0.0357817,0,42,42
39140,3906,0.0258073,0,37,37
39140,3907,0.0158329,0,32,32
39140,3908,0.00585837,0,27,27
39140,3909,-0.00411619,0,22,22
39140,3910,-0.0140908,0,17,17
39140,3911,-0.0240655,0,12,12
39140,3912,-0.0340403,0,7,7
39140,3913,-0.0440151,0,2,2
