time,particle_id,x,y,mesh_index,mesh_index_original
13290,1319,0.0479157,0,48,48
13290,1320,0.0379244,0,43,43
13290,1321,0.0279331,0,38,38
13290,1322,0.0179417,0,33,33
13290,1323,0.00795034,0,28,28
13290,1324,-0.00204105,0,23,23
13290,1325,-0.0120325,0,18,18
13290,1326,-0.0220239,0,13,13
13290,1327,-0.0320153,0,8,8
13290,1328,-0.0420068,0,3,3
