time,particle_id,x,y,mesh_index,mesh_index_original
8950,885,0.0489428,0,49,49
8950,886,0.0389487,0,44,44
8950,887,0.0289545,0,39,39
8950,888,0.0189603,0,34,34
8950,889,0.00896608,0,29,29
8950,890,-0.00102814,0,24,24
8950,891,-0.0110224,0,19,19
8950,892,-0.0210166,0,14,14
8950,893,-0.0310109,0,9,9
8950,894,-0.0410051,0,4,4
