time,particle_id,x,y,mesh_index,mesh_index_original
55640,5554,0.0436604,0,46,46
55640,5555,0.0336969,0,41,41
55640,5556,0.0237333,0,36,36
55640,5557,0.0137697,0,31,31
55640,5558,0.00380589,0,26,26
55640,5559,-0.00615796,0,21,21
55640,5560,-0.0161219,0,16,16
55640,5561,-0.0260859,0,11,11
55640,5562,-0.0360501,0,6,6
55640,5563,-0.0460143,0,1,1
