time,particle_id,x,y,mesh_index,mesh_index_original
61800,6170,0.0426269,0,46,46
61800,6171,0.0326674,0,41,41
61800,6172,0.0227079,0,36,36
61800,6173,0.0127482,0,31,31
61800,6174,0.00278843,0,26,26
61800,6175,-0.00717143,0,21,21
61800,6176,-0.0171314,0,16,16
61800,6177,-0.0270915,0,11,11
61800,6178,-0.0370516,0,6,6
61800,6179,-0.0470119,0,1,1
