time,particle_id,x,y,mesh_index,mesh_index_original
66060,6596,0.0426012,0,46,46
66060,6597,0.0326445,0,41,41
66060,6598,0.0226877,0,36,36
66060,6599,0.0127308,0,31,31
66060,6600,0.00277386,0,26,26
66060,6601,-0.00718324,0,21,21
66060,6602,-0.0171404,0,16,16
66060,6603,-0.0270978,0,11,11
66060,6604,-0.0370552,0,6,6
66060,6605,-0.0470127,0,1,1
