time,particle_id,x,y,mesh_index,mesh_index_original
7630,753,0.0489514,0,49,49
7630,754,0.0389563,0,44,44
7630,755,0.0289613,0,39,39
7630,756,0.0189662,0,34,34
7630,757,0.00897113,0,29,29
7630,758,-0.00102395,0,24,24
7630,759,-0.011019,0,19,19
7630,760,-0.0210141,0,14,14
7630,761,-0.0310093,0,9,9
7630,762,-0.0410044,0,4,4
