time,particle_id,x,y,mesh_index,mesh_index_original
41050,4095,0.0447468,0,47,47
41050,4096,0.0347737,0,42,42
41050,4097,0.0248006,0,37,37
41050,4098,0.0148274,0,32,32
41050,4099,0.00485412,0,27,27
41050,4100,-0.0051192,0,22,22
41050,4101,-0.0150926,0,17,17
41050,4102,-0.0250661,0,12,12
41050,4103,-0.0350396,0,7,7
41050,4104,-0.0450132,0,2,2
