time,particle_id,x,y,mesh_index,mesh_index_original
66370,6627,0.0425993,0,46,46
66370,6628,0.0326428,0,41,41
66370,6629,0.0226863,0,36,36
66370,6630,0.0127296,0,31,31
66370,6631,0.0027728,0,26,26
66370,6632,-0.0071841,0,21,21
66370,6633,-0.0171411,0,16,16
66370,6634,-0.0270982,0,11,11
66370,6635,-0.0370554,0,6,6
66370,6636,-0.0470128,0,1,1
