time,particle_id,x,y,mesh_index,mesh_index_original
16200,1610,0.0478972,0,48,48
16200,1611,0.0379078,0,43,43
16200,1612,0.0279183,0,38,38
16200,1613,0.0179289,0,33,33
16200,1614,0.00793941,0,28,28
16200,1615,-0.00205009,0,23,23
16200,1616,-0.0120396,0,18,18
16200,1617,-0.0220291,0,13,13
16200,1618,-0.0320187,0,8,8
16200,1619,-0.0420083,0,3,3
