time,particle_id,x,y,mesh_index,mesh_index_original
64810,6471,0.0426087,0,46,46
64810,6472,0.0326512,0,41,41
64810,6473,0.0226936,0,36,36
64810,6474,0.0127359,0,31,31
64810,6475,0.00277813,0,26,26
64810,6476,-0.00717977,0,21,21
64810,6477,-0.0171378,0,16,16
64810,6478,-0.0270959,0,11,11
64810,6479,-0.0370541,0,6,6
64810,6480,-0.0470125,0,1,1
