time,particle_id,x,y,mesh_index,mesh_index_original
56480,5638,0.0436553,0,46,46
56480,5639,0.0336923,0,41,41
56480,5640,0.0237293,0,36,36
56480,5641,0.0137662,0,31,31
56480,5642,0.00380296,0,26,26
56480,5643,-0.00616035,0,21,21
56480,5644,-0.0161237,0,16,16
56480,5645,-0.0260872,0,11,11
56480,5646,-0.0360508,0,6,6
56480,5647,-0.0460145,0,1,1
