time,particle_id,x,y,mesh_index,mesh_index_original
73980,7388,0.0415583,0,45,45
73980,7389,0.0316068,0,40,40
73980,7390,0.0216552,0,35,35
73980,7391,0.0117034,0,30,30
73980,7392,0.00175159,0,25,25
73980,7393,-0.00820038,0,20,20
73980,7394,-0.0181525,0,15,15
73980,7395,-0.0281047,0,10,10
73980,7396,-0.038057,0,5,5
73980,7397,-0.0480095,0,0,0
