time,particle_id,x,y,mesh_index,mesh_index_original
51930,5183,0.0436831,0,46,46
51930,5184,0.0337171,0,41,41
51930,5185,0.0237511,0,36,36
51930,5186,0.013785,0,31,31
51930,5187,0.00381883,0,26,26
51930,5188,-0.00614743,0,21,21
51930,5189,-0.0161138,0,16,16
51930,5190,-0.0260802,0,11,11
51930,5191,-0.0360467,0,6,6
51930,5192,-0.0460133,0,1,1
