time,particle_id,x,y,mesh_index,mesh_index_original
38460,3836,0.0457602,0,47,47
38460,3837,0.0357855,0,42,42
38460,3838,0.0258107,0,37,37
38460,3839,0.0158358,0,32,32
38460,3840,0.00586083,0,27,27
38460,3841,-0.00411417,0,22,22
38460,3842,-0.0140892,0,17,17
38460,3843,-0.0240644,0,12,12
38460,3844,-0.0340396,0,7,7
38460,3845,-0.0440148,0,2,2
