time,particle_id,x,y,mesh_index,mesh_index_original
21870,2177,0.0468624,0,48,48
21870,2178,0.0368767,0,43,43
21870,2179,0.026891,0,38,38
21870,2180,0.0169053,0,33,33
21870,2181,0.00691953,0,28,28
21870,2182,-0.00306627,0,23,23
21870,2183,-0.0130521,0,18,18
21870,2184,-0.023038,0,13,13
21870,2185,-0.0330239,0,8,8
21870,2186,-0.0430098,0,3,3
