time,particle_id,x,y,mesh_index,mesh_index_original
12630,1253,0.0479199,0,48,48
12630,1254,0.0379282,0,43,43
12630,1255,0.0279364,0,38,38
12630,1256,0.0179446,0,33,33
12630,1257,0.00795283,0,28,28
12630,1258,-0.002039,0,23,23
12630,1259,-0.0120308,0,18,18
12630,1260,-0.0220227,0,13,13
12630,1261,-0.0320146,0,8,8
12630,1262,-0.0420065,0,3,3
