time,particle_id,x,y,mesh_index,mesh_index_original
91440,9133,0.0494062,0,49,49
91440,9134,0.0394662,0,44,44
91440,9135,0.0295261,0,39,39
91440,9136,0.0195859,0,34,34
91440,9137,0.0096455,0,29,29
91440,9138,-0.00029504,0,24,24
91440,9139,-0.0102357,0,19,19
91440,9140,-0.0201766,0,14,14
91440,9141,-0.0301176,0,9,9
91440,9142,-0.0400587,0,4,4
