time,particle_id,x,y,mesh_index,mesh_index_original
390,29,0.0489981,0,49,49
390,30,0.0389983,0,44,44
390,31,0.0289985,0,39,39
390,32,0.0189986,0,34,34
390,33,0.00899883,0,29,29
390,34,-0.00100098,0,24,24
390,35,-0.0110008,0,19,19
390,36,-0.0210006,0,14,14
390,37,-0.0310004,0,9,9
390,38,-0.0410002,0,4,4
