time,particle_id,x,y,mesh_index,mesh_index_original
24260,2416,0.0468473,0,48,48
24260,2417,0.0368632,0,43,43
24260,2418,0.0268791,0,38,38
24260,2419,0.0168949,0,33,33
24260,2420,0.00691071,0,28,28
24260,2421,-0.00307354,0,23,23
24260,2422,-0.0130578,0,18,18
24260,2423,-0.0230421,0,13,13
24260,2424,-0.0330265,0,8,8
24260,2425,-0.0430109,0,3,3
