time,particle_id,x,y,mesh_index,mesh_index_original
13190,1309,0.0479164,0,48,48
13190,1310,0.037925,0,43,43
13190,1311,0.0279336,0,38,38
13190,1312,0.0179422,0,33,33
13190,1313,0.00795072,0,28,28
13190,1314,-0.00204074,0,23,23
13190,1315,-0.0120322,0,18,18
13190,1316,-0.0220237,0,13,13
13190,1317,-0.0320152,0,8,8
13190,1318,-0.0420068,0,3,3
