time,particle_id,x,y,mesh_index,mesh_index_original
20610,2051,0.0468704,0,48,48
20610,2052,0.0368839,0,43,43
20610,2053,0.0268973,0,38,38
20610,2054,0.0169108,0,33,33
20610,2055,0.00692418,0,28,28
20610,2056,-0.00306244,0,23,23
20610,2057,-0.0130491,0,18,18
20610,2058,-0.0230358,0,13,13
20610,2059,-0.0330225,0,8,8
20610,2060,-0.0430093,0,3,3
