time,particle_id,x,y,mesh_index,mesh_index_original
92340,9223,0.0494004,0,49,49
92340,9224,0.039461,0,44,44
92340,9225,0.0295215,0,39,39
92340,9226,0.0195818,0,34,34
92340,9227,0.00964202,0,29,29
92340,9228,-0.000297937,0,24,24
92340,9229,-0.010238,0,19,19
92340,9230,-0.0201783,0,14,14
92340,9231,-0.0301187,0,9,9
92340,9232,-0.0400593,0,4,4
