time,particle_id,x,y,mesh_index,mesh_index_original
12890,1279,0.0479183,0,48,48
12890,1280,0.0379267,0,43,43
12890,1281,0.0279351,0,38,38
12890,1282,0.0179435,0,33,33
12890,1283,0.00795185,0,28,28
12890,1284,-0.0020398,0,23,23
12890,1285,-0.0120315,0,18,18
12890,1286,-0.0220232,0,13,13
12890,1287,-0.0320149,0,8,8
12890,1288,-0.0420066,0,3,3
