time,particle_id,x,y,mesh_index,mesh_index_original
65300,6520,0.0426058,0,46,46
65300,6521,0.0326486,0,41,41
65300,6522,0.0226913,0,36,36
65300,6523,0.0127339,0,31,31
65300,6524,0.00277646,0,26,26
65300,6525,-0.00718113,0,21,21
65300,6526,-0.0171388,0,16,16
65300,6527,-0.0270966,0,11,11
65300,6528,-0.0370545,0,6,6
65300,6529,-0.0470126,0,1,1
