time,particle_id,x,y,mesh_index,mesh_index_original
17560,1746,0.0478885,0,48,48
17560,1747,0.0379,0,43,43
17560,1748,0.0279114,0,38,38
17560,1749,0.0179229,0,33,33
17560,1750,0.0079343,0,28,28
17560,1751,-0.00205431,0,23,23
17560,1752,-0.0120429,0,18,18
17560,1753,-0.0220316,0,13,13
17560,1754,-0.0320203,0,8,8
17560,1755,-0.042009,0,3,3
