time,particle_id,x,y,mesh_index,mesh_index_original
77190,7709,0.0415391,0,45,45
77190,7710,0.0315897,0,40,40
77190,7711,0.0216402,0,35,35
77190,7712,0.0116906,0,30,30
77190,7713,0.00174083,0,25,25
77190,7714,-0.00820906,0,20,20
77190,7715,-0.0181591,0,15,15
77190,7716,-0.0281092,0,10,10
77190,7717,-0.0380595,0,5,5
77190,7718,-0.0480099,0,0,0
