time,particle_id,x,y,mesh_index,mesh_index_original
90430,9032,0.0494127,0,49,49
90430,9033,0.0394721,0,44,44
90430,9034,0.0295314,0,39,39
90430,9035,0.0195905,0,34,34
90430,9036,0.00964941,0,29,29
90430,9037,-0.000291788,0,24,24
90430,9038,-0.0102331,0,19,19
90430,9039,-0.0201746,0,14,14
90430,9040,-0.0301163,0,9,9
90430,9041,-0.0400581,0,4,4
