time,particle_id,x,y,mesh_index,mesh_index_original
73160,7306,0.0415632,0,45,45
73160,7307,0.0316111,0,40,40
73160,7308,0.021659,0,35,35
73160,7309,0.0117067,0,30,30
73160,7310,0.00175434,0,25,25
73160,7311,-0.00819816,0,20,20
73160,7312,-0.0181508,0,15,15
73160,7313,-0.0281035,0,10,10
73160,7314,-0.0380564,0,5,5
73160,7315,-0.0480094,0,0,0
