time,particle_id,x,y,mesh_index,mesh_index_original
49830,4973,0.0446926,0,47,47
49830,4974,0.0347253,0,42,42
49830,4975,0.0247579,0,37,37
49830,4976,0.0147904,0,32,32
49830,4977,0.00482291,0,27,27
49830,4978,-0.00514471,0,22,22
49830,4979,-0.0151124,0,17,17
49830,4980,-0.0250802,0,12,12
49830,4981,-0.0350481,0,7,7
49830,4982,-0.045016,0,2,2
