time,particle_id,x,y,mesh_index,mesh_index_original
8630,853,0.0489449,0,49,49
8630,854,0.0389505,0,44,44
8630,855,0.0289561,0,39,39
8630,856,0.0189617,0,34,34
8630,857,0.0089673,0,29,29
8630,858,-0.00102713,0,24,24
8630,859,-0.0110216,0,19,19
8630,860,-0.021016,0,14,14
8630,861,-0.0310105,0,9,9
8630,862,-0.041005,0,4,4
