time,particle_id,x,y,mesh_index,mesh_index_original
78180,7808,0.0415332,0,45,45
78180,7809,0.0315845,0,40,40
78180,7810,0.0216356,0,35,35
78180,7811,0.0116866,0,30,30
78180,7812,0.00173751,0,25,25
78180,7813,-0.00821174,0,20,20
78180,7814,-0.0181611,0,15,15
78180,7815,-0.0281106,0,10,10
78180,7816,-0.0380603,0,5,5
78180,7817,-0.04801,0,0,0
