time,particle_id,x,y,mesh_index,mesh_index_original
71990,7189,0.0415702,0,45,45
71990,7190,0.0316174,0,40,40
71990,7191,0.0216644,0,35,35
71990,7192,0.0117114,0,30,30
71990,7193,0.00175826,0,25,25
71990,7194,-0.008195,0,20,20
71990,7195,-0.0181484,0,15,15
71990,7196,-0.0281019,0,10,10
71990,7197,-0.0380555,0,5,5
71990,7198,-0.0480092,0,0,0
