time,particle_id,x,y,mesh_index,mesh_index_original
2150,205,0.0489867,0,49,49
2150,206,0.0389881,0,44,44
2150,207,0.0289894,0,39,39
2150,208,0.0189908,0,34,34
2150,209,0.0089921,0,29,29
2150,210,-0.00100656,0,24,24
2150,211,-0.0110052,0,19,19
2150,212,-0.0210039,0,14,14
2150,213,-0.0310025,0,9,9
2150,214,-0.0410012,0,4,4
