time,particle_id,x,y,mesh_index,mesh_index_original
83120,8302,0.0405093,0,45,45
83120,8303,0.0305637,0,40,40
83120,8304,0.0206181,0,35,35
83120,8305,0.0106723,0,30,30
83120,8306,0.000726353,0,25,25
83120,8307,-0.00921971,0,20,20
83120,8308,-0.0191659,0,15,15
83120,8309,-0.0291122,0,10,10
83120,8310,-0.0390587,0,5,5
83120,8311,-0.0490053,0,0,0
