time,particle_id,x,y,mesh_index,mesh_index_original
24720,2462,0.0468444,0,48,48
24720,2463,0.0368606,0,43,43
24720,2464,0.0268768,0,38,38
24720,2465,0.0168929,0,33,33
24720,2466,0.00690901,0,28,28
24720,2467,-0.00307494,0,23,23
24720,2468,-0.0130589,0,18,18
24720,2469,-0.0230429,0,13,13
24720,2470,-0.033027,0,8,8
24720,2471,-0.0430111,0,3,3
