time,particle_id,x,y,mesh_index,mesh_index_original
40560,4046,0.0447498,0,47,47
40560,4047,0.0347764,0,42,42
40560,4048,0.024803,0,37,37
40560,4049,0.0148294,0,32,32
40560,4050,0.00485587,0,27,27
40560,4051,-0.00511778,0,22,22
40560,4052,-0.0150915,0,17,17
40560,4053,-0.0250653,0,12,12
40560,4054,-0.0350391,0,7,7
40560,4055,-0.045013,0,2,2
