time,particle_id,x,y,mesh_index,mesh_index_original
81790,8169,0.0405171,0,45,45
81790,8170,0.0305707,0,40,40
81790,8171,0.0206242,0,35,35
81790,8172,0.0106775,0,30,30
81790,8173,0.000730725,0,25,25
81790,8174,-0.0092162,0,20,20
81790,8175,-0.0191633,0,15,15
81790,8176,-0.0291104,0,10,10
81790,8177,-0.0390578,0,5,5
81790,8178,-0.0490052,0,0,0
