time,particle_id,x,y,mesh_index,mesh_index_original
24860,2476,0.0468435,0,48,48
24860,2477,0.0368598,0,43,43
24860,2478,0.0268761,0,38,38
24860,2479,0.0168923,0,33,33
24860,2480,0.00690849,0,28,28
24860,2481,-0.00307536,0,23,23
24860,2482,-0.0130593,0,18,18
24860,2483,-0.0230432,0,13,13
24860,2484,-0.0330272,0,8,8
24860,2485,-0.0430112,0,3,3
