time,particle_id,x,y,mesh_index,mesh_index_original
5680,558,0.0489639,0,49,49
5680,559,0.0389676,0,44,44
5680,560,0.0289713,0,39,39
5680,561,0.0189749,0,34,34
5680,562,0.00897859,0,29,29
5680,563,-0.00101777,0,24,24
5680,564,-0.0110141,0,19,19
5680,565,-0.0210105,0,14,14
5680,566,-0.0310069,0,9,9
5680,567,-0.0410033,0,4,4
