time,particle_id,x,y,mesh_index,mesh_index_original
45430,4533,0.0447197,0,47,47
45430,4534,0.0347496,0,42,42
45430,4535,0.0247793,0,37,37
45430,4536,0.014809,0,32,32
45430,4537,0.00483855,0,27,27
45430,4538,-0.00513193,0,22,22
45430,4539,-0.0151025,0,17,17
45430,4540,-0.0250731,0,12,12
45430,4541,-0.0350438,0,7,7
45430,4542,-0.0450146,0,2,2
