time,particle_id,x,y,mesh_index,mesh_index_original
75690,7559,0.0415481,0,45,45
75690,7560,0.0315977,0,40,40
75690,7561,0.0216472,0,35,35
75690,7562,0.0116966,0,30,30
75690,7563,0.00174586,0,25,25
75690,7564,-0.00820501,0,20,20
75690,7565,-0.018156,0,15,15
75690,7566,-0.0281071,0,10,10
75690,7567,-0.0380583,0,5,5
75690,7568,-0.0480097,0,0,0
