time,particle_id,x,y,mesh_index,mesh_index_original
3200,310,0.04898,0,49,49
3200,311,0.038982,0,44,44
3200,312,0.028984,0,39,39
3200,313,0.018986,0,34,34
3200,314,0.00898808,0,29,29
3200,315,-0.0010099,0,24,24
3200,316,-0.0110079,0,19,19
3200,317,-0.0210059,0,14,14
3200,318,-0.0310038,0,9,9
3200,319,-0.0410018,0,4,4
