time,particle_id,x,y,mesh_index,mesh_index_original
66760,6666,0.042597,0,46,46
66760,6667,0.0326407,0,41,41
66760,6668,0.0226844,0,36,36
66760,6669,0.012728,0,31,31
66760,6670,0.00277146,0,26,26
66760,6671,-0.00718518,0,21,21
66760,6672,-0.0171419,0,16,16
66760,6673,-0.0270988,0,11,11
66760,6674,-0.0370558,0,6,6
66760,6675,-0.0470129,0,1,1
