time,particle_id,x,y,mesh_index,mesh_index_original
25000,2490,0.0468426,0,48,48
25000,2491,0.036859,0,43,43
25000,2492,0.0268754,0,38,38
25000,2493,0.0168917,0,33,33
25000,2494,0.00690798,0,28,28
25000,2495,-0.00307579,0,23,23
25000,2496,-0.0130596,0,18,18
25000,2497,-0.0230434,0,13,13
25000,2498,-0.0330273,0,8,8
25000,2499,-0.0430112,0,3,3
