time,particle_id,x,y,mesh_index,mesh_index_original
66460,6636,0.0425988,0,46,46
66460,6637,0.0326424,0,41,41
66460,6638,0.0226858,0,36,36
66460,6639,0.0127292,0,31,31
66460,6640,0.00277249,0,26,26
66460,6641,-0.00718435,0,21,21
66460,6642,-0.0171413,0,16,16
66460,6643,-0.0270983,0,11,11
66460,6644,-0.0370555,0,6,6
66460,6645,-0.0470128,0,1,1
