time,particle_id,x,y,mesh_index,mesh_index_original
58350,5825,0.0436439,0,46,46
58350,5826,0.0336822,0,41,41
58350,5827,0.0237203,0,36,36
58350,5828,0.0137584,0,31,31
58350,5829,0.00379644,0,26,26
58350,5830,-0.00616565,0,21,21
58350,5831,-0.0161278,0,16,16
58350,5832,-0.0260901,0,11,11
58350,5833,-0.0360525,0,6,6
58350,5834,-0.046015,0,1,1
