time,particle_id,x,y,mesh_index,mesh_index_original
39220,3912,0.0457555,0,47,47
39220,3913,0.0357812,0,42,42
39220,3914,0.0258069,0,37,37
39220,3915,0.0158325,0,32,32
39220,3916,0.00585808,0,27,27
39220,3917,-0.00411643,0,22,22
39220,3918,-0.014091,0,17,17
39220,3919,-0.0240656,0,12,12
39220,3920,-0.0340403,0,7,7
39220,3921,-0.0440151,0,2,2
