time,particle_id,x,y,mesh_index,mesh_index_original
91810,9170,0.0494038,0,49,49
91810,9171,0.0394641,0,44,44
91810,9172,0.0295242,0,39,39
91810,9173,0.0195842,0,34,34
91810,9174,0.00964407,0,29,29
91810,9175,-0.000296231,0,24,24
91810,9176,-0.0102367,0,19,19
91810,9177,-0.0201773,0,14,14
91810,9178,-0.030118,0,9,9
91810,9179,-0.0400589,0,4,4
