time,particle_id,x,y,mesh_index,mesh_index_original
66860,6676,0.0425964,0,46,46
66860,6677,0.0326402,0,41,41
66860,6678,0.022684,0,36,36
66860,6679,0.0127276,0,31,31
66860,6680,0.00277112,0,26,26
66860,6681,-0.00718546,0,21,21
66860,6682,-0.0171421,0,16,16
66860,6683,-0.0270989,0,11,11
66860,6684,-0.0370558,0,6,6
66860,6685,-0.0470129,0,1,1
