time,particle_id,x,y,mesh_index,mesh_index_original
69050,6895,0.0425832,0,46,46
69050,6896,0.0326284,0,41,41
69050,6897,0.0226736,0,36,36
69050,6898,0.0127187,0,31,31
69050,6899,0.00276363,0,26,26
69050,6900,-0.00719152,0,21,21
69050,6901,-0.0171468,0,16,16
69050,6902,-0.0271022,0,11,11
69050,6903,-0.0370577,0,6,6
69050,6904,-0.0470133,0,1,1
