time,particle_id,x,y,mesh_index,mesh_index_original
21040,2094,0.0468677,0,48,48
21040,2095,0.0368814,0,43,43
21040,2096,0.0268952,0,38,38
21040,2097,0.0169089,0,33,33
21040,2098,0.00692259,0,28,28
21040,2099,-0.00306375,0,23,23
21040,2100,-0.0130501,0,18,18
21040,2101,-0.0230365,0,13,13
21040,2102,-0.033023,0,8,8
21040,2103,-0.0430094,0,3,3
