time,particle_id,x,y,mesh_index,mesh_index_original
40110,4001,0.0447526,0,47,47
40110,4002,0.0347789,0,42,42
40110,4003,0.0248052,0,37,37
40110,4004,0.0148313,0,32,32
40110,4005,0.00485747,0,27,27
40110,4006,-0.00511647,0,22,22
40110,4007,-0.0150905,0,17,17
40110,4008,-0.0250645,0,12,12
40110,4009,-0.0350387,0,7,7
40110,4010,-0.0450129,0,2,2
