time,particle_id,x,y,mesh_index,mesh_index_original
27600,2750,0.0468262,0,48,48
27600,2751,0.0368443,0,43,43
27600,2752,0.0268624,0,38,38
27600,2753,0.0168804,0,33,33
27600,2754,0.00689838,0,28,28
27600,2755,-0.00308369,0,23,23
27600,2756,-0.0130658,0,18,18
27600,2757,-0.023048,0,13,13
27600,2758,-0.0330302,0,8,8
27600,2759,-0.0430124,0,3,3
