time,particle_id,x,y,mesh_index,mesh_index_original
38490,3839,0.0457601,0,47,47
38490,3840,0.0357853,0,42,42
38490,3841,0.0258105,0,37,37
38490,3842,0.0158356,0,32,32
38490,3843,0.00586072,0,27,27
38490,3844,-0.00411426,0,22,22
38490,3845,-0.0140893,0,17,17
38490,3846,-0.0240644,0,12,12
38490,3847,-0.0340396,0,7,7
38490,3848,-0.0440148,0,2,2
