time,particle_id,x,y,mesh_index,mesh_index_original
69650,6955,0.0425795,0,46,46
69650,6956,0.0326252,0,41,41
69650,6957,0.0226708,0,36,36
69650,6958,0.0127162,0,31,31
69650,6959,0.00276158,0,26,26
69650,6960,-0.00719319,0,21,21
69650,6961,-0.0171481,0,16,16
69650,6962,-0.0271031,0,11,11
69650,6963,-0.0370582,0,6,6
69650,6964,-0.0470134,0,1,1
