time,particle_id,x,y,mesh_index,mesh_index_original
36880,3678,0.0457701,0,47,47
36880,3679,0.0357943,0,42,42
36880,3680,0.0258184,0,37,37
36880,3681,0.0158425,0,32,32
36880,3682,0.00586655,0,27,27
36880,3683,-0.00410948,0,22,22
36880,3684,-0.0140856,0,17,17
36880,3685,-0.0240617,0,12,12
36880,3686,-0.0340379,0,7,7
36880,3687,-0.0440142,0,2,2
