time,particle_id,x,y,mesh_index,mesh_index_original
82720,8262,0.0405116,0,45,45
82720,8263,0.0305658,0,40,40
82720,8264,0.0206199,0,35,35
82720,8265,0.0106739,0,30,30
82720,8266,0.000727668,0,25,25
82720,8267,-0.00921865,0,20,20
82720,8268,-0.0191651,0,15,15
82720,8269,-0.0291117,0,10,10
82720,8270,-0.0390584,0,5,5
82720,8271,-0.0490053,0,0,0
