time,particle_id,x,y,mesh_index,mesh_index_original
72890,7279,0.0415648,0,45,45
72890,7280,0.0316126,0,40,40
72890,7281,0.0216602,0,35,35
72890,7282,0.0117078,0,30,30
72890,7283,0.00175525,0,25,25
72890,7284,-0.00819743,0,20,20
72890,7285,-0.0181502,0,15,15
72890,7286,-0.0281031,0,10,10
72890,7287,-0.0380562,0,5,5
72890,7288,-0.0480094,0,0,0
