time,particle_id,x,y,mesh_index,mesh_index_original
93530,9342,0.0493926,0,49,49
93530,9343,0.0394541,0,44,44
93530,9344,0.0295153,0,39,39
93530,9345,0.0195764,0,34,34
93530,9346,0.00963741,0,29,29
93530,9347,-0.000301769,0,24,24
93530,9348,-0.0102411,0,19,19
93530,9349,-0.0201806,0,14,14
93530,9350,-0.0301202,0,9,9
93530,9351,-0.04006,0,4,4
