time,particle_id,x,y,mesh_index,mesh_index_original
22830,2273,0.0468563,0,48,48
22830,2274,0.0368713,0,43,43
22830,2275,0.0268862,0,38,38
22830,2276,0.0169011,0,33,33
22830,2277,0.00691599,0,28,28
22830,2278,-0.00306919,0,23,23
22830,2279,-0.0130544,0,18,18
22830,2280,-0.0230397,0,13,13
22830,2281,-0.0330249,0,8,8
22830,2282,-0.0430103,0,3,3
