time,particle_id,x,y,mesh_index,mesh_index_original
7490,739,0.0489523,0,49,49
7490,740,0.0389571,0,44,44
7490,741,0.028962,0,39,39
7490,742,0.0189668,0,34,34
7490,743,0.00897166,0,29,29
7490,744,-0.00102351,0,24,24
7490,745,-0.0110187,0,19,19
7490,746,-0.0210139,0,14,14
7490,747,-0.0310091,0,9,9
7490,748,-0.0410043,0,4,4
