time,particle_id,x,y,mesh_index,mesh_index_original
69320,6922,0.0425815,0,46,46
69320,6923,0.032627,0,41,41
69320,6924,0.0226723,0,36,36
69320,6925,0.0127176,0,31,31
69320,6926,0.00276271,0,26,26
69320,6927,-0.00719227,0,21,21
69320,6928,-0.0171474,0,16,16
69320,6929,-0.0271026,0,11,11
69320,6930,-0.0370579,0,6,6
69320,6931,-0.0470133,0,1,1
