time,particle_id,x,y,mesh_index,mesh_index_original
19430,1933,0.0478765,0,48,48
19430,1934,0.0378893,0,43,43
19430,1935,0.027902,0,38,38
19430,1936,0.0179146,0,33,33
19430,1937,0.00792727,0,28,28
19430,1938,-0.00206012,0,23,23
19430,1939,-0.0120475,0,18,18
19430,1940,-0.022035,0,13,13
19430,1941,-0.0320225,0,8,8
19430,1942,-0.04201,0,3,3
