time,particle_id,x,y,mesh_index,mesh_index_original
41860,4176,0.0447418,0,47,47
41860,4177,0.0347692,0,42,42
41860,4178,0.0247966,0,37,37
41860,4179,0.014824,0,32,32
41860,4180,0.00485124,0,27,27
41860,4181,-0.00512156,0,22,22
41860,4182,-0.0150944,0,17,17
41860,4183,-0.0250674,0,12,12
41860,4184,-0.0350404,0,7,7
41860,4185,-0.0450134,0,2,2
