time,particle_id,x,y,mesh_index,mesh_index_original
17230,1713,0.0478906,0,48,48
17230,1714,0.0379019,0,43,43
17230,1715,0.0279131,0,38,38
17230,1716,0.0179243,0,33,33
17230,1717,0.00793554,0,28,28
17230,1718,-0.00205329,0,23,23
17230,1719,-0.0120421,0,18,18
17230,1720,-0.022031,0,13,13
17230,1721,-0.0320199,0,8,8
17230,1722,-0.0420088,0,3,3
