time,particle_id,x,y,mesh_index,mesh_index_original
48790,4869,0.044699,0,47,47
48790,4870,0.034731,0,42,42
48790,4871,0.024763,0,37,37
48790,4872,0.0147948,0,32,32
48790,4873,0.00482661,0,27,27
48790,4874,-0.00514169,0,22,22
48790,4875,-0.0151101,0,17,17
48790,4876,-0.0250785,0,12,12
48790,4877,-0.035047,0,7,7
48790,4878,-0.0450157,0,2,2
