time,particle_id,x,y,mesh_index,mesh_index_original
36200,3610,0.0457744,0,47,47
36200,3611,0.0357981,0,42,42
36200,3612,0.0258218,0,37,37
36200,3613,0.0158454,0,32,32
36200,3614,0.00586902,0,27,27
36200,3615,-0.00410746,0,22,22
36200,3616,-0.014084,0,17,17
36200,3617,-0.0240606,0,12,12
36200,3618,-0.0340372,0,7,7
36200,3619,-0.0440139,0,2,2
