time,particle_id,x,y,mesh_index,mesh_index_original
70020,6992,0.0425773,0,46,46
70020,6993,0.0326232,0,41,41
70020,6994,0.022669,0,36,36
70020,6995,0.0127147,0,31,31
70020,6996,0.00276032,0,26,26
70020,6997,-0.00719421,0,21,21
70020,6998,-0.0171489,0,16,16
70020,6999,-0.0271036,0,11,11
70020,7000,-0.038054,0,5,5
70020,7001,-0.048009,0,0,0
