time,particle_id,x,y,mesh_index,mesh_index_original
84840,8474,0.0404991,0,45,45
84840,8475,0.0305547,0,40,40
84840,8476,0.0206102,0,35,35
84840,8477,0.0106655,0,30,30
84840,8478,0.000720701,0,25,25
84840,8479,-0.00922425,0,20,20
84840,8480,-0.0191693,0,15,15
84840,8481,-0.0291146,0,10,10
84840,8482,-0.0390599,0,5,5
84840,8483,-0.0490054,0,0,0
