time,particle_id,x,y,mesh_index,mesh_index_original
49720,4962,0.0446933,0,47,47
49720,4963,0.0347259,0,42,42
49720,4964,0.0247584,0,37,37
49720,4965,0.0147909,0,32,32
49720,4966,0.0048233,0,27,27
49720,4967,-0.00514439,0,22,22
49720,4968,-0.0151122,0,17,17
49720,4969,-0.02508,0,12,12
49720,4970,-0.0350479,0,7,7
49720,4971,-0.045016,0,2,2
