time,particle_id,x,y,mesh_index,mesh_index_original
72900,7280,0.0415647,0,45,45
72900,7281,0.0316125,0,40,40
72900,7282,0.0216602,0,35,35
72900,7283,0.0117078,0,30,30
72900,7284,0.00175521,0,25,25
72900,7285,-0.00819746,0,20,20
72900,7286,-0.0181503,0,15,15
72900,7287,-0.0281032,0,10,10
72900,7288,-0.0380562,0,5,5
72900,7289,-0.0480094,0,0,0
