time,particle_id,x,y,mesh_index,mesh_index_original
79890,7979,0.041523,0,45,45
79890,7980,0.0315754,0,40,40
79890,7981,0.0216277,0,35,35
79890,7982,0.0116798,0,30,30
79890,7983,0.00173178,0,25,25
79890,7984,-0.00821636,0,20,20
79890,7985,-0.0181646,0,15,15
79890,7986,-0.028113,0,10,10
79890,7987,-0.0380616,0,5,5
79890,7988,-0.0480102,0,0,0
