time,particle_id,x,y,mesh_index,mesh_index_original
33410,3331,0.0457918,0,47,47
33410,3332,0.0358137,0,42,42
33410,3333,0.0258356,0,37,37
33410,3334,0.0158574,0,32,32
33410,3335,0.00587913,0,27,27
33410,3336,-0.00409917,0,22,22
33410,3337,-0.0140775,0,17,17
33410,3338,-0.0240559,0,12,12
33410,3339,-0.0340344,0,7,7
33410,3340,-0.0440129,0,2,2
