time,particle_id,x,y,mesh_index,mesh_index_original
32010,3191,0.0458005,0,47,47
32010,3192,0.0358215,0,42,42
32010,3193,0.0258425,0,37,37
32010,3194,0.0158634,0,32,32
32010,3195,0.0058842,0,27,27
32010,3196,-0.004095,0,22,22
32010,3197,-0.0140743,0,17,17
32010,3198,-0.0240536,0,12,12
32010,3199,-0.0340329,0,7,7
32010,3200,-0.0440123,0,2,2
