time,particle_id,x,y,mesh_index,mesh_index_original
30490,3039,0.04581,0,47,47
30490,3040,0.03583,0,42,42
30490,3041,0.0258499,0,37,37
30490,3042,0.0158699,0,32,32
30490,3043,0.00588971,0,27,27
30490,3044,-0.00409049,0,22,22
30490,3045,-0.0140707,0,17,17
30490,3046,-0.024051,0,12,12
30490,3047,-0.0340314,0,7,7
30490,3048,-0.0440117,0,2,2
