time,particle_id,x,y,mesh_index,mesh_index_original
67410,6731,0.042593,0,46,46
67410,6732,0.0326373,0,41,41
67410,6733,0.0226814,0,36,36
67410,6734,0.0127254,0,31,31
67410,6735,0.00276924,0,26,26
67410,6736,-0.00718698,0,21,21
67410,6737,-0.0171433,0,16,16
67410,6738,-0.0270998,0,11,11
67410,6739,-0.0370563,0,6,6
67410,6740,-0.047013,0,1,1
