time,particle_id,x,y,mesh_index,mesh_index_original
19320,1922,0.0478772,0,48,48
19320,1923,0.0378899,0,43,43
19320,1924,0.0279025,0,38,38
19320,1925,0.0179151,0,33,33
19320,1926,0.00792768,0,28,28
19320,1927,-0.00205978,0,23,23
19320,1928,-0.0120473,0,18,18
19320,1929,-0.0220348,0,13,13
19320,1930,-0.0320223,0,8,8
19320,1931,-0.0420099,0,3,3
