time,particle_id,x,y,mesh_index,mesh_index_original
10740,1064,0.047932,0,48,48
10740,1065,0.037939,0,43,43
10740,1066,0.027946,0,38,38
10740,1067,0.017953,0,33,33
10740,1068,0.00795993,0,28,28
10740,1069,-0.00203312,0,23,23
10740,1070,-0.0120262,0,18,18
10740,1071,-0.0220193,0,13,13
10740,1072,-0.0320124,0,8,8
10740,1073,-0.0420055,0,3,3
