time,particle_id,x,y,mesh_index,mesh_index_original
52360,5226,0.0436804,0,46,46
52360,5227,0.0337148,0,41,41
52360,5228,0.023749,0,36,36
52360,5229,0.0137832,0,31,31
52360,5230,0.00381733,0,26,26
52360,5231,-0.00614865,0,21,21
52360,5232,-0.0161147,0,16,16
52360,5233,-0.0260809,0,11,11
52360,5234,-0.0360471,0,6,6
52360,5235,-0.0460134,0,1,1
