time,particle_id,x,y,mesh_index,mesh_index_original
77160,7706,0.0415393,0,45,45
77160,7707,0.0315899,0,40,40
77160,7708,0.0216404,0,35,35
77160,7709,0.0116907,0,30,30
77160,7710,0.00174093,0,25,25
77160,7711,-0.00820898,0,20,20
77160,7712,-0.018159,0,15,15
77160,7713,-0.0281092,0,10,10
77160,7714,-0.0380595,0,5,5
77160,7715,-0.0480099,0,0,0
