time,particle_id,x,y,mesh_index,mesh_index_original
44970,4487,0.0447226,0,47,47
44970,4488,0.0347521,0,42,42
44970,4489,0.0247815,0,37,37
44970,4490,0.0148109,0,32,32
44970,4491,0.00484019,0,27,27
44970,4492,-0.00513059,0,22,22
44970,4493,-0.0151014,0,17,17
44970,4494,-0.0250724,0,12,12
44970,4495,-0.0350434,0,7,7
44970,4496,-0.0450144,0,2,2
