time,particle_id,x,y,mesh_index,mesh_index_original
28450,2835,0.0468209,0,48,48
28450,2836,0.0368395,0,43,43
28450,2837,0.0268581,0,38,38
28450,2838,0.0168767,0,33,33
28450,2839,0.00689525,0,28,28
28450,2840,-0.00308627,0,23,23
28450,2841,-0.0130678,0,18,18
28450,2842,-0.0230494,0,13,13
28450,2843,-0.0330311,0,8,8
28450,2844,-0.0430128,0,3,3
