time,particle_id,x,y,mesh_index,mesh_index_original
47390,4729,0.0447077,0,47,47
47390,4730,0.0347387,0,42,42
47390,4731,0.0247698,0,37,37
47390,4732,0.0148007,0,32,32
47390,4733,0.00483158,0,27,27
47390,4734,-0.00513762,0,22,22
47390,4735,-0.0151069,0,17,17
47390,4736,-0.0250763,0,12,12
47390,4737,-0.0350457,0,7,7
47390,4738,-0.0450152,0,2,2
