time,particle_id,x,y,mesh_index,mesh_index_original
59670,5957,0.0436358,0,46,46
59670,5958,0.033675,0,41,41
59670,5959,0.023714,0,36,36
59670,5960,0.013753,0,31,31
59670,5961,0.00379183,0,26,26
59670,5962,-0.0061694,0,21,21
59670,5963,-0.0161307,0,16,16
59670,5964,-0.0260922,0,11,11
59670,5965,-0.0360537,0,6,6
59670,5966,-0.0460153,0,1,1
