time,particle_id,x,y,mesh_index,mesh_index_original
65480,6538,0.0426047,0,46,46
65480,6539,0.0326476,0,41,41
65480,6540,0.0226905,0,36,36
65480,6541,0.0127332,0,31,31
65480,6542,0.00277584,0,26,26
65480,6543,-0.00718163,0,21,21
65480,6544,-0.0171392,0,16,16
65480,6545,-0.0270969,0,11,11
65480,6546,-0.0370547,0,6,6
65480,6547,-0.0470126,0,1,1
