time,particle_id,x,y,mesh_index,mesh_index_original
69110,6901,0.0425828,0,46,46
69110,6902,0.0326281,0,41,41
69110,6903,0.0226733,0,36,36
69110,6904,0.0127184,0,31,31
69110,6905,0.00276343,0,26,26
69110,6906,-0.00719169,0,21,21
69110,6907,-0.0171469,0,16,16
69110,6908,-0.0271023,0,11,11
69110,6909,-0.0370577,0,6,6
69110,6910,-0.0470133,0,1,1
