time,particle_id,x,y,mesh_index,mesh_index_original
82660,8256,0.040512,0,45,45
82660,8257,0.0305661,0,40,40
82660,8258,0.0206202,0,35,35
82660,8259,0.0106741,0,30,30
82660,8260,0.000727865,0,25,25
82660,8261,-0.00921849,0,20,20
82660,8262,-0.019165,0,15,15
82660,8263,-0.0291116,0,10,10
82660,8264,-0.0390584,0,5,5
82660,8265,-0.0490053,0,0,0
