time,particle_id,x,y,mesh_index,mesh_index_original
72230,7213,0.0415687,0,45,45
72230,7214,0.0316161,0,40,40
72230,7215,0.0216633,0,35,35
72230,7216,0.0117104,0,30,30
72230,7217,0.00175746,0,25,25
72230,7218,-0.00819565,0,20,20
72230,7219,-0.0181489,0,15,15
72230,7220,-0.0281022,0,10,10
72230,7221,-0.0380557,0,5,5
72230,7222,-0.0480093,0,0,0
