time,particle_id,x,y,mesh_index,mesh_index_original
54780,5468,0.0436657,0,46,46
54780,5469,0.0337016,0,41,41
54780,5470,0.0237374,0,36,36
54780,5471,0.0137732,0,31,31
54780,5472,0.00380889,0,26,26
54780,5473,-0.00615552,0,21,21
54780,5474,-0.01612,0,16,16
54780,5475,-0.0260846,0,11,11
54780,5476,-0.0360493,0,6,6
54780,5477,-0.0460141,0,1,1
