time,particle_id,x,y,mesh_index,mesh_index_original
78350,7825,0.0415322,0,45,45
78350,7826,0.0315836,0,40,40
78350,7827,0.0216348,0,35,35
78350,7828,0.0116859,0,30,30
78350,7829,0.00173694,0,25,25
78350,7830,-0.0082122,0,20,20
78350,7831,-0.0181615,0,15,15
78350,7832,-0.0281109,0,10,10
78350,7833,-0.0380604,0,5,5
78350,7834,-0.0480101,0,0,0
