time,particle_id,x,y,mesh_index,mesh_index_original
21430,2133,0.0468652,0,48,48
21430,2134,0.0368792,0,43,43
21430,2135,0.0268932,0,38,38
21430,2136,0.0169072,0,33,33
21430,2137,0.00692115,0,28,28
21430,2138,-0.00306494,0,23,23
21430,2139,-0.0130511,0,18,18
21430,2140,-0.0230372,0,13,13
21430,2141,-0.0330234,0,8,8
21430,2142,-0.0430096,0,3,3
