time,particle_id,x,y,mesh_index,mesh_index_original
44540,4444,0.0447252,0,47,47
44540,4445,0.0347545,0,42,42
44540,4446,0.0247836,0,37,37
44540,4447,0.0148127,0,32,32
44540,4448,0.00484171,0,27,27
44540,4449,-0.00512934,0,22,22
44540,4450,-0.0151005,0,17,17
44540,4451,-0.0250717,0,12,12
44540,4452,-0.0350429,0,7,7
44540,4453,-0.0450143,0,2,2
