time,particle_id,x,y,mesh_index,mesh_index_original
42630,4253,0.044737,0,47,47
42630,4254,0.034765,0,42,42
42630,4255,0.0247929,0,37,37
42630,4256,0.0148207,0,32,32
42630,4257,0.00484851,0,27,27
42630,4258,-0.00512379,0,22,22
42630,4259,-0.0150962,0,17,17
42630,4260,-0.0250686,0,12,12
42630,4261,-0.0350411,0,7,7
42630,4262,-0.0450137,0,2,2
