time,particle_id,x,y,mesh_index,mesh_index_original
44450,4435,0.0447258,0,47,47
44450,4436,0.034755,0,42,42
44450,4437,0.0247841,0,37,37
44450,4438,0.0148131,0,32,32
44450,4439,0.00484203,0,27,27
44450,4440,-0.00512908,0,22,22
44450,4441,-0.0151003,0,17,17
44450,4442,-0.0250715,0,12,12
44450,4443,-0.0350429,0,7,7
44450,4444,-0.0450143,0,2,2
