time,particle_id,x,y,mesh_index,mesh_index_original
9500,940,0.0489393,0,49,49
9500,941,0.0389455,0,44,44
9500,942,0.0289517,0,39,39
9500,943,0.0189578,0,34,34
9500,944,0.00896397,0,29,29
9500,945,-0.00102989,0,24,24
9500,946,-0.0110238,0,19,19
9500,947,-0.0210177,0,14,14
9500,948,-0.0310116,0,9,9
9500,949,-0.0410055,0,4,4
