time,particle_id,x,y,mesh_index,mesh_index_original
71620,7152,0.0415724,0,45,45
71620,7153,0.0316193,0,40,40
71620,7154,0.0216662,0,35,35
71620,7155,0.0117129,0,30,30
71620,7156,0.00175951,0,25,25
71620,7157,-0.008194,0,20,20
71620,7158,-0.0181476,0,15,15
71620,7159,-0.0281014,0,10,10
71620,7160,-0.0380552,0,5,5
71620,7161,-0.0480092,0,0,0
