time,particle_id,x,y,mesh_index,mesh_index_original
1580,148,0.0489904,0,49,49
1580,149,0.0389914,0,44,44
1580,150,0.0289923,0,39,39
1580,151,0.0189933,0,34,34
1580,152,0.00899428,0,29,29
1580,153,-0.00100475,0,24,24
1580,154,-0.0110038,0,19,19
1580,155,-0.0210028,0,14,14
1580,156,-0.0310018,0,9,9
1580,157,-0.0410009,0,4,4
