time,particle_id,x,y,mesh_index,mesh_index_original
93740,9363,0.0493913,0,49,49
93740,9364,0.0394528,0,44,44
93740,9365,0.0295142,0,39,39
93740,9366,0.0195755,0,34,34
93740,9367,0.0096366,0,29,29
93740,9368,-0.000302445,0,24,24
93740,9369,-0.0102416,0,19,19
93740,9370,-0.020181,0,14,14
93740,9371,-0.0301205,0,9,9
93740,9372,-0.0400602,0,4,4
