time,particle_id,x,y,mesh_index,mesh_index_original
44500,4440,0.0447255,0,47,47
44500,4441,0.0347547,0,42,42
44500,4442,0.0247838,0,37,37
44500,4443,0.0148129,0,32,32
44500,4444,0.00484186,0,27,27
44500,4445,-0.00512923,0,22,22
44500,4446,-0.0151004,0,17,17
44500,4447,-0.0250716,0,12,12
44500,4448,-0.0350429,0,7,7
44500,4449,-0.0450143,0,2,2
