time,particle_id,x,y,mesh_index,mesh_index_original
18800,1870,0.0478806,0,48,48
18800,1871,0.0378929,0,43,43
18800,1872,0.0279052,0,38,38
18800,1873,0.0179174,0,33,33
18800,1874,0.00792964,0,28,28
18800,1875,-0.00205816,0,23,23
18800,1876,-0.012046,0,18,18
18800,1877,-0.0220338,0,13,13
18800,1878,-0.0320217,0,8,8
18800,1879,-0.0420096,0,3,3
