time,particle_id,x,y,mesh_index,mesh_index_original
59740,5964,0.0436354,0,46,46
59740,5965,0.0336746,0,41,41
59740,5966,0.0237137,0,36,36
59740,5967,0.0137527,0,31,31
59740,5968,0.00379159,0,26,26
59740,5969,-0.0061696,0,21,21
59740,5970,-0.0161309,0,16,16
59740,5971,-0.0260923,0,11,11
59740,5972,-0.0360538,0,6,6
59740,5973,-0.0460153,0,1,1
