time,particle_id,x,y,mesh_index,mesh_index_original
6990,689,0.0489555,0,49,49
6990,690,0.03896,0,44,44
6990,691,0.0289646,0,39,39
6990,692,0.0189691,0,34,34
6990,693,0.00897358,0,29,29
6990,694,-0.00102192,0,24,24
6990,695,-0.0110174,0,19,19
6990,696,-0.0210129,0,14,14
6990,697,-0.0310085,0,9,9
6990,698,-0.041004,0,4,4
