time,particle_id,x,y,mesh_index,mesh_index_original
54040,5394,0.0436702,0,46,46
54040,5395,0.0337056,0,41,41
54040,5396,0.023741,0,36,36
54040,5397,0.0137763,0,31,31
54040,5398,0.00381147,0,26,26
54040,5399,-0.00615342,0,21,21
54040,5400,-0.0161184,0,16,16
54040,5401,-0.0260835,0,11,11
54040,5402,-0.0360486,0,6,6
54040,5403,-0.0460139,0,1,1
