time,particle_id,x,y,mesh_index,mesh_index_original
98270,9816,0.0493619,0,49,49
98270,9817,0.0394265,0,44,44
98270,9818,0.0294908,0,39,39
98270,9819,0.019555,0,34,34
98270,9820,0.00961908,0,29,29
98270,9821,-0.000317026,0,24,24
98270,9822,-0.0102533,0,19,19
98270,9823,-0.0201897,0,14,14
98270,9824,-0.0301263,0,9,9
98270,9825,-0.0400631,0,4,4
