time,particle_id,x,y,mesh_index,mesh_index_original
51190,5109,0.0436876,0,46,46
51190,5110,0.0337212,0,41,41
51190,5111,0.0237547,0,36,36
51190,5112,0.0137881,0,31,31
51190,5113,0.00382141,0,26,26
51190,5114,-0.00614533,0,21,21
51190,5115,-0.0161122,0,16,16
51190,5116,-0.0260791,0,11,11
51190,5117,-0.0360461,0,6,6
51190,5118,-0.0460131,0,1,1
