time,particle_id,x,y,mesh_index,mesh_index_original
13680,1358,0.0479132,0,48,48
13680,1359,0.0379222,0,43,43
13680,1360,0.0279311,0,38,38
13680,1361,0.01794,0,33,33
13680,1362,0.00794888,0,28,28
13680,1363,-0.00204226,0,23,23
13680,1364,-0.0120334,0,18,18
13680,1365,-0.0220246,0,13,13
13680,1366,-0.0320158,0,8,8
13680,1367,-0.042007,0,3,3
