time,particle_id,x,y,mesh_index,mesh_index_original
53370,5327,0.0436743,0,46,46
53370,5328,0.0337093,0,41,41
53370,5329,0.0237442,0,36,36
53370,5330,0.013779,0,31,31
53370,5331,0.00381381,0,26,26
53370,5332,-0.00615152,0,21,21
53370,5333,-0.0161169,0,16,16
53370,5334,-0.0260824,0,11,11
53370,5335,-0.036048,0,6,6
53370,5336,-0.0460137,0,1,1
