time,particle_id,x,y,mesh_index,mesh_index_original
25140,2504,0.0468418,0,48,48
25140,2505,0.0368582,0,43,43
25140,2506,0.0268747,0,38,38
25140,2507,0.0168911,0,33,33
25140,2508,0.00690746,0,28,28
25140,2509,-0.00307621,0,23,23
25140,2510,-0.0130599,0,18,18
25140,2511,-0.0230437,0,13,13
25140,2512,-0.0330275,0,8,8
25140,2513,-0.0430113,0,3,3
