time,particle_id,x,y,mesh_index,mesh_index_original
27700,2760,0.0468256,0,48,48
27700,2761,0.0368438,0,43,43
27700,2762,0.0268619,0,38,38
27700,2763,0.01688,0,33,33
27700,2764,0.00689801,0,28,28
27700,2765,-0.00308399,0,23,23
27700,2766,-0.013066,0,18,18
27700,2767,-0.0230481,0,13,13
27700,2768,-0.0330303,0,8,8
27700,2769,-0.0430124,0,3,3
