time,particle_id,x,y,mesh_index,mesh_index_original
5160,506,0.0489673,0,49,49
5160,507,0.0389706,0,44,44
5160,508,0.028974,0,39,39
5160,509,0.0189773,0,34,34
5160,510,0.00898058,0,29,29
5160,511,-0.00101612,0,24,24
5160,512,-0.0110128,0,19,19
5160,513,-0.0210095,0,14,14
5160,514,-0.0310062,0,9,9
5160,515,-0.0410029,0,4,4
