time,particle_id,x,y,mesh_index,mesh_index_original
89340,8924,0.0404726,0,45,45
89340,8925,0.0305311,0,40,40
89340,8926,0.0205895,0,35,35
89340,8927,0.0106478,0,30,30
89340,8928,0.000705916,0,25,25
89340,8929,-0.00923612,0,20,20
89340,8930,-0.0191783,0,15,15
89340,8931,-0.0291206,0,10,10
89340,8932,-0.0390631,0,5,5
89340,8933,-0.0490057,0,0,0
