time,particle_id,x,y,mesh_index,mesh_index_original
12510,1241,0.0479207,0,48,48
12510,1242,0.0379289,0,43,43
12510,1243,0.027937,0,38,38
12510,1244,0.0179452,0,33,33
12510,1245,0.00795328,0,28,28
12510,1246,-0.00203862,0,23,23
12510,1247,-0.0120305,0,18,18
12510,1248,-0.0220225,0,13,13
12510,1249,-0.0320144,0,8,8
12510,1250,-0.0420064,0,3,3
