time,particle_id,x,y,mesh_index,mesh_index_original
14110,1401,0.0479105,0,48,48
14110,1402,0.0379197,0,43,43
14110,1403,0.0279289,0,38,38
14110,1404,0.0179381,0,33,33
14110,1405,0.00794726,0,28,28
14110,1406,-0.00204359,0,23,23
14110,1407,-0.0120345,0,18,18
14110,1408,-0.0220254,0,13,13
14110,1409,-0.0320163,0,8,8
14110,1410,-0.0420072,0,3,3
