time,particle_id,x,y,mesh_index,mesh_index_original
50510,5041,0.0436917,0,46,46
50510,5042,0.0337249,0,41,41
50510,5043,0.0237579,0,36,36
50510,5044,0.0137909,0,31,31
50510,5045,0.00382378,0,26,26
50510,5046,-0.0061434,0,21,21
50510,5047,-0.0161107,0,16,16
50510,5048,-0.026078,0,11,11
50510,5049,-0.0360455,0,6,6
50510,5050,-0.046013,0,1,1
