time,particle_id,x,y,mesh_index,mesh_index_original
2330,223,0.0489856,0,49,49
2330,224,0.038987,0,44,44
2330,225,0.0289885,0,39,39
2330,226,0.0189899,0,34,34
2330,227,0.00899141,0,29,29
2330,228,-0.00100713,0,24,24
2330,229,-0.0110057,0,19,19
2330,230,-0.0210042,0,14,14
2330,231,-0.0310028,0,9,9
2330,232,-0.0410013,0,4,4
