time,particle_id,x,y,mesh_index,mesh_index_original
70030,6993,0.0425772,0,46,46
70030,6994,0.0326232,0,41,41
70030,6995,0.022669,0,36,36
70030,6996,0.0127147,0,31,31
70030,6997,0.00276028,0,26,26
70030,6998,-0.00719424,0,21,21
70030,6999,-0.0171489,0,16,16
70030,7000,-0.0280991,0,10,10
70030,7001,-0.038054,0,5,5
70030,7002,-0.048009,0,0,0
