time,particle_id,x,y,mesh_index,mesh_index_original
75260,7516,0.0415507,0,45,45
75260,7517,0.0316,0,40,40
75260,7518,0.0216492,0,35,35
75260,7519,0.0116983,0,30,30
75260,7520,0.0017473,0,25,25
75260,7521,-0.00820384,0,20,20
75260,7522,-0.0181551,0,15,15
75260,7523,-0.0281065,0,10,10
75260,7524,-0.038058,0,5,5
75260,7525,-0.0480097,0,0,0
