time,particle_id,x,y,mesh_index,mesh_index_original
61440,6134,0.0426291,0,46,46
61440,6135,0.0326694,0,41,41
61440,6136,0.0227096,0,36,36
61440,6137,0.0127497,0,31,31
61440,6138,0.00278966,0,26,26
61440,6139,-0.00717043,0,21,21
61440,6140,-0.0171306,0,16,16
61440,6141,-0.0270909,0,11,11
61440,6142,-0.0370513,0,6,6
61440,6143,-0.0470118,0,1,1
