time,particle_id,x,y,mesh_index,mesh_index_original
82130,8203,0.0405151,0,45,45
82130,8204,0.0305689,0,40,40
82130,8205,0.0206226,0,35,35
82130,8206,0.0106762,0,30,30
82130,8207,0.000729607,0,25,25
82130,8208,-0.00921709,0,20,20
82130,8209,-0.0191639,0,15,15
82130,8210,-0.0291109,0,10,10
82130,8211,-0.039058,0,5,5
82130,8212,-0.0490053,0,0,0
