time,particle_id,x,y,mesh_index,mesh_index_original
16090,1599,0.0478979,0,48,48
16090,1600,0.0379084,0,43,43
16090,1601,0.0279189,0,38,38
16090,1602,0.0179294,0,33,33
16090,1603,0.00793982,0,28,28
16090,1604,-0.00204974,0,23,23
16090,1605,-0.0120393,0,18,18
16090,1606,-0.0220289,0,13,13
16090,1607,-0.0320186,0,8,8
16090,1608,-0.0420083,0,3,3
