time,particle_id,x,y,mesh_index,mesh_index_original
53160,5306,0.0436755,0,46,46
53160,5307,0.0337104,0,41,41
53160,5308,0.0237452,0,36,36
53160,5309,0.0137799,0,31,31
53160,5310,0.00381454,0,26,26
53160,5311,-0.00615092,0,21,21
53160,5312,-0.0161165,0,16,16
53160,5313,-0.0260821,0,11,11
53160,5314,-0.0360478,0,6,6
53160,5315,-0.0460136,0,1,1
