time,particle_id,x,y,mesh_index,mesh_index_original
69550,6945,0.0425801,0,46,46
69550,6946,0.0326257,0,41,41
69550,6947,0.0226713,0,36,36
69550,6948,0.0127166,0,31,31
69550,6949,0.00276192,0,26,26
69550,6950,-0.00719291,0,21,21
69550,6951,-0.0171479,0,16,16
69550,6952,-0.0271029,0,11,11
69550,6953,-0.0370581,0,6,6
69550,6954,-0.0470134,0,1,1
