time,particle_id,x,y,mesh_index,mesh_index_original
22310,2221,0.0468596,0,48,48
22310,2222,0.0368743,0,43,43
22310,2223,0.0268888,0,38,38
22310,2224,0.0169034,0,33,33
22310,2225,0.0069179,0,28,28
22310,2226,-0.00306761,0,23,23
22310,2227,-0.0130532,0,18,18
22310,2228,-0.0230387,0,13,13
22310,2229,-0.0330244,0,8,8
22310,2230,-0.04301,0,3,3
