time,particle_id,x,y,mesh_index,mesh_index_original
8890,879,0.0489432,0,49,49
8890,880,0.038949,0,44,44
8890,881,0.0289548,0,39,39
8890,882,0.0189606,0,34,34
8890,883,0.00896631,0,29,29
8890,884,-0.00102795,0,24,24
8890,885,-0.0110222,0,19,19
8890,886,-0.0210165,0,14,14
8890,887,-0.0310108,0,9,9
8890,888,-0.0410051,0,4,4
