time,particle_id,x,y,mesh_index,mesh_index_original
19700,1960,0.0478748,0,48,48
19700,1961,0.0378877,0,43,43
19700,1962,0.0279006,0,38,38
19700,1963,0.0179134,0,33,33
19700,1964,0.00792626,0,28,28
19700,1965,-0.00206096,0,23,23
19700,1966,-0.0120482,0,18,18
19700,1967,-0.0220355,0,13,13
19700,1968,-0.0320228,0,8,8
19700,1969,-0.0420101,0,3,3
