time,particle_id,x,y,mesh_index,mesh_index_original
33740,3364,0.0457897,0,47,47
33740,3365,0.0358118,0,42,42
33740,3366,0.0258339,0,37,37
33740,3367,0.015856,0,32,32
33740,3368,0.00587793,0,27,27
33740,3369,-0.00410015,0,22,22
33740,3370,-0.0140783,0,17,17
33740,3371,-0.0240565,0,12,12
33740,3372,-0.0340347,0,7,7
33740,3373,-0.044013,0,2,2
