time,particle_id,x,y,mesh_index,mesh_index_original
88660,8856,0.0404766,0,45,45
88660,8857,0.0305347,0,40,40
88660,8858,0.0205927,0,35,35
88660,8859,0.0106505,0,30,30
88660,8860,0.000708149,0,25,25
88660,8861,-0.00923432,0,20,20
88660,8862,-0.0191769,0,15,15
88660,8863,-0.0291197,0,10,10
88660,8864,-0.0390626,0,5,5
88660,8865,-0.0490057,0,0,0
