time,particle_id,x,y,mesh_index,mesh_index_original
66730,6663,0.0425971,0,46,46
66730,6664,0.0326409,0,41,41
66730,6665,0.0226846,0,36,36
66730,6666,0.0127281,0,31,31
66730,6667,0.00277157,0,26,26
66730,6668,-0.0071851,0,21,21
66730,6669,-0.0171419,0,16,16
66730,6670,-0.0270987,0,11,11
66730,6671,-0.0370557,0,6,6
66730,6672,-0.0470128,0,1,1
