time,particle_id,x,y,mesh_index,mesh_index_original
55100,5500,0.0436637,0,46,46
55100,5501,0.0336999,0,41,41
55100,5502,0.0237359,0,36,36
55100,5503,0.0137719,0,31,31
55100,5504,0.00380777,0,26,26
55100,5505,-0.00615643,0,21,21
55100,5506,-0.0161207,0,16,16
55100,5507,-0.0260851,0,11,11
55100,5508,-0.0360496,0,6,6
55100,5509,-0.0460141,0,1,1
