time,particle_id,x,y,mesh_index,mesh_index_original
46040,4594,0.044716,0,47,47
46040,4595,0.0347462,0,42,42
46040,4596,0.0247763,0,37,37
46040,4597,0.0148064,0,32,32
46040,4598,0.00483638,0,27,27
46040,4599,-0.0051337,0,22,22
46040,4600,-0.0151039,0,17,17
46040,4601,-0.0250741,0,12,12
46040,4602,-0.0350444,0,7,7
46040,4603,-0.0450148,0,2,2
