time,particle_id,x,y,mesh_index,mesh_index_original
8760,866,0.0489441,0,49,49
8760,867,0.0389498,0,44,44
8760,868,0.0289555,0,39,39
8760,869,0.0189611,0,34,34
8760,870,0.0089668,0,29,29
8760,871,-0.00102754,0,24,24
8760,872,-0.0110219,0,19,19
8760,873,-0.0210163,0,14,14
8760,874,-0.0310106,0,9,9
8760,875,-0.041005,0,4,4
