time,particle_id,x,y,mesh_index,mesh_index_original
90040,8994,0.0404685,0,45,45
90040,8995,0.0305275,0,40,40
90040,8996,0.0205863,0,35,35
90040,8997,0.010645,0,30,30
90040,8998,0.000703617,0,25,25
90040,8999,-0.00923796,0,20,20
90040,9000,-0.0201739,0,14,14
90040,9001,-0.0301158,0,9,9
90040,9002,-0.0400578,0,4,4
