time,particle_id,x,y,mesh_index,mesh_index_original
32490,3239,0.0457975,0,47,47
32490,3240,0.0358188,0,42,42
32490,3241,0.0258401,0,37,37
32490,3242,0.0158613,0,32,32
32490,3243,0.00588246,0,27,27
32490,3244,-0.00409643,0,22,22
32490,3245,-0.0140754,0,17,17
32490,3246,-0.0240544,0,12,12
32490,3247,-0.0340334,0,7,7
32490,3248,-0.0440125,0,2,2
