time,particle_id,x,y,mesh_index,mesh_index_original
96510,9640,0.0493733,0,49,49
96510,9641,0.0394367,0,44,44
96510,9642,0.0294999,0,39,39
96510,9643,0.019563,0,34,34
96510,9644,0.00962589,0,29,29
96510,9645,-0.000311362,0,24,24
96510,9646,-0.0102488,0,19,19
96510,9647,-0.0201863,0,14,14
96510,9648,-0.0301241,0,9,9
96510,9649,-0.0400619,0,4,4
