time,particle_id,x,y,mesh_index,mesh_index_original
77390,7729,0.041538,0,45,45
77390,7730,0.0315887,0,40,40
77390,7731,0.0216393,0,35,35
77390,7732,0.0116898,0,30,30
77390,7733,0.00174016,0,25,25
77390,7734,-0.0082096,0,20,20
77390,7735,-0.0181595,0,15,15
77390,7736,-0.0281095,0,10,10
77390,7737,-0.0380597,0,5,5
77390,7738,-0.0480099,0,0,0
