time,particle_id,x,y,mesh_index,mesh_index_original
59710,5961,0.0436356,0,46,46
59710,5962,0.0336747,0,41,41
59710,5963,0.0237138,0,36,36
59710,5964,0.0137528,0,31,31
59710,5965,0.0037917,0,26,26
59710,5966,-0.00616951,0,21,21
59710,5967,-0.0161308,0,16,16
59710,5968,-0.0260922,0,11,11
59710,5969,-0.0360537,0,6,6
59710,5970,-0.0460153,0,1,1
