time,particle_id,x,y,mesh_index,mesh_index_original
89180,8908,0.0404735,0,45,45
89180,8909,0.030532,0,40,40
89180,8910,0.0205903,0,35,35
89180,8911,0.0106484,0,30,30
89180,8912,0.000706441,0,25,25
89180,8913,-0.00923569,0,20,20
89180,8914,-0.019178,0,15,15
89180,8915,-0.0291204,0,10,10
89180,8916,-0.039063,0,5,5
89180,8917,-0.0490057,0,0,0
