time,particle_id,x,y,mesh_index,mesh_index_original
93180,9307,0.0493949,0,49,49
93180,9308,0.0394561,0,44,44
93180,9309,0.0295171,0,39,39
93180,9310,0.019578,0,34,34
93180,9311,0.00963877,0,29,29
93180,9312,-0.000300642,0,24,24
93180,9313,-0.0102402,0,19,19
93180,9314,-0.0201799,0,14,14
93180,9315,-0.0301198,0,9,9
93180,9316,-0.0400598,0,4,4
