time,particle_id,x,y,mesh_index,mesh_index_original
78660,7856,0.0415304,0,45,45
78660,7857,0.0315819,0,40,40
78660,7858,0.0216334,0,35,35
78660,7859,0.0116847,0,30,30
78660,7860,0.0017359,0,25,25
78660,7861,-0.00821304,0,20,20
78660,7862,-0.0181621,0,15,15
78660,7863,-0.0281113,0,10,10
78660,7864,-0.0380606,0,5,5
78660,7865,-0.0480101,0,0,0
