time,particle_id,x,y,mesh_index,mesh_index_original
23850,2375,0.0468499,0,48,48
23850,2376,0.0368655,0,43,43
23850,2377,0.0268811,0,38,38
23850,2378,0.0168967,0,33,33
23850,2379,0.00691222,0,28,28
23850,2380,-0.00307229,0,23,23
23850,2381,-0.0130568,0,18,18
23850,2382,-0.0230414,0,13,13
23850,2383,-0.0330261,0,8,8
23850,2384,-0.0430107,0,3,3
