time,particle_id,x,y,mesh_index,mesh_index_original
940,84,0.0489945,0,49,49
940,85,0.0389951,0,44,44
940,86,0.0289956,0,39,39
940,87,0.0189962,0,34,34
940,88,0.00899673,0,29,29
940,89,-0.00100272,0,24,24
940,90,-0.0110022,0,19,19
940,91,-0.0210016,0,14,14
940,92,-0.0310011,0,9,9
940,93,-0.0410005,0,4,4
