time,particle_id,x,y,mesh_index,mesh_index_original
67720,6762,0.0425912,0,46,46
67720,6763,0.0326356,0,41,41
67720,6764,0.0226799,0,36,36
67720,6765,0.0127241,0,31,31
67720,6766,0.00276818,0,26,26
67720,6767,-0.00718784,0,21,21
67720,6768,-0.017144,0,16,16
67720,6769,-0.0271002,0,11,11
67720,6770,-0.0370566,0,6,6
67720,6771,-0.047013,0,1,1
