time,particle_id,x,y,mesh_index,mesh_index_original
6050,595,0.0489616,0,49,49
6050,596,0.0389655,0,44,44
6050,597,0.0289694,0,39,39
6050,598,0.0189733,0,34,34
6050,599,0.00897717,0,29,29
6050,600,-0.00101894,0,24,24
6050,601,-0.0110151,0,19,19
6050,602,-0.0210112,0,14,14
6050,603,-0.0310073,0,9,9
6050,604,-0.0410035,0,4,4
