time,particle_id,x,y,mesh_index,mesh_index_original
80740,8064,0.0405233,0,45,45
80740,8065,0.0305762,0,40,40
80740,8066,0.020629,0,35,35
80740,8067,0.0106816,0,30,30
80740,8068,0.000734176,0,25,25
80740,8069,-0.00921343,0,20,20
80740,8070,-0.0191612,0,15,15
80740,8071,-0.029109,0,10,10
80740,8072,-0.039057,0,5,5
80740,8073,-0.0490052,0,0,0
