time,particle_id,x,y,mesh_index,mesh_index_original
26740,2664,0.0468317,0,48,48
26740,2665,0.0368492,0,43,43
26740,2666,0.0268667,0,38,38
26740,2667,0.0168841,0,33,33
26740,2668,0.00690156,0,28,28
26740,2669,-0.00308107,0,23,23
26740,2670,-0.0130637,0,18,18
26740,2671,-0.0230465,0,13,13
26740,2672,-0.0330292,0,8,8
26740,2673,-0.043012,0,3,3
