time,particle_id,x,y,mesh_index,mesh_index_original
92970,9286,0.0493963,0,49,49
92970,9287,0.0394573,0,44,44
92970,9288,0.0295182,0,39,39
92970,9289,0.019579,0,34,34
92970,9290,0.00963958,0,29,29
92970,9291,-0.000299966,0,24,24
92970,9292,-0.0102397,0,19,19
92970,9293,-0.0201795,0,14,14
92970,9294,-0.0301195,0,9,9
92970,9295,-0.0400597,0,4,4
