time,particle_id,x,y,mesh_index,mesh_index_original
90150,9004,0.0494145,0,49,49
90150,9005,0.0394737,0,44,44
90150,9006,0.0295328,0,39,39
90150,9007,0.0195917,0,34,34
90150,9008,0.00965049,0,29,29
90150,9009,-0.000290886,0,24,24
90150,9010,-0.0102324,0,19,19
90150,9011,-0.0201741,0,14,14
90150,9012,-0.0301159,0,9,9
90150,9013,-0.0400579,0,4,4
