time,particle_id,x,y,mesh_index,mesh_index_original
9490,939,0.0489394,0,49,49
9490,940,0.0389455,0,44,44
9490,941,0.0289517,0,39,39
9490,942,0.0189579,0,34,34
9490,943,0.00896401,0,29,29
9490,944,-0.00102986,0,24,24
9490,945,-0.0110237,0,19,19
9490,946,-0.0210176,0,14,14
9490,947,-0.0310115,0,9,9
9490,948,-0.0410055,0,4,4
