time,particle_id,x,y,mesh_index,mesh_index_original
85720,8562,0.0404939,0,45,45
85720,8563,0.0305501,0,40,40
85720,8564,0.0206061,0,35,35
85720,8565,0.010662,0,30,30
85720,8566,0.000717809,0,25,25
85720,8567,-0.00922657,0,20,20
85720,8568,-0.0191711,0,15,15
85720,8569,-0.0291157,0,10,10
85720,8570,-0.0390605,0,5,5
85720,8571,-0.0490055,0,0,0
