time,particle_id,x,y,mesh_index,mesh_index_original
2540,244,0.0489842,0,49,49
2540,245,0.0389858,0,44,44
2540,246,0.0289874,0,39,39
2540,247,0.018989,0,34,34
2540,248,0.0089906,0,29,29
2540,249,-0.0010078,0,24,24
2540,250,-0.0110062,0,19,19
2540,251,-0.0210046,0,14,14
2540,252,-0.031003,0,9,9
2540,253,-0.0410014,0,4,4
