time,particle_id,x,y,mesh_index,mesh_index_original
38730,3863,0.0457586,0,47,47
38730,3864,0.035784,0,42,42
38730,3865,0.0258093,0,37,37
38730,3866,0.0158346,0,32,32
38730,3867,0.00585985,0,27,27
38730,3868,-0.00411498,0,22,22
38730,3869,-0.0140899,0,17,17
38730,3870,-0.0240648,0,12,12
38730,3871,-0.0340398,0,7,7
38730,3872,-0.0440149,0,2,2
