time,particle_id,x,y,mesh_index,mesh_index_original
14980,1488,0.0479049,0,48,48
14980,1489,0.0379147,0,43,43
14980,1490,0.0279245,0,38,38
14980,1491,0.0179343,0,33,33
14980,1492,0.00794399,0,28,28
14980,1493,-0.0020463,0,23,23
14980,1494,-0.0120366,0,18,18
14980,1495,-0.0220269,0,13,13
14980,1496,-0.0320173,0,8,8
14980,1497,-0.0420077,0,3,3
