time,particle_id,x,y,mesh_index,mesh_index_original
3810,371,0.048976,0,49,49
3810,372,0.0389785,0,44,44
3810,373,0.0289809,0,39,39
3810,374,0.0189833,0,34,34
3810,375,0.00898574,0,29,29
3810,376,-0.00101183,0,24,24
3810,377,-0.0110094,0,19,19
3810,378,-0.021007,0,14,14
3810,379,-0.0310046,0,9,9
3810,380,-0.0410022,0,4,4
