time,particle_id,x,y,mesh_index,mesh_index_original
82600,8250,0.0405123,0,45,45
82600,8251,0.0305665,0,40,40
82600,8252,0.0206205,0,35,35
82600,8253,0.0106743,0,30,30
82600,8254,0.000728062,0,25,25
82600,8255,-0.00921833,0,20,20
82600,8256,-0.0191649,0,15,15
82600,8257,-0.0291115,0,10,10
82600,8258,-0.0390583,0,5,5
82600,8259,-0.0490053,0,0,0
