time,particle_id,x,y,mesh_index,mesh_index_original
91400,9129,0.0494064,0,49,49
91400,9130,0.0394665,0,44,44
91400,9131,0.0295263,0,39,39
91400,9132,0.0195861,0,34,34
91400,9133,0.00964565,0,29,29
91400,9134,-0.000294911,0,24,24
91400,9135,-0.0102356,0,19,19
91400,9136,-0.0201765,0,14,14
91400,9137,-0.0301175,0,9,9
91400,9138,-0.0400587,0,4,4
