time,particle_id,x,y,mesh_index,mesh_index_original
89120,8902,0.0404739,0,45,45
89120,8903,0.0305323,0,40,40
89120,8904,0.0205906,0,35,35
89120,8905,0.0106487,0,30,30
89120,8906,0.000706638,0,25,25
89120,8907,-0.00923554,0,20,20
89120,8908,-0.0191779,0,15,15
89120,8909,-0.0291203,0,10,10
89120,8910,-0.0390629,0,5,5
89120,8911,-0.0490057,0,0,0
