time,particle_id,x,y,mesh_index,mesh_index_original
57290,5719,0.0436503,0,46,46
57290,5720,0.0336879,0,41,41
57290,5721,0.0237254,0,36,36
57290,5722,0.0137628,0,31,31
57290,5723,0.00380013,0,26,26
57290,5724,-0.00616265,0,21,21
57290,5725,-0.0161255,0,16,16
57290,5726,-0.0260885,0,11,11
57290,5727,-0.0360516,0,6,6
57290,5728,-0.0460147,0,1,1
