time,particle_id,x,y,mesh_index,mesh_index_original
60810,6071,0.0426329,0,46,46
60810,6072,0.0326727,0,41,41
60810,6073,0.0227125,0,36,36
60810,6074,0.0127522,0,31,31
60810,6075,0.00279182,0,26,26
60810,6076,-0.00716869,0,21,21
60810,6077,-0.0171293,0,16,16
60810,6078,-0.02709,0,11,11
60810,6079,-0.0370508,0,6,6
60810,6080,-0.0470117,0,1,1
