time,particle_id,x,y,mesh_index,mesh_index_original
76220,7612,0.0415449,0,45,45
76220,7613,0.0315949,0,40,40
76220,7614,0.0216447,0,35,35
76220,7615,0.0116945,0,30,30
76220,7616,0.00174408,0,25,25
76220,7617,-0.00820644,0,20,20
76220,7618,-0.0181571,0,15,15
76220,7619,-0.0281079,0,10,10
76220,7620,-0.0380588,0,5,5
76220,7621,-0.0480098,0,0,0
