time,particle_id,x,y,mesh_index,mesh_index_original
26710,2661,0.0468319,0,48,48
26710,2662,0.0368494,0,43,43
26710,2663,0.0268668,0,38,38
26710,2664,0.0168843,0,33,33
26710,2665,0.00690167,0,28,28
26710,2666,-0.00308098,0,23,23
26710,2667,-0.0130637,0,18,18
26710,2668,-0.0230464,0,13,13
26710,2669,-0.0330292,0,8,8
26710,2670,-0.043012,0,3,3
