time,particle_id,x,y,mesh_index,mesh_index_original
38660,3856,0.045759,0,47,47
38660,3857,0.0357844,0,42,42
38660,3858,0.0258097,0,37,37
38660,3859,0.0158349,0,32,32
38660,3860,0.00586011,0,27,27
38660,3861,-0.00411477,0,22,22
38660,3862,-0.0140897,0,17,17
38660,3863,-0.0240647,0,12,12
38660,3864,-0.0340398,0,7,7
38660,3865,-0.0440149,0,2,2
