time,particle_id,x,y,mesh_index,mesh_index_original
51100,5100,0.0436881,0,46,46
51100,5101,0.0337216,0,41,41
51100,5102,0.0237551,0,36,36
51100,5103,0.0137884,0,31,31
51100,5104,0.00382172,0,26,26
51100,5105,-0.00614508,0,21,21
51100,5106,-0.016112,0,16,16
51100,5107,-0.0260789,0,11,11
51100,5108,-0.036046,0,6,6
51100,5109,-0.0460131,0,1,1
