time,particle_id,x,y,mesh_index,mesh_index_original
54820,5472,0.0436654,0,46,46
54820,5473,0.0337014,0,41,41
54820,5474,0.0237373,0,36,36
54820,5475,0.013773,0,31,31
54820,5476,0.00380875,0,26,26
54820,5477,-0.00615564,0,21,21
54820,5478,-0.0161201,0,16,16
54820,5479,-0.0260847,0,11,11
54820,5480,-0.0360493,0,6,6
54820,5481,-0.0460141,0,1,1
