time,particle_id,x,y,mesh_index,mesh_index_original
45040,4494,0.0447222,0,47,47
45040,4495,0.0347517,0,42,42
45040,4496,0.0247812,0,37,37
45040,4497,0.0148106,0,32,32
45040,4498,0.00483994,0,27,27
45040,4499,-0.0051308,0,22,22
45040,4500,-0.0151016,0,17,17
45040,4501,-0.0250725,0,12,12
45040,4502,-0.0350434,0,7,7
45040,4503,-0.0450145,0,2,2
