time,particle_id,x,y,mesh_index,mesh_index_original
33020,3292,0.0457942,0,47,47
33020,3293,0.0358159,0,42,42
33020,3294,0.0258375,0,37,37
33020,3295,0.015859,0,32,32
33020,3296,0.00588054,0,27,27
33020,3297,-0.00409801,0,22,22
33020,3298,-0.0140766,0,17,17
33020,3299,-0.0240553,0,12,12
33020,3300,-0.034034,0,7,7
33020,3301,-0.0440127,0,2,2
