time,particle_id,x,y,mesh_index,mesh_index_original
35730,3563,0.0457773,0,47,47
35730,3564,0.0358007,0,42,42
35730,3565,0.0258241,0,37,37
35730,3566,0.0158474,0,32,32
35730,3567,0.00587072,0,27,27
35730,3568,-0.00410606,0,22,22
35730,3569,-0.0140829,0,17,17
35730,3570,-0.0240598,0,12,12
35730,3571,-0.0340368,0,7,7
35730,3572,-0.0440138,0,2,2
