time,particle_id,x,y,mesh_index,mesh_index_original
42790,4269,0.044736,0,47,47
42790,4270,0.0347641,0,42,42
42790,4271,0.0247921,0,37,37
42790,4272,0.0148201,0,32,32
42790,4273,0.00484794,0,27,27
42790,4274,-0.00512426,0,22,22
42790,4275,-0.0150965,0,17,17
42790,4276,-0.0250689,0,12,12
42790,4277,-0.0350413,0,7,7
42790,4278,-0.0450137,0,2,2
