time,particle_id,x,y,mesh_index,mesh_index_original
68390,6829,0.0425871,0,46,46
68390,6830,0.032632,0,41,41
68390,6831,0.0226767,0,36,36
68390,6832,0.0127214,0,31,31
68390,6833,0.00276589,0,26,26
68390,6834,-0.0071897,0,21,21
68390,6835,-0.0171454,0,16,16
68390,6836,-0.0271012,0,11,11
68390,6837,-0.0370571,0,6,6
68390,6838,-0.0470132,0,1,1
