time,particle_id,x,y,mesh_index,mesh_index_original
66450,6635,0.0425988,0,46,46
66450,6636,0.0326424,0,41,41
66450,6637,0.0226859,0,36,36
66450,6638,0.0127293,0,31,31
66450,6639,0.00277252,0,26,26
66450,6640,-0.00718432,0,21,21
66450,6641,-0.0171413,0,16,16
66450,6642,-0.0270983,0,11,11
66450,6643,-0.0370555,0,6,6
66450,6644,-0.0470128,0,1,1
