time,particle_id,x,y,mesh_index,mesh_index_original
9370,927,0.0489401,0,49,49
9370,928,0.0389462,0,44,44
9370,929,0.0289523,0,39,39
9370,930,0.0189584,0,34,34
9370,931,0.00896447,0,29,29
9370,932,-0.00102948,0,24,24
9370,933,-0.0110234,0,19,19
9370,934,-0.0210174,0,14,14
9370,935,-0.0310114,0,9,9
9370,936,-0.0410054,0,4,4
