time,particle_id,x,y,mesh_index,mesh_index_original
81660,8156,0.0405179,0,45,45
81660,8157,0.0305714,0,40,40
81660,8158,0.0206248,0,35,35
81660,8159,0.010678,0,30,30
81660,8160,0.000731152,0,25,25
81660,8161,-0.00921585,0,20,20
81660,8162,-0.019163,0,15,15
81660,8163,-0.0291103,0,10,10
81660,8164,-0.0390577,0,5,5
81660,8165,-0.0490052,0,0,0
