time,particle_id,x,y,mesh_index,mesh_index_original
63270,6317,0.042618,0,46,46
63270,6318,0.0326595,0,41,41
63270,6319,0.0227009,0,36,36
63270,6320,0.0127422,0,31,31
63270,6321,0.0027834,0,26,26
63270,6322,-0.00717551,0,21,21
63270,6323,-0.0171345,0,16,16
63270,6324,-0.0270936,0,11,11
63270,6325,-0.0370529,0,6,6
63270,6326,-0.0470122,0,1,1
