time,particle_id,x,y,mesh_index,mesh_index_original
29200,2910,0.0468161,0,48,48
29200,2911,0.0368353,0,43,43
29200,2912,0.0268544,0,38,38
29200,2913,0.0168735,0,33,33
29200,2914,0.00689248,0,28,28
29200,2915,-0.00308855,0,23,23
29200,2916,-0.0130696,0,18,18
29200,2917,-0.0230507,0,13,13
29200,2918,-0.0330319,0,8,8
29200,2919,-0.0430131,0,3,3
