time,particle_id,x,y,mesh_index,mesh_index_original
25340,2524,0.0468405,0,48,48
25340,2525,0.0368571,0,43,43
25340,2526,0.0268737,0,38,38
25340,2527,0.0168902,0,33,33
25340,2528,0.00690672,0,28,28
25340,2529,-0.00307682,0,23,23
25340,2530,-0.0130604,0,18,18
25340,2531,-0.023044,0,13,13
25340,2532,-0.0330277,0,8,8
25340,2533,-0.0430114,0,3,3
