time,particle_id,x,y,mesh_index,mesh_index_original
68690,6859,0.0425853,0,46,46
68690,6860,0.0326304,0,41,41
68690,6861,0.0226753,0,36,36
68690,6862,0.0127201,0,31,31
68690,6863,0.00276486,0,26,26
68690,6864,-0.00719053,0,21,21
68690,6865,-0.017146,0,16,16
68690,6866,-0.0271016,0,11,11
68690,6867,-0.0370574,0,6,6
68690,6868,-0.0470132,0,1,1
