time,particle_id,x,y,mesh_index,mesh_index_original
78850,7875,0.0415292,0,45,45
78850,7876,0.0315809,0,40,40
78850,7877,0.0216325,0,35,35
78850,7878,0.0116839,0,30,30
78850,7879,0.00173526,0,25,25
78850,7880,-0.00821355,0,20,20
78850,7881,-0.0181625,0,15,15
78850,7882,-0.0281116,0,10,10
78850,7883,-0.0380608,0,5,5
78850,7884,-0.0480101,0,0,0
