time,particle_id,x,y,mesh_index,mesh_index_original
92520,9241,0.0493992,0,49,49
92520,9242,0.0394599,0,44,44
92520,9243,0.0295205,0,39,39
92520,9244,0.019581,0,34,34
92520,9245,0.00964132,0,29,29
92520,9246,-0.000298517,0,24,24
92520,9247,-0.0102385,0,19,19
92520,9248,-0.0201786,0,14,14
92520,9249,-0.0301189,0,9,9
92520,9250,-0.0400594,0,4,4
