time,particle_id,x,y,mesh_index,mesh_index_original
13050,1295,0.0479173,0,48,48
13050,1296,0.0379258,0,43,43
13050,1297,0.0279343,0,38,38
13050,1298,0.0179428,0,33,33
13050,1299,0.00795125,0,28,28
13050,1300,-0.0020403,0,23,23
13050,1301,-0.0120319,0,18,18
13050,1302,-0.0220235,0,13,13
13050,1303,-0.0320151,0,8,8
13050,1304,-0.0420067,0,3,3
