time,particle_id,x,y,mesh_index,mesh_index_original
6440,634,0.048959,0,49,49
6440,635,0.0389632,0,44,44
6440,636,0.0289674,0,39,39
6440,637,0.0189715,0,34,34
6440,638,0.00897568,0,29,29
6440,639,-0.00102018,0,24,24
6440,640,-0.011016,0,19,19
6440,641,-0.0210119,0,14,14
6440,642,-0.0310078,0,9,9
6440,643,-0.0410037,0,4,4
