time,particle_id,x,y,mesh_index,mesh_index_original
38430,3833,0.0457604,0,47,47
38430,3834,0.0357857,0,42,42
38430,3835,0.0258108,0,37,37
38430,3836,0.0158359,0,32,32
38430,3837,0.00586094,0,27,27
38430,3838,-0.00411409,0,22,22
38430,3839,-0.0140892,0,17,17
38430,3840,-0.0240643,0,12,12
38430,3841,-0.0340395,0,7,7
38430,3842,-0.0440148,0,2,2
