time,particle_id,x,y,mesh_index,mesh_index_original
92380,9227,0.0494001,0,49,49
92380,9228,0.0394608,0,44,44
92380,9229,0.0295213,0,39,39
92380,9230,0.0195816,0,34,34
92380,9231,0.00964186,0,29,29
92380,9232,-0.000298066,0,24,24
92380,9233,-0.0102381,0,19,19
92380,9234,-0.0201784,0,14,14
92380,9235,-0.0301188,0,9,9
92380,9236,-0.0400593,0,4,4
