time,particle_id,x,y,mesh_index,mesh_index_original
33810,3371,0.0457893,0,47,47
33810,3372,0.0358115,0,42,42
33810,3373,0.0258336,0,37,37
33810,3374,0.0158557,0,32,32
33810,3375,0.00587768,0,27,27
33810,3376,-0.00410036,0,22,22
33810,3377,-0.0140784,0,17,17
33810,3378,-0.0240566,0,12,12
33810,3379,-0.0340348,0,7,7
33810,3380,-0.044013,0,2,2
