time,particle_id,x,y,mesh_index,mesh_index_original
54540,5444,0.0436671,0,46,46
54540,5445,0.0337029,0,41,41
54540,5446,0.0237386,0,36,36
54540,5447,0.0137742,0,31,31
54540,5448,0.00380972,0,26,26
54540,5449,-0.00615484,0,21,21
54540,5450,-0.0161195,0,16,16
54540,5451,-0.0260842,0,11,11
54540,5452,-0.0360491,0,6,6
54540,5453,-0.046014,0,1,1
