time,particle_id,x,y,mesh_index,mesh_index_original
86360,8626,0.0404902,0,45,45
86360,8627,0.0305468,0,40,40
86360,8628,0.0206032,0,35,35
86360,8629,0.0106595,0,30,30
86360,8630,0.000715706,0,25,25
86360,8631,-0.00922826,0,20,20
86360,8632,-0.0191724,0,15,15
86360,8633,-0.0291166,0,10,10
86360,8634,-0.039061,0,5,5
86360,8635,-0.0490055,0,0,0
