time,particle_id,x,y,mesh_index,mesh_index_original
69150,6905,0.0425825,0,46,46
69150,6906,0.0326279,0,41,41
69150,6907,0.0226731,0,36,36
69150,6908,0.0127183,0,31,31
69150,6909,0.00276329,0,26,26
69150,6910,-0.0071918,0,21,21
69150,6911,-0.017147,0,16,16
69150,6912,-0.0271023,0,11,11
69150,6913,-0.0370578,0,6,6
69150,6914,-0.0470133,0,1,1
