time,particle_id,x,y,mesh_index,mesh_index_original
34030,3393,0.0457879,0,47,47
34030,3394,0.0358102,0,42,42
34030,3395,0.0258325,0,37,37
34030,3396,0.0158547,0,32,32
34030,3397,0.00587688,0,27,27
34030,3398,-0.00410101,0,22,22
34030,3399,-0.014079,0,17,17
34030,3400,-0.0240569,0,12,12
34030,3401,-0.034035,0,7,7
34030,3402,-0.0440131,0,2,2
