time,particle_id,x,y,mesh_index,mesh_index_original
7770,767,0.0489505,0,49,49
7770,768,0.0389555,0,44,44
7770,769,0.0289605,0,39,39
7770,770,0.0189656,0,34,34
7770,771,0.00897059,0,29,29
7770,772,-0.0010244,0,24,24
7770,773,-0.0110194,0,19,19
7770,774,-0.0210144,0,14,14
7770,775,-0.0310094,0,9,9
7770,776,-0.0410045,0,4,4
