time,particle_id,x,y,mesh_index,mesh_index_original
92430,9232,0.0493998,0,49,49
92430,9233,0.0394605,0,44,44
92430,9234,0.029521,0,39,39
92430,9235,0.0195814,0,34,34
92430,9236,0.00964167,0,29,29
92430,9237,-0.000298227,0,24,24
92430,9238,-0.0102383,0,19,19
92430,9239,-0.0201785,0,14,14
92430,9240,-0.0301188,0,9,9
92430,9241,-0.0400593,0,4,4
