time,particle_id,x,y,mesh_index,mesh_index_original
12130,1203,0.0479231,0,48,48
12130,1204,0.0379311,0,43,43
12130,1205,0.027939,0,38,38
12130,1206,0.0179468,0,33,33
12130,1207,0.00795471,0,28,28
12130,1208,-0.00203744,0,23,23
12130,1209,-0.0120296,0,18,18
12130,1210,-0.0220218,0,13,13
12130,1211,-0.032014,0,8,8
12130,1212,-0.0420062,0,3,3
