time,particle_id,x,y,mesh_index,mesh_index_original
41520,4142,0.0447439,0,47,47
41520,4143,0.0347711,0,42,42
41520,4144,0.0247983,0,37,37
41520,4145,0.0148254,0,32,32
41520,4146,0.00485245,0,27,27
41520,4147,-0.00512057,0,22,22
41520,4148,-0.0150937,0,17,17
41520,4149,-0.0250668,0,12,12
41520,4150,-0.03504,0,7,7
41520,4151,-0.0450133,0,2,2
