time,particle_id,x,y,mesh_index,mesh_index_original
77670,7757,0.0415363,0,91,91
77670,7758,0.0315872,0,81,81
77670,7759,0.021638,0,71,71
77670,7760,0.0116887,0,61,61
77670,7761,0.00173921,0,51,51
77670,7762,-0.00821036,0,41,41
77670,7763,-0.0181601,0,31,31
77670,7764,-0.0281099,0,21,21
77670,7765,-0.0380599,0,11,11
77670,7766,-0.04801,0,1,1
