time,particle_id,x,y,mesh_index,mesh_index_original
73540,7344,0.0415609,0,91,91
73540,7345,0.0316091,0,81,81
73540,7346,0.0216572,0,71,71
73540,7347,0.0117052,0,61,61
73540,7348,0.00175306,0,51,51
73540,7349,-0.00819919,0,41,41
73540,7350,-0.0181516,0,31,31
73540,7351,-0.0281041,0,21,21
73540,7352,-0.0380567,0,11,11
73540,7353,-0.0480094,0,1,1
