time,particle_id,x,y,mesh_index,mesh_index_original
40290,4019,0.0447515,0,94,94
40290,4020,0.0347779,0,84,84
40290,4021,0.0248043,0,74,74
40290,4022,0.0148306,0,64,64
40290,4023,0.00485682,0,54,54
40290,4024,-0.005117,0,44,44
40290,4025,-0.0150909,0,34,34
40290,4026,-0.0250648,0,24,24
40290,4027,-0.0350388,0,14,14
40290,4028,-0.0450129,0,4,4
