time,particle_id,x,y,mesh_index,mesh_index_original
44580,4448,0.044725,0,94,94
44580,4449,0.0347542,0,84,84
44580,4450,0.0247834,0,74,74
44580,4451,0.0148125,0,64,64
44580,4452,0.00484157,0,54,54
44580,4453,-0.00512946,0,44,44
44580,4454,-0.0151006,0,34,34
44580,4455,-0.0250717,0,24,24
44580,4456,-0.035043,0,14,14
44580,4457,-0.0450143,0,4,4
