time,particle_id,x,y,mesh_index,mesh_index_original
61300,6120,0.0426299,0,92,92
61300,6121,0.0326701,0,82,82
61300,6122,0.0227102,0,72,72
61300,6123,0.0127502,0,62,62
61300,6124,0.00279014,0,52,52
61300,6125,-0.00717005,0,42,42
61300,6126,-0.0171303,0,32,32
61300,6127,-0.0270907,0,22,22
61300,6128,-0.0370512,0,12,12
61300,6129,-0.0470118,0,2,2
