time,particle_id,x,y,mesh_index,mesh_index_original
6480,638,0.0489588,0,98,98
6480,639,0.038963,0,88,88
6480,640,0.0289672,0,78,78
6480,641,0.0189713,0,68,68
6480,642,0.00897552,0,58,58
6480,643,-0.00102031,0,48,48
6480,644,-0.0110161,0,38,38
6480,645,-0.021012,0,28,28
6480,646,-0.0310079,0,18,18
6480,647,-0.0410037,0,8,8
