time,particle_id,x,y,mesh_index,mesh_index_original
23090,2299,0.0468547,0,96,96
23090,2300,0.0368698,0,86,86
23090,2301,0.0268849,0,76,76
23090,2302,0.0169,0,66,66
23090,2303,0.00691502,0,56,56
23090,2304,-0.00306998,0,46,46
23090,2305,-0.013055,0,36,36
23090,2306,-0.0230401,0,26,26
23090,2307,-0.0330252,0,16,16
23090,2308,-0.0430104,0,6,6
