time,particle_id,x,y,mesh_index,mesh_index_original
590,49,0.0489968,0,98,98
590,50,0.0389971,0,88,88
590,51,0.0289974,0,78,78
590,52,0.0189977,0,68,68
590,53,0.00899806,0,58,58
590,54,-0.00100162,0,48,48
590,55,-0.0110013,0,38,38
590,56,-0.021001,0,28,28
590,57,-0.0310006,0,18,18
590,58,-0.0410003,0,8,8
