time,particle_id,x,y,mesh_index,mesh_index_original
18260,1816,0.047884,0,97,97
18260,1817,0.037896,0,87,87
18260,1818,0.0279079,0,77,77
18260,1819,0.0179198,0,67,67
18260,1820,0.00793166,0,57,57
18260,1821,-0.00205649,0,47,47
18260,1822,-0.0120447,0,37,37
18260,1823,-0.0220329,0,27,27
18260,1824,-0.0320211,0,17,17
18260,1825,-0.0420094,0,7,7
