time,particle_id,x,y,mesh_index,mesh_index_original
18100,1800,0.047885,0,97,97
18100,1801,0.0378969,0,87,87
18100,1802,0.0279087,0,77,77
18100,1803,0.0179205,0,67,67
18100,1804,0.00793226,0,57,57
18100,1805,-0.00205599,0,47,47
18100,1806,-0.0120443,0,37,37
18100,1807,-0.0220326,0,27,27
18100,1808,-0.0320209,0,17,17
18100,1809,-0.0420093,0,7,7
