time,particle_id,x,y,mesh_index,mesh_index_original
20490,2039,0.0468711,0,96,96
20490,2040,0.0368845,0,86,86
20490,2041,0.0268979,0,76,76
20490,2042,0.0169113,0,66,66
20490,2043,0.00692462,0,56,56
20490,2044,-0.00306208,0,46,46
20490,2045,-0.0130488,0,36,36
20490,2046,-0.0230356,0,26,26
20490,2047,-0.0330224,0,16,16
20490,2048,-0.0430092,0,6,6
