time,particle_id,x,y,mesh_index,mesh_index_original
95860,9575,0.0493775,0,99,99
95860,9576,0.0394405,0,89,89
95860,9577,0.0295033,0,79,79
95860,9578,0.0195659,0,69,69
95860,9579,0.0096284,0,59,59
95860,9580,-0.000309272,0,49,49
95860,9581,-0.0102471,0,39,39
95860,9582,-0.0201851,0,29,29
95860,9583,-0.0301232,0,19,19
95860,9584,-0.0400615,0,9,9
