time,particle_id,x,y,mesh_index,mesh_index_original
44740,4464,0.044724,0,94,94
44740,4465,0.0347534,0,84,84
44740,4466,0.0247826,0,74,74
44740,4467,0.0148119,0,64,64
44740,4468,0.004841,0,54,54
44740,4469,-0.00512993,0,44,44
44740,4470,-0.0151009,0,34,34
44740,4471,-0.025072,0,24,24
44740,4472,-0.0350431,0,14,14
44740,4473,-0.0450144,0,4,4
