time,particle_id,x,y,mesh_index,mesh_index_original
50180,5008,0.0436937,0,93,93
50180,5009,0.0337266,0,83,83
50180,5010,0.0237595,0,73,73
50180,5011,0.0137922,0,63,63
50180,5012,0.00382493,0,53,53
50180,5013,-0.00614247,0,43,43
50180,5014,-0.0161099,0,33,33
50180,5015,-0.0260775,0,23,23
50180,5016,-0.0360452,0,13,13
50180,5017,-0.0460129,0,3,3
