time,particle_id,x,y,mesh_index,mesh_index_original
41990,4189,0.044741,0,94,94
41990,4190,0.0347685,0,84,84
41990,4191,0.024796,0,74,74
41990,4192,0.0148234,0,64,64
41990,4193,0.00485078,0,54,54
41990,4194,-0.00512194,0,44,44
41990,4195,-0.0150947,0,34,34
41990,4196,-0.0250676,0,24,24
41990,4197,-0.0350405,0,14,14
41990,4198,-0.0450135,0,4,4
