time,particle_id,x,y,mesh_index,mesh_index_original
37660,3756,0.0457652,0,95,95
37660,3757,0.0357899,0,85,85
37660,3758,0.0258146,0,75,75
37660,3759,0.0158392,0,65,65
37660,3760,0.00586372,0,55,55
37660,3761,-0.0041118,0,45,45
37660,3762,-0.0140874,0,35,35
37660,3763,-0.024063,0,25,25
37660,3764,-0.0340387,0,15,15
37660,3765,-0.0440145,0,5,5
