time,particle_id,x,y,mesh_index,mesh_index_original
89630,8953,0.0404709,0,90,90
89630,8954,0.0305296,0,80,80
89630,8955,0.0205882,0,70,70
89630,8956,0.0106467,0,60,60
89630,8957,0.000704961,0,50,50
89630,8958,-0.00923688,0,40,40
89630,8959,-0.0191789,0,30,30
89630,8960,-0.029121,0,20,20
89630,8961,-0.0390633,0,10,10
89630,8962,-0.0490057,0,0,0
