time,particle_id,x,y,mesh_index,mesh_index_original
41840,4174,0.0447419,0,94,94
41840,4175,0.0347694,0,84,84
41840,4176,0.0247967,0,74,74
41840,4177,0.0148241,0,64,64
41840,4178,0.00485131,0,54,54
41840,4179,-0.0051215,0,44,44
41840,4180,-0.0150944,0,34,34
41840,4181,-0.0250673,0,24,24
41840,4182,-0.0350403,0,14,14
41840,4183,-0.0450134,0,4,4
