time,particle_id,x,y,mesh_index,mesh_index_original
59690,5959,0.0436357,0,93,93
59690,5960,0.0336749,0,83,83
59690,5961,0.0237139,0,73,73
59690,5962,0.0137529,0,63,63
59690,5963,0.00379176,0,53,53
59690,5964,-0.00616946,0,43,43
59690,5965,-0.0161308,0,33,33
59690,5966,-0.0260922,0,23,23
59690,5967,-0.0360537,0,13,13
59690,5968,-0.0460153,0,3,3
