time,particle_id,x,y,mesh_index,mesh_index_original
13210,1311,0.0479162,0,97,97
13210,1312,0.0379249,0,87,87
13210,1313,0.0279335,0,77,77
13210,1314,0.0179421,0,67,67
13210,1315,0.00795064,0,57,57
13210,1316,-0.0020408,0,47,47
13210,1317,-0.0120323,0,37,37
13210,1318,-0.0220237,0,27,27
13210,1319,-0.0320152,0,17,17
13210,1320,-0.0420068,0,7,7
