time,particle_id,x,y,mesh_index,mesh_index_original
64960,6486,0.0426078,0,92,92
64960,6487,0.0326504,0,82,82
64960,6488,0.0226929,0,72,72
64960,6489,0.0127353,0,62,62
64960,6490,0.00277762,0,52,52
64960,6491,-0.00718019,0,42,42
64960,6492,-0.0171381,0,32,32
64960,6493,-0.0270961,0,22,22
64960,6494,-0.0370543,0,12,12
64960,6495,-0.0470125,0,2,2
