time,particle_id,x,y,mesh_index,mesh_index_original
92990,9288,0.0493961,0,99,99
92990,9289,0.0394572,0,89,89
92990,9290,0.0295181,0,79,79
92990,9291,0.0195789,0,69,69
92990,9292,0.0096395,0,59,59
92990,9293,-0.000300033,0,49,49
92990,9294,-0.0102397,0,39,39
92990,9295,-0.0201796,0,29,29
92990,9296,-0.0301195,0,19,19
92990,9297,-0.0400597,0,9,9
