time,particle_id,x,y,mesh_index,mesh_index_original
87290,8719,0.0404847,0,90,90
87290,8720,0.0305419,0,80,80
87290,8721,0.0205989,0,70,70
87290,8722,0.0106559,0,60,60
87290,8723,0.000712648,0,50,50
87290,8724,-0.00923071,0,40,40
87290,8725,-0.0191742,0,30,30
87290,8726,-0.0291179,0,20,20
87290,8727,-0.0390617,0,10,10
87290,8728,-0.0490056,0,0,0
