time,particle_id,x,y,mesh_index,mesh_index_original
51340,5124,0.0436867,0,93,93
51340,5125,0.0337203,0,83,83
51340,5126,0.0237539,0,73,73
51340,5127,0.0137874,0,63,63
51340,5128,0.00382088,0,53,53
51340,5129,-0.00614576,0,43,43
51340,5130,-0.0161125,0,33,33
51340,5131,-0.0260793,0,23,23
51340,5132,-0.0360462,0,13,13
51340,5133,-0.0460132,0,3,3
