time,particle_id,x,y,mesh_index,mesh_index_original
67940,6784,0.0425898,0,92,92
67940,6785,0.0326344,0,82,82
67940,6786,0.0226789,0,72,72
67940,6787,0.0127232,0,62,62
67940,6788,0.00276743,0,52,52
67940,6789,-0.00718845,0,42,42
67940,6790,-0.0171444,0,32,32
67940,6791,-0.0271005,0,22,22
67940,6792,-0.0370568,0,12,12
67940,6793,-0.0470131,0,2,2
