time,particle_id,x,y,mesh_index,mesh_index_original
44430,4433,0.0447259,0,94,94
44430,4434,0.0347551,0,84,84
44430,4435,0.0247841,0,74,74
44430,4436,0.0148132,0,64,64
44430,4437,0.0048421,0,54,54
44430,4438,-0.00512903,0,44,44
44430,4439,-0.0151002,0,34,34
44430,4440,-0.0250715,0,24,24
44430,4441,-0.0350428,0,14,14
44430,4442,-0.0450143,0,4,4
