time,particle_id,x,y,mesh_index,mesh_index_original
40240,4014,0.0447518,0,94,94
40240,4015,0.0347782,0,84,84
40240,4016,0.0248045,0,74,74
40240,4017,0.0148308,0,64,64
40240,4018,0.004857,0,54,54
40240,4019,-0.00511685,0,44,44
40240,4020,-0.0150908,0,34,34
40240,4021,-0.0250648,0,24,24
40240,4022,-0.0350388,0,14,14
40240,4023,-0.0450129,0,4,4
