time,particle_id,x,y,mesh_index,mesh_index_original
23910,2381,0.0468495,0,96,96
23910,2382,0.0368652,0,86,86
23910,2383,0.0268808,0,76,76
23910,2384,0.0168964,0,66,66
23910,2385,0.006912,0,56,56
23910,2386,-0.00307248,0,46,46
23910,2387,-0.013057,0,36,36
23910,2388,-0.0230415,0,26,26
23910,2389,-0.0330261,0,16,16
23910,2390,-0.0430107,0,6,6
