time,particle_id,x,y,mesh_index,mesh_index_original
8690,859,0.0489445,0,98,98
8690,860,0.0389502,0,88,88
8690,861,0.0289558,0,78,78
8690,862,0.0189614,0,68,68
8690,863,0.00896707,0,58,58
8690,864,-0.00102732,0,48,48
8690,865,-0.0110217,0,38,38
8690,866,-0.0210161,0,28,28
8690,867,-0.0310106,0,18,18
8690,868,-0.041005,0,8,8
