time,particle_id,x,y,mesh_index,mesh_index_original
39840,3974,0.0457516,0,95,95
39840,3975,0.0357778,0,85,85
39840,3976,0.0258039,0,75,75
39840,3977,0.0158299,0,65,65
39840,3978,0.00585583,0,55,55
39840,3979,-0.00411828,0,45,45
39840,3980,-0.0140924,0,35,35
39840,3981,-0.0240667,0,25,25
39840,3982,-0.034041,0,15,15
39840,3983,-0.0440153,0,5,5
