time,particle_id,x,y,mesh_index,mesh_index_original
56960,5686,0.0436524,0,93,93
56960,5687,0.0336897,0,83,83
56960,5688,0.023727,0,73,73
56960,5689,0.0137642,0,63,63
56960,5690,0.00380128,0,53,53
56960,5691,-0.00616171,0,43,43
56960,5692,-0.0161248,0,33,33
56960,5693,-0.026088,0,23,23
56960,5694,-0.0360513,0,13,13
56960,5695,-0.0460146,0,3,3
