time,particle_id,x,y,mesh_index,mesh_index_original
18960,1886,0.0478795,0,97,97
18960,1887,0.0378919,0,87,87
18960,1888,0.0279043,0,77,77
18960,1889,0.0179167,0,67,67
18960,1890,0.00792903,0,57,57
18960,1891,-0.00205866,0,47,47
18960,1892,-0.0120464,0,37,37
18960,1893,-0.0220341,0,27,27
18960,1894,-0.0320219,0,17,17
18960,1895,-0.0420097,0,7,7
