time,particle_id,x,y,mesh_index,mesh_index_original
96410,9630,0.049374,0,99,99
96410,9631,0.0394373,0,89,89
96410,9632,0.0295004,0,79,79
96410,9633,0.0195634,0,69,69
96410,9634,0.00962627,0,59,59
96410,9635,-0.000311042,0,49,49
96410,9636,-0.0102485,0,39,39
96410,9637,-0.0201861,0,29,29
96410,9638,-0.0301239,0,19,19
96410,9639,-0.0400619,0,9,9
