time,particle_id,x,y,mesh_index,mesh_index_original
72400,7230,0.0415677,0,91,91
72400,7231,0.0316152,0,81,81
72400,7232,0.0216625,0,71,71
72400,7233,0.0117098,0,61,61
72400,7234,0.00175689,0,51,51
72400,7235,-0.00819611,0,41,41
72400,7236,-0.0181492,0,31,31
72400,7237,-0.0281025,0,21,21
72400,7238,-0.0380558,0,11,11
72400,7239,-0.0480093,0,1,1
