time,particle_id,x,y,mesh_index,mesh_index_original
17580,1748,0.0478883,0,97,97
17580,1749,0.0378998,0,87,87
17580,1750,0.0279113,0,77,77
17580,1751,0.0179228,0,67,67
17580,1752,0.00793422,0,57,57
17580,1753,-0.00205438,0,47,47
17580,1754,-0.012043,0,37,37
17580,1755,-0.0220316,0,27,27
17580,1756,-0.0320203,0,17,17
17580,1757,-0.042009,0,7,7
