time,particle_id,x,y,mesh_index,mesh_index_original
66370,6627,0.0425993,0,92,92
66370,6628,0.0326428,0,82,82
66370,6629,0.0226863,0,72,72
66370,6630,0.0127296,0,62,62
66370,6631,0.0027728,0,52,52
66370,6632,-0.0071841,0,42,42
66370,6633,-0.0171411,0,32,32
66370,6634,-0.0270982,0,22,22
66370,6635,-0.0370554,0,12,12
66370,6636,-0.0470128,0,2,2
