time,particle_id,x,y,mesh_index,mesh_index_original
93910,9380,0.0493902,0,99,99
93910,9381,0.0394518,0,89,89
93910,9382,0.0295134,0,79,79
93910,9383,0.0195747,0,69,69
93910,9384,0.00963594,0,59,59
93910,9385,-0.000302994,0,49,49
93910,9386,-0.0102421,0,39,39
93910,9387,-0.0201813,0,29,29
93910,9388,-0.0301207,0,19,19
93910,9389,-0.0400603,0,9,9
