time,particle_id,x,y,mesh_index,mesh_index_original
55870,5577,0.043659,0,93,93
55870,5578,0.0336957,0,83,83
55870,5579,0.0237322,0,73,73
55870,5580,0.0137687,0,63,63
55870,5581,0.00380508,0,53,53
55870,5582,-0.00615862,0,43,43
55870,5583,-0.0161224,0,33,33
55870,5584,-0.0260863,0,23,23
55870,5585,-0.0360503,0,13,13
55870,5586,-0.0460143,0,3,3
