time,particle_id,x,y,mesh_index,mesh_index_original
24730,2463,0.0468443,0,96,96
24730,2464,0.0368606,0,86,86
24730,2465,0.0268767,0,76,76
24730,2466,0.0168929,0,66,66
24730,2467,0.00690897,0,56,56
24730,2468,-0.00307497,0,46,46
24730,2469,-0.0130589,0,36,36
24730,2470,-0.023043,0,26,26
24730,2471,-0.033027,0,16,16
24730,2472,-0.0430111,0,6,6
