time,particle_id,x,y,mesh_index,mesh_index_original
16210,1611,0.0478971,0,97,97
16210,1612,0.0379077,0,87,87
16210,1613,0.0279183,0,77,77
16210,1614,0.0179288,0,67,67
16210,1615,0.00793937,0,57,57
16210,1616,-0.00205012,0,47,47
16210,1617,-0.0120396,0,37,37
16210,1618,-0.0220292,0,27,27
16210,1619,-0.0320187,0,17,17
16210,1620,-0.0420083,0,7,7
