time,particle_id,x,y,mesh_index,mesh_index_original
78150,7805,0.0415334,0,91,91
78150,7806,0.0315847,0,81,81
78150,7807,0.0216358,0,71,71
78150,7808,0.0116867,0,61,61
78150,7809,0.00173761,0,51,51
78150,7810,-0.00821166,0,41,41
78150,7811,-0.0181611,0,31,31
78150,7812,-0.0281106,0,21,21
78150,7813,-0.0380602,0,11,11
78150,7814,-0.04801,0,1,1
