time,particle_id,x,y,mesh_index,mesh_index_original
94410,9430,0.0493869,0,99,99
94410,9431,0.0394489,0,89,89
94410,9432,0.0295108,0,79,79
94410,9433,0.0195725,0,69,69
94410,9434,0.00963401,0,59,59
94410,9435,-0.000304604,0,49,49
94410,9436,-0.0102434,0,39,39
94410,9437,-0.0201823,0,29,29
94410,9438,-0.0301214,0,19,19
94410,9439,-0.0400606,0,9,9
