time,particle_id,x,y,mesh_index,mesh_index_original
3660,356,0.048977,0,98,98
3660,357,0.0389793,0,88,88
3660,358,0.0289817,0,78,78
3660,359,0.018984,0,68,68
3660,360,0.00898631,0,58,58
3660,361,-0.00101136,0,48,48
3660,362,-0.011009,0,38,38
3660,363,-0.0210067,0,28,28
3660,364,-0.0310044,0,18,18
3660,365,-0.0410021,0,8,8
