time,particle_id,x,y,mesh_index,mesh_index_original
10460,1036,0.0479338,0,97,97
10460,1037,0.0379406,0,87,87
10460,1038,0.0279474,0,77,77
10460,1039,0.0179542,0,67,67
10460,1040,0.00796098,0,57,57
10460,1041,-0.00203226,0,47,47
10460,1042,-0.0120255,0,37,37
10460,1043,-0.0220188,0,27,27
10460,1044,-0.0320121,0,17,17
10460,1045,-0.0420054,0,7,7
