time,particle_id,x,y,mesh_index,mesh_index_original
12580,1248,0.0479203,0,97,97
12580,1249,0.0379285,0,87,87
12580,1250,0.0279367,0,77,77
12580,1251,0.0179448,0,67,67
12580,1252,0.00795301,0,57,57
12580,1253,-0.00203885,0,47,47
12580,1254,-0.0120307,0,37,37
12580,1255,-0.0220226,0,27,27
12580,1256,-0.0320145,0,17,17
12580,1257,-0.0420064,0,7,7
