time,particle_id,x,y,mesh_index,mesh_index_original
53480,5338,0.0436736,0,93,93
53480,5339,0.0337087,0,83,83
53480,5340,0.0237437,0,73,73
53480,5341,0.0137786,0,63,63
53480,5342,0.00381342,0,53,53
53480,5343,-0.00615184,0,43,43
53480,5344,-0.0161172,0,33,33
53480,5345,-0.0260826,0,23,23
53480,5346,-0.0360481,0,13,13
53480,5347,-0.0460137,0,3,3
