time,particle_id,x,y,mesh_index,mesh_index_original
13940,1384,0.0479116,0,97,97
13940,1385,0.0379207,0,87,87
13940,1386,0.0279298,0,77,77
13940,1387,0.0179388,0,67,67
13940,1388,0.0079479,0,57,57
13940,1389,-0.00204307,0,47,47
13940,1390,-0.0120341,0,37,37
13940,1391,-0.0220251,0,27,27
13940,1392,-0.0320161,0,17,17
13940,1393,-0.0420071,0,7,7
