time,particle_id,x,y,mesh_index,mesh_index_original
61600,6150,0.0426281,0,92,92
61600,6151,0.0326685,0,82,82
61600,6152,0.0227088,0,72,72
61600,6153,0.012749,0,62,62
61600,6154,0.00278911,0,52,52
61600,6155,-0.00717088,0,42,42
61600,6156,-0.017131,0,32,32
61600,6157,-0.0270912,0,22,22
61600,6158,-0.0370515,0,12,12
61600,6159,-0.0470119,0,2,2
