time,particle_id,x,y,mesh_index,mesh_index_original
94270,9416,0.0493878,0,99,99
94270,9417,0.0394497,0,89,89
94270,9418,0.0295115,0,79,79
94270,9419,0.0195731,0,69,69
94270,9420,0.00963455,0,59,59
94270,9421,-0.000304153,0,49,49
94270,9422,-0.010243,0,39,39
94270,9423,-0.020182,0,29,29
94270,9424,-0.0301212,0,19,19
94270,9425,-0.0400605,0,9,9
