time,particle_id,x,y,mesh_index,mesh_index_original
78120,7802,0.0415336,0,91,91
78120,7803,0.0315848,0,81,81
78120,7804,0.0216359,0,71,71
78120,7805,0.0116869,0,61,61
78120,7806,0.00173771,0,51,51
78120,7807,-0.00821158,0,41,41
78120,7808,-0.018161,0,31,31
78120,7809,-0.0281105,0,21,21
78120,7810,-0.0380602,0,11,11
78120,7811,-0.04801,0,1,1
