time,particle_id,x,y,mesh_index,mesh_index_original
82450,8235,0.0405132,0,90,90
82450,8236,0.0305672,0,80,80
82450,8237,0.0206211,0,70,70
82450,8238,0.0106749,0,60,60
82450,8239,0.000728553,0,50,50
82450,8240,-0.00921794,0,40,40
82450,8241,-0.0191646,0,30,30
82450,8242,-0.0291113,0,20,20
82450,8243,-0.0390582,0,10,10
82450,8244,-0.0490053,0,0,0
