time,particle_id,x,y,mesh_index,mesh_index_original
15810,1571,0.0478996,0,97,97
15810,1572,0.03791,0,87,87
15810,1573,0.0279203,0,77,77
15810,1574,0.0179306,0,67,67
15810,1575,0.00794087,0,57,57
15810,1576,-0.00204888,0,47,47
15810,1577,-0.0120387,0,37,37
15810,1578,-0.0220284,0,27,27
15810,1579,-0.0320183,0,17,17
15810,1580,-0.0420081,0,7,7
