time,particle_id,x,y,mesh_index,mesh_index_original
33870,3377,0.0457889,0,95,95
33870,3378,0.0358111,0,85,85
33870,3379,0.0258333,0,75,75
33870,3380,0.0158554,0,65,65
33870,3381,0.00587745,0,55,55
33870,3382,-0.00410054,0,45,45
33870,3383,-0.0140786,0,35,35
33870,3384,-0.0240567,0,25,25
33870,3385,-0.0340348,0,15,15
33870,3386,-0.044013,0,5,5
