time,particle_id,x,y,mesh_index,mesh_index_original
58150,5805,0.0436451,0,93,93
58150,5806,0.0336832,0,83,83
58150,5807,0.0237213,0,73,73
58150,5808,0.0137593,0,63,63
58150,5809,0.00379713,0,53,53
58150,5810,-0.00616509,0,43,43
58150,5811,-0.0161274,0,33,33
58150,5812,-0.0260898,0,23,23
58150,5813,-0.0360523,0,13,13
58150,5814,-0.0460149,0,3,3
