time,particle_id,x,y,mesh_index,mesh_index_original
89260,8916,0.0404731,0,90,90
89260,8917,0.0305316,0,80,80
89260,8918,0.0205899,0,70,70
89260,8919,0.0106481,0,60,60
89260,8920,0.000706176,0,50,50
89260,8921,-0.00923591,0,40,40
89260,8922,-0.0191781,0,30,30
89260,8923,-0.0291205,0,20,20
89260,8924,-0.039063,0,10,10
89260,8925,-0.0490057,0,0,0
