time,particle_id,x,y,mesh_index,mesh_index_original
59920,5982,0.0436343,0,93,93
59920,5983,0.0336736,0,83,83
59920,5984,0.0237128,0,73,73
59920,5985,0.0137519,0,63,63
59920,5986,0.00379096,0,53,53
59920,5987,-0.00617011,0,43,43
59920,5988,-0.0161313,0,33,33
59920,5989,-0.0260925,0,23,23
59920,5990,-0.0360539,0,13,13
59920,5991,-0.0460154,0,3,3
