time,particle_id,x,y,mesh_index,mesh_index_original
38190,3809,0.0457619,0,95,95
38190,3810,0.035787,0,85,85
38190,3811,0.025812,0,75,75
38190,3812,0.0158369,0,65,65
38190,3813,0.00586181,0,55,55
38190,3814,-0.00411338,0,45,45
38190,3815,-0.0140886,0,35,35
38190,3816,-0.0240639,0,25,25
38190,3817,-0.0340393,0,15,15
38190,3818,-0.0440147,0,5,5
