time,particle_id,x,y,mesh_index,mesh_index_original
75680,7558,0.0415481,0,91,91
75680,7559,0.0315978,0,81,81
75680,7560,0.0216473,0,71,71
75680,7561,0.0116966,0,61,61
75680,7562,0.00174589,0,51,51
75680,7563,-0.00820498,0,41,41
75680,7564,-0.018156,0,31,31
75680,7565,-0.0281071,0,21,21
75680,7566,-0.0380583,0,11,11
75680,7567,-0.0480097,0,1,1
