time,particle_id,x,y,mesh_index,mesh_index_original
58710,5861,0.0436417,0,93,93
58710,5862,0.0336802,0,83,83
58710,5863,0.0237186,0,73,73
58710,5864,0.0137569,0,63,63
58710,5865,0.00379518,0,53,53
58710,5866,-0.00616668,0,43,43
58710,5867,-0.0161286,0,33,33
58710,5868,-0.0260907,0,23,23
58710,5869,-0.0360528,0,13,13
58710,5870,-0.0460151,0,3,3
