time,particle_id,x,y,mesh_index,mesh_index_original
3700,360,0.0489767,0,98,98
3700,361,0.0389791,0,88,88
3700,362,0.0289814,0,78,78
3700,363,0.0189838,0,68,68
3700,364,0.00898616,0,58,58
3700,365,-0.00101149,0,48,48
3700,366,-0.0110091,0,38,38
3700,367,-0.0210068,0,28,28
3700,368,-0.0310044,0,18,18
3700,369,-0.0410021,0,8,8
