time,particle_id,x,y,mesh_index,mesh_index_original
80110,8001,0.040527,0,90,90
80110,8002,0.0305795,0,80,80
80110,8003,0.0206319,0,70,70
80110,8004,0.0106841,0,60,60
80110,8005,0.000736244,0,50,50
80110,8006,-0.00921177,0,40,40
80110,8007,-0.0191599,0,30,30
80110,8008,-0.0291082,0,20,20
80110,8009,-0.0390566,0,10,10
80110,8010,-0.0490051,0,0,0
