time,particle_id,x,y,mesh_index,mesh_index_original
47830,4773,0.0447049,0,94,94
47830,4774,0.0347363,0,84,84
47830,4775,0.0247676,0,74,74
47830,4776,0.0147989,0,64,64
47830,4777,0.00483002,0,54,54
47830,4778,-0.0051389,0,44,44
47830,4779,-0.0151079,0,34,34
47830,4780,-0.025077,0,24,24
47830,4781,-0.0350461,0,14,14
47830,4782,-0.0450154,0,4,4
