time,particle_id,x,y,mesh_index,mesh_index_original
69200,6910,0.0425822,0,92,92
69200,6911,0.0326276,0,82,82
69200,6912,0.0226729,0,72,72
69200,6913,0.0127181,0,62,62
69200,6914,0.00276312,0,52,52
69200,6915,-0.00719194,0,42,42
69200,6916,-0.0171471,0,32,32
69200,6917,-0.0271024,0,22,22
69200,6918,-0.0370578,0,12,12
69200,6919,-0.0470133,0,2,2
