time,particle_id,x,y,mesh_index,mesh_index_original
26950,2685,0.0468303,0,96,96
26950,2686,0.036848,0,86,86
26950,2687,0.0268656,0,76,76
26950,2688,0.0168832,0,66,66
26950,2689,0.00690078,0,56,56
26950,2690,-0.00308172,0,46,46
26950,2691,-0.0130642,0,36,36
26950,2692,-0.0230468,0,26,26
26950,2693,-0.0330294,0,16,16
26950,2694,-0.0430121,0,6,6
