time,particle_id,x,y,mesh_index,mesh_index_original
29590,2949,0.0468137,0,96,96
29590,2950,0.0368331,0,86,86
29590,2951,0.0268524,0,76,76
29590,2952,0.0168718,0,66,66
29590,2953,0.00689104,0,56,56
29590,2954,-0.00308974,0,46,46
29590,2955,-0.0130706,0,36,36
29590,2956,-0.0230514,0,26,26
29590,2957,-0.0330323,0,16,16
29590,2958,-0.0430133,0,6,6
