time,particle_id,x,y,mesh_index,mesh_index_original
48850,4875,0.0446986,0,94,94
48850,4876,0.0347307,0,84,84
48850,4877,0.0247627,0,74,74
48850,4878,0.0147946,0,64,64
48850,4879,0.00482639,0,54,54
48850,4880,-0.00514186,0,44,44
48850,4881,-0.0151102,0,34,34
48850,4882,-0.0250786,0,24,24
48850,4883,-0.0350471,0,14,14
48850,4884,-0.0450157,0,4,4
