time,particle_id,x,y,mesh_index,mesh_index_original
58240,5814,0.0436445,0,93,93
58240,5815,0.0336827,0,83,83
58240,5816,0.0237209,0,73,73
58240,5817,0.0137589,0,63,63
58240,5818,0.00379682,0,53,53
58240,5819,-0.00616535,0,43,43
58240,5820,-0.0161276,0,33,33
58240,5821,-0.02609,0,23,23
58240,5822,-0.0360524,0,13,13
58240,5823,-0.046015,0,3,3
