time,particle_id,x,y,mesh_index,mesh_index_original
68160,6806,0.0425885,0,92,92
68160,6807,0.0326332,0,82,82
68160,6808,0.0226778,0,72,72
68160,6809,0.0127223,0,62,62
68160,6810,0.00276667,0,52,52
68160,6811,-0.00718906,0,42,42
68160,6812,-0.0171449,0,32,32
68160,6813,-0.0271009,0,22,22
68160,6814,-0.0370569,0,12,12
68160,6815,-0.0470131,0,2,2
