time,particle_id,x,y,mesh_index,mesh_index_original
50280,5018,0.0436931,0,93,93
50280,5019,0.0337261,0,83,83
50280,5020,0.023759,0,73,73
50280,5021,0.0137918,0,63,63
50280,5022,0.00382458,0,53,53
50280,5023,-0.00614275,0,43,43
50280,5024,-0.0161102,0,33,33
50280,5025,-0.0260777,0,23,23
50280,5026,-0.0360452,0,13,13
50280,5027,-0.0460129,0,3,3
