time,particle_id,x,y,mesh_index,mesh_index_original
5410,531,0.0489657,0,98,98
5410,532,0.0389692,0,88,88
5410,533,0.0289727,0,78,78
5410,534,0.0189761,0,68,68
5410,535,0.00897962,0,58,58
5410,536,-0.00101691,0,48,48
5410,537,-0.0110135,0,38,38
5410,538,-0.02101,0,28,28
5410,539,-0.0310065,0,18,18
5410,540,-0.0410031,0,8,8
