time,particle_id,x,y,mesh_index,mesh_index_original
22550,2245,0.0468581,0,96,96
22550,2246,0.0368729,0,86,86
22550,2247,0.0268876,0,76,76
22550,2248,0.0169023,0,66,66
22550,2249,0.00691702,0,56,56
22550,2250,-0.00306834,0,46,46
22550,2251,-0.0130537,0,36,36
22550,2252,-0.0230392,0,26,26
22550,2253,-0.0330246,0,16,16
22550,2254,-0.0430101,0,6,6
