time,particle_id,x,y,mesh_index,mesh_index_original
14780,1468,0.0479062,0,97,97
14780,1469,0.0379159,0,87,87
14780,1470,0.0279255,0,77,77
14780,1471,0.0179351,0,67,67
14780,1472,0.00794474,0,57,57
14780,1473,-0.00204568,0,47,47
14780,1474,-0.0120361,0,37,37
14780,1475,-0.0220266,0,27,27
14780,1476,-0.0320171,0,17,17
14780,1477,-0.0420076,0,7,7
