time,particle_id,x,y,mesh_index,mesh_index_original
19210,1911,0.0478779,0,97,97
19210,1912,0.0378905,0,87,87
19210,1913,0.0279031,0,77,77
19210,1914,0.0179156,0,67,67
19210,1915,0.00792809,0,57,57
19210,1916,-0.00205944,0,47,47
19210,1917,-0.012047,0,37,37
19210,1918,-0.0220346,0,27,27
19210,1919,-0.0320222,0,17,17
19210,1920,-0.0420099,0,7,7
