time,particle_id,x,y,mesh_index,mesh_index_original
3480,338,0.0489781,0,98,98
3480,339,0.0389804,0,88,88
3480,340,0.0289826,0,78,78
3480,341,0.0189848,0,68,68
3480,342,0.008987,0,58,58
3480,343,-0.00101079,0,48,48
3480,344,-0.0110086,0,38,38
3480,345,-0.0210064,0,28,28
3480,346,-0.0310042,0,18,18
3480,347,-0.041002,0,8,8
