time,particle_id,x,y,mesh_index,mesh_index_original
84220,8412,0.0405028,0,90,90
84220,8413,0.030558,0,80,80
84220,8414,0.020613,0,70,70
84220,8415,0.0106679,0,60,60
84220,8416,0.000722736,0,50,50
84220,8417,-0.00922261,0,40,40
84220,8418,-0.0191681,0,30,30
84220,8419,-0.0291137,0,20,20
84220,8420,-0.0390595,0,10,10
84220,8421,-0.0490054,0,0,0
