time,particle_id,x,y,mesh_index,mesh_index_original
57680,5758,0.043648,0,93,93
57680,5759,0.0336858,0,83,83
57680,5760,0.0237235,0,73,73
57680,5761,0.0137612,0,63,63
57680,5762,0.00379877,0,53,53
57680,5763,-0.00616376,0,43,43
57680,5764,-0.0161264,0,33,33
57680,5765,-0.0260891,0,23,23
57680,5766,-0.0360519,0,13,13
57680,5767,-0.0460148,0,3,3
