time,particle_id,x,y,mesh_index,mesh_index_original
71440,7134,0.0415734,0,91,91
71440,7135,0.0316203,0,81,81
71440,7136,0.021667,0,71,71
71440,7137,0.0117136,0,61,61
71440,7138,0.00176011,0,51,51
71440,7139,-0.00819351,0,41,41
71440,7140,-0.0181472,0,31,31
71440,7141,-0.0281011,0,21,21
71440,7142,-0.0380551,0,11,11
71440,7143,-0.0480092,0,1,1
