time,particle_id,x,y,mesh_index,mesh_index_original
91940,9183,0.0494029,0,99,99
91940,9184,0.0394633,0,89,89
91940,9185,0.0295235,0,79,79
91940,9186,0.0195836,0,69,69
91940,9187,0.00964356,0,59,59
91940,9188,-0.000296652,0,49,49
91940,9189,-0.010237,0,39,39
91940,9190,-0.0201775,0,29,29
91940,9191,-0.0301182,0,19,19
91940,9192,-0.040059,0,9,9
