time,particle_id,x,y,mesh_index,mesh_index_original
63530,6343,0.0426164,0,92,92
63530,6344,0.0326581,0,82,82
63530,6345,0.0226997,0,72,72
63530,6346,0.0127411,0,62,62
63530,6347,0.00278251,0,52,52
63530,6348,-0.00717623,0,42,42
63530,6349,-0.0171351,0,32,32
63530,6350,-0.027094,0,22,22
63530,6351,-0.0370531,0,12,12
63530,6352,-0.0470122,0,2,2
