time,particle_id,x,y,mesh_index,mesh_index_original
29810,2971,0.0468123,0,96,96
29810,2972,0.0368318,0,86,86
29810,2973,0.0268513,0,76,76
29810,2974,0.0168708,0,66,66
29810,2975,0.00689022,0,56,56
29810,2976,-0.00309041,0,46,46
29810,2977,-0.0130711,0,36,36
29810,2978,-0.0230518,0,26,26
29810,2979,-0.0330326,0,16,16
29810,2980,-0.0430134,0,6,6
