time,particle_id,x,y,mesh_index,mesh_index_original
6490,639,0.0489587,0,98,98
6490,640,0.0389629,0,88,88
6490,641,0.0289671,0,78,78
6490,642,0.0189713,0,68,68
6490,643,0.00897548,0,58,58
6490,644,-0.00102034,0,48,48
6490,645,-0.0110162,0,38,38
6490,646,-0.021012,0,28,28
6490,647,-0.0310079,0,18,18
6490,648,-0.0410037,0,8,8
