time,particle_id,x,y,mesh_index,mesh_index_original
39980,3988,0.0457508,0,95,95
39980,3989,0.035777,0,85,85
39980,3990,0.0258032,0,75,75
39980,3991,0.0158293,0,65,65
39980,3992,0.00585532,0,55,55
39980,3993,-0.00411869,0,45,45
39980,3994,-0.0140928,0,35,35
39980,3995,-0.0240669,0,25,25
39980,3996,-0.0340411,0,15,15
39980,3997,-0.0440154,0,5,5
