time,particle_id,x,y,mesh_index,mesh_index_original
74620,7452,0.0415545,0,91,91
74620,7453,0.0316034,0,81,81
74620,7454,0.0216522,0,71,71
74620,7455,0.0117009,0,61,61
74620,7456,0.00174944,0,51,51
74620,7457,-0.00820211,0,41,41
74620,7458,-0.0181538,0,31,31
74620,7459,-0.0281056,0,21,21
74620,7460,-0.0380575,0,11,11
74620,7461,-0.0480096,0,1,1
