time,particle_id,x,y,mesh_index,mesh_index_original
53440,5334,0.0436738,0,93,93
53440,5335,0.0337089,0,83,83
53440,5336,0.0237439,0,73,73
53440,5337,0.0137788,0,63,63
53440,5338,0.00381356,0,53,53
53440,5339,-0.00615172,0,43,43
53440,5340,-0.0161171,0,33,33
53440,5341,-0.0260825,0,23,23
53440,5342,-0.0360481,0,13,13
53440,5343,-0.0460137,0,3,3
