time,particle_id,x,y,mesh_index,mesh_index_original
49050,4895,0.0446974,0,94,94
49050,4896,0.0347296,0,84,84
49050,4897,0.0247617,0,74,74
49050,4898,0.0147937,0,64,64
49050,4899,0.00482568,0,54,54
49050,4900,-0.00514245,0,44,44
49050,4901,-0.0151106,0,34,34
49050,4902,-0.0250789,0,24,24
49050,4903,-0.0350473,0,14,14
49050,4904,-0.0450157,0,4,4
