time,particle_id,x,y,mesh_index,mesh_index_original
18490,1839,0.0478825,0,97,97
18490,1840,0.0378946,0,87,87
18490,1841,0.0279067,0,77,77
18490,1842,0.0179188,0,67,67
18490,1843,0.0079308,0,57,57
18490,1844,-0.0020572,0,47,47
18490,1845,-0.0120452,0,37,37
18490,1846,-0.0220333,0,27,27
18490,1847,-0.0320214,0,17,17
18490,1848,-0.0420095,0,7,7
