time,particle_id,x,y,mesh_index,mesh_index_original
68480,6838,0.0425866,0,92,92
68480,6839,0.0326315,0,82,82
68480,6840,0.0226763,0,72,72
68480,6841,0.012721,0,62,62
68480,6842,0.00276558,0,52,52
68480,6843,-0.00718995,0,42,42
68480,6844,-0.0171456,0,32,32
68480,6845,-0.0271013,0,22,22
68480,6846,-0.0370572,0,12,12
68480,6847,-0.0470132,0,2,2
