time,particle_id,x,y,mesh_index,mesh_index_original
66900,6680,0.0425961,0,92,92
66900,6681,0.03264,0,82,82
66900,6682,0.0226838,0,72,72
66900,6683,0.0127274,0,62,62
66900,6684,0.00277098,0,52,52
66900,6685,-0.00718557,0,42,42
66900,6686,-0.0171422,0,32,32
66900,6687,-0.027099,0,22,22
66900,6688,-0.0370559,0,12,12
66900,6689,-0.0470129,0,2,2
