time,particle_id,x,y,mesh_index,mesh_index_original
66270,6617,0.0425999,0,92,92
66270,6618,0.0326434,0,82,82
66270,6619,0.0226867,0,72,72
66270,6620,0.01273,0,62,62
66270,6621,0.00277314,0,52,52
66270,6622,-0.00718382,0,42,42
66270,6623,-0.0171409,0,32,32
66270,6624,-0.0270981,0,22,22
66270,6625,-0.0370554,0,12,12
66270,6626,-0.0470128,0,2,2
