time,particle_id,x,y,mesh_index,mesh_index_original
95500,9539,0.0493799,0,99,99
95500,9540,0.0394426,0,89,89
95500,9541,0.0295051,0,79,79
95500,9542,0.0195675,0,69,69
95500,9543,0.00962979,0,59,59
95500,9544,-0.000308113,0,49,49
95500,9545,-0.0102462,0,39,39
95500,9546,-0.0201844,0,29,29
95500,9547,-0.0301228,0,19,19
95500,9548,-0.0400613,0,9,9
