time,particle_id,x,y,mesh_index,mesh_index_original
33590,3349,0.0457906,0,95,95
33590,3350,0.0358127,0,85,85
33590,3351,0.0258347,0,75,75
33590,3352,0.0158566,0,65,65
33590,3353,0.00587847,0,55,55
33590,3354,-0.0040997,0,45,45
33590,3355,-0.0140779,0,35,35
33590,3356,-0.0240562,0,25,25
33590,3357,-0.0340345,0,15,15
33590,3358,-0.0440129,0,5,5
