time,particle_id,x,y,mesh_index,mesh_index_original
72720,7262,0.0415658,0,91,91
72720,7263,0.0316135,0,81,81
72720,7264,0.021661,0,71,71
72720,7265,0.0117085,0,61,61
72720,7266,0.00175581,0,51,51
72720,7267,-0.00819697,0,41,41
72720,7268,-0.0181499,0,31,31
72720,7269,-0.0281029,0,21,21
72720,7270,-0.0380561,0,11,11
72720,7271,-0.0480093,0,1,1
