time,particle_id,x,y,mesh_index,mesh_index_original
52920,5282,0.043677,0,93,93
52920,5283,0.0337117,0,83,83
52920,5284,0.0237464,0,73,73
52920,5285,0.0137809,0,63,63
52920,5286,0.00381537,0,53,53
52920,5287,-0.00615025,0,43,43
52920,5288,-0.016116,0,33,33
52920,5289,-0.0260817,0,23,23
52920,5290,-0.0360476,0,13,13
52920,5291,-0.0460136,0,3,3
