time,particle_id,x,y,mesh_index,mesh_index_original
14070,1397,0.0479107,0,97,97
14070,1398,0.0379199,0,87,87
14070,1399,0.0279291,0,77,77
14070,1400,0.0179383,0,67,67
14070,1401,0.00794741,0,57,57
14070,1402,-0.00204347,0,47,47
14070,1403,-0.0120344,0,37,37
14070,1404,-0.0220253,0,27,27
14070,1405,-0.0320162,0,17,17
14070,1406,-0.0420072,0,7,7
