time,particle_id,x,y,mesh_index,mesh_index_original
83280,8318,0.0405083,0,90,90
83280,8319,0.0305629,0,80,80
83280,8320,0.0206173,0,70,70
83280,8321,0.0106716,0,60,60
83280,8322,0.000725825,0,50,50
83280,8323,-0.00922013,0,40,40
83280,8324,-0.0191662,0,30,30
83280,8325,-0.0291125,0,20,20
83280,8326,-0.0390588,0,10,10
83280,8327,-0.0490053,0,0,0
