time,particle_id,x,y,mesh_index,mesh_index_original
6370,627,0.0489595,0,98,98
6370,628,0.0389636,0,88,88
6370,629,0.0289677,0,78,78
6370,630,0.0189718,0,68,68
6370,631,0.00897594,0,58,58
6370,632,-0.00101996,0,48,48
6370,633,-0.0110159,0,38,38
6370,634,-0.0210118,0,28,28
6370,635,-0.0310077,0,18,18
6370,636,-0.0410037,0,8,8
