time,particle_id,x,y,mesh_index,mesh_index_original
59430,5933,0.0436373,0,93,93
59430,5934,0.0336763,0,83,83
59430,5935,0.0237152,0,73,73
59430,5936,0.013754,0,63,63
59430,5937,0.00379267,0,53,53
59430,5938,-0.00616872,0,43,43
59430,5939,-0.0161302,0,33,33
59430,5940,-0.0260918,0,23,23
59430,5941,-0.0360535,0,13,13
59430,5942,-0.0460153,0,3,3
