time,particle_id,x,y,mesh_index,mesh_index_original
3630,353,0.0489772,0,98,98
3630,354,0.0389795,0,88,88
3630,355,0.0289818,0,78,78
3630,356,0.0189841,0,68,68
3630,357,0.00898643,0,58,58
3630,358,-0.00101127,0,48,48
3630,359,-0.011009,0,38,38
3630,360,-0.0210067,0,28,28
3630,361,-0.0310044,0,18,18
3630,362,-0.0410021,0,8,8
