time,particle_id,x,y,mesh_index,mesh_index_original
66750,6665,0.042597,0,92,92
66750,6666,0.0326408,0,82,82
66750,6667,0.0226845,0,72,72
66750,6668,0.012728,0,62,62
66750,6669,0.0027715,0,52,52
66750,6670,-0.00718515,0,42,42
66750,6671,-0.0171419,0,32,32
66750,6672,-0.0270988,0,22,22
66750,6673,-0.0370558,0,12,12
66750,6674,-0.0470129,0,2,2
