time,particle_id,x,y,mesh_index,mesh_index_original
5210,511,0.048967,0,98,98
5210,512,0.0389703,0,88,88
5210,513,0.0289737,0,78,78
5210,514,0.018977,0,68,68
5210,515,0.00898038,0,58,58
5210,516,-0.00101628,0,48,48
5210,517,-0.0110129,0,38,38
5210,518,-0.0210096,0,28,28
5210,519,-0.0310063,0,18,18
5210,520,-0.041003,0,8,8
