time,particle_id,x,y,mesh_index,mesh_index_original
77050,7695,0.04154,0,91,91
77050,7696,0.0315905,0,81,81
77050,7697,0.0216409,0,71,71
77050,7698,0.0116911,0,61,61
77050,7699,0.00174129,0,51,51
77050,7700,-0.00820869,0,41,41
77050,7701,-0.0181588,0,31,31
77050,7702,-0.028109,0,21,21
77050,7703,-0.0380594,0,11,11
77050,7704,-0.0480099,0,1,1
