time,particle_id,x,y,mesh_index,mesh_index_original
94370,9426,0.0493872,0,99,99
94370,9427,0.0394492,0,89,89
94370,9428,0.029511,0,79,79
94370,9429,0.0195726,0,69,69
94370,9430,0.00963416,0,59,59
94370,9431,-0.000304475,0,49,49
94370,9432,-0.0102433,0,39,39
94370,9433,-0.0201822,0,29,29
94370,9434,-0.0301213,0,19,19
94370,9435,-0.0400606,0,9,9
