time,particle_id,x,y,mesh_index,mesh_index_original
74220,7412,0.0415569,0,91,91
74220,7413,0.0316055,0,81,81
74220,7414,0.0216541,0,71,71
74220,7415,0.0117025,0,61,61
74220,7416,0.00175078,0,51,51
74220,7417,-0.00820103,0,41,41
74220,7418,-0.018153,0,31,31
74220,7419,-0.028105,0,21,21
74220,7420,-0.0380572,0,11,11
74220,7421,-0.0480095,0,1,1
