time,particle_id,x,y,mesh_index,mesh_index_original
81670,8157,0.0405178,0,90,90
81670,8158,0.0305713,0,80,80
81670,8159,0.0206247,0,70,70
81670,8160,0.010678,0,60,60
81670,8161,0.000731117,0,50,50
81670,8162,-0.00921588,0,40,40
81670,8163,-0.019163,0,30,30
81670,8164,-0.0291103,0,20,20
81670,8165,-0.0390577,0,10,10
81670,8166,-0.0490052,0,0,0
