time,particle_id,x,y,mesh_index,mesh_index_original
23230,2313,0.0468538,0,96,96
23230,2314,0.036869,0,86,86
23230,2315,0.0268842,0,76,76
23230,2316,0.0168994,0,66,66
23230,2317,0.00691451,0,56,56
23230,2318,-0.00307041,0,46,46
23230,2319,-0.0130554,0,36,36
23230,2320,-0.0230403,0,26,26
23230,2321,-0.0330254,0,16,16
23230,2322,-0.0430104,0,6,6
