time,particle_id,x,y,mesh_index,mesh_index_original
61070,6097,0.0426313,0,92,92
61070,6098,0.0326713,0,82,82
61070,6099,0.0227113,0,72,72
61070,6100,0.0127512,0,62,62
61070,6101,0.00279093,0,52,52
61070,6102,-0.00716941,0,42,42
61070,6103,-0.0171298,0,32,32
61070,6104,-0.0270904,0,22,22
61070,6105,-0.037051,0,12,12
61070,6106,-0.0470118,0,2,2
