time,particle_id,x,y,mesh_index,mesh_index_original
21410,2131,0.0468653,0,96,96
21410,2132,0.0368793,0,86,86
21410,2133,0.0268933,0,76,76
21410,2134,0.0169073,0,66,66
21410,2135,0.00692122,0,56,56
21410,2136,-0.00306488,0,46,46
21410,2137,-0.013051,0,36,36
21410,2138,-0.0230372,0,26,26
21410,2139,-0.0330234,0,16,16
21410,2140,-0.0430096,0,6,6
