time,particle_id,x,y,mesh_index,mesh_index_original
75650,7555,0.0415483,0,91,91
75650,7556,0.0315979,0,81,81
75650,7557,0.0216474,0,71,71
75650,7558,0.0116968,0,61,61
75650,7559,0.00174599,0,51,51
75650,7560,-0.0082049,0,41,41
75650,7561,-0.0181559,0,31,31
75650,7562,-0.028107,0,21,21
75650,7563,-0.0380583,0,11,11
75650,7564,-0.0480097,0,1,1
