time,particle_id,x,y,mesh_index,mesh_index_original
94130,9402,0.0493888,0,99,99
94130,9403,0.0394506,0,89,89
94130,9404,0.0295122,0,79,79
94130,9405,0.0195737,0,69,69
94130,9406,0.00963509,0,59,59
94130,9407,-0.000303703,0,49,49
94130,9408,-0.0102426,0,39,39
94130,9409,-0.0201817,0,29,29
94130,9410,-0.030121,0,19,19
94130,9411,-0.0400604,0,9,9
