time,particle_id,x,y,mesh_index,mesh_index_original
29260,2916,0.0468158,0,96,96
29260,2917,0.0368349,0,86,86
29260,2918,0.0268541,0,76,76
29260,2919,0.0168732,0,66,66
29260,2920,0.00689225,0,56,56
29260,2921,-0.00308873,0,46,46
29260,2922,-0.0130698,0,36,36
29260,2923,-0.0230508,0,26,26
29260,2924,-0.033032,0,16,16
29260,2925,-0.0430131,0,6,6
