time,particle_id,x,y,mesh_index,mesh_index_original
32400,3230,0.0457981,0,95,95
32400,3231,0.0358193,0,85,85
32400,3232,0.0258405,0,75,75
32400,3233,0.0158617,0,65,65
32400,3234,0.00588278,0,55,55
32400,3235,-0.00409617,0,45,45
32400,3236,-0.0140752,0,35,35
32400,3237,-0.0240542,0,25,25
32400,3238,-0.0340333,0,15,15
32400,3239,-0.0440125,0,5,5
