time,particle_id,x,y,mesh_index,mesh_index_original
64880,6478,0.0426083,0,92,92
64880,6479,0.0326509,0,82,82
64880,6480,0.0226933,0,72,72
64880,6481,0.0127356,0,62,62
64880,6482,0.00277789,0,52,52
64880,6483,-0.00717997,0,42,42
64880,6484,-0.0171379,0,32,32
64880,6485,-0.027096,0,22,22
64880,6486,-0.0370542,0,12,12
64880,6487,-0.0470125,0,2,2
