time,particle_id,x,y,mesh_index,mesh_index_original
48150,4805,0.044703,0,94,94
48150,4806,0.0347345,0,84,84
48150,4807,0.0247661,0,74,74
48150,4808,0.0147975,0,64,64
48150,4809,0.00482888,0,54,54
48150,4810,-0.00513983,0,44,44
48150,4811,-0.0151086,0,34,34
48150,4812,-0.0250775,0,24,24
48150,4813,-0.0350464,0,14,14
48150,4814,-0.0450155,0,4,4
