time,particle_id,x,y,mesh_index,mesh_index_original
84170,8407,0.0405031,0,90,90
84170,8408,0.0305582,0,80,80
84170,8409,0.0206133,0,70,70
84170,8410,0.0106681,0,60,60
84170,8411,0.0007229,0,50,50
84170,8412,-0.00922248,0,40,40
84170,8413,-0.019168,0,30,30
84170,8414,-0.0291137,0,20,20
84170,8415,-0.0390595,0,10,10
84170,8416,-0.0490054,0,0,0
