time,particle_id,x,y,mesh_index,mesh_index_original
17330,1723,0.0478899,0,97,97
17330,1724,0.0379013,0,87,87
17330,1725,0.0279126,0,77,77
17330,1726,0.0179239,0,67,67
17330,1727,0.00793516,0,57,57
17330,1728,-0.0020536,0,47,47
17330,1729,-0.0120424,0,37,37
17330,1730,-0.0220312,0,27,27
17330,1731,-0.03202,0,17,17
17330,1732,-0.0420089,0,7,7
