time,particle_id,x,y,mesh_index,mesh_index_original
88740,8864,0.0404761,0,90,90
88740,8865,0.0305343,0,80,80
88740,8866,0.0205923,0,70,70
88740,8867,0.0106502,0,60,60
88740,8868,0.000707884,0,50,50
88740,8869,-0.00923454,0,40,40
88740,8870,-0.0191771,0,30,30
88740,8871,-0.0291198,0,20,20
88740,8872,-0.0390627,0,10,10
88740,8873,-0.0490057,0,0,0
