time,particle_id,x,y,mesh_index,mesh_index_original
67540,6744,0.0425923,0,92,92
67540,6745,0.0326366,0,82,82
67540,6746,0.0226807,0,72,72
67540,6747,0.0127248,0,62,62
67540,6748,0.00276879,0,52,52
67540,6749,-0.00718734,0,42,42
67540,6750,-0.0171436,0,32,32
67540,6751,-0.0270999,0,22,22
67540,6752,-0.0370564,0,12,12
67540,6753,-0.047013,0,2,2
