time,particle_id,x,y,mesh_index,mesh_index_original
28720,2862,0.0468192,0,96,96
28720,2863,0.036838,0,86,86
28720,2864,0.0268568,0,76,76
28720,2865,0.0168755,0,66,66
28720,2866,0.00689425,0,56,56
28720,2867,-0.00308709,0,46,46
28720,2868,-0.0130685,0,36,36
28720,2869,-0.0230499,0,26,26
28720,2870,-0.0330314,0,16,16
28720,2871,-0.0430129,0,6,6
