time,particle_id,x,y,mesh_index,mesh_index_original
44890,4479,0.0447231,0,94,94
44890,4480,0.0347525,0,84,84
44890,4481,0.0247819,0,74,74
44890,4482,0.0148112,0,64,64
44890,4483,0.00484047,0,54,54
44890,4484,-0.00513036,0,44,44
44890,4485,-0.0151013,0,34,34
44890,4486,-0.0250722,0,24,24
44890,4487,-0.0350433,0,14,14
44890,4488,-0.0450144,0,4,4
