time,particle_id,x,y,mesh_index,mesh_index_original
45660,4556,0.0447183,0,94,94
45660,4557,0.0347483,0,84,84
45660,4558,0.0247782,0,74,74
45660,4559,0.014808,0,64,64
45660,4560,0.00483773,0,54,54
45660,4561,-0.0051326,0,44,44
45660,4562,-0.015103,0,34,34
45660,4563,-0.0250735,0,24,24
45660,4564,-0.035044,0,14,14
45660,4565,-0.0450147,0,4,4
