time,particle_id,x,y,mesh_index,mesh_index_original
42710,4261,0.0447365,0,94,94
42710,4262,0.0347646,0,84,84
42710,4263,0.0247925,0,74,74
42710,4264,0.0148204,0,64,64
42710,4265,0.00484822,0,54,54
42710,4266,-0.00512403,0,44,44
42710,4267,-0.0150963,0,34,34
42710,4268,-0.0250687,0,24,24
42710,4269,-0.0350412,0,14,14
42710,4270,-0.0450137,0,4,4
