time,particle_id,x,y,mesh_index,mesh_index_original
83070,8297,0.0405095,0,90,90
83070,8298,0.030564,0,80,80
83070,8299,0.0206183,0,70,70
83070,8300,0.0106725,0,60,60
83070,8301,0.000726516,0,50,50
83070,8302,-0.00921958,0,40,40
83070,8303,-0.0191658,0,30,30
83070,8304,-0.0291122,0,20,20
83070,8305,-0.0390587,0,10,10
83070,8306,-0.0490053,0,0,0
