time,particle_id,x,y,mesh_index,mesh_index_original
47650,4755,0.044706,0,94,94
47650,4756,0.0347373,0,84,84
47650,4757,0.0247685,0,74,74
47650,4758,0.0147996,0,64,64
47650,4759,0.00483066,0,54,54
47650,4760,-0.00513838,0,44,44
47650,4761,-0.0151075,0,34,34
47650,4762,-0.0250767,0,24,24
47650,4763,-0.0350459,0,14,14
47650,4764,-0.0450153,0,4,4
