time,particle_id,x,y,mesh_index,mesh_index_original
13340,1324,0.0479154,0,97,97
13340,1325,0.0379241,0,87,87
13340,1326,0.0279328,0,77,77
13340,1327,0.0179415,0,67,67
13340,1328,0.00795015,0,57,57
13340,1329,-0.00204121,0,47,47
13340,1330,-0.0120326,0,37,37
13340,1331,-0.022024,0,27,27
13340,1332,-0.0320154,0,17,17
13340,1333,-0.0420068,0,7,7
