time,particle_id,x,y,mesh_index,mesh_index_original
57320,5722,0.0436502,0,93,93
57320,5723,0.0336878,0,83,83
57320,5724,0.0237253,0,73,73
57320,5725,0.0137627,0,63,63
57320,5726,0.00380003,0,53,53
57320,5727,-0.00616273,0,43,43
57320,5728,-0.0161256,0,33,33
57320,5729,-0.0260885,0,23,23
57320,5730,-0.0360516,0,13,13
57320,5731,-0.0460147,0,3,3
