time,particle_id,x,y,mesh_index,mesh_index_original
91420,9131,0.0494063,0,99,99
91420,9132,0.0394663,0,89,89
91420,9133,0.0295262,0,79,79
91420,9134,0.019586,0,69,69
91420,9135,0.00964557,0,59,59
91420,9136,-0.000294978,0,49,49
91420,9137,-0.0102357,0,39,39
91420,9138,-0.0201765,0,29,29
91420,9139,-0.0301175,0,19,19
91420,9140,-0.0400587,0,9,9
