time,particle_id,x,y,mesh_index,mesh_index_original
7970,787,0.0489492,0,98,98
7970,788,0.0389543,0,88,88
7970,789,0.0289595,0,78,78
7970,790,0.0189647,0,68,68
7970,791,0.00896982,0,58,58
7970,792,-0.00102504,0,48,48
7970,793,-0.0110199,0,38,38
7970,794,-0.0210148,0,28,28
7970,795,-0.0310097,0,18,18
7970,796,-0.0410046,0,8,8
