time,particle_id,x,y,mesh_index,mesh_index_original
10060,996,0.0489357,0,98,98
10060,997,0.0389422,0,88,88
10060,998,0.0289488,0,78,78
10060,999,0.0189553,0,68,68
10060,1000,0.00796248,0,57,57
10060,1001,-0.00203102,0,47,47
10060,1002,-0.0120245,0,37,37
10060,1003,-0.0220181,0,27,27
10060,1004,-0.0320116,0,17,17
10060,1005,-0.0420051,0,7,7
