time,particle_id,x,y,mesh_index,mesh_index_original
64670,6457,0.0426096,0,92,92
64670,6458,0.032652,0,82,82
64670,6459,0.0226943,0,72,72
64670,6460,0.0127365,0,62,62
64670,6461,0.00277861,0,52,52
64670,6462,-0.00717939,0,42,42
64670,6463,-0.0171375,0,32,32
64670,6464,-0.0270957,0,22,22
64670,6465,-0.037054,0,12,12
64670,6466,-0.0470125,0,2,2
