time,particle_id,x,y,mesh_index,mesh_index_original
47110,4701,0.0447094,0,94,94
47110,4702,0.0347403,0,84,84
47110,4703,0.0247711,0,74,74
47110,4704,0.0148019,0,64,64
47110,4705,0.00483258,0,54,54
47110,4706,-0.00513681,0,44,44
47110,4707,-0.0151063,0,34,34
47110,4708,-0.0250758,0,24,24
47110,4709,-0.0350454,0,14,14
47110,4710,-0.0450151,0,4,4
