time,particle_id,x,y,mesh_index,mesh_index_original
88990,8889,0.0404747,0,90,90
88990,8890,0.030533,0,80,80
88990,8891,0.0205911,0,70,70
88990,8892,0.0106492,0,60,60
88990,8893,0.000707063,0,50,50
88990,8894,-0.00923519,0,40,40
88990,8895,-0.0191776,0,30,30
88990,8896,-0.0291202,0,20,20
88990,8897,-0.0390629,0,10,10
88990,8898,-0.0490057,0,0,0
