time,particle_id,x,y,mesh_index,mesh_index_original
49460,4936,0.0446949,0,94,94
49460,4937,0.0347273,0,84,84
49460,4938,0.0247597,0,74,74
49460,4939,0.014792,0,64,64
49460,4940,0.00482422,0,54,54
49460,4941,-0.00514364,0,44,44
49460,4942,-0.0151116,0,34,34
49460,4943,-0.0250796,0,24,24
49460,4944,-0.0350477,0,14,14
49460,4945,-0.0450159,0,4,4
