time,particle_id,x,y,mesh_index,mesh_index_original
46610,4651,0.0447125,0,94,94
46610,4652,0.034743,0,84,84
46610,4653,0.0247736,0,74,74
46610,4654,0.014804,0,64,64
46610,4655,0.00483435,0,54,54
46610,4656,-0.00513536,0,44,44
46610,4657,-0.0151051,0,34,34
46610,4658,-0.025075,0,24,24
46610,4659,-0.0350449,0,14,14
46610,4660,-0.045015,0,4,4
