time,particle_id,x,y,mesh_index,mesh_index_original
84190,8409,0.0405029,0,90,90
84190,8410,0.0305581,0,80,80
84190,8411,0.0206132,0,70,70
84190,8412,0.0106681,0,60,60
84190,8413,0.000722835,0,50,50
84190,8414,-0.00922253,0,40,40
84190,8415,-0.019168,0,30,30
84190,8416,-0.0291137,0,20,20
84190,8417,-0.0390595,0,10,10
84190,8418,-0.0490054,0,0,0
