time,particle_id,x,y,mesh_index,mesh_index_original
98580,9847,0.0493599,0,99,99
98580,9848,0.0394246,0,89,89
98580,9849,0.0294892,0,79,79
98580,9850,0.0195536,0,69,69
98580,9851,0.00961788,0,59,59
98580,9852,-0.000318026,0,49,49
98580,9853,-0.0102541,0,39,39
98580,9854,-0.0201903,0,29,29
98580,9855,-0.0301267,0,19,19
98580,9856,-0.0400633,0,9,9
