time,particle_id,x,y,mesh_index,mesh_index_original
50330,5023,0.0436928,0,93,93
50330,5024,0.0337258,0,83,83
50330,5025,0.0237588,0,73,73
50330,5026,0.0137916,0,63,63
50330,5027,0.00382441,0,53,53
50330,5028,-0.00614289,0,43,43
50330,5029,-0.0161103,0,33,33
50330,5030,-0.0260777,0,23,23
50330,5031,-0.0360453,0,13,13
50330,5032,-0.0460129,0,3,3
