time,particle_id,x,y,mesh_index,mesh_index_original
30730,3063,0.0458085,0,95,95
30730,3064,0.0358287,0,85,85
30730,3065,0.0258488,0,75,75
30730,3066,0.0158688,0,65,65
30730,3067,0.00588883,0,55,55
30730,3068,-0.0040912,0,45,45
30730,3069,-0.0140713,0,35,35
30730,3070,-0.0240514,0,25,25
30730,3071,-0.0340316,0,15,15
30730,3072,-0.0440118,0,5,5
