time,particle_id,x,y,mesh_index,mesh_index_original
10420,1032,0.047934,0,97,97
10420,1033,0.0379408,0,87,87
10420,1034,0.0279476,0,77,77
10420,1035,0.0179544,0,67,67
10420,1036,0.00796113,0,57,57
10420,1037,-0.00203213,0,47,47
10420,1038,-0.0120254,0,37,37
10420,1039,-0.0220187,0,27,27
10420,1040,-0.032012,0,17,17
10420,1041,-0.0420053,0,7,7
