time,particle_id,x,y,mesh_index,mesh_index_original
54560,5446,0.043667,0,93,93
54560,5447,0.0337028,0,83,83
54560,5448,0.0237385,0,73,73
54560,5449,0.0137741,0,63,63
54560,5450,0.00380965,0,53,53
54560,5451,-0.0061549,0,43,43
54560,5452,-0.0161195,0,33,33
54560,5453,-0.0260843,0,23,23
54560,5454,-0.0360491,0,13,13
54560,5455,-0.046014,0,3,3
