time,particle_id,x,y,mesh_index,mesh_index_original
97160,9705,0.0493691,0,99,99
97160,9706,0.0394329,0,89,89
97160,9707,0.0294966,0,79,79
97160,9708,0.01956,0,69,69
97160,9709,0.00962337,0,59,59
97160,9710,-0.000313456,0,49,49
97160,9711,-0.0102504,0,39,39
97160,9712,-0.0201876,0,29,29
97160,9713,-0.0301249,0,19,19
97160,9714,-0.0400624,0,9,9
