time,particle_id,x,y,mesh_index,mesh_index_original
2670,257,0.0489834,0,98,98
2670,258,0.0389851,0,88,88
2670,259,0.0289867,0,78,78
2670,260,0.0189884,0,68,68
2670,261,0.0089901,0,58,58
2670,262,-0.00100822,0,48,48
2670,263,-0.0110065,0,38,38
2670,264,-0.0210049,0,28,28
2670,265,-0.0310032,0,18,18
2670,266,-0.0410015,0,8,8
