time,particle_id,x,y,mesh_index,mesh_index_original
91730,9162,0.0494043,0,99,99
91730,9163,0.0394645,0,89,89
91730,9164,0.0295246,0,79,79
91730,9165,0.0195846,0,69,69
91730,9166,0.00964437,0,59,59
91730,9167,-0.000295976,0,49,49
91730,9168,-0.0102365,0,39,39
91730,9169,-0.0201771,0,29,29
91730,9170,-0.0301179,0,19,19
91730,9171,-0.0400589,0,9,9
