time,particle_id,x,y,mesh_index,mesh_index_original
28840,2874,0.0468184,0,96,96
28840,2875,0.0368373,0,86,86
28840,2876,0.0268562,0,76,76
28840,2877,0.016875,0,66,66
28840,2878,0.0068938,0,56,56
28840,2879,-0.00308746,0,46,46
28840,2880,-0.0130688,0,36,36
28840,2881,-0.0230501,0,26,26
28840,2882,-0.0330315,0,16,16
28840,2883,-0.043013,0,6,6
