time,particle_id,x,y,mesh_index,mesh_index_original
64180,6408,0.0426125,0,92,92
64180,6409,0.0326546,0,82,82
64180,6410,0.0226966,0,72,72
64180,6411,0.0127385,0,62,62
64180,6412,0.00278029,0,52,52
64180,6413,-0.00717803,0,42,42
64180,6414,-0.0171365,0,32,32
64180,6415,-0.027095,0,22,22
64180,6416,-0.0370536,0,12,12
64180,6417,-0.0470124,0,2,2
