time,particle_id,x,y,mesh_index,mesh_index_original
59860,5976,0.0436347,0,93,93
59860,5977,0.0336739,0,83,83
59860,5978,0.0237131,0,73,73
59860,5979,0.0137522,0,63,63
59860,5980,0.00379117,0,53,53
59860,5981,-0.00616994,0,43,43
59860,5982,-0.0161311,0,33,33
59860,5983,-0.0260925,0,23,23
59860,5984,-0.0360539,0,13,13
59860,5985,-0.0460154,0,3,3
