time,particle_id,x,y,mesh_index,mesh_index_original
24440,2434,0.0468462,0,96,96
24440,2435,0.0368622,0,86,86
24440,2436,0.0268782,0,76,76
24440,2437,0.0168941,0,66,66
24440,2438,0.00691004,0,56,56
24440,2439,-0.00307409,0,46,46
24440,2440,-0.0130583,0,36,36
24440,2441,-0.0230425,0,26,26
24440,2442,-0.0330267,0,16,16
24440,2443,-0.043011,0,6,6
