time,particle_id,x,y,mesh_index,mesh_index_original
63240,6314,0.0426182,0,92,92
63240,6315,0.0326597,0,82,82
63240,6316,0.022701,0,72,72
63240,6317,0.0127423,0,62,62
63240,6318,0.0027835,0,52,52
63240,6319,-0.00717543,0,42,42
63240,6320,-0.0171345,0,32,32
63240,6321,-0.0270936,0,22,22
63240,6322,-0.0370528,0,12,12
63240,6323,-0.0470122,0,2,2
