time,particle_id,x,y,mesh_index,mesh_index_original
66710,6661,0.0425973,0,92,92
66710,6662,0.032641,0,82,82
66710,6663,0.0226847,0,72,72
66710,6664,0.0127282,0,62,62
66710,6665,0.00277163,0,52,52
66710,6666,-0.00718504,0,42,42
66710,6667,-0.0171418,0,32,32
66710,6668,-0.0270987,0,22,22
66710,6669,-0.0370557,0,12,12
66710,6670,-0.0470128,0,2,2
