time,particle_id,x,y,mesh_index,mesh_index_original
31790,3169,0.0458019,0,95,95
31790,3170,0.0358227,0,85,85
31790,3171,0.0258435,0,75,75
31790,3172,0.0158643,0,65,65
31790,3173,0.00588499,0,55,55
31790,3174,-0.00409435,0,45,45
31790,3175,-0.0140738,0,35,35
31790,3176,-0.0240532,0,25,25
31790,3177,-0.0340327,0,15,15
31790,3178,-0.0440122,0,5,5
