time,particle_id,x,y,mesh_index,mesh_index_original
24620,2452,0.046845,0,96,96
24620,2453,0.0368612,0,86,86
24620,2454,0.0268773,0,76,76
24620,2455,0.0168933,0,66,66
24620,2456,0.00690937,0,56,56
24620,2457,-0.00307463,0,46,46
24620,2458,-0.0130587,0,36,36
24620,2459,-0.0230428,0,26,26
24620,2460,-0.0330269,0,16,16
24620,2461,-0.0430111,0,6,6
