time,particle_id,x,y,mesh_index,mesh_index_original
62040,6194,0.0426254,0,92,92
62040,6195,0.0326661,0,82,82
62040,6196,0.0227067,0,72,72
62040,6197,0.0127472,0,62,62
62040,6198,0.00278761,0,52,52
62040,6199,-0.0071721,0,42,42
62040,6200,-0.0171319,0,32,32
62040,6201,-0.0270918,0,22,22
62040,6202,-0.0370518,0,12,12
62040,6203,-0.0470119,0,2,2
