time,particle_id,x,y,mesh_index,mesh_index_original
7670,757,0.0489511,0,98,98
7670,758,0.0389561,0,88,88
7670,759,0.0289611,0,78,78
7670,760,0.018966,0,68,68
7670,761,0.00897097,0,58,58
7670,762,-0.00102409,0,48,48
7670,763,-0.0110192,0,38,38
7670,764,-0.0210142,0,28,28
7670,765,-0.0310093,0,18,18
7670,766,-0.0410044,0,8,8
