time,particle_id,x,y,mesh_index,mesh_index_original
12280,1218,0.0479222,0,97,97
12280,1219,0.0379302,0,87,87
12280,1220,0.0279382,0,77,77
12280,1221,0.0179462,0,67,67
12280,1222,0.00795414,0,57,57
12280,1223,-0.00203791,0,47,47
12280,1224,-0.01203,0,37,37
12280,1225,-0.0220221,0,27,27
12280,1226,-0.0320142,0,17,17
12280,1227,-0.0420063,0,7,7
