time,particle_id,x,y,mesh_index,mesh_index_original
830,73,0.0489952,0,98,98
830,74,0.0389957,0,88,88
830,75,0.0289962,0,78,78
830,76,0.0189967,0,68,68
830,77,0.00899714,0,58,58
830,78,-0.00100238,0,48,48
830,79,-0.0110019,0,38,38
830,80,-0.0210014,0,28,28
830,81,-0.0310009,0,18,18
830,82,-0.0410004,0,8,8
