time,particle_id,x,y,mesh_index,mesh_index_original
51560,5146,0.0436853,0,93,93
51560,5147,0.0337191,0,83,83
51560,5148,0.0237529,0,73,73
51560,5149,0.0137865,0,63,63
51560,5150,0.00382012,0,53,53
51560,5151,-0.00614639,0,43,43
51560,5152,-0.016113,0,33,33
51560,5153,-0.0260796,0,23,23
51560,5154,-0.0360464,0,13,13
51560,5155,-0.0460132,0,3,3
