time,particle_id,x,y,mesh_index,mesh_index_original
47120,4702,0.0447093,0,94,94
47120,4703,0.0347402,0,84,84
47120,4704,0.0247711,0,74,74
47120,4705,0.0148018,0,64,64
47120,4706,0.00483254,0,54,54
47120,4707,-0.00513684,0,44,44
47120,4708,-0.0151063,0,34,34
47120,4709,-0.0250758,0,24,24
47120,4710,-0.0350454,0,14,14
47120,4711,-0.0450151,0,4,4
