time,particle_id,x,y,mesh_index,mesh_index_original
64600,6450,0.04261,0,92,92
64600,6451,0.0326524,0,82,82
64600,6452,0.0226946,0,72,72
64600,6453,0.0127368,0,62,62
64600,6454,0.00277885,0,52,52
64600,6455,-0.00717919,0,42,42
64600,6456,-0.0171373,0,32,32
64600,6457,-0.0270956,0,22,22
64600,6458,-0.037054,0,12,12
64600,6459,-0.0470124,0,2,2
