time,particle_id,x,y,mesh_index,mesh_index_original
93700,9359,0.0493915,0,99,99
93700,9360,0.0394531,0,89,89
93700,9361,0.0295144,0,79,79
93700,9362,0.0195757,0,69,69
93700,9363,0.00963675,0,59,59
93700,9364,-0.000302318,0,49,49
93700,9365,-0.0102415,0,39,39
93700,9366,-0.0201809,0,29,29
93700,9367,-0.0301205,0,19,19
93700,9368,-0.0400601,0,9,9
