time,particle_id,x,y,mesh_index,mesh_index_original
49710,4961,0.0446933,0,94,94
49710,4962,0.0347259,0,84,84
49710,4963,0.0247585,0,74,74
49710,4964,0.0147909,0,64,64
49710,4965,0.00482333,0,54,54
49710,4966,-0.00514436,0,44,44
49710,4967,-0.0151121,0,34,34
49710,4968,-0.02508,0,24,24
49710,4969,-0.0350479,0,14,14
49710,4970,-0.045016,0,4,4
