time,particle_id,x,y,mesh_index,mesh_index_original
19790,1969,0.0478742,0,97,97
19790,1970,0.0378872,0,87,87
19790,1971,0.0279001,0,77,77
19790,1972,0.017913,0,67,67
19790,1973,0.00792591,0,57,57
19790,1974,-0.00206124,0,47,47
19790,1975,-0.0120484,0,37,37
19790,1976,-0.0220356,0,27,27
19790,1977,-0.0320229,0,17,17
19790,1978,-0.0420102,0,7,7
