time,particle_id,x,y,mesh_index,mesh_index_original
13710,1361,0.047913,0,97,97
13710,1362,0.037922,0,87,87
13710,1363,0.0279309,0,77,77
13710,1364,0.0179399,0,67,67
13710,1365,0.00794876,0,57,57
13710,1366,-0.00204236,0,47,47
13710,1367,-0.0120335,0,37,37
13710,1368,-0.0220247,0,27,27
13710,1369,-0.0320158,0,17,17
13710,1370,-0.042007,0,7,7
