time,particle_id,x,y,mesh_index,mesh_index_original
54940,5484,0.0436647,0,93,93
54940,5485,0.0337007,0,83,83
54940,5486,0.0237367,0,73,73
54940,5487,0.0137725,0,63,63
54940,5488,0.00380833,0,53,53
54940,5489,-0.00615598,0,43,43
54940,5490,-0.0161204,0,33,33
54940,5491,-0.0260849,0,23,23
54940,5492,-0.0360494,0,13,13
54940,5493,-0.0460141,0,3,3
