time,particle_id,x,y,mesh_index,mesh_index_original
10330,1023,0.0479346,0,97,97
10330,1024,0.0379414,0,87,87
10330,1025,0.0279481,0,77,77
10330,1026,0.0179548,0,67,67
10330,1027,0.00796147,0,57,57
10330,1028,-0.00203185,0,47,47
10330,1029,-0.0120252,0,37,37
10330,1030,-0.0220185,0,27,27
10330,1031,-0.0320119,0,17,17
10330,1032,-0.0420053,0,7,7
