time,particle_id,x,y,mesh_index,mesh_index_original
86640,8654,0.0404885,0,90,90
86640,8655,0.0305453,0,80,80
86640,8656,0.0206019,0,70,70
86640,8657,0.0106584,0,60,60
86640,8658,0.000714784,0,50,50
86640,8659,-0.009229,0,40,40
86640,8660,-0.0191729,0,30,30
86640,8661,-0.029117,0,20,20
86640,8662,-0.0390612,0,10,10
86640,8663,-0.0490056,0,0,0
