time,particle_id,x,y,mesh_index,mesh_index_original
37370,3727,0.045767,0,95,95
37370,3728,0.0357916,0,85,85
37370,3729,0.025816,0,75,75
37370,3730,0.0158404,0,65,65
37370,3731,0.00586478,0,55,55
37370,3732,-0.00411094,0,45,45
37370,3733,-0.0140867,0,35,35
37370,3734,-0.0240625,0,25,25
37370,3735,-0.0340384,0,15,15
37370,3736,-0.0440144,0,5,5
