time,particle_id,x,y,mesh_index,mesh_index_original
70870,7077,0.0415768,0,91,91
70870,7078,0.0316233,0,81,81
70870,7079,0.0216696,0,71,71
70870,7080,0.0117159,0,61,61
70870,7081,0.00176202,0,51,51
70870,7082,-0.00819197,0,41,41
70870,7083,-0.0181461,0,31,31
70870,7084,-0.0281003,0,21,21
70870,7085,-0.0380546,0,11,11
70870,7086,-0.0480091,0,1,1
