time,particle_id,x,y,mesh_index,mesh_index_original
50710,5061,0.0436905,0,93,93
50710,5062,0.0337238,0,83,83
50710,5063,0.0237569,0,73,73
50710,5064,0.0137901,0,63,63
50710,5065,0.00382308,0,53,53
50710,5066,-0.00614397,0,43,43
50710,5067,-0.0161111,0,33,33
50710,5068,-0.0260783,0,23,23
50710,5069,-0.0360456,0,13,13
50710,5070,-0.046013,0,3,3
