time,particle_id,x,y,mesh_index,mesh_index_original
33580,3348,0.0457907,0,95,95
33580,3349,0.0358127,0,85,85
33580,3350,0.0258347,0,75,75
33580,3351,0.0158566,0,65,65
33580,3352,0.00587851,0,55,55
33580,3353,-0.00409967,0,45,45
33580,3354,-0.0140779,0,35,35
33580,3355,-0.0240562,0,25,25
33580,3356,-0.0340345,0,15,15
33580,3357,-0.0440129,0,5,5
