time,particle_id,x,y,mesh_index,mesh_index_original
22450,2235,0.0468587,0,96,96
22450,2236,0.0368735,0,86,86
22450,2237,0.0268881,0,76,76
22450,2238,0.0169028,0,66,66
22450,2239,0.00691738,0,56,56
22450,2240,-0.00306804,0,46,46
22450,2241,-0.0130535,0,36,36
22450,2242,-0.023039,0,26,26
22450,2243,-0.0330245,0,16,16
22450,2244,-0.0430101,0,6,6
