time,particle_id,x,y,mesh_index,mesh_index_original
37200,3710,0.0457681,0,95,95
37200,3711,0.0357925,0,85,85
37200,3712,0.0258169,0,75,75
37200,3713,0.0158412,0,65,65
37200,3714,0.00586539,0,55,55
37200,3715,-0.00411043,0,45,45
37200,3716,-0.0140863,0,35,35
37200,3717,-0.0240623,0,25,25
37200,3718,-0.0340383,0,15,15
37200,3719,-0.0440143,0,5,5
