time,particle_id,x,y,mesh_index,mesh_index_original
73570,7347,0.0415607,0,91,91
73570,7348,0.031609,0,81,81
73570,7349,0.0216571,0,71,71
73570,7350,0.0117051,0,61,61
73570,7351,0.00175296,0,51,51
73570,7352,-0.00819927,0,41,41
73570,7353,-0.0181516,0,31,31
73570,7354,-0.0281041,0,21,21
73570,7355,-0.0380567,0,11,11
73570,7356,-0.0480094,0,1,1
