time,particle_id,x,y,mesh_index,mesh_index_original
54160,5406,0.0436694,0,93,93
54160,5407,0.033705,0,83,83
54160,5408,0.0237404,0,73,73
54160,5409,0.0137758,0,63,63
54160,5410,0.00381105,0,53,53
54160,5411,-0.00615377,0,43,43
54160,5412,-0.0161187,0,33,33
54160,5413,-0.0260837,0,23,23
54160,5414,-0.0360487,0,13,13
54160,5415,-0.0460139,0,3,3
