time,particle_id,x,y,mesh_index,mesh_index_original
38280,3818,0.0457614,0,95,95
38280,3819,0.0357865,0,85,85
38280,3820,0.0258115,0,75,75
38280,3821,0.0158365,0,65,65
38280,3822,0.00586148,0,55,55
38280,3823,-0.00411364,0,45,45
38280,3824,-0.0140888,0,35,35
38280,3825,-0.0240641,0,25,25
38280,3826,-0.0340394,0,15,15
38280,3827,-0.0440147,0,5,5
