time,particle_id,x,y,mesh_index,mesh_index_original
23680,2358,0.046851,0,96,96
23680,2359,0.0368665,0,86,86
23680,2360,0.026882,0,76,76
23680,2361,0.0168974,0,66,66
23680,2362,0.00691284,0,56,56
23680,2363,-0.00307178,0,46,46
23680,2364,-0.0130564,0,36,36
23680,2365,-0.0230411,0,26,26
23680,2366,-0.0330259,0,16,16
23680,2367,-0.0430106,0,6,6
