time,particle_id,x,y,mesh_index,mesh_index_original
39130,3903,0.0457561,0,95,95
39130,3904,0.0357817,0,85,85
39130,3905,0.0258074,0,75,75
39130,3906,0.0158329,0,65,65
39130,3907,0.0058584,0,55,55
39130,3908,-0.00411617,0,45,45
39130,3909,-0.0140908,0,35,35
39130,3910,-0.0240655,0,25,25
39130,3911,-0.0340403,0,15,15
39130,3912,-0.0440151,0,5,5
