time,particle_id,x,y,mesh_index,mesh_index_original
180,8,0.0489994,0,98,98
180,9,0.0389995,0,88,88
180,10,0.0289995,0,78,78
180,11,0.0189996,0,68,68
180,12,0.00899963,0,58,58
180,13,-0.00100031,0,48,48
180,14,-0.0110003,0,38,38
180,15,-0.0210002,0,28,28
180,16,-0.0310001,0,18,18
180,17,-0.0410001,0,8,8
