time,particle_id,x,y,mesh_index,mesh_index_original
70070,6997,0.042577,0,92,92
70070,6998,0.032623,0,82,82
70070,6999,0.0226688,0,72,72
70070,7000,0.0117191,0,61,61
70070,7001,0.0017647,0,51,51
70070,7002,-0.00818981,0,41,41
70070,7003,-0.0181444,0,31,31
70070,7004,-0.0280992,0,21,21
70070,7005,-0.038054,0,11,11
70070,7006,-0.048009,0,1,1
