time,particle_id,x,y,mesh_index,mesh_index_original
10150,1005,0.0479358,0,97,97
10150,1006,0.0379424,0,87,87
10150,1007,0.027949,0,77,77
10150,1008,0.0179556,0,67,67
10150,1009,0.00796214,0,57,57
10150,1010,-0.0020313,0,47,47
10150,1011,-0.0120247,0,37,37
10150,1012,-0.0220182,0,27,27
10150,1013,-0.0320117,0,17,17
10150,1014,-0.0420052,0,7,7
