time,particle_id,x,y,mesh_index,mesh_index_original
69790,6969,0.0425787,0,92,92
69790,6970,0.0326245,0,82,82
69790,6971,0.0226701,0,72,72
69790,6972,0.0127157,0,62,62
69790,6973,0.0027611,0,52,52
69790,6974,-0.00719358,0,42,42
69790,6975,-0.0171484,0,32,32
69790,6976,-0.0271033,0,22,22
69790,6977,-0.0370583,0,12,12
69790,6978,-0.0470134,0,2,2
