time,particle_id,x,y,mesh_index,mesh_index_original
2620,252,0.0489837,0,98,98
2620,253,0.0389853,0,88,88
2620,254,0.028987,0,78,78
2620,255,0.0189886,0,68,68
2620,256,0.00899029,0,58,58
2620,257,-0.00100806,0,48,48
2620,258,-0.0110064,0,38,38
2620,259,-0.0210048,0,28,28
2620,260,-0.0310031,0,18,18
2620,261,-0.0410015,0,8,8
