time,particle_id,x,y,mesh_index,mesh_index_original
51620,5152,0.0436849,0,93,93
51620,5153,0.0337188,0,83,83
51620,5154,0.0237526,0,73,73
51620,5155,0.0137863,0,63,63
51620,5156,0.00381991,0,53,53
51620,5157,-0.00614656,0,43,43
51620,5158,-0.0161131,0,33,33
51620,5159,-0.0260797,0,23,23
51620,5160,-0.0360465,0,13,13
51620,5161,-0.0460133,0,3,3
