time,particle_id,x,y,mesh_index,mesh_index_original
80310,8021,0.0405258,0,90,90
80310,8022,0.0305785,0,80,80
80310,8023,0.020631,0,70,70
80310,8024,0.0106833,0,60,60
80310,8025,0.000735587,0,50,50
80310,8026,-0.00921229,0,40,40
80310,8027,-0.0191603,0,30,30
80310,8028,-0.0291085,0,20,20
80310,8029,-0.0390567,0,10,10
80310,8030,-0.0490052,0,0,0
