time,particle_id,x,y,mesh_index,mesh_index_original
74770,7467,0.0415536,0,91,91
74770,7468,0.0316026,0,81,81
74770,7469,0.0216515,0,71,71
74770,7470,0.0117003,0,61,61
74770,7471,0.00174894,0,51,51
74770,7472,-0.00820252,0,41,41
74770,7473,-0.0181541,0,31,31
74770,7474,-0.0281058,0,21,21
74770,7475,-0.0380576,0,11,11
74770,7476,-0.0480096,0,1,1
