time,particle_id,x,y,mesh_index,mesh_index_original
52620,5252,0.0436788,0,93,93
52620,5253,0.0337134,0,83,83
52620,5254,0.0237478,0,73,73
52620,5255,0.0137821,0,63,63
52620,5256,0.00381642,0,53,53
52620,5257,-0.00614939,0,43,43
52620,5258,-0.0161153,0,33,33
52620,5259,-0.0260813,0,23,23
52620,5260,-0.0360474,0,13,13
52620,5261,-0.0460135,0,3,3
