time,particle_id,x,y,mesh_index,mesh_index_original
54140,5404,0.0436696,0,93,93
54140,5405,0.0337051,0,83,83
54140,5406,0.0237405,0,73,73
54140,5407,0.0137759,0,63,63
54140,5408,0.00381112,0,53,53
54140,5409,-0.00615371,0,43,43
54140,5410,-0.0161186,0,33,33
54140,5411,-0.0260836,0,23,23
54140,5412,-0.0360487,0,13,13
54140,5413,-0.0460139,0,3,3
