time,particle_id,x,y,mesh_index,mesh_index_original
14850,1475,0.0479058,0,97,97
14850,1476,0.0379155,0,87,87
14850,1477,0.0279252,0,77,77
14850,1478,0.0179348,0,67,67
14850,1479,0.00794448,0,57,57
14850,1480,-0.0020459,0,47,47
14850,1481,-0.0120363,0,37,37
14850,1482,-0.0220267,0,27,27
14850,1483,-0.0320172,0,17,17
14850,1484,-0.0420076,0,7,7
