time,particle_id,x,y,mesh_index,mesh_index_original
69730,6963,0.042579,0,92,92
69730,6964,0.0326248,0,82,82
69730,6965,0.0226704,0,72,72
69730,6966,0.0127159,0,62,62
69730,6967,0.0027613,0,52,52
69730,6968,-0.00719341,0,42,42
69730,6969,-0.0171482,0,32,32
69730,6970,-0.0271032,0,22,22
69730,6971,-0.0370582,0,12,12
69730,6972,-0.0470134,0,2,2
