time,particle_id,x,y,mesh_index,mesh_index_original
32920,3282,0.0457948,0,95,95
32920,3283,0.0358164,0,85,85
32920,3284,0.025838,0,75,75
32920,3285,0.0158595,0,65,65
32920,3286,0.0058809,0,55,55
32920,3287,-0.00409771,0,45,45
32920,3288,-0.0140764,0,35,35
32920,3289,-0.0240551,0,25,25
32920,3290,-0.0340339,0,15,15
32920,3291,-0.0440127,0,5,5
