time,particle_id,x,y,mesh_index,mesh_index_original
38620,3852,0.0457592,0,95,95
38620,3853,0.0357846,0,85,85
38620,3854,0.0258099,0,75,75
38620,3855,0.0158351,0,65,65
38620,3856,0.00586025,0,55,55
38620,3857,-0.00411465,0,45,45
38620,3858,-0.0140896,0,35,35
38620,3859,-0.0240646,0,25,25
38620,3860,-0.0340397,0,15,15
38620,3861,-0.0440149,0,5,5
