time,particle_id,x,y,mesh_index,mesh_index_original
65000,6490,0.0426076,0,92,92
65000,6491,0.0326502,0,82,82
65000,6492,0.0226927,0,72,72
65000,6493,0.0127352,0,62,62
65000,6494,0.00277748,0,52,52
65000,6495,-0.0071803,0,42,42
65000,6496,-0.0171382,0,32,32
65000,6497,-0.0270962,0,22,22
65000,6498,-0.0370543,0,12,12
65000,6499,-0.0470125,0,2,2
