time,particle_id,x,y,mesh_index,mesh_index_original
43150,4305,0.0447338,0,94,94
43150,4306,0.0347621,0,84,84
43150,4307,0.0247904,0,74,74
43150,4308,0.0148185,0,64,64
43150,4309,0.00484665,0,54,54
43150,4310,-0.00512531,0,44,44
43150,4311,-0.0150973,0,34,34
43150,4312,-0.0250694,0,24,24
43150,4313,-0.0350416,0,14,14
43150,4314,-0.0450139,0,4,4
