time,particle_id,x,y,mesh_index,mesh_index_original
39460,3936,0.045754,0,95,95
39460,3937,0.0357799,0,85,85
39460,3938,0.0258057,0,75,75
39460,3939,0.0158315,0,65,65
39460,3940,0.00585721,0,55,55
39460,3941,-0.00411715,0,45,45
39460,3942,-0.0140916,0,35,35
39460,3943,-0.024066,0,25,25
39460,3944,-0.0340406,0,15,15
39460,3945,-0.0440152,0,5,5
