time,particle_id,x,y,mesh_index,mesh_index_original
2030,193,0.0489875,0,98,98
2030,194,0.0389888,0,88,88
2030,195,0.02899,0,78,78
2030,196,0.0189913,0,68,68
2030,197,0.00899255,0,58,58
2030,198,-0.00100619,0,48,48
2030,199,-0.0110049,0,38,38
2030,200,-0.0210037,0,28,28
2030,201,-0.0310024,0,18,18
2030,202,-0.0410011,0,8,8
