time,particle_id,x,y,mesh_index,mesh_index_original
82270,8217,0.0405143,0,90,90
82270,8218,0.0305682,0,80,80
82270,8219,0.020622,0,70,70
82270,8220,0.0106756,0,60,60
82270,8221,0.000729145,0,50,50
82270,8222,-0.00921747,0,40,40
82270,8223,-0.0191642,0,30,30
82270,8224,-0.0291111,0,20,20
82270,8225,-0.0390581,0,10,10
82270,8226,-0.0490053,0,0,0
