time,particle_id,x,y,mesh_index,mesh_index_original
61020,6092,0.0426316,0,92,92
61020,6093,0.0326716,0,82,82
61020,6094,0.0227115,0,72,72
61020,6095,0.0127514,0,62,62
61020,6096,0.0027911,0,52,52
61020,6097,-0.00716927,0,42,42
61020,6098,-0.0171297,0,32,32
61020,6099,-0.0270903,0,22,22
61020,6100,-0.037051,0,12,12
61020,6101,-0.0470117,0,2,2
