time,particle_id,x,y,mesh_index,mesh_index_original
92640,9253,0.0493984,0,99,99
92640,9254,0.0394592,0,89,89
92640,9255,0.0295199,0,79,79
92640,9256,0.0195805,0,69,69
92640,9257,0.00964085,0,59,59
92640,9258,-0.000298906,0,49,49
92640,9259,-0.0102388,0,39,39
92640,9260,-0.0201789,0,29,29
92640,9261,-0.0301191,0,19,19
92640,9262,-0.0400595,0,9,9
