time,particle_id,x,y,mesh_index,mesh_index_original
51890,5179,0.0436833,0,93,93
51890,5180,0.0337173,0,83,83
51890,5181,0.0237513,0,73,73
51890,5182,0.0137852,0,63,63
51890,5183,0.00381897,0,53,53
51890,5184,-0.00614732,0,43,43
51890,5185,-0.0161137,0,33,33
51890,5186,-0.0260802,0,23,23
51890,5187,-0.0360467,0,13,13
51890,5188,-0.0460133,0,3,3
