time,particle_id,x,y,mesh_index,mesh_index_original
27770,2767,0.0468252,0,96,96
27770,2768,0.0368434,0,86,86
27770,2769,0.0268615,0,76,76
27770,2770,0.0168797,0,66,66
27770,2771,0.00689775,0,56,56
27770,2772,-0.00308421,0,46,46
27770,2773,-0.0130662,0,36,36
27770,2774,-0.0230483,0,26,26
27770,2775,-0.0330303,0,16,16
27770,2776,-0.0430125,0,6,6
