time,particle_id,x,y,mesh_index,mesh_index_original
71700,7160,0.0415719,0,91,91
71700,7161,0.0316189,0,81,81
71700,7162,0.0216658,0,71,71
71700,7163,0.0117126,0,61,61
71700,7164,0.00175923,0,51,51
71700,7165,-0.00819422,0,41,41
71700,7166,-0.0181478,0,31,31
71700,7167,-0.0281015,0,21,21
71700,7168,-0.0380553,0,11,11
71700,7169,-0.0480092,0,1,1
