time,particle_id,x,y,mesh_index,mesh_index_original
64220,6412,0.0426123,0,92,92
64220,6413,0.0326544,0,82,82
64220,6414,0.0226964,0,72,72
64220,6415,0.0127383,0,62,62
64220,6416,0.00278015,0,52,52
64220,6417,-0.00717814,0,42,42
64220,6418,-0.0171365,0,32,32
64220,6419,-0.027095,0,22,22
64220,6420,-0.0370536,0,12,12
64220,6421,-0.0470124,0,2,2
