time,particle_id,x,y,mesh_index,mesh_index_original
2650,255,0.0489835,0,98,98
2650,256,0.0389852,0,88,88
2650,257,0.0289868,0,78,78
2650,258,0.0189885,0,68,68
2650,259,0.00899018,0,58,58
2650,260,-0.00100815,0,48,48
2650,261,-0.0110065,0,38,38
2650,262,-0.0210048,0,28,28
2650,263,-0.0310032,0,18,18
2650,264,-0.0410015,0,8,8
