time,particle_id,x,y,mesh_index,mesh_index_original
2320,222,0.0489856,0,98,98
2320,223,0.0389871,0,88,88
2320,224,0.0289885,0,78,78
2320,225,0.01899,0,68,68
2320,226,0.00899144,0,58,58
2320,227,-0.00100711,0,48,48
2320,228,-0.0110057,0,38,38
2320,229,-0.0210042,0,28,28
2320,230,-0.0310028,0,18,18
2320,231,-0.0410013,0,8,8
