time,particle_id,x,y,mesh_index,mesh_index_original
37150,3705,0.0457684,0,95,95
37150,3706,0.0357928,0,85,85
37150,3707,0.0258171,0,75,75
37150,3708,0.0158414,0,65,65
37150,3709,0.00586557,0,55,55
37150,3710,-0.00411028,0,45,45
37150,3711,-0.0140862,0,35,35
37150,3712,-0.0240622,0,25,25
37150,3713,-0.0340382,0,15,15
37150,3714,-0.0440143,0,5,5
