time,particle_id,x,y,mesh_index,mesh_index_original
56800,5670,0.0436533,0,93,93
56800,5671,0.0336906,0,83,83
56800,5672,0.0237278,0,73,73
56800,5673,0.0137648,0,63,63
56800,5674,0.00380184,0,53,53
56800,5675,-0.00616126,0,43,43
56800,5676,-0.0161244,0,33,33
56800,5677,-0.0260877,0,23,23
56800,5678,-0.0360511,0,13,13
56800,5679,-0.0460146,0,3,3
