time,particle_id,x,y,mesh_index,mesh_index_original
56240,5614,0.0436567,0,93,93
56240,5615,0.0336936,0,83,83
56240,5616,0.0237304,0,73,73
56240,5617,0.0137672,0,63,63
56240,5618,0.00380379,0,53,53
56240,5619,-0.00615967,0,43,43
56240,5620,-0.0161232,0,33,33
56240,5621,-0.0260869,0,23,23
56240,5622,-0.0360506,0,13,13
56240,5623,-0.0460144,0,3,3
