time,particle_id,x,y,mesh_index,mesh_index_original
15700,1560,0.0479003,0,97,97
15700,1561,0.0379106,0,87,87
15700,1562,0.0279209,0,77,77
15700,1563,0.0179311,0,67,67
15700,1564,0.00794128,0,57,57
15700,1565,-0.00204854,0,47,47
15700,1566,-0.0120384,0,37,37
15700,1567,-0.0220282,0,27,27
15700,1568,-0.0320181,0,17,17
15700,1569,-0.0420081,0,7,7
