time,particle_id,x,y,mesh_index,mesh_index_original
48590,4849,0.0447002,0,94,94
48590,4850,0.0347321,0,84,84
48590,4851,0.0247639,0,74,74
48590,4852,0.0147957,0,64,64
48590,4853,0.00482731,0,54,54
48590,4854,-0.00514111,0,44,44
48590,4855,-0.0151096,0,34,34
48590,4856,-0.0250782,0,24,24
48590,4857,-0.0350469,0,14,14
48590,4858,-0.0450156,0,4,4
