time,particle_id,x,y,mesh_index,mesh_index_original
76940,7684,0.0415406,0,91,91
76940,7685,0.0315911,0,81,81
76940,7686,0.0216414,0,71,71
76940,7687,0.0116916,0,61,61
76940,7688,0.00174166,0,51,51
76940,7689,-0.00820839,0,41,41
76940,7690,-0.0181586,0,31,31
76940,7691,-0.0281089,0,21,21
76940,7692,-0.0380593,0,11,11
76940,7693,-0.0480099,0,1,1
