time,particle_id,x,y,mesh_index,mesh_index_original
77240,7714,0.0415388,0,91,91
77240,7715,0.0315895,0,81,81
77240,7716,0.02164,0,71,71
77240,7717,0.0116904,0,61,61
77240,7718,0.00174066,0,51,51
77240,7719,-0.0082092,0,41,41
77240,7720,-0.0181592,0,31,31
77240,7721,-0.0281093,0,21,21
77240,7722,-0.0380595,0,11,11
77240,7723,-0.0480099,0,1,1
