time,particle_id,x,y,mesh_index,mesh_index_original
79590,7949,0.0415248,0,91,91
79590,7950,0.031577,0,81,81
79590,7951,0.0216291,0,71,71
79590,7952,0.011681,0,61,61
79590,7953,0.00173278,0,51,51
79590,7954,-0.00821556,0,41,41
79590,7955,-0.018164,0,31,31
79590,7956,-0.0281126,0,21,21
79590,7957,-0.0380613,0,11,11
79590,7958,-0.0480102,0,1,1
