{
  "travel_time_s": 100.0,
  "velocity_m_per_s": 0.001,
  "q_in_m3_per_s": 5.000000000000001e-07,
  "injection_duration_s": 100000.0,
  "vref_m3": 0.05000000000000001,
  "water_kg": 50.00000000000001,
  "reactive_area_m2": 0.020000000000000004,
  "reactive_area_cm2": 200.00000000000003,
  "gypsum_volume_m3": 0.05000000000000001,
  "gypsum_moles": 676.5899864682004,
  "particle_time_share_s": 10.001000100010002,
  "nominal_particle_volume_m3": 5.0005000500050015e-06,
  "nominal_sum_particle_volume_m3": 0.050005000500050016,
  "nominal_sum_particle_ratio": 1.000100010001,
  "nominal_sum_particle_relative_error": 0.00010001000100012812,
  "a2_m3": 1.6858e-05,
  "k2_s_inv": 0.001,
  "linear_m3_per_s": 1e-10,
  "rmse_m3": 1.395400847836112e-05,
  "r2": -11.215339167006666,
  "phreeqc_input": "/home/zhouw/Documents/Codes/ReactiveSoluteTransport/Benchmark/gypsum_single_fracture_10cm_ap5mm/results_total_injection_reference_volume_20260426_151504/phreeqc/tt_1e02/tt_1e02.pqi",
  "phreeqc_output": "/home/zhouw/Documents/Codes/ReactiveSoluteTransport/Benchmark/gypsum_single_fracture_10cm_ap5mm/results_total_injection_reference_volume_20260426_151504/phreeqc/tt_1e02/tt_1e02.pqo",
  "phreeqc_selected_output": "/home/zhouw/Documents/Codes/ReactiveSoluteTransport/Benchmark/gypsum_single_fracture_10cm_ap5mm/results_total_injection_reference_volume_20260426_151504/phreeqc/tt_1e02/tt_1e02.sel",
  "fit_curve_csv": "/home/zhouw/Documents/Codes/ReactiveSoluteTransport/Benchmark/gypsum_single_fracture_10cm_ap5mm/results_total_injection_reference_volume_20260426_151504/phreeqc/tt_1e02/tt_1e02_volume_curve.csv",
  "a_ref_m2": 0.020000000000000004
}