time,particle_id,x,y,mesh_index,mesh_index_original
8350,825,0.0489467,0,49,49
8350,826,0.0389521,0,44,44
8350,827,0.0289576,0,39,39
8350,828,0.018963,0,34,34
8350,829,0.00896837,0,29,29
8350,830,-0.00102624,0,24,24
8350,831,-0.0110209,0,19,19
8350,832,-0.0210155,0,14,14
8350,833,-0.0310101,0,9,9
8350,834,-0.0410048,0,4,4
