time,particle_id,x,y,mesh_index,mesh_index_original
82370,8227,0.0405137,0,45,45
82370,8228,0.0305677,0,40,40
82370,8229,0.0206215,0,35,35
82370,8230,0.0106752,0,30,30
82370,8231,0.000728818,0,25,25
82370,8232,-0.00921773,0,20,20
82370,8233,-0.0191644,0,15,15
82370,8234,-0.0291112,0,10,10
82370,8235,-0.0390582,0,5,5
82370,8236,-0.0490053,0,0,0
