time,particle_id,x,y,mesh_index,mesh_index_original
95230,9512,0.0493816,0,49,49
95230,9513,0.0394442,0,44,44
95230,9514,0.0295065,0,39,39
95230,9515,0.0195688,0,34,34
95230,9516,0.00963084,0,29,29
95230,9517,-0.000307241,0,24,24
95230,9518,-0.0102455,0,19,19
95230,9519,-0.0201839,0,14,14
95230,9520,-0.0301224,0,9,9
95230,9521,-0.0400611,0,4,4
