time,particle_id,x,y,mesh_index,mesh_index_original
21280,2118,0.0468661,0,48,48
21280,2119,0.0368801,0,43,43
21280,2120,0.026894,0,38,38
21280,2121,0.0169079,0,33,33
21280,2122,0.00692171,0,28,28
21280,2123,-0.00306448,0,23,23
21280,2124,-0.0130507,0,18,18
21280,2125,-0.023037,0,13,13
21280,2126,-0.0330232,0,8,8
21280,2127,-0.0430096,0,3,3
