time,particle_id,x,y,mesh_index,mesh_index_original
20550,2045,0.0468707,0,48,48
20550,2046,0.0368842,0,43,43
20550,2047,0.0268976,0,38,38
20550,2048,0.016911,0,33,33
20550,2049,0.0069244,0,28,28
20550,2050,-0.00306226,0,23,23
20550,2051,-0.013049,0,18,18
20550,2052,-0.0230357,0,13,13
20550,2053,-0.0330224,0,8,8
20550,2054,-0.0430092,0,3,3
