time,particle_id,x,y,mesh_index,mesh_index_original
51670,5157,0.0436846,0,46,46
51670,5158,0.0337185,0,41,41
51670,5159,0.0237524,0,36,36
51670,5160,0.0137861,0,31,31
51670,5161,0.00381974,0,26,26
51670,5162,-0.0061467,0,21,21
51670,5163,-0.0161132,0,16,16
51670,5164,-0.0260798,0,11,11
51670,5165,-0.0360465,0,6,6
51670,5166,-0.0460133,0,1,1
