time,particle_id,x,y,mesh_index,mesh_index_original
98680,9857,0.0493593,0,49,49
98680,9858,0.0394241,0,44,44
98680,9859,0.0294887,0,39,39
98680,9860,0.0195532,0,34,34
98680,9861,0.00961749,0,29,29
98680,9862,-0.000318346,0,24,24
98680,9863,-0.0102543,0,19,19
98680,9864,-0.0201905,0,14,14
98680,9865,-0.0301268,0,9,9
98680,9866,-0.0400633,0,4,4
