time,particle_id,x,y,mesh_index,mesh_index_original
3670,357,0.0489769,0,49,49
3670,358,0.0389793,0,44,44
3670,359,0.0289816,0,39,39
3670,360,0.0189839,0,34,34
3670,361,0.00898628,0,29,29
3670,362,-0.00101139,0,24,24
3670,363,-0.0110091,0,19,19
3670,364,-0.0210067,0,14,14
3670,365,-0.0310044,0,9,9
3670,366,-0.0410021,0,4,4
