time,particle_id,x,y,mesh_index,mesh_index_original
72250,7215,0.0415686,0,45,45
72250,7216,0.031616,0,40,40
72250,7217,0.0216632,0,35,35
72250,7218,0.0117104,0,30,30
72250,7219,0.00175739,0,25,25
72250,7220,-0.0081957,0,20,20
72250,7221,-0.0181489,0,15,15
72250,7222,-0.0281022,0,10,10
72250,7223,-0.0380557,0,5,5
72250,7224,-0.0480093,0,0,0
