time,particle_id,x,y,mesh_index,mesh_index_original
69820,6972,0.0425785,0,46,46
69820,6973,0.0326243,0,41,41
69820,6974,0.02267,0,36,36
69820,6975,0.0127155,0,31,31
69820,6976,0.002761,0,26,26
69820,6977,-0.00719366,0,21,21
69820,6978,-0.0171484,0,16,16
69820,6979,-0.0271033,0,11,11
69820,6980,-0.0370583,0,6,6
69820,6981,-0.0470134,0,1,1
