time,particle_id,x,y,mesh_index,mesh_index_original
26330,2623,0.0468343,0,48,48
26330,2624,0.0368515,0,43,43
26330,2625,0.0268687,0,38,38
26330,2626,0.0168859,0,33,33
26330,2627,0.00690307,0,28,28
26330,2628,-0.00307983,0,23,23
26330,2629,-0.0130628,0,18,18
26330,2630,-0.0230457,0,13,13
26330,2631,-0.0330288,0,8,8
26330,2632,-0.0430118,0,3,3
