time,particle_id,x,y,mesh_index,mesh_index_original
89740,8964,0.0404702,0,45,45
89740,8965,0.030529,0,40,40
89740,8966,0.0205877,0,35,35
89740,8967,0.0106462,0,30,30
89740,8968,0.000704601,0,25,25
89740,8969,-0.00923717,0,20,20
89740,8970,-0.0191791,0,15,15
89740,8971,-0.0291212,0,10,10
89740,8972,-0.0390634,0,5,5
89740,8973,-0.0490058,0,0,0
