time,particle_id,x,y,mesh_index,mesh_index_original
19940,1984,0.0478733,0,48,48
19940,1985,0.0378863,0,43,43
19940,1986,0.0278994,0,38,38
19940,1987,0.0179124,0,33,33
19940,1988,0.00792535,0,28,28
19940,1989,-0.0020617,0,23,23
19940,1990,-0.0120488,0,18,18
19940,1991,-0.0220359,0,13,13
19940,1992,-0.0320231,0,8,8
19940,1993,-0.0420102,0,3,3
