time,particle_id,x,y,mesh_index,mesh_index_original
30140,3004,0.0458122,0,47,47
30140,3005,0.035832,0,42,42
30140,3006,0.0258517,0,37,37
30140,3007,0.0158713,0,32,32
30140,3008,0.00589097,0,27,27
30140,3009,-0.00408945,0,22,22
30140,3010,-0.0140699,0,17,17
30140,3011,-0.0240504,0,12,12
30140,3012,-0.034031,0,7,7
30140,3013,-0.0440116,0,2,2
