time,particle_id,x,y,mesh_index,mesh_index_original
43950,4385,0.0447289,0,47,47
43950,4386,0.0347577,0,42,42
43950,4387,0.0247865,0,37,37
43950,4388,0.0148152,0,32,32
43950,4389,0.00484381,0,27,27
43950,4390,-0.00512763,0,22,22
43950,4391,-0.0150991,0,17,17
43950,4392,-0.0250707,0,12,12
43950,4393,-0.0350424,0,7,7
43950,4394,-0.0450141,0,2,2
