time,particle_id,x,y,mesh_index,mesh_index_original
23920,2382,0.0468495,0,48,48
23920,2383,0.0368651,0,43,43
23920,2384,0.0268808,0,38,38
23920,2385,0.0168964,0,33,33
23920,2386,0.00691196,0,28,28
23920,2387,-0.0030725,0,23,23
23920,2388,-0.013057,0,18,18
23920,2389,-0.0230415,0,13,13
23920,2390,-0.0330261,0,8,8
23920,2391,-0.0430107,0,3,3
