time,particle_id,x,y,mesh_index,mesh_index_original
25390,2529,0.0468402,0,48,48
25390,2530,0.0368568,0,43,43
25390,2531,0.0268734,0,38,38
25390,2532,0.01689,0,33,33
25390,2533,0.00690654,0,28,28
25390,2534,-0.00307697,0,23,23
25390,2535,-0.0130605,0,18,18
25390,2536,-0.0230441,0,13,13
25390,2537,-0.0330277,0,8,8
25390,2538,-0.0430114,0,3,3
