time,particle_id,x,y,mesh_index,mesh_index_original
71560,7146,0.0415727,0,45,45
71560,7147,0.0316196,0,40,40
71560,7148,0.0216664,0,35,35
71560,7149,0.0117131,0,30,30
71560,7150,0.00175971,0,25,25
71560,7151,-0.00819383,0,20,20
71560,7152,-0.0181475,0,15,15
71560,7153,-0.0281013,0,10,10
71560,7154,-0.0380552,0,5,5
71560,7155,-0.0480092,0,0,0
