time,particle_id,x,y,mesh_index,mesh_index_original
29360,2926,0.0468151,0,48,48
29360,2927,0.0368344,0,43,43
29360,2928,0.0268536,0,38,38
29360,2929,0.0168728,0,33,33
29360,2930,0.00689189,0,28,28
29360,2931,-0.00308904,0,23,23
29360,2932,-0.01307,0,18,18
29360,2933,-0.023051,0,13,13
29360,2934,-0.0330321,0,8,8
29360,2935,-0.0430132,0,3,3
