time,particle_id,x,y,mesh_index,mesh_index_original
89070,8897,0.0404742,0,45,45
89070,8898,0.0305326,0,40,40
89070,8899,0.0205908,0,35,35
89070,8900,0.0106489,0,30,30
89070,8901,0.000706803,0,25,25
89070,8902,-0.0092354,0,20,20
89070,8903,-0.0191778,0,15,15
89070,8904,-0.0291203,0,10,10
89070,8905,-0.0390629,0,5,5
89070,8906,-0.0490057,0,0,0
