time,particle_id,x,y,mesh_index,mesh_index_original
50080,4998,0.0446911,0,47,47
50080,4999,0.0347239,0,42,42
50080,5000,0.02376,0,36,36
50080,5001,0.0137927,0,31,31
50080,5002,0.00382528,0,26,26
50080,5003,-0.00614218,0,21,21
50080,5004,-0.0161097,0,16,16
50080,5005,-0.0260774,0,11,11
50080,5006,-0.0360451,0,6,6
50080,5007,-0.0460129,0,1,1
