time,particle_id,x,y,mesh_index,mesh_index_original
89620,8952,0.0404709,0,45,45
89620,8953,0.0305297,0,40,40
89620,8954,0.0205883,0,35,35
89620,8955,0.0106467,0,30,30
89620,8956,0.000704996,0,25,25
89620,8957,-0.00923685,0,20,20
89620,8958,-0.0191789,0,15,15
89620,8959,-0.029121,0,10,10
89620,8960,-0.0390633,0,5,5
89620,8961,-0.0490057,0,0,0
