time,particle_id,x,y,mesh_index,mesh_index_original
79210,7911,0.0415271,0,45,45
79210,7912,0.031579,0,40,40
79210,7913,0.0216308,0,35,35
79210,7914,0.0116825,0,30,30
79210,7915,0.00173405,0,25,25
79210,7916,-0.00821453,0,20,20
79210,7917,-0.0181632,0,15,15
79210,7918,-0.0281121,0,10,10
79210,7919,-0.0380611,0,5,5
79210,7920,-0.0480102,0,0,0
