time,particle_id,x,y,mesh_index,mesh_index_original
76190,7609,0.0415451,0,45,45
76190,7610,0.0315951,0,40,40
76190,7611,0.0216449,0,35,35
76190,7612,0.0116946,0,30,30
76190,7613,0.00174418,0,25,25
76190,7614,-0.00820636,0,20,20
76190,7615,-0.018157,0,15,15
76190,7616,-0.0281078,0,10,10
76190,7617,-0.0380587,0,5,5
76190,7618,-0.0480098,0,0,0
