time,particle_id,x,y,mesh_index,mesh_index_original
89440,8934,0.040472,0,45,45
89440,8935,0.0305306,0,40,40
89440,8936,0.0205891,0,35,35
89440,8937,0.0106474,0,30,30
89440,8938,0.000705587,0,25,25
89440,8939,-0.00923638,0,20,20
89440,8940,-0.0191785,0,15,15
89440,8941,-0.0291208,0,10,10
89440,8942,-0.0390632,0,5,5
89440,8943,-0.0490057,0,0,0
