time,particle_id,x,y,mesh_index,mesh_index_original
85880,8578,0.040493,0,45,45
85880,8579,0.0305493,0,40,40
85880,8580,0.0206054,0,35,35
85880,8581,0.0106614,0,30,30
85880,8582,0.000717283,0,25,25
85880,8583,-0.00922699,0,20,20
85880,8584,-0.0191714,0,15,15
85880,8585,-0.029116,0,10,10
85880,8586,-0.0390607,0,5,5
85880,8587,-0.0490055,0,0,0
