time,particle_id,x,y,mesh_index,mesh_index_original
50700,5060,0.0436906,0,46,46
50700,5061,0.0337238,0,41,41
50700,5062,0.023757,0,36,36
50700,5063,0.0137901,0,31,31
50700,5064,0.00382312,0,26,26
50700,5065,-0.00614394,0,21,21
50700,5066,-0.0161111,0,16,16
50700,5067,-0.0260783,0,11,11
50700,5068,-0.0360456,0,6,6
50700,5069,-0.046013,0,1,1
