time,particle_id,x,y,mesh_index,mesh_index_original
16210,1611,0.0478971,0,48,48
16210,1612,0.0379077,0,43,43
16210,1613,0.0279183,0,38,38
16210,1614,0.0179288,0,33,33
16210,1615,0.00793937,0,28,28
16210,1616,-0.00205012,0,23,23
16210,1617,-0.0120396,0,18,18
16210,1618,-0.0220292,0,13,13
16210,1619,-0.0320187,0,8,8
16210,1620,-0.0420083,0,3,3
