time,particle_id,x,y,mesh_index,mesh_index_original
75740,7564,0.0415478,0,45,45
75740,7565,0.0315974,0,40,40
75740,7566,0.021647,0,35,35
75740,7567,0.0116964,0,30,30
75740,7568,0.00174569,0,25,25
75740,7569,-0.00820514,0,20,20
75740,7570,-0.0181561,0,15,15
75740,7571,-0.0281072,0,10,10
75740,7572,-0.0380584,0,5,5
75740,7573,-0.0480097,0,0,0
