time,particle_id,x,y,mesh_index,mesh_index_original
50280,5018,0.0436931,0,46,46
50280,5019,0.0337261,0,41,41
50280,5020,0.023759,0,36,36
50280,5021,0.0137918,0,31,31
50280,5022,0.00382459,0,26,26
50280,5023,-0.00614275,0,21,21
50280,5024,-0.0161102,0,16,16
50280,5025,-0.0260777,0,11,11
50280,5026,-0.0360452,0,6,6
50280,5027,-0.0460129,0,1,1
