time,particle_id,x,y,mesh_index,mesh_index_original
82340,8224,0.0405139,0,45,45
82340,8225,0.0305678,0,40,40
82340,8226,0.0206216,0,35,35
82340,8227,0.0106753,0,30,30
82340,8228,0.000728917,0,25,25
82340,8229,-0.00921765,0,20,20
82340,8230,-0.0191644,0,15,15
82340,8231,-0.0291112,0,10,10
82340,8232,-0.0390582,0,5,5
82340,8233,-0.0490053,0,0,0
