time,particle_id,x,y,mesh_index,mesh_index_original
95730,9562,0.0493784,0,49,49
95730,9563,0.0394412,0,44,44
95730,9564,0.0295039,0,39,39
95730,9565,0.0195665,0,34,34
95730,9566,0.0096289,0,29,29
95730,9567,-0.000308851,0,24,24
95730,9568,-0.0102468,0,19,19
95730,9569,-0.0201848,0,14,14
95730,9570,-0.0301231,0,9,9
95730,9571,-0.0400614,0,4,4
