time,particle_id,x,y,mesh_index,mesh_index_original
25500,2540,0.0468395,0,48,48
25500,2541,0.0368562,0,43,43
25500,2542,0.0268729,0,38,38
25500,2543,0.0168895,0,33,33
25500,2544,0.00690613,0,28,28
25500,2545,-0.00307731,0,23,23
25500,2546,-0.0130608,0,18,18
25500,2547,-0.0230443,0,13,13
25500,2548,-0.0330279,0,8,8
25500,2549,-0.0430115,0,3,3
