time,particle_id,x,y,mesh_index,mesh_index_original
73190,7309,0.041563,0,45,45
73190,7310,0.031611,0,40,40
73190,7311,0.0216589,0,35,35
73190,7312,0.0117066,0,30,30
73190,7313,0.00175424,0,25,25
73190,7314,-0.00819824,0,20,20
73190,7315,-0.0181508,0,15,15
73190,7316,-0.0281036,0,10,10
73190,7317,-0.0380564,0,5,5
73190,7318,-0.0480094,0,0,0
