time,particle_id,x,y,mesh_index,mesh_index_original
5280,518,0.0489665,0,49,49
5280,519,0.0389699,0,44,44
5280,520,0.0289733,0,39,39
5280,521,0.0189767,0,34,34
5280,522,0.00898012,0,29,29
5280,523,-0.0010165,0,24,24
5280,524,-0.0110131,0,19,19
5280,525,-0.0210097,0,14,14
5280,526,-0.0310064,0,9,9
5280,527,-0.041003,0,4,4
