time,particle_id,x,y,mesh_index,mesh_index_original
87170,8707,0.0404854,0,45,45
87170,8708,0.0305425,0,40,40
87170,8709,0.0205995,0,35,35
87170,8710,0.0106563,0,30,30
87170,8711,0.000713045,0,25,25
87170,8712,-0.00923039,0,20,20
87170,8713,-0.019174,0,15,15
87170,8714,-0.0291177,0,10,10
87170,8715,-0.0390616,0,5,5
87170,8716,-0.0490056,0,0,0
