time,particle_id,x,y,mesh_index,mesh_index_original
32730,3263,0.045796,0,47,47
32730,3264,0.0358175,0,42,42
32730,3265,0.0258389,0,37,37
32730,3266,0.0158603,0,32,32
32730,3267,0.00588159,0,27,27
32730,3268,-0.00409715,0,22,22
32730,3269,-0.0140759,0,17,17
32730,3270,-0.0240548,0,12,12
32730,3271,-0.0340337,0,7,7
32730,3272,-0.0440126,0,2,2
