time,particle_id,x,y,mesh_index,mesh_index_original
70180,7008,0.041581,0,45,45
70180,7009,0.031627,0,40,40
70180,7010,0.0216729,0,35,35
70180,7011,0.0117187,0,30,30
70180,7012,0.00176434,0,25,25
70180,7013,-0.0081901,0,20,20
70180,7014,-0.0181447,0,15,15
70180,7015,-0.0280993,0,10,10
70180,7016,-0.0380541,0,5,5
70180,7017,-0.048009,0,0,0
