time,particle_id,x,y,mesh_index,mesh_index_original
62470,6237,0.0426228,0,46,46
62470,6238,0.0326638,0,41,41
62470,6239,0.0227047,0,36,36
62470,6240,0.0127455,0,31,31
62470,6241,0.00278614,0,26,26
62470,6242,-0.00717329,0,21,21
62470,6243,-0.0171328,0,16,16
62470,6244,-0.0270924,0,11,11
62470,6245,-0.0370522,0,6,6
62470,6246,-0.047012,0,1,1
