time,particle_id,x,y,mesh_index,mesh_index_original
29370,2927,0.0468151,0,48,48
29370,2928,0.0368343,0,43,43
29370,2929,0.0268535,0,38,38
29370,2930,0.0168727,0,33,33
29370,2931,0.00689185,0,28,28
29370,2932,-0.00308907,0,23,23
29370,2933,-0.01307,0,18,18
29370,2934,-0.023051,0,13,13
29370,2935,-0.0330321,0,8,8
29370,2936,-0.0430132,0,3,3
