time,particle_id,x,y,mesh_index,mesh_index_original
60780,6068,0.042633,0,46,46
60780,6069,0.0326729,0,41,41
60780,6070,0.0227127,0,36,36
60780,6071,0.0127523,0,31,31
60780,6072,0.00279192,0,26,26
60780,6073,-0.0071686,0,21,21
60780,6074,-0.0171292,0,16,16
60780,6075,-0.02709,0,11,11
60780,6076,-0.0370508,0,6,6
60780,6077,-0.0470117,0,1,1
