time,particle_id,x,y,mesh_index,mesh_index_original
41000,4090,0.0447471,0,47,47
41000,4091,0.034774,0,42,42
41000,4092,0.0248008,0,37,37
41000,4093,0.0148276,0,32,32
41000,4094,0.0048543,0,27,27
41000,4095,-0.00511906,0,22,22
41000,4096,-0.0150925,0,17,17
41000,4097,-0.025066,0,12,12
41000,4098,-0.0350395,0,7,7
41000,4099,-0.0450132,0,2,2
