time,particle_id,x,y,mesh_index,mesh_index_original
77560,7746,0.0415369,0,45,45
77560,7747,0.0315878,0,40,40
77560,7748,0.0216385,0,35,35
77560,7749,0.0116891,0,30,30
77560,7750,0.00173959,0,25,25
77560,7751,-0.00821006,0,20,20
77560,7752,-0.0181598,0,15,15
77560,7753,-0.0281097,0,10,10
77560,7754,-0.0380598,0,5,5
77560,7755,-0.04801,0,0,0
