time,particle_id,x,y,mesh_index,mesh_index_original
83970,8387,0.0405042,0,45,45
83970,8388,0.0305593,0,40,40
83970,8389,0.0206142,0,35,35
83970,8390,0.0106689,0,30,30
83970,8391,0.00072356,0,25,25
83970,8392,-0.00922195,0,20,20
83970,8393,-0.0191676,0,15,15
83970,8394,-0.0291134,0,10,10
83970,8395,-0.0390593,0,5,5
83970,8396,-0.0490054,0,0,0
