time,particle_id,x,y,mesh_index,mesh_index_original
16630,1653,0.0478944,0,48,48
16630,1654,0.0379053,0,43,43
16630,1655,0.0279161,0,38,38
16630,1656,0.017927,0,33,33
16630,1657,0.00793779,0,28,28
16630,1658,-0.00205142,0,23,23
16630,1659,-0.0120407,0,18,18
16630,1660,-0.0220299,0,13,13
16630,1661,-0.0320192,0,8,8
16630,1662,-0.0420085,0,3,3
