time,particle_id,x,y,mesh_index,mesh_index_original
79260,7916,0.0415268,0,45,45
79260,7917,0.0315788,0,40,40
79260,7918,0.0216306,0,35,35
79260,7919,0.0116823,0,30,30
79260,7920,0.00173389,0,25,25
79260,7921,-0.00821466,0,20,20
79260,7922,-0.0181633,0,15,15
79260,7923,-0.0281121,0,10,10
79260,7924,-0.0380611,0,5,5
79260,7925,-0.0480102,0,0,0
