time,particle_id,x,y,mesh_index,mesh_index_original
51860,5176,0.0436835,0,46,46
51860,5177,0.0337175,0,41,41
51860,5178,0.0237514,0,36,36
51860,5179,0.0137853,0,31,31
51860,5180,0.00381907,0,26,26
51860,5181,-0.00614723,0,21,21
51860,5182,-0.0161136,0,16,16
51860,5183,-0.0260801,0,11,11
51860,5184,-0.0360467,0,6,6
51860,5185,-0.0460133,0,1,1
