time,particle_id,x,y,mesh_index,mesh_index_original
30100,3000,0.0458124,0,47,47
30100,3001,0.0358322,0,42,42
30100,3002,0.0258519,0,37,37
30100,3003,0.0158715,0,32,32
30100,3004,0.00589112,0,27,27
30100,3005,-0.00408933,0,22,22
30100,3006,-0.0140698,0,17,17
30100,3007,-0.0240504,0,12,12
30100,3008,-0.034031,0,7,7
30100,3009,-0.0440116,0,2,2
