time,particle_id,x,y,mesh_index,mesh_index_original
20720,2062,0.0468697,0,48,48
20720,2063,0.0368832,0,43,43
20720,2064,0.0268968,0,38,38
20720,2065,0.0169103,0,33,33
20720,2066,0.00692377,0,28,28
20720,2067,-0.00306278,0,23,23
20720,2068,-0.0130494,0,18,18
20720,2069,-0.023036,0,13,13
20720,2070,-0.0330226,0,8,8
20720,2071,-0.0430093,0,3,3
