time,particle_id,x,y,mesh_index,mesh_index_original
99660,9955,0.0493529,0,49,49
99660,9956,0.0394184,0,44,44
99660,9957,0.0294836,0,39,39
99660,9958,0.0195487,0,34,34
99660,9959,0.0096137,0,29,29
99660,9960,-0.0003215,0,24,24
99660,9961,-0.0102569,0,19,19
99660,9962,-0.0201924,0,14,14
99660,9963,-0.0301281,0,9,9
99660,9964,-0.040064,0,4,4
