time,particle_id,x,y,mesh_index,mesh_index_original
23990,2389,0.046849,0,48,48
23990,2390,0.0368647,0,43,43
23990,2391,0.0268804,0,38,38
23990,2392,0.0168961,0,33,33
23990,2393,0.0069117,0,28,28
23990,2394,-0.00307272,0,23,23
23990,2395,-0.0130572,0,18,18
23990,2396,-0.0230417,0,13,13
23990,2397,-0.0330262,0,8,8
23990,2398,-0.0430108,0,3,3
