time,particle_id,x,y,mesh_index,mesh_index_original
31500,3140,0.0458037,0,47,47
31500,3141,0.0358244,0,42,42
31500,3142,0.025845,0,37,37
31500,3143,0.0158655,0,32,32
31500,3144,0.00588605,0,27,27
31500,3145,-0.00409349,0,22,22
31500,3146,-0.0140731,0,17,17
31500,3147,-0.0240527,0,12,12
31500,3148,-0.0340324,0,7,7
31500,3149,-0.0440121,0,2,2
