time,particle_id,x,y,mesh_index,mesh_index_original
80730,8063,0.0405233,0,45,45
80730,8064,0.0305763,0,40,40
80730,8065,0.020629,0,35,35
80730,8066,0.0106817,0,30,30
80730,8067,0.000734209,0,25,25
80730,8068,-0.0092134,0,20,20
80730,8069,-0.0191611,0,15,15
80730,8070,-0.029109,0,10,10
80730,8071,-0.039057,0,5,5
80730,8072,-0.0490052,0,0,0
