time,particle_id,x,y,mesh_index,mesh_index_original
58950,5885,0.0436402,0,46,46
58950,5886,0.0336789,0,41,41
58950,5887,0.0237175,0,36,36
58950,5888,0.013756,0,31,31
58950,5889,0.00379435,0,26,26
58950,5890,-0.00616736,0,21,21
58950,5891,-0.0161292,0,16,16
58950,5892,-0.026091,0,11,11
58950,5893,-0.036053,0,6,6
58950,5894,-0.0460151,0,1,1
