time,particle_id,x,y,mesh_index,mesh_index_original
53660,5356,0.0436725,0,46,46
53660,5357,0.0337077,0,41,41
53660,5358,0.0237428,0,36,36
53660,5359,0.0137778,0,31,31
53660,5360,0.00381279,0,26,26
53660,5361,-0.00615234,0,21,21
53660,5362,-0.0161176,0,16,16
53660,5363,-0.0260829,0,11,11
53660,5364,-0.0360483,0,6,6
53660,5365,-0.0460138,0,1,1
