time,particle_id,x,y,mesh_index,mesh_index_original
59280,5918,0.0436382,0,46,46
59280,5919,0.0336771,0,41,41
59280,5920,0.0237159,0,36,36
59280,5921,0.0137546,0,31,31
59280,5922,0.00379319,0,26,26
59280,5923,-0.00616829,0,21,21
59280,5924,-0.0161299,0,16,16
59280,5925,-0.0260916,0,11,11
59280,5926,-0.0360533,0,6,6
59280,5927,-0.0460152,0,1,1
