time,particle_id,x,y,mesh_index,mesh_index_original
59270,5917,0.0436383,0,46,46
59270,5918,0.0336771,0,41,41
59270,5919,0.0237159,0,36,36
59270,5920,0.0137546,0,31,31
59270,5921,0.00379323,0,26,26
59270,5922,-0.00616826,0,21,21
59270,5923,-0.0161299,0,16,16
59270,5924,-0.0260915,0,11,11
59270,5925,-0.0360533,0,6,6
59270,5926,-0.0460152,0,1,1
