time,particle_id,x,y,mesh_index,mesh_index_original
14810,1471,0.047906,0,48,48
14810,1472,0.0379157,0,43,43
14810,1473,0.0279254,0,38,38
14810,1474,0.017935,0,33,33
14810,1475,0.00794463,0,28,28
14810,1476,-0.00204577,0,23,23
14810,1477,-0.0120362,0,18,18
14810,1478,-0.0220266,0,13,13
14810,1479,-0.0320171,0,8,8
14810,1480,-0.0420076,0,3,3
