time,particle_id,x,y,mesh_index,mesh_index_original
82740,8264,0.0405115,0,45,45
82740,8265,0.0305657,0,40,40
82740,8266,0.0206198,0,35,35
82740,8267,0.0106738,0,30,30
82740,8268,0.000727602,0,25,25
82740,8269,-0.0092187,0,20,20
82740,8270,-0.0191651,0,15,15
82740,8271,-0.0291117,0,10,10
82740,8272,-0.0390584,0,5,5
82740,8273,-0.0490053,0,0,0
