time,particle_id,x,y,mesh_index,mesh_index_original
61250,6115,0.0426302,0,46,46
61250,6116,0.0326704,0,41,41
61250,6117,0.0227105,0,36,36
61250,6118,0.0127504,0,31,31
61250,6119,0.00279031,0,26,26
61250,6120,-0.00716991,0,21,21
61250,6121,-0.0171302,0,16,16
61250,6122,-0.0270906,0,11,11
61250,6123,-0.0370512,0,6,6
61250,6124,-0.0470118,0,1,1
