time,particle_id,x,y,mesh_index,mesh_index_original
39190,3909,0.0457557,0,47,47
39190,3910,0.0357814,0,42,42
39190,3911,0.0258071,0,37,37
39190,3912,0.0158327,0,32,32
39190,3913,0.00585819,0,27,27
39190,3914,-0.00411634,0,22,22
39190,3915,-0.0140909,0,17,17
39190,3916,-0.0240656,0,12,12
39190,3917,-0.0340403,0,7,7
39190,3918,-0.0440151,0,2,2
