time,particle_id,x,y,mesh_index,mesh_index_original
21770,2167,0.046863,0,48,48
21770,2168,0.0368773,0,43,43
21770,2169,0.0268915,0,38,38
21770,2170,0.0169057,0,33,33
21770,2171,0.0069199,0,28,28
21770,2172,-0.00306597,0,23,23
21770,2173,-0.0130519,0,18,18
21770,2174,-0.0230378,0,13,13
21770,2175,-0.0330238,0,8,8
21770,2176,-0.0430098,0,3,3
