time,particle_id,x,y,mesh_index,mesh_index_original
38330,3823,0.0457611,0,47,47
38330,3824,0.0357862,0,42,42
38330,3825,0.0258113,0,37,37
38330,3826,0.0158363,0,32,32
38330,3827,0.0058613,0,27,27
38330,3828,-0.00411379,0,22,22
38330,3829,-0.0140889,0,17,17
38330,3830,-0.0240642,0,12,12
38330,3831,-0.0340394,0,7,7
38330,3832,-0.0440148,0,2,2
