time,particle_id,x,y,mesh_index,mesh_index_original
26700,2660,0.0468319,0,48,48
26700,2661,0.0368494,0,43,43
26700,2662,0.0268669,0,38,38
26700,2663,0.0168843,0,33,33
26700,2664,0.0069017,0,28,28
26700,2665,-0.00308095,0,23,23
26700,2666,-0.0130637,0,18,18
26700,2667,-0.0230464,0,13,13
26700,2668,-0.0330292,0,8,8
26700,2669,-0.043012,0,3,3
