time,particle_id,x,y,mesh_index,mesh_index_original
87730,8763,0.0404821,0,45,45
87730,8764,0.0305396,0,40,40
87730,8765,0.0205969,0,35,35
87730,8766,0.0106541,0,30,30
87730,8767,0.000711205,0,25,25
87730,8768,-0.00923187,0,20,20
87730,8769,-0.0191751,0,15,15
87730,8770,-0.0291185,0,10,10
87730,8771,-0.039062,0,5,5
87730,8772,-0.0490056,0,0,0
