time,particle_id,x,y,mesh_index,mesh_index_original
57970,5787,0.0436462,0,46,46
57970,5788,0.0336842,0,41,41
57970,5789,0.0237222,0,36,36
57970,5790,0.01376,0,31,31
57970,5791,0.00379776,0,26,26
57970,5792,-0.00616458,0,21,21
57970,5793,-0.016127,0,16,16
57970,5794,-0.0260895,0,11,11
57970,5795,-0.0360522,0,6,6
57970,5796,-0.0460149,0,1,1
