time,particle_id,x,y,mesh_index,mesh_index_original
62950,6285,0.04262,0,46,46
62950,6286,0.0326612,0,41,41
62950,6287,0.0227024,0,36,36
62950,6288,0.0127435,0,31,31
62950,6289,0.0027845,0,26,26
62950,6290,-0.00717462,0,21,21
62950,6291,-0.0171338,0,16,16
62950,6292,-0.0270932,0,11,11
62950,6293,-0.0370526,0,6,6
62950,6294,-0.0470121,0,1,1
