time,particle_id,x,y,mesh_index,mesh_index_original
85360,8526,0.0404961,0,45,45
85360,8527,0.030552,0,40,40
85360,8528,0.0206078,0,35,35
85360,8529,0.0106635,0,30,30
85360,8530,0.000718992,0,25,25
85360,8531,-0.00922562,0,20,20
85360,8532,-0.0191704,0,15,15
85360,8533,-0.0291153,0,10,10
85360,8534,-0.0390603,0,5,5
85360,8535,-0.0490055,0,0,0
