time,particle_id,x,y,mesh_index,mesh_index_original
46350,4625,0.0447141,0,47,47
46350,4626,0.0347445,0,42,42
46350,4627,0.0247748,0,37,37
46350,4628,0.0148051,0,32,32
46350,4629,0.00483528,0,27,27
46350,4630,-0.0051346,0,22,22
46350,4631,-0.0151046,0,17,17
46350,4632,-0.0250746,0,12,12
46350,4633,-0.0350447,0,7,7
46350,4634,-0.0450149,0,2,2
