time,particle_id,x,y,mesh_index,mesh_index_original
70460,7036,0.0415793,0,45,45
70460,7037,0.0316255,0,40,40
70460,7038,0.0216716,0,35,35
70460,7039,0.0117175,0,30,30
70460,7040,0.0017634,0,25,25
70460,7041,-0.00819086,0,20,20
70460,7042,-0.0181452,0,15,15
70460,7043,-0.0280997,0,10,10
70460,7044,-0.0380543,0,5,5
70460,7045,-0.048009,0,0,0
