time,particle_id,x,y,mesh_index,mesh_index_original
94350,9424,0.0493873,0,49,49
94350,9425,0.0394493,0,44,44
94350,9426,0.0295111,0,39,39
94350,9427,0.0195727,0,34,34
94350,9428,0.00963424,0,29,29
94350,9429,-0.000304409,0,24,24
94350,9430,-0.0102432,0,19,19
94350,9431,-0.0201822,0,14,14
94350,9432,-0.0301213,0,9,9
94350,9433,-0.0400606,0,4,4
