time,particle_id,x,y,mesh_index,mesh_index_original
70530,7043,0.0415789,0,45,45
70530,7044,0.0316251,0,40,40
70530,7045,0.0216712,0,35,35
70530,7046,0.0117173,0,30,30
70530,7047,0.00176316,0,25,25
70530,7048,-0.00819105,0,20,20
70530,7049,-0.0181454,0,15,15
70530,7050,-0.0280998,0,10,10
70530,7051,-0.0380544,0,5,5
70530,7052,-0.048009,0,0,0
