time,particle_id,x,y,mesh_index,mesh_index_original
1220,112,0.0489927,0,49,49
1220,113,0.0389935,0,44,44
1220,114,0.0289942,0,39,39
1220,115,0.0189949,0,34,34
1220,116,0.00899565,0,29,29
1220,117,-0.00100361,0,24,24
1220,118,-0.0110029,0,19,19
1220,119,-0.0210021,0,14,14
1220,120,-0.0310014,0,9,9
1220,121,-0.0410007,0,4,4
