time,particle_id,x,y,mesh_index,mesh_index_original
66260,6616,0.0426,0,46,46
66260,6617,0.0326434,0,41,41
66260,6618,0.0226868,0,36,36
66260,6619,0.01273,0,31,31
66260,6620,0.00277317,0,26,26
66260,6621,-0.00718379,0,21,21
66260,6622,-0.0171409,0,16,16
66260,6623,-0.0270981,0,11,11
66260,6624,-0.0370553,0,6,6
66260,6625,-0.0470128,0,1,1
