time,particle_id,x,y,mesh_index,mesh_index_original
81600,8150,0.0405182,0,45,45
81600,8151,0.0305717,0,40,40
81600,8152,0.020625,0,35,35
81600,8153,0.0106783,0,30,30
81600,8154,0.000731349,0,25,25
81600,8155,-0.0092157,0,20,20
81600,8156,-0.0191629,0,15,15
81600,8157,-0.0291102,0,10,10
81600,8158,-0.0390576,0,5,5
81600,8159,-0.0490052,0,0,0
