time,particle_id,x,y,mesh_index,mesh_index_original
81090,8099,0.0405212,0,45,45
81090,8100,0.0305744,0,40,40
81090,8101,0.0206274,0,35,35
81090,8102,0.0106803,0,30,30
81090,8103,0.000733026,0,25,25
81090,8104,-0.00921435,0,20,20
81090,8105,-0.0191619,0,15,15
81090,8106,-0.0291095,0,10,10
81090,8107,-0.0390573,0,5,5
81090,8108,-0.0490052,0,0,0
