time,particle_id,x,y,mesh_index,mesh_index_original
66830,6673,0.0425965,0,46,46
66830,6674,0.0326404,0,41,41
66830,6675,0.0226841,0,36,36
66830,6676,0.0127277,0,31,31
66830,6677,0.00277122,0,26,26
66830,6678,-0.00718537,0,21,21
66830,6679,-0.0171421,0,16,16
66830,6680,-0.0270989,0,11,11
66830,6681,-0.0370558,0,6,6
66830,6682,-0.0470129,0,1,1
