time,particle_id,x,y,mesh_index,mesh_index_original
41230,4113,0.0447457,0,47,47
41230,4114,0.0347727,0,42,42
41230,4115,0.0247997,0,37,37
41230,4116,0.0148266,0,32,32
41230,4117,0.00485348,0,27,27
41230,4118,-0.00511973,0,22,22
41230,4119,-0.015093,0,17,17
41230,4120,-0.0250663,0,12,12
41230,4121,-0.0350398,0,7,7
41230,4122,-0.0450132,0,2,2
