time,particle_id,x,y,mesh_index,mesh_index_original
75910,7581,0.0415468,0,45,45
75910,7582,0.0315965,0,40,40
75910,7583,0.0216462,0,35,35
75910,7584,0.0116957,0,30,30
75910,7585,0.00174512,0,25,25
75910,7586,-0.0082056,0,20,20
75910,7587,-0.0181564,0,15,15
75910,7588,-0.0281074,0,10,10
75910,7589,-0.0380585,0,5,5
75910,7590,-0.0480097,0,0,0
