time,particle_id,x,y,mesh_index,mesh_index_original
10450,1035,0.0479339,0,48,48
10450,1036,0.0379407,0,43,43
10450,1037,0.0279475,0,38,38
10450,1038,0.0179543,0,33,33
10450,1039,0.00796102,0,28,28
10450,1040,-0.00203222,0,23,23
10450,1041,-0.0120255,0,18,18
10450,1042,-0.0220188,0,13,13
10450,1043,-0.032012,0,8,8
10450,1044,-0.0420053,0,3,3
