time,particle_id,x,y,mesh_index,mesh_index_original
10500,1040,0.0479335,0,48,48
10500,1041,0.0379404,0,43,43
10500,1042,0.0279472,0,38,38
10500,1043,0.017954,0,33,33
10500,1044,0.00796083,0,28,28
10500,1045,-0.00203238,0,23,23
10500,1046,-0.0120256,0,18,18
10500,1047,-0.0220188,0,13,13
10500,1048,-0.0320121,0,8,8
10500,1049,-0.0420054,0,3,3
