time,particle_id,x,y,mesh_index,mesh_index_original
83170,8307,0.040509,0,45,45
83170,8308,0.0305635,0,40,40
83170,8309,0.0206178,0,35,35
83170,8310,0.0106721,0,30,30
83170,8311,0.000726189,0,25,25
83170,8312,-0.00921984,0,20,20
83170,8313,-0.019166,0,15,15
83170,8314,-0.0291123,0,10,10
83170,8315,-0.0390588,0,5,5
83170,8316,-0.0490053,0,0,0
