time,particle_id,x,y,mesh_index,mesh_index_original
88580,8848,0.0404771,0,45,45
88580,8849,0.0305351,0,40,40
88580,8850,0.020593,0,35,35
88580,8851,0.0106508,0,30,30
88580,8852,0.000708412,0,25,25
88580,8853,-0.00923411,0,20,20
88580,8854,-0.0191768,0,15,15
88580,8855,-0.0291196,0,10,10
88580,8856,-0.0390626,0,5,5
88580,8857,-0.0490057,0,0,0
