time,particle_id,x,y,mesh_index,mesh_index_original
25150,2505,0.0468417,0,48,48
25150,2506,0.0368582,0,43,43
25150,2507,0.0268746,0,38,38
25150,2508,0.016891,0,33,33
25150,2509,0.00690742,0,28,28
25150,2510,-0.00307624,0,23,23
25150,2511,-0.0130599,0,18,18
25150,2512,-0.0230437,0,13,13
25150,2513,-0.0330275,0,8,8
25150,2514,-0.0430113,0,3,3
