time,particle_id,x,y,mesh_index,mesh_index_original
49350,4925,0.0446956,0,47,47
49350,4926,0.0347279,0,42,42
49350,4927,0.0247602,0,37,37
49350,4928,0.0147925,0,32,32
49350,4929,0.00482462,0,27,27
49350,4930,-0.00514331,0,22,22
49350,4931,-0.0151113,0,17,17
49350,4932,-0.0250794,0,12,12
49350,4933,-0.0350476,0,7,7
49350,4934,-0.0450158,0,2,2
