time,particle_id,x,y,mesh_index,mesh_index_original
34190,3409,0.0457869,0,47,47
34190,3410,0.0358093,0,42,42
34190,3411,0.0258317,0,37,37
34190,3412,0.015854,0,32,32
34190,3413,0.0058763,0,27,27
34190,3414,-0.00410148,0,22,22
34190,3415,-0.0140793,0,17,17
34190,3416,-0.0240572,0,12,12
34190,3417,-0.0340352,0,7,7
34190,3418,-0.0440132,0,2,2
