time,particle_id,x,y,mesh_index,mesh_index_original
91480,9137,0.0494059,0,49,49
91480,9138,0.039466,0,44,44
91480,9139,0.0295259,0,39,39
91480,9140,0.0195857,0,34,34
91480,9141,0.00964534,0,29,29
91480,9142,-0.000295168,0,24,24
91480,9143,-0.0102358,0,19,19
91480,9144,-0.0201766,0,14,14
91480,9145,-0.0301176,0,9,9
91480,9146,-0.0400587,0,4,4
