time,particle_id,x,y,mesh_index,mesh_index_original
13170,1307,0.0479165,0,48,48
13170,1308,0.0379251,0,43,43
13170,1309,0.0279337,0,38,38
13170,1310,0.0179422,0,33,33
13170,1311,0.0079508,0,28,28
13170,1312,-0.00204067,0,23,23
13170,1313,-0.0120322,0,18,18
13170,1314,-0.0220237,0,13,13
13170,1315,-0.0320152,0,8,8
13170,1316,-0.0420067,0,3,3
