time,particle_id,x,y,mesh_index,mesh_index_original
71950,7185,0.0415704,0,45,45
71950,7186,0.0316176,0,40,40
71950,7187,0.0216646,0,35,35
71950,7188,0.0117116,0,30,30
71950,7189,0.0017584,0,25,25
71950,7190,-0.00819489,0,20,20
71950,7191,-0.0181483,0,15,15
71950,7192,-0.0281018,0,10,10
71950,7193,-0.0380555,0,5,5
71950,7194,-0.0480092,0,0,0
