time,particle_id,x,y,mesh_index,mesh_index_original
92390,9228,0.0494,0,49,49
92390,9229,0.0394607,0,44,44
92390,9230,0.0295212,0,39,39
92390,9231,0.0195816,0,34,34
92390,9232,0.00964182,0,29,29
92390,9233,-0.000298098,0,24,24
92390,9234,-0.0102382,0,19,19
92390,9235,-0.0201784,0,14,14
92390,9236,-0.0301188,0,9,9
92390,9237,-0.0400593,0,4,4
