time,particle_id,x,y,mesh_index,mesh_index_original
45230,4513,0.044721,0,47,47
45230,4514,0.0347507,0,42,42
45230,4515,0.0247803,0,37,37
45230,4516,0.0148098,0,32,32
45230,4517,0.00483926,0,27,27
45230,4518,-0.00513135,0,22,22
45230,4519,-0.015102,0,17,17
45230,4520,-0.0250728,0,12,12
45230,4521,-0.0350436,0,7,7
45230,4522,-0.0450145,0,2,2
