time,particle_id,x,y,mesh_index,mesh_index_original
34100,3400,0.0457875,0,47,47
34100,3401,0.0358098,0,42,42
34100,3402,0.0258322,0,37,37
34100,3403,0.0158544,0,32,32
34100,3404,0.00587663,0,27,27
34100,3405,-0.00410122,0,22,22
34100,3406,-0.0140791,0,17,17
34100,3407,-0.0240571,0,12,12
34100,3408,-0.0340351,0,7,7
34100,3409,-0.0440131,0,2,2
