time,particle_id,x,y,mesh_index,mesh_index_original
44990,4489,0.0447225,0,47,47
44990,4490,0.034752,0,42,42
44990,4491,0.0247814,0,37,37
44990,4492,0.0148108,0,32,32
44990,4493,0.00484011,0,27,27
44990,4494,-0.00513065,0,22,22
44990,4495,-0.0151015,0,17,17
44990,4496,-0.0250724,0,12,12
44990,4497,-0.0350434,0,7,7
44990,4498,-0.0450144,0,2,2
