time,particle_id,x,y,mesh_index,mesh_index_original
6410,631,0.0489592,0,49,49
6410,632,0.0389634,0,44,44
6410,633,0.0289675,0,39,39
6410,634,0.0189717,0,34,34
6410,635,0.0089758,0,29,29
6410,636,-0.00102008,0,24,24
6410,637,-0.011016,0,19,19
6410,638,-0.0210119,0,14,14
6410,639,-0.0310078,0,9,9
6410,640,-0.0410037,0,4,4
