time,particle_id,x,y,mesh_index,mesh_index_original
65320,6522,0.0426057,0,46,46
65320,6523,0.0326485,0,41,41
65320,6524,0.0226912,0,36,36
65320,6525,0.0127339,0,31,31
65320,6526,0.00277639,0,26,26
65320,6527,-0.00718119,0,21,21
65320,6528,-0.0171389,0,16,16
65320,6529,-0.0270967,0,11,11
65320,6530,-0.0370546,0,6,6
65320,6531,-0.0470126,0,1,1
