time,particle_id,x,y,mesh_index,mesh_index_original
95400,9529,0.0493805,0,49,49
95400,9530,0.0394432,0,44,44
95400,9531,0.0295057,0,39,39
95400,9532,0.019568,0,34,34
95400,9533,0.00963018,0,29,29
95400,9534,-0.000307789,0,24,24
95400,9535,-0.0102459,0,19,19
95400,9536,-0.0201842,0,14,14
95400,9537,-0.0301226,0,9,9
95400,9538,-0.0400612,0,4,4
