time,particle_id,x,y,mesh_index,mesh_index_original
67020,6692,0.0425954,0,46,46
67020,6693,0.0326394,0,41,41
67020,6694,0.0226832,0,36,36
67020,6695,0.0127269,0,31,31
67020,6696,0.00277057,0,26,26
67020,6697,-0.0071859,0,21,21
67020,6698,-0.0171425,0,16,16
67020,6699,-0.0270992,0,11,11
67020,6700,-0.037056,0,6,6
67020,6701,-0.0470129,0,1,1
