time,particle_id,x,y,mesh_index,mesh_index_original
2120,202,0.0489869,0,49,49
2120,203,0.0389882,0,44,44
2120,204,0.0289896,0,39,39
2120,205,0.0189909,0,34,34
2120,206,0.00899221,0,29,29
2120,207,-0.00100647,0,24,24
2120,208,-0.0110051,0,19,19
2120,209,-0.0210038,0,14,14
2120,210,-0.0310025,0,9,9
2120,211,-0.0410012,0,4,4
