time,particle_id,x,y,mesh_index,mesh_index_original
19840,1974,0.0478739,0,48,48
19840,1975,0.0378869,0,43,43
19840,1976,0.0278999,0,38,38
19840,1977,0.0179128,0,33,33
19840,1978,0.00792573,0,28,28
19840,1979,-0.00206139,0,23,23
19840,1980,-0.0120485,0,18,18
19840,1981,-0.0220357,0,13,13
19840,1982,-0.0320229,0,8,8
19840,1983,-0.0420102,0,3,3
