time,particle_id,x,y,mesh_index,mesh_index_original
77740,7764,0.0415359,0,45,45
77740,7765,0.0315868,0,40,40
77740,7766,0.0216377,0,35,35
77740,7767,0.0116884,0,30,30
77740,7768,0.00173898,0,25,25
77740,7769,-0.00821055,0,20,20
77740,7770,-0.0181602,0,15,15
77740,7771,-0.02811,0,10,10
77740,7772,-0.0380599,0,5,5
77740,7773,-0.04801,0,0,0
