time,particle_id,x,y,mesh_index,mesh_index_original
65790,6569,0.0426028,0,46,46
65790,6570,0.032646,0,41,41
65790,6571,0.022689,0,36,36
65790,6572,0.0127319,0,31,31
65790,6573,0.00277478,0,26,26
65790,6574,-0.00718249,0,21,21
65790,6575,-0.0171399,0,16,16
65790,6576,-0.0270974,0,11,11
65790,6577,-0.037055,0,6,6
65790,6578,-0.0470127,0,1,1
