time,particle_id,x,y,mesh_index,mesh_index_original
16620,1652,0.0478945,0,48,48
16620,1653,0.0379053,0,43,43
16620,1654,0.0279162,0,38,38
16620,1655,0.017927,0,33,33
16620,1656,0.00793783,0,28,28
16620,1657,-0.00205139,0,23,23
16620,1658,-0.0120406,0,18,18
16620,1659,-0.0220299,0,13,13
16620,1660,-0.0320192,0,8,8
16620,1661,-0.0420085,0,3,3
