time,particle_id,x,y,mesh_index,mesh_index_original
59830,5973,0.0436348,0,46,46
59830,5974,0.0336741,0,41,41
59830,5975,0.0237132,0,36,36
59830,5976,0.0137523,0,31,31
59830,5977,0.00379128,0,26,26
59830,5978,-0.00616985,0,21,21
59830,5979,-0.0161311,0,16,16
59830,5980,-0.0260924,0,11,11
59830,5981,-0.0360538,0,6,6
59830,5982,-0.0460154,0,1,1
