time,particle_id,x,y,mesh_index,mesh_index_original
12030,1193,0.0479238,0,48,48
12030,1194,0.0379316,0,43,43
12030,1195,0.0279395,0,38,38
12030,1196,0.0179473,0,33,33
12030,1197,0.00795508,0,28,28
12030,1198,-0.00203713,0,23,23
12030,1199,-0.0120294,0,18,18
12030,1200,-0.0220216,0,13,13
12030,1201,-0.0320139,0,8,8
12030,1202,-0.0420062,0,3,3
