time,particle_id,x,y,mesh_index,mesh_index_original
44430,4433,0.0447259,0,47,47
44430,4434,0.0347551,0,42,42
44430,4435,0.0247842,0,37,37
44430,4436,0.0148132,0,32,32
44430,4437,0.00484211,0,27,27
44430,4438,-0.00512902,0,22,22
44430,4439,-0.0151002,0,17,17
44430,4440,-0.0250715,0,12,12
44430,4441,-0.0350428,0,7,7
44430,4442,-0.0450143,0,2,2
