time,particle_id,x,y,mesh_index,mesh_index_original
33430,3333,0.0457916,0,47,47
33430,3334,0.0358136,0,42,42
33430,3335,0.0258355,0,37,37
33430,3336,0.0158573,0,32,32
33430,3337,0.00587905,0,27,27
33430,3338,-0.00409923,0,22,22
33430,3339,-0.0140776,0,17,17
33430,3340,-0.0240559,0,12,12
33430,3341,-0.0340344,0,7,7
33430,3342,-0.0440129,0,2,2
