time,particle_id,x,y,mesh_index,mesh_index_original
10490,1039,0.0479336,0,48,48
10490,1040,0.0379404,0,43,43
10490,1041,0.0279473,0,38,38
10490,1042,0.0179541,0,33,33
10490,1043,0.00796087,0,28,28
10490,1044,-0.00203235,0,23,23
10490,1045,-0.0120256,0,18,18
10490,1046,-0.0220188,0,13,13
10490,1047,-0.0320121,0,8,8
10490,1048,-0.0420054,0,3,3
