time,particle_id,x,y,mesh_index,mesh_index_original
71310,7121,0.0415742,0,45,45
71310,7122,0.031621,0,40,40
71310,7123,0.0216676,0,35,35
71310,7124,0.0117141,0,30,30
71310,7125,0.00176055,0,25,25
71310,7126,-0.00819316,0,20,20
71310,7127,-0.018147,0,15,15
71310,7128,-0.0281009,0,10,10
71310,7129,-0.038055,0,5,5
71310,7130,-0.0480091,0,0,0
