time,particle_id,x,y,mesh_index,mesh_index_original
67560,6746,0.0425921,0,46,46
67560,6747,0.0326364,0,41,41
67560,6748,0.0226806,0,36,36
67560,6749,0.0127247,0,31,31
67560,6750,0.00276873,0,26,26
67560,6751,-0.0071874,0,21,21
67560,6752,-0.0171436,0,16,16
67560,6753,-0.0271,0,11,11
67560,6754,-0.0370564,0,6,6
67560,6755,-0.047013,0,1,1
