time,particle_id,x,y,mesh_index,mesh_index_original
83430,8333,0.0405074,0,45,45
83430,8334,0.0305621,0,40,40
83430,8335,0.0206166,0,35,35
83430,8336,0.0106711,0,30,30
83430,8337,0.000725335,0,25,25
83430,8338,-0.00922052,0,20,20
83430,8339,-0.0191665,0,15,15
83430,8340,-0.0291127,0,10,10
83430,8341,-0.0390589,0,5,5
83430,8342,-0.0490054,0,0,0
