time,particle_id,x,y,mesh_index,mesh_index_original
35630,3553,0.0457779,0,47,47
35630,3554,0.0358013,0,42,42
35630,3555,0.0258246,0,37,37
35630,3556,0.0158479,0,32,32
35630,3557,0.00587108,0,27,27
35630,3558,-0.00410576,0,22,22
35630,3559,-0.0140827,0,17,17
35630,3560,-0.0240596,0,12,12
35630,3561,-0.0340366,0,7,7
35630,3562,-0.0440137,0,2,2
