time,particle_id,x,y,mesh_index,mesh_index_original
30220,3012,0.0458117,0,47,47
30220,3013,0.0358315,0,42,42
30220,3014,0.0258513,0,37,37
30220,3015,0.015871,0,32,32
30220,3016,0.00589068,0,27,27
30220,3017,-0.00408968,0,22,22
30220,3018,-0.0140701,0,17,17
30220,3019,-0.0240506,0,12,12
30220,3020,-0.0340311,0,7,7
30220,3021,-0.0440116,0,2,2
