time,particle_id,x,y,mesh_index,mesh_index_original
92950,9284,0.0493964,0,49,49
92950,9285,0.0394574,0,44,44
92950,9286,0.0295183,0,39,39
92950,9287,0.0195791,0,34,34
92950,9288,0.00963966,0,29,29
92950,9289,-0.000299901,0,24,24
92950,9290,-0.0102396,0,19,19
92950,9291,-0.0201795,0,14,14
92950,9292,-0.0301195,0,9,9
92950,9293,-0.0400597,0,4,4
