time,particle_id,x,y,mesh_index,mesh_index_original
63750,6365,0.0426151,0,46,46
63750,6366,0.0326569,0,41,41
63750,6367,0.0226986,0,36,36
63750,6368,0.0127403,0,31,31
63750,6369,0.00278176,0,26,26
63750,6370,-0.00717684,0,21,21
63750,6371,-0.0171355,0,16,16
63750,6372,-0.0270943,0,11,11
63750,6373,-0.0370533,0,6,6
63750,6374,-0.0470123,0,1,1
