time,particle_id,x,y,mesh_index,mesh_index_original
54500,5440,0.0436674,0,46,46
54500,5441,0.0337031,0,41,41
54500,5442,0.0237388,0,36,36
54500,5443,0.0137744,0,31,31
54500,5444,0.00380986,0,26,26
54500,5445,-0.00615473,0,21,21
54500,5446,-0.0161194,0,16,16
54500,5447,-0.0260842,0,11,11
54500,5448,-0.036049,0,6,6
54500,5449,-0.046014,0,1,1
