time,particle_id,x,y,mesh_index,mesh_index_original
2290,219,0.0489858,0,49,49
2290,220,0.0389873,0,44,44
2290,221,0.0289887,0,39,39
2290,222,0.0189901,0,34,34
2290,223,0.00899156,0,29,29
2290,224,-0.00100701,0,24,24
2290,225,-0.0110056,0,19,19
2290,226,-0.0210041,0,14,14
2290,227,-0.0310027,0,9,9
2290,228,-0.0410013,0,4,4
