time,particle_id,x,y,mesh_index,mesh_index_original
10370,1027,0.0479344,0,48,48
10370,1028,0.0379411,0,43,43
10370,1029,0.0279479,0,38,38
10370,1030,0.0179546,0,33,33
10370,1031,0.00796132,0,28,28
10370,1032,-0.00203198,0,23,23
10370,1033,-0.0120253,0,18,18
10370,1034,-0.0220186,0,13,13
10370,1035,-0.032012,0,8,8
10370,1036,-0.0420053,0,3,3
