time,particle_id,x,y,mesh_index,mesh_index_original
15480,1538,0.0479017,0,48,48
15480,1539,0.0379119,0,43,43
15480,1540,0.027922,0,38,38
15480,1541,0.0179321,0,33,33
15480,1542,0.00794211,0,28,28
15480,1543,-0.00204785,0,23,23
15480,1544,-0.0120378,0,18,18
15480,1545,-0.0220278,0,13,13
15480,1546,-0.0320179,0,8,8
15480,1547,-0.0420079,0,3,3
