time,particle_id,x,y,mesh_index,mesh_index_original
47840,4774,0.0447049,0,47,47
47840,4775,0.0347363,0,42,42
47840,4776,0.0247676,0,37,37
47840,4777,0.0147988,0,32,32
47840,4778,0.00482998,0,27,27
47840,4779,-0.00513893,0,22,22
47840,4780,-0.0151079,0,17,17
47840,4781,-0.025077,0,12,12
47840,4782,-0.0350461,0,7,7
47840,4783,-0.0450154,0,2,2
