time,particle_id,x,y,mesh_index,mesh_index_original
91270,9116,0.0494073,0,49,49
91270,9117,0.0394672,0,44,44
91270,9118,0.029527,0,39,39
91270,9119,0.0195867,0,34,34
91270,9120,0.00964616,0,29,29
91270,9121,-0.000294492,0,24,24
91270,9122,-0.0102353,0,19,19
91270,9123,-0.0201762,0,14,14
91270,9124,-0.0301173,0,9,9
91270,9125,-0.0400586,0,4,4
