time,particle_id,x,y,mesh_index,mesh_index_original
22110,2201,0.0468609,0,48,48
22110,2202,0.0368754,0,43,43
22110,2203,0.0268898,0,38,38
22110,2204,0.0169043,0,33,33
22110,2205,0.00691864,0,28,28
22110,2206,-0.003067,0,23,23
22110,2207,-0.0130527,0,18,18
22110,2208,-0.0230384,0,13,13
22110,2209,-0.0330241,0,8,8
22110,2210,-0.0430099,0,3,3
