time,particle_id,x,y,mesh_index,mesh_index_original
82060,8196,0.0405155,0,45,45
82060,8197,0.0305693,0,40,40
82060,8198,0.0206229,0,35,35
82060,8199,0.0106765,0,30,30
82060,8200,0.000729837,0,25,25
82060,8201,-0.00921691,0,20,20
82060,8202,-0.0191638,0,15,15
82060,8203,-0.0291108,0,10,10
82060,8204,-0.039058,0,5,5
82060,8205,-0.0490053,0,0,0
