time,particle_id,x,y,mesh_index,mesh_index_original
45380,4528,0.0447201,0,47,47
45380,4529,0.0347498,0,42,42
45380,4530,0.0247795,0,37,37
45380,4531,0.0148092,0,32,32
45380,4532,0.00483873,0,27,27
45380,4533,-0.00513178,0,22,22
45380,4534,-0.0151024,0,17,17
45380,4535,-0.025073,0,12,12
45380,4536,-0.0350438,0,7,7
45380,4537,-0.0450146,0,2,2
