time,particle_id,x,y,mesh_index,mesh_index_original
400,30,0.048998,0,49,49
400,31,0.0389982,0,44,44
400,32,0.0289984,0,39,39
400,33,0.0189986,0,34,34
400,34,0.00899879,0,29,29
400,35,-0.00100101,0,24,24
400,36,-0.0110008,0,19,19
400,37,-0.0210006,0,14,14
400,38,-0.0310004,0,9,9
400,39,-0.0410002,0,4,4
