time,particle_id,x,y,mesh_index,mesh_index_original
16910,1681,0.0478926,0,48,48
16910,1682,0.0379037,0,43,43
16910,1683,0.0279147,0,38,38
16910,1684,0.0179257,0,33,33
16910,1685,0.00793674,0,28,28
16910,1686,-0.00205229,0,23,23
16910,1687,-0.0120413,0,18,18
16910,1688,-0.0220304,0,13,13
16910,1689,-0.0320195,0,8,8
16910,1690,-0.0420087,0,3,3
