time,particle_id,x,y,mesh_index,mesh_index_original
15920,1582,0.0478989,0,48,48
15920,1583,0.0379094,0,43,43
15920,1584,0.0279197,0,38,38
15920,1585,0.0179301,0,33,33
15920,1586,0.00794046,0,28,28
15920,1587,-0.00204922,0,23,23
15920,1588,-0.0120389,0,18,18
15920,1589,-0.0220286,0,13,13
15920,1590,-0.0320184,0,8,8
15920,1591,-0.0420082,0,3,3
