time,particle_id,x,y,mesh_index,mesh_index_original
69170,6907,0.0425824,0,46,46
69170,6908,0.0326278,0,41,41
69170,6909,0.022673,0,36,36
69170,6910,0.0127182,0,31,31
69170,6911,0.00276322,0,26,26
69170,6912,-0.00719186,0,21,21
69170,6913,-0.017147,0,16,16
69170,6914,-0.0271024,0,11,11
69170,6915,-0.0370578,0,6,6
69170,6916,-0.0470133,0,1,1
