time,particle_id,x,y,mesh_index,mesh_index_original
93900,9379,0.0493902,0,49,49
93900,9380,0.0394519,0,44,44
93900,9381,0.0295134,0,39,39
93900,9382,0.0195748,0,34,34
93900,9383,0.00963598,0,29,29
93900,9384,-0.00030296,0,24,24
93900,9385,-0.0102421,0,19,19
93900,9386,-0.0201813,0,14,14
93900,9387,-0.0301207,0,9,9
93900,9388,-0.0400603,0,4,4
