time,particle_id,x,y,mesh_index,mesh_index_original
30820,3072,0.0458079,0,47,47
30820,3073,0.0358282,0,42,42
30820,3074,0.0258483,0,37,37
30820,3075,0.0158684,0,32,32
30820,3076,0.00588851,0,27,27
30820,3077,-0.00409147,0,22,22
30820,3078,-0.0140715,0,17,17
30820,3079,-0.0240516,0,12,12
30820,3080,-0.0340317,0,7,7
30820,3081,-0.0440119,0,2,2
