time,particle_id,x,y,mesh_index,mesh_index_original
70240,7014,0.0415806,0,45,45
70240,7015,0.0316266,0,40,40
70240,7016,0.0216726,0,35,35
70240,7017,0.0117184,0,30,30
70240,7018,0.00176413,0,25,25
70240,7019,-0.00819026,0,20,20
70240,7020,-0.0181448,0,15,15
70240,7021,-0.0280994,0,10,10
70240,7022,-0.0380541,0,5,5
70240,7023,-0.048009,0,0,0
