time,particle_id,x,y,mesh_index,mesh_index_original
11930,1183,0.0479244,0,48,48
11930,1184,0.0379322,0,43,43
11930,1185,0.02794,0,38,38
11930,1186,0.0179477,0,33,33
11930,1187,0.00795546,0,28,28
11930,1188,-0.00203682,0,23,23
11930,1189,-0.0120291,0,18,18
11930,1190,-0.0220214,0,13,13
11930,1191,-0.0320138,0,8,8
11930,1192,-0.0420061,0,3,3
