time,particle_id,x,y,mesh_index,mesh_index_original
73510,7341,0.0415611,0,45,45
73510,7342,0.0316093,0,40,40
73510,7343,0.0216574,0,35,35
73510,7344,0.0117053,0,30,30
73510,7345,0.00175317,0,25,25
73510,7346,-0.00819911,0,20,20
73510,7347,-0.0181515,0,15,15
73510,7348,-0.028104,0,10,10
73510,7349,-0.0380567,0,5,5
73510,7350,-0.0480094,0,0,0
