time,particle_id,x,y,mesh_index,mesh_index_original
75280,7518,0.0415505,0,45,45
75280,7519,0.0315999,0,40,40
75280,7520,0.0216491,0,35,35
75280,7521,0.0116982,0,30,30
75280,7522,0.00174723,0,25,25
75280,7523,-0.0082039,0,20,20
75280,7524,-0.0181551,0,15,15
75280,7525,-0.0281065,0,10,10
75280,7526,-0.038058,0,5,5
75280,7527,-0.0480097,0,0,0
