time,particle_id,x,y,mesh_index,mesh_index_original
67160,6706,0.0425946,0,46,46
67160,6707,0.0326386,0,41,41
67160,6708,0.0226825,0,36,36
67160,6709,0.0127264,0,31,31
67160,6710,0.0027701,0,26,26
67160,6711,-0.00718629,0,21,21
67160,6712,-0.0171428,0,16,16
67160,6713,-0.0270994,0,11,11
67160,6714,-0.0370561,0,6,6
67160,6715,-0.0470129,0,1,1
