time,particle_id,x,y,mesh_index,mesh_index_original
70040,6994,0.0425772,0,46,46
70040,6995,0.0326231,0,41,41
70040,6996,0.0226689,0,36,36
70040,6997,0.0127146,0,31,31
70040,6998,0.00276025,0,26,26
70040,6999,-0.00719427,0,21,21
70040,7000,-0.0181444,0,15,15
70040,7001,-0.0280991,0,10,10
70040,7002,-0.038054,0,5,5
70040,7003,-0.048009,0,0,0
