time,particle_id,x,y,mesh_index,mesh_index_original
62020,6192,0.0426256,0,46,46
62020,6193,0.0326662,0,41,41
62020,6194,0.0227068,0,36,36
62020,6195,0.0127473,0,31,31
62020,6196,0.00278768,0,26,26
62020,6197,-0.00717204,0,21,21
62020,6198,-0.0171319,0,16,16
62020,6199,-0.0270918,0,11,11
62020,6200,-0.0370518,0,6,6
62020,6201,-0.0470119,0,1,1
