time,particle_id,x,y,mesh_index,mesh_index_original
14880,1478,0.0479056,0,48,48
14880,1479,0.0379153,0,43,43
14880,1480,0.027925,0,38,38
14880,1481,0.0179347,0,33,33
14880,1482,0.00794437,0,28,28
14880,1483,-0.00204599,0,23,23
14880,1484,-0.0120364,0,18,18
14880,1485,-0.0220268,0,13,13
14880,1486,-0.0320172,0,8,8
14880,1487,-0.0420076,0,3,3
