time,particle_id,x,y,mesh_index,mesh_index_original
72790,7269,0.0415654,0,45,45
72790,7270,0.0316131,0,40,40
72790,7271,0.0216607,0,35,35
72790,7272,0.0117082,0,30,30
72790,7273,0.00175558,0,25,25
72790,7274,-0.00819716,0,20,20
72790,7275,-0.01815,0,15,15
72790,7276,-0.028103,0,10,10
72790,7277,-0.0380561,0,5,5
72790,7278,-0.0480093,0,0,0
