time,particle_id,x,y,mesh_index,mesh_index_original
81810,8171,0.040517,0,45,45
81810,8172,0.0305706,0,40,40
81810,8173,0.0206241,0,35,35
81810,8174,0.0106774,0,30,30
81810,8175,0.000730659,0,25,25
81810,8176,-0.00921625,0,20,20
81810,8177,-0.0191633,0,15,15
81810,8178,-0.0291105,0,10,10
81810,8179,-0.0390578,0,5,5
81810,8180,-0.0490052,0,0,0
