time,particle_id,x,y,mesh_index,mesh_index_original
19240,1914,0.0478778,0,48,48
19240,1915,0.0378904,0,43,43
19240,1916,0.0279029,0,38,38
19240,1917,0.0179155,0,33,33
19240,1918,0.00792798,0,28,28
19240,1919,-0.00205953,0,23,23
19240,1920,-0.0120471,0,18,18
19240,1921,-0.0220346,0,13,13
19240,1922,-0.0320222,0,8,8
19240,1923,-0.0420099,0,3,3
