time,particle_id,x,y,mesh_index,mesh_index_original
41760,4166,0.0447424,0,47,47
41760,4167,0.0347698,0,42,42
41760,4168,0.0247971,0,37,37
41760,4169,0.0148244,0,32,32
41760,4170,0.0048516,0,27,27
41760,4171,-0.00512127,0,22,22
41760,4172,-0.0150942,0,17,17
41760,4173,-0.0250672,0,12,12
41760,4174,-0.0350403,0,7,7
41760,4175,-0.0450134,0,2,2
