time,particle_id,x,y,mesh_index,mesh_index_original
640,54,0.0489965,0,49,49
640,55,0.0389968,0,44,44
640,56,0.0289972,0,39,39
640,57,0.0189975,0,34,34
640,58,0.00899787,0,29,29
640,59,-0.00100177,0,24,24
640,60,-0.0110014,0,19,19
640,61,-0.0210011,0,14,14
640,62,-0.0310007,0,9,9
640,63,-0.0410003,0,4,4
