time,particle_id,x,y,mesh_index,mesh_index_original
36860,3676,0.0457702,0,47,47
36860,3677,0.0357944,0,42,42
36860,3678,0.0258185,0,37,37
36860,3679,0.0158426,0,32,32
36860,3680,0.00586663,0,27,27
36860,3681,-0.00410942,0,22,22
36860,3682,-0.0140855,0,17,17
36860,3683,-0.0240617,0,12,12
36860,3684,-0.0340379,0,7,7
36860,3685,-0.0440142,0,2,2
