time,particle_id,x,y,mesh_index,mesh_index_original
29220,2912,0.046816,0,48,48
29220,2913,0.0368352,0,43,43
29220,2914,0.0268543,0,38,38
29220,2915,0.0168734,0,33,33
29220,2916,0.0068924,0,28,28
29220,2917,-0.00308861,0,23,23
29220,2918,-0.0130697,0,18,18
29220,2919,-0.0230508,0,13,13
29220,2920,-0.0330319,0,8,8
29220,2921,-0.0430131,0,3,3
