time,particle_id,x,y,mesh_index,mesh_index_original
68730,6863,0.0425851,0,46,46
68730,6864,0.0326302,0,41,41
68730,6865,0.0226751,0,36,36
68730,6866,0.01272,0,31,31
68730,6867,0.00276473,0,26,26
68730,6868,-0.00719064,0,21,21
68730,6869,-0.0171461,0,16,16
68730,6870,-0.0271017,0,11,11
68730,6871,-0.0370574,0,6,6
68730,6872,-0.0470132,0,1,1
