time,particle_id,x,y,mesh_index,mesh_index_original
94330,9422,0.0493875,0,49,49
94330,9423,0.0394494,0,44,44
94330,9424,0.0295112,0,39,39
94330,9425,0.0195728,0,34,34
94330,9426,0.00963432,0,29,29
94330,9427,-0.000304344,0,24,24
94330,9428,-0.0102432,0,19,19
94330,9429,-0.0201821,0,14,14
94330,9430,-0.0301213,0,9,9
94330,9431,-0.0400606,0,4,4
