time,particle_id,x,y,mesh_index,mesh_index_original
79140,7904,0.0415275,0,45,45
79140,7905,0.0315794,0,40,40
79140,7906,0.0216312,0,35,35
79140,7907,0.0116828,0,30,30
79140,7908,0.00173429,0,25,25
79140,7909,-0.00821434,0,20,20
79140,7910,-0.0181631,0,15,15
79140,7911,-0.028112,0,10,10
79140,7912,-0.038061,0,5,5
79140,7913,-0.0480102,0,0,0
