time,particle_id,x,y,mesh_index,mesh_index_original
90280,9017,0.0494137,0,49,49
90280,9018,0.039473,0,44,44
90280,9019,0.0295321,0,39,39
90280,9020,0.0195911,0,34,34
90280,9021,0.00964999,0,29,29
90280,9022,-0.000291304,0,24,24
90280,9023,-0.0102327,0,19,19
90280,9024,-0.0201743,0,14,14
90280,9025,-0.0301161,0,9,9
90280,9026,-0.040058,0,4,4
