time,particle_id,x,y,mesh_index,mesh_index_original
65360,6526,0.0426054,0,46,46
65360,6527,0.0326483,0,41,41
65360,6528,0.022691,0,36,36
65360,6529,0.0127337,0,31,31
65360,6530,0.00277625,0,26,26
65360,6531,-0.0071813,0,21,21
65360,6532,-0.017139,0,16,16
65360,6533,-0.0270967,0,11,11
65360,6534,-0.0370546,0,6,6
65360,6535,-0.0470126,0,1,1
