time,particle_id,x,y,mesh_index,mesh_index_original
54890,5479,0.043665,0,46,46
54890,5480,0.033701,0,41,41
54890,5481,0.0237369,0,36,36
54890,5482,0.0137728,0,31,31
54890,5483,0.0038085,0,26,26
54890,5484,-0.00615584,0,21,21
54890,5485,-0.0161203,0,16,16
54890,5486,-0.0260848,0,11,11
54890,5487,-0.0360494,0,6,6
54890,5488,-0.0460141,0,1,1
