time,particle_id,x,y,mesh_index,mesh_index_original
86460,8636,0.0404896,0,45,45
86460,8637,0.0305462,0,40,40
86460,8638,0.0206027,0,35,35
86460,8639,0.0106591,0,30,30
86460,8640,0.000715378,0,25,25
86460,8641,-0.00922852,0,20,20
86460,8642,-0.0191726,0,15,15
86460,8643,-0.0291167,0,10,10
86460,8644,-0.0390611,0,5,5
86460,8645,-0.0490055,0,0,0
