time,particle_id,x,y,mesh_index,mesh_index_original
58840,5874,0.0436409,0,46,46
58840,5875,0.0336795,0,41,41
58840,5876,0.023718,0,36,36
58840,5877,0.0137564,0,31,31
58840,5878,0.00379473,0,26,26
58840,5879,-0.00616704,0,21,21
58840,5880,-0.0161289,0,16,16
58840,5881,-0.0260909,0,11,11
58840,5882,-0.0360529,0,6,6
58840,5883,-0.0460151,0,1,1
