time,particle_id,x,y,mesh_index,mesh_index_original
54300,5420,0.0436686,0,46,46
54300,5421,0.0337042,0,41,41
54300,5422,0.0237397,0,36,36
54300,5423,0.0137752,0,31,31
54300,5424,0.00381056,0,26,26
54300,5425,-0.00615416,0,21,21
54300,5426,-0.016119,0,16,16
54300,5427,-0.0260839,0,11,11
54300,5428,-0.0360489,0,6,6
54300,5429,-0.0460139,0,1,1
