time,particle_id,x,y,mesh_index,mesh_index_original
33920,3382,0.0457886,0,47,47
33920,3383,0.0358108,0,42,42
33920,3384,0.025833,0,37,37
33920,3385,0.0158552,0,32,32
33920,3386,0.00587728,0,27,27
33920,3387,-0.00410068,0,22,22
33920,3388,-0.0140787,0,17,17
33920,3389,-0.0240568,0,12,12
33920,3390,-0.0340349,0,7,7
33920,3391,-0.0440131,0,2,2
