time,particle_id,x,y,mesh_index,mesh_index_original
13840,1374,0.0479122,0,48,48
13840,1375,0.0379213,0,43,43
13840,1376,0.0279303,0,38,38
13840,1377,0.0179393,0,33,33
13840,1378,0.00794828,0,28,28
13840,1379,-0.00204276,0,23,23
13840,1380,-0.0120338,0,18,18
13840,1381,-0.0220249,0,13,13
13840,1382,-0.032016,0,8,8
13840,1383,-0.0420071,0,3,3
