time,particle_id,x,y,mesh_index,mesh_index_original
43470,4337,0.0447318,0,47,47
43470,4338,0.0347604,0,42,42
43470,4339,0.0247888,0,37,37
43470,4340,0.0148172,0,32,32
43470,4341,0.00484552,0,27,27
43470,4342,-0.00512623,0,22,22
43470,4343,-0.0150981,0,17,17
43470,4344,-0.02507,0,12,12
43470,4345,-0.0350419,0,7,7
43470,4346,-0.045014,0,2,2
