time,particle_id,x,y,mesh_index,mesh_index_original
3500,340,0.048978,0,49,49
3500,341,0.0389802,0,44,44
3500,342,0.0289825,0,39,39
3500,343,0.0189847,0,34,34
3500,344,0.00898693,0,29,29
3500,345,-0.00101085,0,24,24
3500,346,-0.0110086,0,19,19
3500,347,-0.0210064,0,14,14
3500,348,-0.0310042,0,9,9
3500,349,-0.041002,0,4,4
