time,particle_id,x,y,mesh_index,mesh_index_original
54130,5403,0.0436696,0,46,46
54130,5404,0.0337051,0,41,41
54130,5405,0.0237406,0,36,36
54130,5406,0.0137759,0,31,31
54130,5407,0.00381115,0,26,26
54130,5408,-0.00615368,0,21,21
54130,5409,-0.0161186,0,16,16
54130,5410,-0.0260836,0,11,11
54130,5411,-0.0360487,0,6,6
54130,5412,-0.0460139,0,1,1
