time,particle_id,x,y,mesh_index,mesh_index_original
39860,3976,0.0457515,0,47,47
39860,3977,0.0357777,0,42,42
39860,3978,0.0258038,0,37,37
39860,3979,0.0158298,0,32,32
39860,3980,0.00585576,0,27,27
39860,3981,-0.00411833,0,22,22
39860,3982,-0.0140925,0,17,17
39860,3983,-0.0240667,0,12,12
39860,3984,-0.034041,0,7,7
39860,3985,-0.0440154,0,2,2
