time,particle_id,x,y,mesh_index,mesh_index_original
16570,1647,0.0478948,0,48,48
16570,1648,0.0379056,0,43,43
16570,1649,0.0279165,0,38,38
16570,1650,0.0179272,0,33,33
16570,1651,0.00793802,0,28,28
16570,1652,-0.00205124,0,23,23
16570,1653,-0.0120405,0,18,18
16570,1654,-0.0220298,0,13,13
16570,1655,-0.0320191,0,8,8
16570,1656,-0.0420085,0,3,3
