time,particle_id,x,y,mesh_index,mesh_index_original
67570,6747,0.0425921,0,46,46
67570,6748,0.0326364,0,41,41
67570,6749,0.0226806,0,36,36
67570,6750,0.0127247,0,31,31
67570,6751,0.00276869,0,26,26
67570,6752,-0.00718742,0,21,21
67570,6753,-0.0171437,0,16,16
67570,6754,-0.0271,0,11,11
67570,6755,-0.0370564,0,6,6
67570,6756,-0.047013,0,1,1
