time,particle_id,x,y,mesh_index,mesh_index_original
63600,6350,0.042616,0,46,46
63600,6351,0.0326577,0,41,41
63600,6352,0.0226994,0,36,36
63600,6353,0.0127409,0,31,31
63600,6354,0.00278227,0,26,26
63600,6355,-0.00717642,0,21,21
63600,6356,-0.0171352,0,16,16
63600,6357,-0.0270941,0,11,11
63600,6358,-0.0370531,0,6,6
63600,6359,-0.0470122,0,1,1
