time,particle_id,x,y,mesh_index,mesh_index_original
50520,5042,0.0436917,0,46,46
50520,5043,0.0337248,0,41,41
50520,5044,0.0237579,0,36,36
50520,5045,0.0137908,0,31,31
50520,5046,0.00382375,0,26,26
50520,5047,-0.00614343,0,21,21
50520,5048,-0.0161107,0,16,16
50520,5049,-0.026078,0,11,11
50520,5050,-0.0360455,0,6,6
50520,5051,-0.046013,0,1,1
