time,particle_id,x,y,mesh_index,mesh_index_original
84290,8419,0.0405024,0,45,45
84290,8420,0.0305576,0,40,40
84290,8421,0.0206127,0,35,35
84290,8422,0.0106677,0,30,30
84290,8423,0.000722508,0,25,25
84290,8424,-0.00922279,0,20,20
84290,8425,-0.0191682,0,15,15
84290,8426,-0.0291138,0,10,10
84290,8427,-0.0390595,0,5,5
84290,8428,-0.0490054,0,0,0
