time,particle_id,x,y,mesh_index,mesh_index_original
52030,5193,0.0436824,0,46,46
52030,5194,0.0337166,0,41,41
52030,5195,0.0237506,0,36,36
52030,5196,0.0137846,0,31,31
52030,5197,0.00381848,0,26,26
52030,5198,-0.00614772,0,21,21
52030,5199,-0.016114,0,16,16
52030,5200,-0.0260804,0,11,11
52030,5201,-0.0360468,0,6,6
52030,5202,-0.0460134,0,1,1
