time,particle_id,x,y,mesh_index,mesh_index_original
71230,7113,0.0415747,0,45,45
71230,7114,0.0316214,0,40,40
71230,7115,0.021668,0,35,35
71230,7116,0.0117145,0,30,30
71230,7117,0.00176081,0,25,25
71230,7118,-0.00819294,0,20,20
71230,7119,-0.0181468,0,15,15
71230,7120,-0.0281008,0,10,10
71230,7121,-0.0380549,0,5,5
71230,7122,-0.0480091,0,0,0
