time,particle_id,x,y,mesh_index,mesh_index_original
53220,5312,0.0436752,0,46,46
53220,5313,0.0337101,0,41,41
53220,5314,0.0237449,0,36,36
53220,5315,0.0137797,0,31,31
53220,5316,0.00381433,0,26,26
53220,5317,-0.0061511,0,21,21
53220,5318,-0.0161166,0,16,16
53220,5319,-0.0260822,0,11,11
53220,5320,-0.0360479,0,6,6
53220,5321,-0.0460137,0,1,1
