time,particle_id,x,y,mesh_index,mesh_index_original
16490,1639,0.0478953,0,48,48
16490,1640,0.0379061,0,43,43
16490,1641,0.0279169,0,38,38
16490,1642,0.0179276,0,33,33
16490,1643,0.00793832,0,28,28
16490,1644,-0.00205099,0,23,23
16490,1645,-0.0120403,0,18,18
16490,1646,-0.0220297,0,13,13
16490,1647,-0.0320191,0,8,8
16490,1648,-0.0420085,0,3,3
