time,particle_id,x,y,mesh_index,mesh_index_original
17770,1767,0.0478871,0,48,48
17770,1768,0.0378988,0,43,43
17770,1769,0.0279104,0,38,38
17770,1770,0.017922,0,33,33
17770,1771,0.00793351,0,28,28
17770,1772,-0.00205496,0,23,23
17770,1773,-0.0120435,0,18,18
17770,1774,-0.022032,0,13,13
17770,1775,-0.0320205,0,8,8
17770,1776,-0.0420091,0,3,3
