time,particle_id,x,y,mesh_index,mesh_index_original
78950,7885,0.0415287,0,45,45
78950,7886,0.0315804,0,40,40
78950,7887,0.021632,0,35,35
78950,7888,0.0116835,0,30,30
78950,7889,0.00173493,0,25,25
78950,7890,-0.00821382,0,20,20
78950,7891,-0.0181627,0,15,15
78950,7892,-0.0281117,0,10,10
78950,7893,-0.0380609,0,5,5
78950,7894,-0.0480101,0,0,0
