time,particle_id,x,y,mesh_index,mesh_index_original
83770,8367,0.0405054,0,45,45
83770,8368,0.0305603,0,40,40
83770,8369,0.0206151,0,35,35
83770,8370,0.0106697,0,30,30
83770,8371,0.000724217,0,25,25
83770,8372,-0.00922142,0,20,20
83770,8373,-0.0191672,0,15,15
83770,8374,-0.0291131,0,10,10
83770,8375,-0.0390592,0,5,5
83770,8376,-0.0490054,0,0,0
