time,particle_id,x,y,mesh_index,mesh_index_original
77270,7717,0.0415387,0,45,45
77270,7718,0.0315893,0,40,40
77270,7719,0.0216399,0,35,35
77270,7720,0.0116903,0,30,30
77270,7721,0.00174056,0,25,25
77270,7722,-0.00820928,0,20,20
77270,7723,-0.0181592,0,15,15
77270,7724,-0.0281093,0,10,10
77270,7725,-0.0380596,0,5,5
77270,7726,-0.0480099,0,0,0
