time,particle_id,x,y,mesh_index,mesh_index_original
51470,5137,0.0436859,0,46,46
51470,5138,0.0337196,0,41,41
51470,5139,0.0237533,0,36,36
51470,5140,0.0137869,0,31,31
51470,5141,0.00382043,0,26,26
51470,5142,-0.00614613,0,21,21
51470,5143,-0.0161128,0,16,16
51470,5144,-0.0260795,0,11,11
51470,5145,-0.0360463,0,6,6
51470,5146,-0.0460132,0,1,1
