time,particle_id,x,y,mesh_index,mesh_index_original
44550,4445,0.0447252,0,47,47
44550,4446,0.0347544,0,42,42
44550,4447,0.0247836,0,37,37
44550,4448,0.0148127,0,32,32
44550,4449,0.00484168,0,27,27
44550,4450,-0.00512937,0,22,22
44550,4451,-0.0151005,0,17,17
44550,4452,-0.0250717,0,12,12
44550,4453,-0.035043,0,7,7
44550,4454,-0.0450143,0,2,2
