time,particle_id,x,y,mesh_index,mesh_index_original
28900,2880,0.046818,0,48,48
28900,2881,0.036837,0,43,43
28900,2882,0.0268559,0,38,38
28900,2883,0.0168748,0,33,33
28900,2884,0.00689359,0,28,28
28900,2885,-0.00308764,0,23,23
28900,2886,-0.0130689,0,18,18
28900,2887,-0.0230502,0,13,13
28900,2888,-0.0330316,0,8,8
28900,2889,-0.043013,0,3,3
