time,particle_id,x,y,mesh_index,mesh_index_original
63580,6348,0.0426162,0,46,46
63580,6349,0.0326578,0,41,41
63580,6350,0.0226994,0,36,36
63580,6351,0.0127409,0,31,31
63580,6352,0.00278234,0,26,26
63580,6353,-0.00717637,0,21,21
63580,6354,-0.0171352,0,16,16
63580,6355,-0.0270941,0,11,11
63580,6356,-0.0370531,0,6,6
63580,6357,-0.0470122,0,1,1
