time,particle_id,x,y,mesh_index,mesh_index_original
58580,5848,0.0436425,0,46,46
58580,5849,0.0336809,0,41,41
58580,5850,0.0237192,0,36,36
58580,5851,0.0137575,0,31,31
58580,5852,0.00379564,0,26,26
58580,5853,-0.00616631,0,21,21
58580,5854,-0.0161283,0,16,16
58580,5855,-0.0260905,0,11,11
58580,5856,-0.0360527,0,6,6
58580,5857,-0.046015,0,1,1
