time,particle_id,x,y,mesh_index,mesh_index_original
36450,3635,0.0457728,0,47,47
36450,3636,0.0357967,0,42,42
36450,3637,0.0258206,0,37,37
36450,3638,0.0158444,0,32,32
36450,3639,0.00586811,0,27,27
36450,3640,-0.0041082,0,22,22
36450,3641,-0.0140846,0,17,17
36450,3642,-0.024061,0,12,12
36450,3643,-0.0340375,0,7,7
36450,3644,-0.044014,0,2,2
