time,particle_id,x,y,mesh_index,mesh_index_original
46000,4590,0.0447162,0,47,47
46000,4591,0.0347464,0,42,42
46000,4592,0.0247765,0,37,37
46000,4593,0.0148066,0,32,32
46000,4594,0.00483652,0,27,27
46000,4595,-0.00513358,0,22,22
46000,4596,-0.0151038,0,17,17
46000,4597,-0.025074,0,12,12
46000,4598,-0.0350444,0,7,7
46000,4599,-0.0450148,0,2,2
