time,particle_id,x,y,mesh_index,mesh_index_original
71170,7107,0.041575,0,45,45
71170,7108,0.0316217,0,40,40
71170,7109,0.0216683,0,35,35
71170,7110,0.0117147,0,30,30
71170,7111,0.00176101,0,25,25
71170,7112,-0.00819278,0,20,20
71170,7113,-0.0181467,0,15,15
71170,7114,-0.0281007,0,10,10
71170,7115,-0.0380549,0,5,5
71170,7116,-0.0480091,0,0,0
