time,particle_id,x,y,mesh_index,mesh_index_original
5450,535,0.0489654,0,49,49
5450,536,0.038969,0,44,44
5450,537,0.0289725,0,39,39
5450,538,0.018976,0,34,34
5450,539,0.00897947,0,29,29
5450,540,-0.00101704,0,24,24
5450,541,-0.0110135,0,19,19
5450,542,-0.0210101,0,14,14
5450,543,-0.0310066,0,9,9
5450,544,-0.0410031,0,4,4
