time,particle_id,x,y,mesh_index,mesh_index_original
24310,2421,0.046847,0,48,48
24310,2422,0.0368629,0,43,43
24310,2423,0.0268788,0,38,38
24310,2424,0.0168947,0,33,33
24310,2425,0.00691052,0,28,28
24310,2426,-0.00307369,0,23,23
24310,2427,-0.0130579,0,18,18
24310,2428,-0.0230422,0,13,13
24310,2429,-0.0330266,0,8,8
24310,2430,-0.0430109,0,3,3
