time,particle_id,x,y,mesh_index,mesh_index_original
24820,2472,0.0468438,0,48,48
24820,2473,0.0368601,0,43,43
24820,2474,0.0268763,0,38,38
24820,2475,0.0168925,0,33,33
24820,2476,0.00690864,0,28,28
24820,2477,-0.00307524,0,23,23
24820,2478,-0.0130592,0,18,18
24820,2479,-0.0230431,0,13,13
24820,2480,-0.0330271,0,8,8
24820,2481,-0.0430112,0,3,3
