time,particle_id,x,y,mesh_index,mesh_index_original
24970,2487,0.0468428,0,48,48
24970,2488,0.0368592,0,43,43
24970,2489,0.0268755,0,38,38
24970,2490,0.0168918,0,33,33
24970,2491,0.00690809,0,28,28
24970,2492,-0.0030757,0,23,23
24970,2493,-0.0130595,0,18,18
24970,2494,-0.0230434,0,13,13
24970,2495,-0.0330273,0,8,8
24970,2496,-0.0430112,0,3,3
