time,particle_id,x,y,mesh_index,mesh_index_original
79560,7946,0.041525,0,45,45
79560,7947,0.0315772,0,40,40
79560,7948,0.0216292,0,35,35
79560,7949,0.0116811,0,30,30
79560,7950,0.00173288,0,25,25
79560,7951,-0.00821547,0,20,20
79560,7952,-0.018164,0,15,15
79560,7953,-0.0281126,0,10,10
79560,7954,-0.0380613,0,5,5
79560,7955,-0.0480102,0,0,0
