time,particle_id,x,y,mesh_index,mesh_index_original
750,65,0.0489958,0,49,49
750,66,0.0389962,0,44,44
750,67,0.0289966,0,39,39
750,68,0.018997,0,34,34
750,69,0.00899745,0,29,29
750,70,-0.00100212,0,24,24
750,71,-0.0110017,0,19,19
750,72,-0.0210013,0,14,14
750,73,-0.0310008,0,9,9
750,74,-0.0410004,0,4,4
