time,particle_id,x,y,mesh_index,mesh_index_original
99450,9934,0.0493543,0,49,49
99450,9935,0.0394196,0,44,44
99450,9936,0.0294847,0,39,39
99450,9937,0.0195497,0,34,34
99450,9938,0.00961452,0,29,29
99450,9939,-0.000320824,0,24,24
99450,9940,-0.0102563,0,19,19
99450,9941,-0.020192,0,14,14
99450,9942,-0.0301278,0,9,9
99450,9943,-0.0400638,0,4,4
