time,particle_id,x,y,mesh_index,mesh_index_original
63200,6310,0.0426184,0,46,46
63200,6311,0.0326599,0,41,41
63200,6312,0.0227012,0,36,36
63200,6313,0.0127425,0,31,31
63200,6314,0.00278364,0,26,26
63200,6315,-0.00717531,0,21,21
63200,6316,-0.0171344,0,16,16
63200,6317,-0.0270935,0,11,11
63200,6318,-0.0370528,0,6,6
63200,6319,-0.0470122,0,1,1
