time,particle_id,x,y,mesh_index,mesh_index_original
91820,9171,0.0494037,0,49,49
91820,9172,0.039464,0,44,44
91820,9173,0.0295242,0,39,39
91820,9174,0.0195842,0,34,34
91820,9175,0.00964403,0,29,29
91820,9176,-0.000296263,0,24,24
91820,9177,-0.0102367,0,19,19
91820,9178,-0.0201773,0,14,14
91820,9179,-0.030118,0,9,9
91820,9180,-0.0400589,0,4,4
