time,particle_id,x,y,mesh_index,mesh_index_original
46800,4670,0.0447113,0,47,47
46800,4671,0.034742,0,42,42
46800,4672,0.0247726,0,37,37
46800,4673,0.0148032,0,32,32
46800,4674,0.00483368,0,27,27
46800,4675,-0.00513591,0,22,22
46800,4676,-0.0151056,0,17,17
46800,4677,-0.0250753,0,12,12
46800,4678,-0.0350451,0,7,7
46800,4679,-0.045015,0,2,2
