time,particle_id,x,y,mesh_index,mesh_index_original
75950,7585,0.0415465,0,45,45
75950,7586,0.0315963,0,40,40
75950,7587,0.021646,0,35,35
75950,7588,0.0116956,0,30,30
75950,7589,0.00174498,0,25,25
75950,7590,-0.00820571,0,20,20
75950,7591,-0.0181565,0,15,15
75950,7592,-0.0281075,0,10,10
75950,7593,-0.0380585,0,5,5
75950,7594,-0.0480097,0,0,0
