time,particle_id,x,y,mesh_index,mesh_index_original
70330,7023,0.0415801,0,45,45
70330,7024,0.0316262,0,40,40
70330,7025,0.0216722,0,35,35
70330,7026,0.0117181,0,30,30
70330,7027,0.00176383,0,25,25
70330,7028,-0.00819051,0,20,20
70330,7029,-0.018145,0,15,15
70330,7030,-0.0280995,0,10,10
70330,7031,-0.0380542,0,5,5
70330,7032,-0.048009,0,0,0
