time,particle_id,x,y,mesh_index,mesh_index_original
29270,2917,0.0468157,0,48,48
29270,2918,0.0368349,0,43,43
29270,2919,0.026854,0,38,38
29270,2920,0.0168732,0,33,33
29270,2921,0.00689222,0,28,28
29270,2922,-0.00308876,0,23,23
29270,2923,-0.0130698,0,18,18
29270,2924,-0.0230509,0,13,13
29270,2925,-0.033032,0,8,8
29270,2926,-0.0430132,0,3,3
