time,particle_id,x,y,mesh_index,mesh_index_original
26640,2654,0.0468323,0,48,48
26640,2655,0.0368498,0,43,43
26640,2656,0.0268672,0,38,38
26640,2657,0.0168846,0,33,33
26640,2658,0.00690192,0,28,28
26640,2659,-0.00308077,0,23,23
26640,2660,-0.0130635,0,18,18
26640,2661,-0.0230463,0,13,13
26640,2662,-0.0330291,0,8,8
26640,2663,-0.043012,0,3,3
