time,particle_id,x,y,mesh_index,mesh_index_original
72860,7276,0.041565,0,45,45
72860,7277,0.0316127,0,40,40
72860,7278,0.0216604,0,35,35
72860,7279,0.0117079,0,30,30
72860,7280,0.00175535,0,25,25
72860,7281,-0.00819735,0,20,20
72860,7282,-0.0181502,0,15,15
72860,7283,-0.0281031,0,10,10
72860,7284,-0.0380562,0,5,5
72860,7285,-0.0480093,0,0,0
