time,particle_id,x,y,mesh_index,mesh_index_original
19730,1963,0.0478746,0,48,48
19730,1964,0.0378875,0,43,43
19730,1965,0.0279004,0,38,38
19730,1966,0.0179133,0,33,33
19730,1967,0.00792614,0,28,28
19730,1968,-0.00206105,0,23,23
19730,1969,-0.0120483,0,18,18
19730,1970,-0.0220355,0,13,13
19730,1971,-0.0320228,0,8,8
19730,1972,-0.0420101,0,3,3
