time,particle_id,x,y,mesh_index,mesh_index_original
48440,4834,0.0447012,0,47,47
48440,4835,0.034733,0,42,42
48440,4836,0.0247647,0,37,37
48440,4837,0.0147963,0,32,32
48440,4838,0.00482785,0,27,27
48440,4839,-0.00514067,0,22,22
48440,4840,-0.0151093,0,17,17
48440,4841,-0.025078,0,12,12
48440,4842,-0.0350467,0,7,7
48440,4843,-0.0450155,0,2,2
