time,particle_id,x,y,mesh_index,mesh_index_original
46430,4633,0.0447136,0,47,47
46430,4634,0.034744,0,42,42
46430,4635,0.0247744,0,37,37
46430,4636,0.0148047,0,32,32
46430,4637,0.004835,0,27,27
46430,4638,-0.00513483,0,22,22
46430,4639,-0.0151047,0,17,17
46430,4640,-0.0250747,0,12,12
46430,4641,-0.0350448,0,7,7
46430,4642,-0.0450149,0,2,2
