time,particle_id,x,y,mesh_index,mesh_index_original
57730,5763,0.0436477,0,46,46
57730,5764,0.0336855,0,41,41
57730,5765,0.0237233,0,36,36
57730,5766,0.013761,0,31,31
57730,5767,0.0037986,0,26,26
57730,5768,-0.0061639,0,21,21
57730,5769,-0.0161265,0,16,16
57730,5770,-0.0260892,0,11,11
57730,5771,-0.0360519,0,6,6
57730,5772,-0.0460148,0,1,1
