time,particle_id,x,y,mesh_index,mesh_index_original
10690,1059,0.0479323,0,48,48
10690,1060,0.0379393,0,43,43
10690,1061,0.0279463,0,38,38
10690,1062,0.0179532,0,33,33
10690,1063,0.00796012,0,28,28
10690,1064,-0.00203297,0,23,23
10690,1065,-0.0120261,0,18,18
10690,1066,-0.0220192,0,13,13
10690,1067,-0.0320123,0,8,8
10690,1068,-0.0420055,0,3,3
