time,particle_id,x,y,mesh_index,mesh_index_original
35930,3583,0.045776,0,47,47
35930,3584,0.0357996,0,42,42
35930,3585,0.0258231,0,37,37
35930,3586,0.0158466,0,32,32
35930,3587,0.00587,0,27,27
35930,3588,-0.00410666,0,22,22
35930,3589,-0.0140834,0,17,17
35930,3590,-0.0240601,0,12,12
35930,3591,-0.034037,0,7,7
35930,3592,-0.0440138,0,2,2
