time,particle_id,x,y,mesh_index,mesh_index_original
60840,6074,0.0426327,0,46,46
60840,6075,0.0326726,0,41,41
60840,6076,0.0227124,0,36,36
60840,6077,0.0127521,0,31,31
60840,6078,0.00279172,0,26,26
60840,6079,-0.00716877,0,21,21
60840,6080,-0.0171294,0,16,16
60840,6081,-0.02709,0,11,11
60840,6082,-0.0370508,0,6,6
60840,6083,-0.0470117,0,1,1
