time,particle_id,x,y,mesh_index,mesh_index_original
6750,665,0.048957,0,49,49
6750,666,0.0389614,0,44,44
6750,667,0.0289658,0,39,39
6750,668,0.0189701,0,34,34
6750,669,0.00897449,0,29,29
6750,670,-0.00102116,0,24,24
6750,671,-0.0110168,0,19,19
6750,672,-0.0210125,0,14,14
6750,673,-0.0310082,0,9,9
6750,674,-0.0410039,0,4,4
