time,particle_id,x,y,mesh_index,mesh_index_original
4900,480,0.048969,0,49,49
4900,481,0.0389721,0,44,44
4900,482,0.0289753,0,39,39
4900,483,0.0189784,0,34,34
4900,484,0.00898157,0,29,29
4900,485,-0.00101529,0,24,24
4900,486,-0.0110122,0,19,19
4900,487,-0.021009,0,14,14
4900,488,-0.0310059,0,9,9
4900,489,-0.0410028,0,4,4
