time,particle_id,x,y,mesh_index,mesh_index_original
20460,2036,0.0468713,0,48,48
20460,2037,0.0368847,0,43,43
20460,2038,0.0268981,0,38,38
20460,2039,0.0169114,0,33,33
20460,2040,0.00692473,0,28,28
20460,2041,-0.00306199,0,23,23
20460,2042,-0.0130487,0,18,18
20460,2043,-0.0230355,0,13,13
20460,2044,-0.0330223,0,8,8
20460,2045,-0.0430092,0,3,3
