time,particle_id,x,y,mesh_index,mesh_index_original
18750,1865,0.0478809,0,48,48
18750,1866,0.0378932,0,43,43
18750,1867,0.0279054,0,38,38
18750,1868,0.0179176,0,33,33
18750,1869,0.00792983,0,28,28
18750,1870,-0.00205801,0,23,23
18750,1871,-0.0120459,0,18,18
18750,1872,-0.0220338,0,13,13
18750,1873,-0.0320217,0,8,8
18750,1874,-0.0420096,0,3,3
