time,particle_id,x,y,mesh_index,mesh_index_original
59620,5952,0.0436361,0,46,46
59620,5953,0.0336752,0,41,41
59620,5954,0.0237143,0,36,36
59620,5955,0.0137532,0,31,31
59620,5956,0.00379201,0,26,26
59620,5957,-0.00616926,0,21,21
59620,5958,-0.0161306,0,16,16
59620,5959,-0.0260921,0,11,11
59620,5960,-0.0360536,0,6,6
59620,5961,-0.0460153,0,1,1
