time,particle_id,x,y,mesh_index,mesh_index_original
29300,2920,0.0468155,0,48,48
29300,2921,0.0368347,0,43,43
29300,2922,0.0268539,0,38,38
29300,2923,0.016873,0,33,33
29300,2924,0.00689211,0,28,28
29300,2925,-0.00308885,0,23,23
29300,2926,-0.0130699,0,18,18
29300,2927,-0.0230509,0,13,13
29300,2928,-0.033032,0,8,8
29300,2929,-0.0430132,0,3,3
