time,particle_id,x,y,mesh_index,mesh_index_original
97070,9696,0.0493697,0,49,49
97070,9697,0.0394334,0,44,44
97070,9698,0.029497,0,39,39
97070,9699,0.0195604,0,34,34
97070,9700,0.00962372,0,29,29
97070,9701,-0.000313164,0,24,24
97070,9702,-0.0102502,0,19,19
97070,9703,-0.0201874,0,14,14
97070,9704,-0.0301248,0,9,9
97070,9705,-0.0400623,0,4,4
