time,particle_id,x,y,mesh_index,mesh_index_original
28650,2855,0.0468196,0,48,48
28650,2856,0.0368384,0,43,43
28650,2857,0.0268571,0,38,38
28650,2858,0.0168758,0,33,33
28650,2859,0.00689451,0,28,28
28650,2860,-0.00308688,0,23,23
28650,2861,-0.0130683,0,18,18
28650,2862,-0.0230498,0,13,13
28650,2863,-0.0330313,0,8,8
28650,2864,-0.0430129,0,3,3
