time,particle_id,x,y,mesh_index,mesh_index_original
15500,1540,0.0479016,0,48,48
15500,1541,0.0379118,0,43,43
15500,1542,0.0279219,0,38,38
15500,1543,0.017932,0,33,33
15500,1544,0.00794204,0,28,28
15500,1545,-0.00204791,0,23,23
15500,1546,-0.0120379,0,18,18
15500,1547,-0.0220279,0,13,13
15500,1548,-0.0320179,0,8,8
15500,1549,-0.0420079,0,3,3
