time,particle_id,x,y,mesh_index,mesh_index_original
18020,1792,0.0478855,0,48,48
18020,1793,0.0378973,0,43,43
18020,1794,0.0279091,0,38,38
18020,1795,0.0179209,0,33,33
18020,1796,0.00793257,0,28,28
18020,1797,-0.00205574,0,23,23
18020,1798,-0.0120441,0,18,18
18020,1799,-0.0220324,0,13,13
18020,1800,-0.0320208,0,8,8
18020,1801,-0.0420092,0,3,3
