time,particle_id,x,y,mesh_index,mesh_index_original
92020,9191,0.0494024,0,49,49
92020,9192,0.0394629,0,44,44
92020,9193,0.0295231,0,39,39
92020,9194,0.0195833,0,34,34
92020,9195,0.00964325,0,29,29
92020,9196,-0.000296907,0,24,24
92020,9197,-0.0102372,0,19,19
92020,9198,-0.0201777,0,14,14
92020,9199,-0.0301183,0,9,9
92020,9200,-0.0400591,0,4,4
