time,particle_id,x,y,mesh_index,mesh_index_original
26920,2682,0.0468305,0,48,48
26920,2683,0.0368482,0,43,43
26920,2684,0.0268658,0,38,38
26920,2685,0.0168834,0,33,33
26920,2686,0.00690089,0,28,28
26920,2687,-0.00308162,0,23,23
26920,2688,-0.0130642,0,18,18
26920,2689,-0.0230468,0,13,13
26920,2690,-0.0330294,0,8,8
26920,2691,-0.0430121,0,3,3
