time,particle_id,x,y,mesh_index,mesh_index_original
62680,6258,0.0426216,0,46,46
62680,6259,0.0326627,0,41,41
62680,6260,0.0227037,0,36,36
62680,6261,0.0127446,0,31,31
62680,6262,0.00278542,0,26,26
62680,6263,-0.00717387,0,21,21
62680,6264,-0.0171333,0,16,16
62680,6265,-0.0270928,0,11,11
62680,6266,-0.0370524,0,6,6
62680,6267,-0.0470121,0,1,1
