time,particle_id,x,y,mesh_index,mesh_index_original
53560,5346,0.0436731,0,46,46
53560,5347,0.0337082,0,41,41
53560,5348,0.0237433,0,36,36
53560,5349,0.0137783,0,31,31
53560,5350,0.00381314,0,26,26
53560,5351,-0.00615206,0,21,21
53560,5352,-0.0161174,0,16,16
53560,5353,-0.0260827,0,11,11
53560,5354,-0.0360482,0,6,6
53560,5355,-0.0460138,0,1,1
