{
  "travel_time_s": 10000.0,
  "velocity_m_per_s": 1e-05,
  "q_in_m3_per_s": 5.000000000000001e-09,
  "injection_duration_s": 100000.0,
  "vref_m3": 0.0005000000000000001,
  "water_kg": 0.5000000000000001,
  "reactive_area_m2": 0.020000000000000004,
  "reactive_area_cm2": 200.00000000000003,
  "maximum_solution_gypsum_volume_m3": 1.1085e-06,
  "maximum_solution_gypsum_moles": 0.015000000000000003,
  "particle_time_share_s": 10.001000100010002,
  "nominal_particle_volume_m3": 5.000500050005002e-08,
  "nominal_sum_particle_volume_m3": 0.0005000500050005002,
  "nominal_sum_particle_ratio": 1.000100010001,
  "nominal_sum_particle_relative_error": 0.00010001000100008474,
  "a1_m3": 0.0,
  "k1_s_inv": 0.0,
  "a2_m3": 0.0,
  "k2_s_inv": 0.0,
  "linear_m3_per_s": 0.0,
  "rational_pinf_m3": -5.827140713191448e-07,
  "rational_weight": 0.9729585131694579,
  "rational_a10_s_inv": 0.05022456863058255,
  "rational_a2_s_inv": 0.011966976703537092,
  "rmse_m3": 2.7298878363176626e-10,
  "r2": 0.9999951781314116,
  "phreeqc_input": "/home/zhouw/Documents/Codes/ReactiveSoluteTransport/Benchmark/gypsum_single_fracture_10cm_ap5mm/results_total_injection_reference_volume_precipitation_20260426_174012/phreeqc/tt_1e04/tt_1e04.pqi",
  "phreeqc_output": "/home/zhouw/Documents/Codes/ReactiveSoluteTransport/Benchmark/gypsum_single_fracture_10cm_ap5mm/results_total_injection_reference_volume_precipitation_20260426_174012/phreeqc/tt_1e04/tt_1e04.pqo",
  "phreeqc_selected_output": "/home/zhouw/Documents/Codes/ReactiveSoluteTransport/Benchmark/gypsum_single_fracture_10cm_ap5mm/results_total_injection_reference_volume_precipitation_20260426_174012/phreeqc/tt_1e04/tt_1e04.sel",
  "fit_curve_csv": "/home/zhouw/Documents/Codes/ReactiveSoluteTransport/Benchmark/gypsum_single_fracture_10cm_ap5mm/results_total_injection_reference_volume_precipitation_20260426_174012/phreeqc/tt_1e04/tt_1e04_volume_curve.csv",
  "a_ref_m2": 0.020000000000000004
}