time,particle_id,x,y,mesh_index,mesh_index_original
17860,1776,0.0485636,0,49,49
17860,1777,0.0385049,0,44,44
17860,1778,0.0284465,0,39,39
17860,1779,0.0183883,0,34,34
17860,1780,0.00833043,0,29,29
17860,1781,-0.00172721,0,24,24
17860,1782,-0.0117846,0,19,19
17860,1783,-0.0218417,0,14,14
17860,1784,-0.0318985,0,9,9
17860,1785,-0.041955,0,4,4
