time,particle_id,x,y,mesh_index,mesh_index_original
47250,4715,0.0464567,0,48,48
47250,4716,0.0363002,0,43,43
47250,4717,0.0261444,0,38,38
47250,4718,0.0159893,0,32,32
47250,4719,0.005835,0,27,27
47250,4720,-0.00431856,0,22,22
47250,4721,-0.0144713,0,17,17
47250,4722,-0.0246234,0,12,12
47250,4723,-0.0347746,0,7,7
47250,4724,-0.0449251,0,2,2
