time,particle_id,x,y,mesh_index,mesh_index_original
87170,8707,0.0435922,0,46,46
87170,8708,0.0333016,0,41,41
87170,8709,0.0230123,0,36,36
87170,8710,0.0127245,0,31,31
87170,8711,0.00243806,0,26,26
87170,8712,-0.00784693,0,21,21
87170,8713,-0.0181305,0,15,15
87170,8714,-0.0284125,0,10,10
87170,8715,-0.0386931,0,5,5
87170,8716,-0.0489722,0,0,0
