time,particle_id,x,y,mesh_index,mesh_index_original
5600,550,0.0491761,0,49,49
5600,551,0.039158,0,44,44
5600,552,0.02914,0,39,39
5600,553,0.019122,0,34,34
5600,554,0.00910411,0,29,29
5600,555,-0.000913722,0,24,24
5600,556,-0.0109315,0,19,19
5600,557,-0.0209492,0,14,14
5600,558,-0.0309668,0,9,9
5600,559,-0.0409843,0,4,4
