time,particle_id,x,y,mesh_index,mesh_index_original
77410,7731,0.0443235,0,47,47
77410,7732,0.0340658,0,42,42
77410,7733,0.0238093,0,36,36
77410,7734,0.0135541,0,31,31
77410,7735,0.00330006,0,26,26
77410,7736,-0.00695267,0,21,21
77410,7737,-0.0172041,0,16,16
77410,7738,-0.0274543,0,11,11
77410,7739,-0.0377031,0,6,6
77410,7740,-0.0479507,0,1,1
