time,particle_id,x,y,mesh_index,mesh_index_original
69510,6941,0.0451064,0,47,47
69510,6942,0.0348752,0,42,42
69510,6943,0.0246452,0,37,37
69510,6944,0.0144162,0,32,32
69510,6945,0.00418836,0,27,27
69510,6946,-0.00603834,0,21,21
69510,6947,-0.0162639,0,16,16
69510,6948,-0.0264883,0,11,11
69510,6949,-0.0367115,0,6,6
69510,6950,-0.0469336,0,1,1
