time,particle_id,x,y,mesh_index,mesh_index_original
24160,2406,0.0477563,0,48,48
24160,2407,0.0376768,0,43,43
24160,2408,0.0275975,0,38,38
24160,2409,0.0175187,0,33,33
24160,2410,0.00744018,0,28,28
24160,2411,-0.00263794,0,23,23
24160,2412,-0.0127157,0,18,18
24160,2413,-0.0227931,0,13,13
24160,2414,-0.03287,0,8,8
24160,2415,-0.0429466,0,3,3
