time,particle_id,x,y,mesh_index,mesh_index_original
96000,9590,0.0428274,0,46,46
96000,9591,0.0325069,0,41,41
96000,9592,0.022188,0,36,36
96000,9593,0.0118706,0,30,30
96000,9594,0.0015548,0,25,25
96000,9595,-0.00875942,0,20,20
96000,9596,-0.019072,0,15,15
96000,9597,-0.029383,0,10,10
96000,9598,-0.0396923,0,5,5
