time,particle_id,x,y,mesh_index,mesh_index_original
41820,4172,0.0462877,0,48,48
41820,4173,0.0361493,0,43,43
41820,4174,0.0260116,0,38,38
41820,4175,0.0158746,0,32,32
41820,4176,0.00573816,0,27,27
41820,4177,-0.00439758,0,22,22
41820,4178,-0.0145326,0,17,17
41820,4179,-0.024667,0,12,12
41820,4180,-0.0348007,0,7,7
41820,4181,-0.0449338,0,2,2
