time,particle_id,x,y,mesh_index,mesh_index_original
54630,5453,0.0456687,0,47,47
54630,5454,0.0354875,0,42,42
54630,5455,0.0253071,0,37,37
54630,5456,0.0151277,0,32,32
54630,5457,0.00494906,0,27,27
54630,5458,-0.00522867,0,22,22
54630,5459,-0.0154055,0,17,17
54630,5460,-0.0255815,0,12,12
54630,5461,-0.0357565,0,7,7
54630,5462,-0.0459306,0,2,2
