time,particle_id,x,y,mesh_index,mesh_index_original
21060,2096,0.0476585,0,48,48
21060,2097,0.0375893,0,43,43
21060,2098,0.0275203,0,38,38
21060,2099,0.0174516,0,33,33
21060,2100,0.00738329,0,28,28
21060,2101,-0.00268473,0,23,23
21060,2102,-0.0127524,0,18,18
21060,2103,-0.0228198,0,13,13
21060,2104,-0.0328868,0,8,8
21060,2105,-0.0429535,0,3,3
