time,particle_id,x,y,mesh_index,mesh_index_original
19460,1936,0.0486146,0,49,49
19460,1937,0.0385506,0,44,44
19460,1938,0.0284868,0,39,39
19460,1939,0.0184234,0,34,34
19460,1940,0.00836027,0,29,29
19460,1941,-0.00170257,0,24,24
19460,1942,-0.0117651,0,19,19
19460,1943,-0.0218274,0,14,14
19460,1944,-0.0318893,0,9,9
19460,1945,-0.0419509,0,4,4
