time,particle_id,x,y,mesh_index,mesh_index_original
43560,4346,0.0463418,0,48,48
43560,4347,0.0361976,0,43,43
43560,4348,0.0260541,0,38,38
43560,4349,0.0159113,0,32,32
43560,4350,0.00576917,0,27,27
43560,4351,-0.00437227,0,22,22
43560,4352,-0.014513,0,17,17
43560,4353,-0.0246531,0,12,12
43560,4354,-0.0347924,0,7,7
43560,4355,-0.044931,0,2,2
