time,particle_id,x,y,mesh_index,mesh_index_original
58750,5865,0.045796,0,47,47
58750,5866,0.035601,0,42,42
58750,5867,0.0254069,0,37,37
58750,5868,0.0152137,0,32,32
58750,5869,0.00502149,0,27,27
58750,5870,-0.00516981,0,22,22
58750,5871,-0.0153601,0,17,17
58750,5872,-0.0255495,0,12,12
58750,5873,-0.0357379,0,7,7
58750,5874,-0.0459253,0,2,2
