time,particle_id,x,y,mesh_index,mesh_index_original
35680,3558,0.0471088,0,48,48
35680,3559,0.0369909,0,43,43
35680,3560,0.0268736,0,38,38
35680,3561,0.0167568,0,33,33
35680,3562,0.0066405,0,28,28
35680,3563,-0.0034752,0,23,23
35680,3564,-0.0135903,0,18,18
35680,3565,-0.0237049,0,13,13
35680,3566,-0.0338189,0,8,8
35680,3567,-0.0439323,0,3,3
