time,particle_id,x,y,mesh_index,mesh_index_original
23790,2369,0.0477447,0,48,48
23790,2370,0.0376663,0,43,43
23790,2371,0.0275883,0,38,38
23790,2372,0.0175107,0,33,33
23790,2373,0.00743339,0,28,28
23790,2374,-0.00264353,0,23,23
23790,2375,-0.0127201,0,18,18
23790,2376,-0.0227962,0,13,13
23790,2377,-0.032872,0,8,8
23790,2378,-0.0429474,0,3,3
