time,particle_id,x,y,mesh_index,mesh_index_original
18590,1849,0.0485869,0,49,49
18590,1850,0.0385257,0,44,44
18590,1851,0.0284649,0,39,39
18590,1852,0.0184043,0,34,34
18590,1853,0.00834404,0,29,29
18590,1854,-0.00171597,0,24,24
18590,1855,-0.0117757,0,19,19
18590,1856,-0.0218351,0,14,14
18590,1857,-0.0318943,0,9,9
18590,1858,-0.0419531,0,4,4
