time,particle_id,x,y,mesh_index,mesh_index_original
56780,5668,0.0457351,0,47,47
56780,5669,0.0355467,0,42,42
56780,5670,0.0253592,0,37,37
56780,5671,0.0151726,0,32,32
56780,5672,0.00498684,0,27,27
56780,5673,-0.00519796,0,22,22
56780,5674,-0.0153818,0,17,17
56780,5675,-0.0255648,0,12,12
56780,5676,-0.0357468,0,7,7
56780,5677,-0.0459278,0,2,2
