time,particle_id,x,y,mesh_index,mesh_index_original
18450,1835,0.0485824,0,49,49
18450,1836,0.0385218,0,44,44
18450,1837,0.0284614,0,39,39
18450,1838,0.0184013,0,34,34
18450,1839,0.00834143,0,29,29
18450,1840,-0.00171813,0,24,24
18450,1841,-0.0117774,0,19,19
18450,1842,-0.0218364,0,14,14
18450,1843,-0.0318951,0,9,9
18450,1844,-0.0419535,0,4,4
