time,particle_id,x,y,mesh_index,mesh_index_original
94370,9427,0.0427786,0,46,46
94370,9428,0.0324636,0,41,41
94370,9429,0.0221502,0,36,36
94370,9430,0.0118383,0,30,30
94370,9431,0.00152794,0,25,25
94370,9432,-0.00878084,0,20,20
94370,9433,-0.019088,0,15,15
94370,9434,-0.0293937,0,10,10
94370,9435,-0.0396976,0,5,5
