time,particle_id,x,y,mesh_index,mesh_index_original
54980,5488,0.0456795,0,47,47
54980,5489,0.0354971,0,42,42
54980,5490,0.0253156,0,37,37
54980,5491,0.015135,0,32,32
54980,5492,0.00495521,0,27,27
54980,5493,-0.00522367,0,22,22
54980,5494,-0.0154017,0,17,17
54980,5495,-0.0255787,0,12,12
54980,5496,-0.0357549,0,7,7
54980,5497,-0.0459302,0,2,2
