time,particle_id,x,y,mesh_index,mesh_index_original
88620,8852,0.0436361,0,46,46
88620,8853,0.0333405,0,41,41
88620,8854,0.0230464,0,36,36
88620,8855,0.0127536,0,31,31
88620,8856,0.00246238,0,26,26
88620,8857,-0.00782743,0,21,21
88620,8858,-0.0181158,0,15,15
88620,8859,-0.0284026,0,10,10
88620,8860,-0.0386879,0,5,5
88620,8861,-0.0489717,0,0,0
