time,particle_id,x,y,mesh_index,mesh_index_original
18310,1821,0.0485779,0,49,49
18310,1822,0.0385178,0,44,44
18310,1823,0.0284578,0,39,39
18310,1824,0.0183982,0,34,34
18310,1825,0.00833882,0,29,29
18310,1826,-0.00172028,0,24,24
18310,1827,-0.0117791,0,19,19
18310,1828,-0.0218376,0,14,14
18310,1829,-0.0318959,0,9,9
18310,1830,-0.0419538,0,4,4
