time,particle_id,x,y,mesh_index,mesh_index_original
95480,9538,0.0428118,0,46,46
95480,9539,0.0324931,0,41,41
95480,9540,0.0221759,0,36,36
95480,9541,0.0118603,0,30,30
95480,9542,0.00154623,0,25,25
95480,9543,-0.00876625,0,20,20
95480,9544,-0.0190771,0,15,15
95480,9545,-0.0293864,0,10,10
95480,9546,-0.039694,0,5,5
