time,particle_id,x,y,mesh_index,mesh_index_original
31460,3136,0.0469766,0,48,48
31460,3137,0.0368728,0,43,43
31460,3138,0.0267694,0,38,38
31460,3139,0.0166665,0,33,33
31460,3140,0.00656415,0,28,28
31460,3141,-0.00353775,0,23,23
31460,3142,-0.0136392,0,18,18
31460,3143,-0.0237401,0,13,13
31460,3144,-0.0338404,0,8,8
31460,3145,-0.0439403,0,3,3
