time,particle_id,x,y,mesh_index,mesh_index_original
71570,7147,0.0441458,0,47,47
71570,7148,0.0339078,0,41,41
71570,7149,0.0236709,0,36,36
71570,7150,0.0134352,0,31,31
71570,7151,0.00320065,0,26,26
71570,7152,-0.00703275,0,21,21
71570,7153,-0.017265,0,16,16
71570,7154,-0.027496,0,11,11
71570,7155,-0.0377258,0,6,6
71570,7156,-0.0479544,0,1,1
