time,particle_id,x,y,mesh_index,mesh_index_original
10300,1020,0.0483233,0,49,49
10300,1021,0.0382897,0,44,44
10300,1022,0.0282562,0,39,39
10300,1023,0.0182228,0,34,34
10300,1024,0.00818964,0,29,29
10300,1025,-0.00184342,0,24,24
10300,1026,-0.0118763,0,19,19
10300,1027,-0.0219091,0,14,14
10300,1028,-0.0319417,0,9,9
10300,1029,-0.0419742,0,4,4
