time,particle_id,x,y,mesh_index,mesh_index_original
2960,286,0.0490916,0,49,49
2960,287,0.0390822,0,44,44
2960,288,0.0290729,0,39,39
2960,289,0.0190636,0,34,34
2960,290,0.00905425,0,29,29
2960,291,-0.00095502,0,24,24
2960,292,-0.0109643,0,19,19
2960,293,-0.0209735,0,14,14
2960,294,-0.0309827,0,9,9
2960,295,-0.0409918,0,4,4
