time,particle_id,x,y,mesh_index,mesh_index_original
29260,2916,0.0479175,0,48,48
29260,2917,0.0378209,0,43,43
29260,2918,0.0277248,0,38,38
29260,2919,0.0176291,0,33,33
29260,2920,0.0075339,0,28,28
29260,2921,-0.00256086,0,23,23
29260,2922,-0.0126552,0,18,18
29260,2923,-0.022749,0,13,13
29260,2924,-0.0328424,0,8,8
29260,2925,-0.0429353,0,3,3
