time,particle_id,x,y,mesh_index,mesh_index_original
33510,3341,0.0470408,0,48,48
33510,3342,0.0369302,0,43,43
33510,3343,0.02682,0,38,38
33510,3344,0.0167104,0,33,33
33510,3345,0.00660123,0,28,28
33510,3346,-0.00350737,0,23,23
33510,3347,-0.0136154,0,18,18
33510,3348,-0.023723,0,13,13
33510,3349,-0.03383,0,8,8
33510,3350,-0.0439364,0,3,3
