time,particle_id,x,y,mesh_index,mesh_index_original
44850,4475,0.0463819,0,48,48
44850,4476,0.0362335,0,43,43
44850,4477,0.0260857,0,38,38
44850,4478,0.0159386,0,32,32
44850,4479,0.00579218,0,27,27
44850,4480,-0.0043535,0,22,22
44850,4481,-0.0144985,0,17,17
44850,4482,-0.0246427,0,12,12
44850,4483,-0.0347862,0,7,7
44850,4484,-0.0449289,0,2,2
