time,particle_id,x,y,mesh_index,mesh_index_original
11300,1120,0.0483551,0,49,49
11300,1121,0.0383181,0,44,44
11300,1122,0.0282813,0,39,39
11300,1123,0.0182447,0,34,34
11300,1124,0.00820824,0,29,29
11300,1125,-0.00182807,0,24,24
11300,1126,-0.0118642,0,19,19
11300,1127,-0.0219002,0,14,14
11300,1128,-0.031936,0,9,9
11300,1129,-0.0419716,0,4,4
