time,particle_id,x,y,mesh_index,mesh_index_original
2930,283,0.0490907,0,49,49
2930,284,0.0390814,0,44,44
2930,285,0.0290721,0,39,39
2930,286,0.0190629,0,34,34
2930,287,0.00905369,0,29,29
2930,288,-0.000955489,0,24,24
2930,289,-0.0109646,0,19,19
2930,290,-0.0209738,0,14,14
2930,291,-0.0309828,0,9,9
2930,292,-0.0409919,0,4,4
