time,particle_id,x,y,mesh_index,mesh_index_original
59970,5987,0.0458338,0,47,47
59970,5988,0.0356347,0,42,42
59970,5989,0.0254365,0,37,37
59970,5990,0.0152392,0,32,32
59970,5991,0.00504295,0,27,27
59970,5992,-0.00515237,0,22,22
59970,5993,-0.0153467,0,17,17
59970,5994,-0.0255401,0,12,12
59970,5995,-0.0357324,0,7,7
59970,5996,-0.0459237,0,2,2
