time,particle_id,x,y,mesh_index,mesh_index_original
56110,5601,0.0457144,0,47,47
56110,5602,0.0355283,0,42,42
56110,5603,0.025343,0,37,37
56110,5604,0.0151586,0,32,32
56110,5605,0.00497507,0,27,27
56110,5606,-0.00520753,0,22,22
56110,5607,-0.0153892,0,17,17
56110,5608,-0.02557,0,12,12
56110,5609,-0.0357498,0,7,7
56110,5610,-0.0459287,0,2,2
