time,particle_id,x,y,mesh_index,mesh_index_original
20490,2039,0.0476406,0,48,48
20490,2040,0.0375732,0,43,43
20490,2041,0.0275061,0,38,38
20490,2042,0.0174393,0,33,33
20490,2043,0.00737284,0,28,28
20490,2044,-0.00269332,0,23,23
20490,2045,-0.0127592,0,18,18
20490,2046,-0.0228247,0,13,13
20490,2047,-0.0328899,0,8,8
20490,2048,-0.0429548,0,3,3
