time,particle_id,x,y,mesh_index,mesh_index_original
59600,5950,0.0458224,0,47,47
59600,5951,0.0356245,0,42,42
59600,5952,0.0254275,0,37,37
59600,5953,0.0152315,0,32,32
59600,5954,0.00503644,0,27,27
59600,5955,-0.00515766,0,22,22
59600,5956,-0.0153508,0,17,17
59600,5957,-0.0255429,0,12,12
59600,5958,-0.0357341,0,7,7
59600,5959,-0.0459242,0,2,2
