time,particle_id,x,y,mesh_index,mesh_index_original
87560,8746,0.043604,0,46,46
87560,8747,0.0333121,0,41,41
87560,8748,0.0230215,0,36,36
87560,8749,0.0127323,0,31,31
87560,8750,0.0024446,0,26,26
87560,8751,-0.00784168,0,21,21
87560,8752,-0.0181265,0,15,15
87560,8753,-0.0284098,0,10,10
87560,8754,-0.0386917,0,5,5
87560,8755,-0.048972,0,0,0
