time,particle_id,x,y,mesh_index,mesh_index_original
19540,1944,0.0486171,0,49,49
19540,1945,0.0385528,0,44,44
19540,1946,0.0284889,0,39,39
19540,1947,0.0184252,0,34,34
19540,1948,0.00836176,0,29,29
19540,1949,-0.00170134,0,24,24
19540,1950,-0.0117641,0,19,19
19540,1951,-0.0218266,0,14,14
19540,1952,-0.0318888,0,9,9
19540,1953,-0.0419507,0,4,4
