time,particle_id,x,y,mesh_index,mesh_index_original
62850,6275,0.044902,0,47,47
62850,6276,0.0346933,0,42,42
62850,6277,0.0244856,0,37,37
62850,6278,0.0142788,0,32,32
62850,6279,0.00407311,0,27,27
62850,6280,-0.0061316,0,21,21
62850,6281,-0.0163353,0,16,16
62850,6282,-0.0265379,0,11,11
62850,6283,-0.0367395,0,6,6
62850,6284,-0.04694,0,1,1
