time,particle_id,x,y,mesh_index,mesh_index_original
86760,8666,0.0435798,0,46,46
86760,8667,0.0332906,0,41,41
86760,8668,0.0230027,0,36,36
86760,8669,0.0127162,0,31,31
86760,8670,0.00243119,0,26,26
86760,8671,-0.00785244,0,21,21
86760,8672,-0.0181346,0,15,15
86760,8673,-0.0284153,0,10,10
86760,8674,-0.0386946,0,5,5
86760,8675,-0.0489723,0,0,0
