time,particle_id,x,y,mesh_index,mesh_index_original
65030,6493,0.0449689,0,47,47
65030,6494,0.0347528,0,42,42
65030,6495,0.0245378,0,37,37
65030,6496,0.0143238,0,32,32
65030,6497,0.00411081,0,27,27
65030,6498,-0.0061011,0,21,21
65030,6499,-0.0163119,0,16,16
65030,6500,-0.0265217,0,11,11
65030,6501,-0.0367304,0,6,6
65030,6502,-0.0469379,0,1,1
