time,particle_id,x,y,mesh_index,mesh_index_original
44100,4400,0.0463586,0,48,48
44100,4401,0.0362126,0,43,43
44100,4402,0.0260673,0,38,38
44100,4403,0.0159227,0,32,32
44100,4404,0.0057788,0,27,27
44100,4405,-0.00436441,0,22,22
44100,4406,-0.0145069,0,17,17
44100,4407,-0.0246487,0,12,12
44100,4408,-0.0347898,0,7,7
44100,4409,-0.0449301,0,2,2
