time,particle_id,x,y,mesh_index,mesh_index_original
98040,9794,0.0428886,0,46,46
98040,9795,0.0325612,0,41,41
98040,9796,0.0222353,0,36,36
98040,9797,0.0119111,0,30,30
98040,9798,0.00158843,0,25,25
98040,9799,-0.00873258,0,20,20
98040,9800,-0.0190519,0,15,15
98040,9801,-0.0293697,0,10,10
98040,9802,-0.0396857,0,5,5
