time,particle_id,x,y,mesh_index,mesh_index_original
65290,6519,0.0449769,0,47,47
65290,6520,0.0347599,0,42,42
65290,6521,0.024544,0,37,37
65290,6522,0.0143291,0,32,32
65290,6523,0.00411531,0,27,27
65290,6524,-0.00609746,0,21,21
65290,6525,-0.0163092,0,16,16
65290,6526,-0.0265198,0,11,11
65290,6527,-0.0367293,0,6,6
65290,6528,-0.0469377,0,1,1
