time,particle_id,x,y,mesh_index,mesh_index_original
34160,3406,0.0470612,0,48,48
34160,3407,0.0369484,0,43,43
34160,3408,0.026836,0,38,38
34160,3409,0.0167242,0,33,33
34160,3410,0.00661299,0,28,28
34160,3411,-0.00349774,0,23,23
34160,3412,-0.0136079,0,18,18
34160,3413,-0.0237176,0,13,13
34160,3414,-0.0338266,0,8,8
34160,3415,-0.0439352,0,3,3
