time,particle_id,x,y,mesh_index,mesh_index_original
49100,4900,0.0465143,0,48,48
49100,4901,0.0363516,0,43,43
49100,4902,0.0261896,0,38,38
49100,4903,0.0160284,0,33,33
49100,4904,0.00586803,0,27,27
49100,4905,-0.0042916,0,22,22
49100,4906,-0.0144504,0,17,17
49100,4907,-0.0246085,0,12,12
49100,4908,-0.0347657,0,7,7
49100,4909,-0.0449221,0,2,2
