time,particle_id,x,y,mesh_index,mesh_index_original
81420,8132,0.0434186,0,46,46
81420,8133,0.0331474,0,41,41
81420,8134,0.0228776,0,36,36
81420,8135,0.012609,0,31,31
81420,8136,0.00234176,0,26,26
81420,8137,-0.00792414,0,21,21
81420,8138,-0.0181887,0,15,15
81420,8139,-0.0284518,0,10,10
81420,8140,-0.0387136,0,5,5
81420,8141,-0.048974,0,0,0
