time,particle_id,x,y,mesh_index,mesh_index_original
66310,6621,0.0450081,0,47,47
66310,6622,0.0347878,0,42,42
66310,6623,0.0245684,0,37,37
66310,6624,0.0143502,0,32,32
66310,6625,0.00413295,0,27,27
66310,6626,-0.00608318,0,21,21
66310,6627,-0.0162982,0,16,16
66310,6628,-0.0265122,0,11,11
66310,6629,-0.036725,0,6,6
66310,6630,-0.0469367,0,1,1
