time,particle_id,x,y,mesh_index,mesh_index_original
79280,7918,0.0443805,0,47,47
79280,7919,0.0341165,0,42,42
79280,7920,0.0238537,0,36,36
79280,7921,0.0135922,0,31,31
79280,7922,0.00333194,0,26,26
79280,7923,-0.00692699,0,21,21
79280,7924,-0.0171846,0,16,16
79280,7925,-0.0274409,0,11,11
79280,7926,-0.0376959,0,6,6
79280,7927,-0.0479494,0,1,1
