time,particle_id,x,y,mesh_index,mesh_index_original
65300,6520,0.0449772,0,47,47
65300,6521,0.0347602,0,42,42
65300,6522,0.0245442,0,37,37
65300,6523,0.0143293,0,32,32
65300,6524,0.00411548,0,27,27
65300,6525,-0.00609732,0,21,21
65300,6526,-0.016309,0,16,16
65300,6527,-0.0265197,0,11,11
65300,6528,-0.0367292,0,6,6
65300,6529,-0.0469377,0,1,1
