time,particle_id,x,y,mesh_index,mesh_index_original
71700,7160,0.0441498,0,47,47
71700,7161,0.0339113,0,41,41
71700,7162,0.023674,0,36,36
71700,7163,0.0134379,0,31,31
71700,7164,0.00320286,0,26,26
71700,7165,-0.00703097,0,21,21
71700,7166,-0.0172636,0,16,16
71700,7167,-0.0274951,0,11,11
71700,7168,-0.0377253,0,6,6
71700,7169,-0.0479543,0,1,1
