time,particle_id,x,y,mesh_index,mesh_index_original
76980,7688,0.0443104,0,47,47
76980,7689,0.0340542,0,42,42
76980,7690,0.0237991,0,36,36
76980,7691,0.0135453,0,31,31
76980,7692,0.00329274,0,26,26
76980,7693,-0.00695857,0,21,21
76980,7694,-0.0172086,0,16,16
76980,7695,-0.0274574,0,11,11
76980,7696,-0.0377048,0,6,6
76980,7697,-0.0479509,0,1,1
