time,particle_id,x,y,mesh_index,mesh_index_original
55690,5559,0.0457014,0,47,47
55690,5560,0.0355167,0,42,42
55690,5561,0.0253328,0,37,37
55690,5562,0.0151498,0,32,32
55690,5563,0.00496769,0,27,27
55690,5564,-0.00521353,0,22,22
55690,5565,-0.0153938,0,17,17
55690,5566,-0.0255732,0,12,12
55690,5567,-0.0357517,0,7,7
55690,5568,-0.0459292,0,2,2
