time,particle_id,x,y,mesh_index,mesh_index_original
76590,7649,0.0442986,0,47,47
76590,7650,0.0340436,0,42,42
76590,7651,0.0237899,0,36,36
76590,7652,0.0135374,0,31,31
76590,7653,0.00328609,0,26,26
76590,7654,-0.00696392,0,21,21
76590,7655,-0.0172127,0,16,16
76590,7656,-0.0274601,0,11,11
76590,7657,-0.0377063,0,6,6
76590,7658,-0.0479512,0,1,1
