time,particle_id,x,y,mesh_index,mesh_index_original
31280,3118,0.046971,0,48,48
31280,3119,0.0368677,0,43,43
31280,3120,0.026765,0,38,38
31280,3121,0.0166627,0,33,33
31280,3122,0.00656089,0,28,28
31280,3123,-0.00354042,0,23,23
31280,3124,-0.0136412,0,18,18
31280,3125,-0.0237416,0,13,13
31280,3126,-0.0338414,0,8,8
31280,3127,-0.0439407,0,3,3
