time,particle_id,x,y,mesh_index,mesh_index_original
36460,3636,0.0471333,0,48,48
36460,3637,0.0370128,0,43,43
36460,3638,0.0268928,0,38,38
36460,3639,0.0167735,0,33,33
36460,3640,0.00665463,0,28,28
36460,3641,-0.00346362,0,23,23
36460,3642,-0.0135813,0,18,18
36460,3643,-0.0236984,0,13,13
36460,3644,-0.0338149,0,8,8
36460,3645,-0.0439308,0,3,3
