time,particle_id,x,y,mesh_index,mesh_index_original
88480,8838,0.0436319,0,46,46
88480,8839,0.0333368,0,41,41
88480,8840,0.0230431,0,36,36
88480,8841,0.0127508,0,31,31
88480,8842,0.00246003,0,26,26
88480,8843,-0.00782931,0,21,21
88480,8844,-0.0181172,0,15,15
88480,8845,-0.0284035,0,10,10
88480,8846,-0.0386884,0,5,5
88480,8847,-0.0489717,0,0,0
