time,particle_id,x,y,mesh_index,mesh_index_original
28990,2889,0.0479089,0,48,48
28990,2890,0.0378133,0,43,43
28990,2891,0.027718,0,38,38
28990,2892,0.0176233,0,33,33
28990,2893,0.00752894,0,28,28
28990,2894,-0.00256494,0,23,23
28990,2895,-0.0126584,0,18,18
28990,2896,-0.0227513,0,13,13
28990,2897,-0.0328438,0,8,8
28990,2898,-0.0429359,0,3,3
