time,particle_id,x,y,mesh_index,mesh_index_original
10820,1072,0.0483398,0,49,49
10820,1073,0.0383045,0,44,44
10820,1074,0.0282693,0,39,39
10820,1075,0.0182342,0,34,34
10820,1076,0.00819931,0,29,29
10820,1077,-0.00183544,0,24,24
10820,1078,-0.01187,0,19,19
10820,1079,-0.0219045,0,14,14
10820,1080,-0.0319387,0,9,9
10820,1081,-0.0419728,0,4,4
