time,particle_id,x,y,mesh_index,mesh_index_original
74890,7479,0.0442468,0,47,47
74890,7480,0.0339976,0,41,41
74890,7481,0.0237496,0,36,36
74890,7482,0.0135028,0,31,31
74890,7483,0.00325714,0,26,26
74890,7484,-0.00698725,0,21,21
74890,7485,-0.0172304,0,16,16
74890,7486,-0.0274723,0,11,11
74890,7487,-0.0377129,0,6,6
74890,7488,-0.0479523,0,1,1
