time,particle_id,x,y,mesh_index,mesh_index_original
71330,7123,0.0441385,0,47,47
71330,7124,0.0339013,0,41,41
71330,7125,0.0236653,0,36,36
71330,7126,0.0134303,0,31,31
71330,7127,0.00319657,0,26,26
71330,7128,-0.00703604,0,21,21
71330,7129,-0.0172675,0,16,16
71330,7130,-0.0274977,0,11,11
71330,7131,-0.0377268,0,6,6
71330,7132,-0.0479546,0,1,1
