time,particle_id,x,y,mesh_index,mesh_index_original
71990,7189,0.0441586,0,47,47
71990,7190,0.0339192,0,41,41
71990,7191,0.0236809,0,36,36
71990,7192,0.0134438,0,31,31
71990,7193,0.00320779,0,26,26
71990,7194,-0.007027,0,21,21
71990,7195,-0.0172606,0,16,16
71990,7196,-0.027493,0,11,11
71990,7197,-0.0377242,0,6,6
71990,7198,-0.0479542,0,1,1
