time,particle_id,x,y,mesh_index,mesh_index_original
69220,6912,0.0450975,0,47,47
69220,6913,0.0348673,0,42,42
69220,6914,0.0246382,0,37,37
69220,6915,0.0144102,0,32,32
69220,6916,0.00418334,0,27,27
69220,6917,-0.00604241,0,21,21
69220,6918,-0.016267,0,16,16
69220,6919,-0.0264905,0,11,11
69220,6920,-0.0367128,0,6,6
69220,6921,-0.0469339,0,1,1
