time,particle_id,x,y,mesh_index,mesh_index_original
50320,5022,0.0455356,0,47,47
50320,5023,0.0353689,0,42,42
50320,5024,0.0252029,0,37,37
50320,5025,0.0150378,0,32,32
50320,5026,0.00487341,0,27,27
50320,5027,-0.00529015,0,22,22
50320,5028,-0.0154529,0,17,17
50320,5029,-0.0256148,0,12,12
50320,5030,-0.0357759,0,7,7
50320,5031,-0.0459361,0,2,2
