time,particle_id,x,y,mesh_index,mesh_index_original
38190,3809,0.0471876,0,48,48
38190,3810,0.0370613,0,43,43
38190,3811,0.0269356,0,38,38
38190,3812,0.0168105,0,33,33
38190,3813,0.00668597,0,28,28
38190,3814,-0.00343795,0,23,23
38190,3815,-0.0135613,0,18,18
38190,3816,-0.0236839,0,13,13
38190,3817,-0.033806,0,8,8
38190,3818,-0.0439274,0,3,3
