time,particle_id,x,y,mesh_index,mesh_index_original
38270,3817,0.0471901,0,48,48
38270,3818,0.0370635,0,43,43
38270,3819,0.0269376,0,38,38
38270,3820,0.0168122,0,33,33
38270,3821,0.00668742,0,28,28
38270,3822,-0.00343676,0,23,23
38270,3823,-0.0135603,0,18,18
38270,3824,-0.0236833,0,13,13
38270,3825,-0.0338056,0,8,8
38270,3826,-0.0439273,0,3,3
