time,particle_id,x,y,mesh_index,mesh_index_original
78060,7796,0.0443434,0,47,47
78060,7797,0.0340834,0,42,42
78060,7798,0.0238247,0,36,36
78060,7799,0.0135673,0,31,31
78060,7800,0.00331114,0,26,26
78060,7801,-0.00694375,0,21,21
78060,7802,-0.0171973,0,16,16
78060,7803,-0.0274496,0,11,11
78060,7804,-0.0377006,0,6,6
78060,7805,-0.0479502,0,1,1
