time,particle_id,x,y,mesh_index,mesh_index_original
17190,1709,0.0485423,0,49,49
17190,1710,0.0384858,0,44,44
17190,1711,0.0284296,0,39,39
17190,1712,0.0183736,0,34,34
17190,1713,0.00831793,0,29,29
17190,1714,-0.00173752,0,24,24
17190,1715,-0.0117927,0,19,19
17190,1716,-0.0218476,0,14,14
17190,1717,-0.0319023,0,9,9
17190,1718,-0.0419567,0,4,4
