time,particle_id,x,y,mesh_index,mesh_index_original
38770,3867,0.0472058,0,48,48
38770,3868,0.0370776,0,43,43
38770,3869,0.0269499,0,38,38
38770,3870,0.0168229,0,33,33
38770,3871,0.00669648,0,28,28
38770,3872,-0.00342933,0,23,23
38770,3873,-0.0135545,0,18,18
38770,3874,-0.0236791,0,13,13
38770,3875,-0.033803,0,8,8
38770,3876,-0.0439263,0,3,3
