time,particle_id,x,y,mesh_index,mesh_index_original
5410,531,0.04917,0,49,49
5410,532,0.0391526,0,44,44
5410,533,0.0291351,0,39,39
5410,534,0.0191178,0,34,34
5410,535,0.00910052,0,29,29
5410,536,-0.000916696,0,24,24
5410,537,-0.0109338,0,19,19
5410,538,-0.0209509,0,14,14
5410,539,-0.0309679,0,9,9
5410,540,-0.0409848,0,4,4
