time,particle_id,x,y,mesh_index,mesh_index_original
52290,5219,0.0455964,0,47,47
52290,5220,0.0354231,0,42,42
52290,5221,0.0252505,0,37,37
52290,5222,0.0150788,0,32,32
52290,5223,0.00490798,0,27,27
52290,5224,-0.00526206,0,22,22
52290,5225,-0.0154312,0,17,17
52290,5226,-0.0255996,0,12,12
52290,5227,-0.035767,0,7,7
52290,5228,-0.0459336,0,2,2
