time,particle_id,x,y,mesh_index,mesh_index_original
80120,8002,0.0433794,0,46,46
80120,8003,0.0331126,0,41,41
80120,8004,0.0228471,0,36,36
80120,8005,0.0125829,0,31,31
80120,8006,0.00232002,0,26,26
80120,8007,-0.00794157,0,21,21
80120,8008,-0.0182018,0,15,15
80120,8009,-0.0284607,0,10,10
80120,8010,-0.0387183,0,5,5
80120,8011,-0.0489745,0,0,0
