time,particle_id,x,y,mesh_index,mesh_index_original
7430,733,0.0492347,0,49,49
7430,734,0.0392106,0,44,44
7430,735,0.0291865,0,39,39
7430,736,0.0191626,0,34,34
7430,737,0.00913869,0,29,29
7430,738,-0.000885073,0,24,24
7430,739,-0.0109087,0,19,19
7430,740,-0.0209323,0,14,14
7430,741,-0.0309557,0,9,9
7430,742,-0.0409791,0,4,4
