time,particle_id,x,y,mesh_index,mesh_index_original
16170,1607,0.0485099,0,49,49
16170,1608,0.0384568,0,44,44
16170,1609,0.0284039,0,39,39
16170,1610,0.0183513,0,34,34
16170,1611,0.00829892,0,29,29
16170,1612,-0.00175321,0,24,24
16170,1613,-0.0118051,0,19,19
16170,1614,-0.0218567,0,14,14
16170,1615,-0.0319081,0,9,9
16170,1616,-0.0419593,0,4,4
