time,particle_id,x,y,mesh_index,mesh_index_original
27410,2731,0.047859,0,48,48
27410,2732,0.0377686,0,43,43
27410,2733,0.0276786,0,38,38
27410,2734,0.017589,0,33,33
27410,2735,0.00749989,0,28,28
27410,2736,-0.00258884,0,23,23
27410,2737,-0.0126771,0,18,18
27410,2738,-0.022765,0,13,13
27410,2739,-0.0328524,0,8,8
27410,2740,-0.0429394,0,3,3
