time,particle_id,x,y,mesh_index,mesh_index_original
39400,3930,0.0472256,0,48,48
39400,3931,0.0370952,0,43,43
39400,3932,0.0269655,0,38,38
39400,3933,0.0168364,0,33,33
39400,3934,0.0067079,0,28,28
39400,3935,-0.00341998,0,23,23
39400,3936,-0.0135472,0,18,18
39400,3937,-0.0236738,0,13,13
39400,3938,-0.0337998,0,8,8
39400,3939,-0.0439251,0,3,3
