time,particle_id,x,y,mesh_index,mesh_index_original
8670,857,0.0492745,0,49,49
8670,858,0.0392462,0,44,44
8670,859,0.0292181,0,39,39
8670,860,0.01919,0,34,34
8670,861,0.00916214,0,29,29
8670,862,-0.00086565,0,24,24
8670,863,-0.0108933,0,19,19
8670,864,-0.0209209,0,14,14
8670,865,-0.0309483,0,9,9
8670,866,-0.0409756,0,4,4
