time,particle_id,x,y,mesh_index,mesh_index_original
97960,9786,0.0428862,0,46,46
97960,9787,0.0325591,0,41,41
97960,9788,0.0222335,0,36,36
97960,9789,0.0119095,0,30,30
97960,9790,0.00158711,0,25,25
97960,9791,-0.00873363,0,20,20
97960,9792,-0.0190527,0,15,15
97960,9793,-0.0293702,0,10,10
97960,9794,-0.0396859,0,5,5
