time,particle_id,x,y,mesh_index,mesh_index_original
17290,1719,0.0485455,0,49,49
17290,1720,0.0384887,0,44,44
17290,1721,0.0284321,0,39,39
17290,1722,0.0183758,0,34,34
17290,1723,0.0083198,0,29,29
17290,1724,-0.00173598,0,24,24
17290,1725,-0.0117915,0,19,19
17290,1726,-0.0218467,0,14,14
17290,1727,-0.0319017,0,9,9
17290,1728,-0.0419564,0,4,4
