time,particle_id,x,y,mesh_index,mesh_index_original
2320,222,0.0490712,0,49,49
2320,223,0.0390639,0,44,44
2320,224,0.0290566,0,39,39
2320,225,0.0190494,0,34,34
2320,226,0.00904217,0,29,29
2320,227,-0.000965026,0,24,24
2320,228,-0.0109722,0,19,19
2320,229,-0.0209794,0,14,14
2320,230,-0.0309865,0,9,9
2320,231,-0.0409936,0,4,4
