time,particle_id,x,y,mesh_index,mesh_index_original
83220,8312,0.0434729,0,46,46
83220,8313,0.0331957,0,41,41
83220,8314,0.0229197,0,36,36
83220,8315,0.0126451,0,31,31
83220,8316,0.00237189,0,26,26
83220,8317,-0.00789998,0,21,21
83220,8318,-0.0181705,0,15,15
83220,8319,-0.0284395,0,10,10
83220,8320,-0.0387072,0,5,5
83220,8321,-0.0489734,0,0,0
