time,particle_id,x,y,mesh_index,mesh_index_original
93060,9296,0.0427393,0,46,46
93060,9297,0.0324288,0,41,41
93060,9298,0.0221198,0,36,36
93060,9299,0.0118123,0,30,30
93060,9300,0.00150636,0,25,25
93060,9301,-0.00879806,0,20,20
93060,9302,-0.0191009,0,15,15
93060,9303,-0.0294022,0,10,10
93060,9304,-0.0397019,0,5,5
