time,particle_id,x,y,mesh_index,mesh_index_original
89090,8899,0.0436503,0,46,46
89090,8900,0.0333531,0,41,41
89090,8901,0.0230574,0,36,36
89090,8902,0.0127631,0,31,31
89090,8903,0.00247026,0,26,26
89090,8904,-0.00782111,0,21,21
89090,8905,-0.018111,0,15,15
89090,8906,-0.0283994,0,10,10
89090,8907,-0.0386862,0,5,5
89090,8908,-0.0489715,0,0,0
