time,particle_id,x,y,mesh_index,mesh_index_original
46140,4604,0.0464221,0,48,48
46140,4605,0.0362693,0,43,43
46140,4606,0.0261172,0,38,38
46140,4607,0.0159658,0,32,32
46140,4608,0.00581519,0,27,27
46140,4609,-0.00433472,0,22,22
46140,4610,-0.0144839,0,17,17
46140,4611,-0.0246323,0,12,12
46140,4612,-0.03478,0,7,7
46140,4613,-0.0449268,0,2,2
