time,particle_id,x,y,mesh_index,mesh_index_original
49900,4980,0.0465393,0,48,48
49900,4981,0.0363739,0,43,43
49900,4982,0.0262092,0,38,38
49900,4983,0.0160454,0,33,33
49900,4984,0.00588232,0,27,27
49900,4985,-0.00427994,0,22,22
49900,4986,-0.0144414,0,17,17
49900,4987,-0.024602,0,12,12
49900,4988,-0.0347618,0,7,7
49900,4989,-0.0449208,0,2,2
