time,particle_id,x,y,mesh_index,mesh_index_original
76840,7674,0.0443062,0,47,47
76840,7675,0.0340504,0,42,42
76840,7676,0.0237958,0,36,36
76840,7677,0.0135425,0,31,31
76840,7678,0.00329035,0,26,26
76840,7679,-0.00696049,0,21,21
76840,7680,-0.0172101,0,16,16
76840,7681,-0.0274584,0,11,11
76840,7682,-0.0377053,0,6,6
76840,7683,-0.047951,0,1,1
