time,particle_id,x,y,mesh_index,mesh_index_original
51780,5168,0.0455807,0,47,47
51780,5169,0.035409,0,42,42
51780,5170,0.0252382,0,37,37
51780,5171,0.0150682,0,32,32
51780,5172,0.00489903,0,27,27
51780,5173,-0.00526933,0,22,22
51780,5174,-0.0154368,0,17,17
51780,5175,-0.0256035,0,12,12
51780,5176,-0.0357693,0,7,7
51780,5177,-0.0459343,0,2,2
