time,particle_id,x,y,mesh_index,mesh_index_original
87580,8748,0.0436046,0,46,46
87580,8749,0.0333126,0,41,41
87580,8750,0.023022,0,36,36
87580,8751,0.0127327,0,31,31
87580,8752,0.00244494,0,26,26
87580,8753,-0.00784141,0,21,21
87580,8754,-0.0181263,0,15,15
87580,8755,-0.0284097,0,10,10
87580,8756,-0.0386916,0,5,5
87580,8757,-0.048972,0,0,0
