time,particle_id,x,y,mesh_index,mesh_index_original
37240,3714,0.0471578,0,48,48
37240,3715,0.0370347,0,43,43
37240,3716,0.0269121,0,38,38
37240,3717,0.0167901,0,33,33
37240,3718,0.00666876,0,28,28
37240,3719,-0.00345205,0,23,23
37240,3720,-0.0135723,0,18,18
37240,3721,-0.0236919,0,13,13
37240,3722,-0.0338109,0,8,8
37240,3723,-0.0439293,0,3,3
