time,particle_id,x,y,mesh_index,mesh_index_original
77250,7715,0.0443187,0,47,47
77250,7716,0.0340615,0,42,42
77250,7717,0.0238055,0,36,36
77250,7718,0.0135508,0,31,31
77250,7719,0.00329734,0,26,26
77250,7720,-0.00695487,0,21,21
77250,7721,-0.0172058,0,16,16
77250,7722,-0.0274554,0,11,11
77250,7723,-0.0377037,0,6,6
77250,7724,-0.0479508,0,1,1
