time,particle_id,x,y,mesh_index,mesh_index_original
44780,4468,0.0463798,0,48,48
44780,4469,0.0362315,0,43,43
44780,4470,0.026084,0,38,38
44780,4471,0.0159371,0,32,32
44780,4472,0.00579093,0,27,27
44780,4473,-0.00435452,0,22,22
44780,4474,-0.0144992,0,17,17
44780,4475,-0.0246432,0,12,12
44780,4476,-0.0347865,0,7,7
44780,4477,-0.044929,0,2,2
