time,particle_id,x,y,mesh_index,mesh_index_original
24180,2408,0.047757,0,48,48
24180,2409,0.0376773,0,43,43
24180,2410,0.027598,0,38,38
24180,2411,0.0175191,0,33,33
24180,2412,0.00744055,0,28,28
24180,2413,-0.00263764,0,23,23
24180,2414,-0.0127154,0,18,18
24180,2415,-0.0227929,0,13,13
24180,2416,-0.0328699,0,8,8
24180,2417,-0.0429466,0,3,3
