time,particle_id,x,y,mesh_index,mesh_index_original
5650,555,0.0491777,0,49,49
5650,556,0.0391595,0,44,44
5650,557,0.0291412,0,39,39
5650,558,0.0191231,0,34,34
5650,559,0.00910505,0,29,29
5650,560,-0.00091294,0,24,24
5650,561,-0.0109309,0,19,19
5650,562,-0.0209487,0,14,14
5650,563,-0.0309665,0,9,9
5650,564,-0.0409841,0,4,4
