time,particle_id,x,y,mesh_index,mesh_index_original
19980,1988,0.0486311,0,49,49
19980,1989,0.0385654,0,44,44
19980,1990,0.0285,0,39,39
19980,1991,0.0184348,0,34,34
19980,1992,0.00836997,0,29,29
19980,1993,-0.00169456,0,24,24
19980,1994,-0.0117588,0,19,19
19980,1995,-0.0218227,0,14,14
19980,1996,-0.0318863,0,9,9
19980,1997,-0.0419496,0,4,4
