time,particle_id,x,y,mesh_index,mesh_index_original
57790,5769,0.0457664,0,47,47
57790,5770,0.0355746,0,42,42
57790,5771,0.0253837,0,37,37
57790,5772,0.0151937,0,32,32
57790,5773,0.0050046,0,27,27
57790,5774,-0.00518353,0,22,22
57790,5775,-0.0153707,0,17,17
57790,5776,-0.025557,0,12,12
57790,5777,-0.0357422,0,7,7
57790,5778,-0.0459266,0,2,2
