time,particle_id,x,y,mesh_index,mesh_index_original
30940,3084,0.0469603,0,48,48
30940,3085,0.0368582,0,43,43
30940,3086,0.0267566,0,38,38
30940,3087,0.0166554,0,33,33
30940,3088,0.00655475,0,28,28
30940,3089,-0.00354545,0,23,23
30940,3090,-0.0136452,0,18,18
30940,3091,-0.0237444,0,13,13
30940,3092,-0.0338431,0,8,8
30940,3093,-0.0439413,0,3,3
