time,particle_id,x,y,mesh_index,mesh_index_original
46610,4651,0.0464367,0,48,48
46610,4652,0.0362824,0,43,43
46610,4653,0.0261287,0,38,38
46610,4654,0.0159758,0,32,32
46610,4655,0.00582357,0,27,27
46610,4656,-0.00432788,0,22,22
46610,4657,-0.0144786,0,17,17
46610,4658,-0.0246285,0,12,12
46610,4659,-0.0347777,0,7,7
46610,4660,-0.0449261,0,2,2
