time,particle_id,x,y,mesh_index,mesh_index_original
50830,5073,0.0455513,0,47,47
50830,5074,0.0353829,0,42,42
50830,5075,0.0252153,0,37,37
50830,5076,0.0150484,0,32,32
50830,5077,0.00488236,0,27,27
50830,5078,-0.00528288,0,22,22
50830,5079,-0.0154473,0,17,17
50830,5080,-0.0256109,0,12,12
50830,5081,-0.0357736,0,7,7
50830,5082,-0.0459355,0,2,2
