time,particle_id,x,y,mesh_index,mesh_index_original
23190,2309,0.0477257,0,48,48
23190,2310,0.0376494,0,43,43
23190,2311,0.0275734,0,38,38
23190,2312,0.0174977,0,33,33
23190,2313,0.00742237,0,28,28
23190,2314,-0.00265259,0,23,23
23190,2315,-0.0127272,0,18,18
23190,2316,-0.0228014,0,13,13
23190,2317,-0.0328753,0,8,8
23190,2318,-0.0429488,0,3,3
