time,particle_id,x,y,mesh_index,mesh_index_original
36650,3655,0.0471393,0,48,48
36650,3656,0.0370181,0,43,43
36650,3657,0.0268975,0,38,38
36650,3658,0.0167775,0,33,33
36650,3659,0.00665807,0,28,28
36650,3660,-0.0034608,0,23,23
36650,3661,-0.0135791,0,18,18
36650,3662,-0.0236968,0,13,13
36650,3663,-0.0338139,0,8,8
36650,3664,-0.0439304,0,3,3
