time,particle_id,x,y,mesh_index,mesh_index_original
88340,8824,0.0436276,0,46,46
88340,8825,0.033333,0,41,41
88340,8826,0.0230398,0,36,36
88340,8827,0.012748,0,31,31
88340,8828,0.00245768,0,26,26
88340,8829,-0.0078312,0,21,21
88340,8830,-0.0181186,0,15,15
88340,8831,-0.0284045,0,10,10
88340,8832,-0.0386889,0,5,5
88340,8833,-0.0489718,0,0,0
