time,particle_id,x,y,mesh_index,mesh_index_original
58430,5833,0.0457861,0,47,47
58430,5834,0.0355922,0,42,42
58430,5835,0.0253992,0,37,37
58430,5836,0.015207,0,32,32
58430,5837,0.00501586,0,27,27
58430,5838,-0.00517438,0,22,22
58430,5839,-0.0153637,0,17,17
58430,5840,-0.025552,0,12,12
58430,5841,-0.0357394,0,7,7
58430,5842,-0.0459257,0,2,2
