time,particle_id,x,y,mesh_index,mesh_index_original
45670,4557,0.0464075,0,48,48
45670,4558,0.0362562,0,43,43
45670,4559,0.0261057,0,38,38
45670,4560,0.0159559,0,32,32
45670,4561,0.0058068,0,27,27
45670,4562,-0.00434156,0,22,22
45670,4563,-0.0144892,0,17,17
45670,4564,-0.0246361,0,12,12
45670,4565,-0.0347822,0,7,7
45670,4566,-0.0449276,0,2,2
