time,particle_id,x,y,mesh_index,mesh_index_original
52960,5286,0.0456171,0,47,47
52960,5287,0.0354415,0,42,42
52960,5288,0.0252668,0,37,37
52960,5289,0.0150928,0,32,32
52960,5290,0.00491974,0,27,27
52960,5291,-0.0052525,0,22,22
52960,5292,-0.0154239,0,17,17
52960,5293,-0.0255944,0,12,12
52960,5294,-0.035764,0,7,7
52960,5295,-0.0459328,0,2,2
