time,particle_id,x,y,mesh_index,mesh_index_original
73790,7369,0.0442133,0,47,47
73790,7370,0.0339678,0,41,41
73790,7371,0.0237235,0,36,36
73790,7372,0.0134804,0,31,31
73790,7373,0.00323842,0,26,26
73790,7374,-0.00700233,0,21,21
73790,7375,-0.0172419,0,16,16
73790,7376,-0.0274801,0,11,11
73790,7377,-0.0377172,0,6,6
73790,7378,-0.047953,0,1,1
