time,particle_id,x,y,mesh_index,mesh_index_original
39810,3971,0.0472384,0,48,48
39810,3972,0.0371068,0,43,43
39810,3973,0.0269757,0,38,38
39810,3974,0.0168452,0,33,33
39810,3975,0.00671534,0,28,28
39810,3976,-0.00341389,0,23,23
39810,3977,-0.0135425,0,18,18
39810,3978,-0.0236704,0,13,13
39810,3979,-0.0337977,0,8,8
39810,3980,-0.0439243,0,3,3
