time,particle_id,x,y,mesh_index,mesh_index_original
45190,4509,0.0463925,0,48,48
45190,4510,0.0362429,0,43,43
45190,4511,0.026094,0,38,38
45190,4512,0.0159458,0,32,32
45190,4513,0.00579824,0,27,27
45190,4514,-0.00434855,0,22,22
45190,4515,-0.0144946,0,17,17
45190,4516,-0.0246399,0,12,12
45190,4517,-0.0347845,0,7,7
45190,4518,-0.0449284,0,2,2
