time,particle_id,x,y,mesh_index,mesh_index_original
37840,3774,0.0471766,0,48,48
37840,3775,0.0370515,0,43,43
37840,3776,0.0269269,0,38,38
37840,3777,0.016803,0,33,33
37840,3778,0.00667963,0,28,28
37840,3779,-0.00344314,0,23,23
37840,3780,-0.0135653,0,18,18
37840,3781,-0.0236869,0,13,13
37840,3782,-0.0338078,0,8,8
37840,3783,-0.0439281,0,3,3
