time,particle_id,x,y,mesh_index,mesh_index_original
22290,2219,0.0476973,0,48,48
22290,2220,0.037624,0,43,43
22290,2221,0.0275509,0,38,38
22290,2222,0.0174782,0,33,33
22290,2223,0.00740586,0,28,28
22290,2224,-0.00266617,0,23,23
22290,2225,-0.0127379,0,18,18
22290,2226,-0.0228092,0,13,13
22290,2227,-0.0328802,0,8,8
22290,2228,-0.0429508,0,3,3
