time,particle_id,x,y,mesh_index,mesh_index_original
3940,384,0.049123,0,49,49
3940,385,0.0391104,0,44,44
3940,386,0.0290978,0,39,39
3940,387,0.0190852,0,34,34
3940,388,0.00907275,0,29,29
3940,389,-0.000939694,0,24,24
3940,390,-0.0109521,0,19,19
3940,391,-0.0209645,0,14,14
3940,392,-0.0309768,0,9,9
3940,393,-0.040989,0,4,4
