time,particle_id,x,y,mesh_index,mesh_index_original
80830,8073,0.0434008,0,46,46
80830,8074,0.0331316,0,41,41
80830,8075,0.0228637,0,36,36
80830,8076,0.0125972,0,31,31
80830,8077,0.00233189,0,26,26
80830,8078,-0.00793205,0,21,21
80830,8079,-0.0181946,0,15,15
80830,8080,-0.0284559,0,10,10
80830,8081,-0.0387157,0,5,5
80830,8082,-0.0489742,0,0,0
