time,particle_id,x,y,mesh_index,mesh_index_original
4320,422,0.0491352,0,49,49
4320,423,0.0391213,0,44,44
4320,424,0.0291074,0,39,39
4320,425,0.0190937,0,34,34
4320,426,0.00907993,0,29,29
4320,427,-0.00093375,0,24,24
4320,428,-0.0109474,0,19,19
4320,429,-0.020961,0,14,14
4320,430,-0.0309745,0,9,9
4320,431,-0.0409879,0,4,4
