time,particle_id,x,y,mesh_index,mesh_index_original
72930,7283,0.0441872,0,47,47
72930,7284,0.0339446,0,41,41
72930,7285,0.0237031,0,36,36
72930,7286,0.0134629,0,31,31
72930,7287,0.00322378,0,26,26
72930,7288,-0.00701412,0,21,21
72930,7289,-0.0172508,0,16,16
72930,7290,-0.0274863,0,11,11
72930,7291,-0.0377205,0,6,6
72930,7292,-0.0479535,0,1,1
