time,particle_id,x,y,mesh_index,mesh_index_original
52170,5207,0.0455927,0,47,47
52170,5208,0.0354198,0,42,42
52170,5209,0.0252476,0,37,37
52170,5210,0.0150763,0,32,32
52170,5211,0.00490587,0,27,27
52170,5212,-0.00526377,0,22,22
52170,5213,-0.0154326,0,17,17
52170,5214,-0.0256005,0,12,12
52170,5215,-0.0357676,0,7,7
52170,5216,-0.0459338,0,2,2
