time,particle_id,x,y,mesh_index,mesh_index_original
14260,1416,0.0484491,0,49,49
14260,1417,0.0384024,0,44,44
14260,1418,0.0283558,0,39,39
14260,1419,0.0183095,0,34,34
14260,1420,0.00826334,0,29,29
14260,1421,-0.00178259,0,24,24
14260,1422,-0.0118283,0,19,19
14260,1423,-0.0218738,0,14,14
14260,1424,-0.0319191,0,9,9
14260,1425,-0.0419641,0,4,4
