time,particle_id,x,y,mesh_index,mesh_index_original
71480,7138,0.0441431,0,47,47
71480,7139,0.0339054,0,41,41
71480,7140,0.0236688,0,36,36
71480,7141,0.0134334,0,31,31
71480,7142,0.00319912,0,26,26
71480,7143,-0.00703398,0,21,21
71480,7144,-0.0172659,0,16,16
71480,7145,-0.0274966,0,11,11
71480,7146,-0.0377262,0,6,6
71480,7147,-0.0479545,0,1,1
