time,particle_id,x,y,mesh_index,mesh_index_original
13710,1361,0.0484316,0,49,49
13710,1362,0.0383867,0,44,44
13710,1363,0.028342,0,39,39
13710,1364,0.0182974,0,34,34
13710,1365,0.0082531,0,29,29
13710,1366,-0.00179104,0,24,24
13710,1367,-0.011835,0,19,19
13710,1368,-0.0218787,0,14,14
13710,1369,-0.0319222,0,9,9
13710,1370,-0.0419655,0,4,4
