time,particle_id,x,y,mesh_index,mesh_index_original
40880,4078,0.0462585,0,48,48
40880,4079,0.0361233,0,43,43
40880,4080,0.0259887,0,37,37
40880,4081,0.0158547,0,32,32
40880,4082,0.00572142,0,27,27
40880,4083,-0.00441124,0,22,22
40880,4084,-0.0145432,0,17,17
40880,4085,-0.0246746,0,12,12
40880,4086,-0.0348053,0,7,7
40880,4087,-0.0449353,0,2,2
