time,particle_id,x,y,mesh_index,mesh_index_original
88210,8811,0.0436237,0,46,46
88210,8812,0.0333295,0,41,41
88210,8813,0.0230367,0,36,36
88210,8814,0.0127454,0,31,31
88210,8815,0.0024555,0,26,26
88210,8816,-0.00783294,0,21,21
88210,8817,-0.0181199,0,15,15
88210,8818,-0.0284054,0,10,10
88210,8819,-0.0386894,0,5,5
88210,8820,-0.0489718,0,0,0
