time,particle_id,x,y,mesh_index,mesh_index_original
14230,1413,0.0484482,0,49,49
14230,1414,0.0384015,0,44,44
14230,1415,0.0283551,0,39,39
14230,1416,0.0183088,0,34,34
14230,1417,0.00826278,0,29,29
14230,1418,-0.00178305,0,24,24
14230,1419,-0.0118287,0,19,19
14230,1420,-0.0218741,0,14,14
14230,1421,-0.0319192,0,9,9
14230,1422,-0.0419642,0,4,4
