time,particle_id,x,y,mesh_index,mesh_index_original
62730,6263,0.0448984,0,47,47
62730,6264,0.03469,0,42,42
62730,6265,0.0244827,0,37,37
62730,6266,0.0142764,0,32,32
62730,6267,0.00407104,0,27,27
62730,6268,-0.00613328,0,21,21
62730,6269,-0.0163366,0,16,16
62730,6270,-0.0265388,0,11,11
62730,6271,-0.03674,0,6,6
62730,6272,-0.0469402,0,1,1
