time,particle_id,x,y,mesh_index,mesh_index_original
87850,8775,0.0436128,0,46,46
87850,8776,0.0333198,0,41,41
87850,8777,0.0230283,0,36,36
87850,8778,0.0127382,0,31,31
87850,8779,0.00244946,0,26,26
87850,8780,-0.00783778,0,21,21
87850,8781,-0.0181236,0,15,15
87850,8782,-0.0284079,0,10,10
87850,8783,-0.0386907,0,5,5
87850,8784,-0.0489719,0,0,0
