time,particle_id,x,y,mesh_index,mesh_index_original
70340,7024,0.0441084,0,47,47
70340,7025,0.0338746,0,41,41
70340,7026,0.0236418,0,36,36
70340,7027,0.0134102,0,31,31
70340,7028,0.00317974,0,26,26
70340,7029,-0.0070496,0,21,21
70340,7030,-0.0172778,0,16,16
70340,7031,-0.0275048,0,11,11
70340,7032,-0.0377306,0,6,6
70340,7033,-0.0479552,0,1,1
