time,particle_id,x,y,mesh_index,mesh_index_original
89740,8964,0.04367,0,46,46
89740,8965,0.0333706,0,41,41
89740,8966,0.0230727,0,36,36
89740,8967,0.0127762,0,31,31
89740,8968,0.00248117,0,26,26
89740,8969,-0.00781237,0,21,21
89740,8970,-0.0181044,0,15,15
89740,8971,-0.0283949,0,10,10
89740,8972,-0.0386839,0,5,5
89740,8973,-0.0489713,0,0,0
