time,particle_id,x,y,mesh_index,mesh_index_original
50640,5054,0.0455455,0,47,47
50640,5055,0.0353777,0,42,42
50640,5056,0.0252107,0,37,37
50640,5057,0.0150444,0,32,32
50640,5058,0.00487902,0,27,27
50640,5059,-0.00528558,0,22,22
50640,5060,-0.0154494,0,17,17
50640,5061,-0.0256123,0,12,12
50640,5062,-0.0357745,0,7,7
50640,5063,-0.0459357,0,2,2
