time,particle_id,x,y,mesh_index,mesh_index_original
39990,3989,0.0472441,0,48,48
39990,3990,0.0371118,0,43,43
39990,3991,0.0269801,0,38,38
39990,3992,0.016849,0,33,33
39990,3993,0.0067186,0,28,28
39990,3994,-0.00341121,0,23,23
39990,3995,-0.0135404,0,18,18
39990,3996,-0.0236689,0,13,13
39990,3997,-0.0337968,0,8,8
39990,3998,-0.043924,0,3,3
