time,particle_id,x,y,mesh_index,mesh_index_original
51970,5187,0.0455865,0,47,47
51970,5188,0.0354143,0,42,42
51970,5189,0.0252428,0,37,37
51970,5190,0.0150722,0,32,32
51970,5191,0.00490236,0,27,27
51970,5192,-0.00526662,0,22,22
51970,5193,-0.0154348,0,17,17
51970,5194,-0.025602,0,12,12
51970,5195,-0.0357685,0,7,7
51970,5196,-0.045934,0,2,2
