time,particle_id,x,y,mesh_index,mesh_index_original
28000,2790,0.0478776,0,48,48
28000,2791,0.0377853,0,43,43
28000,2792,0.0276933,0,38,38
28000,2793,0.0176018,0,33,33
28000,2794,0.00751073,0,28,28
28000,2795,-0.00257992,0,23,23
28000,2796,-0.0126701,0,18,18
28000,2797,-0.0227599,0,13,13
28000,2798,-0.0328492,0,8,8
28000,2799,-0.0429381,0,3,3
