time,particle_id,x,y,mesh_index,mesh_index_original
36870,3677,0.0471462,0,48,48
36870,3678,0.0370243,0,43,43
36870,3679,0.026903,0,38,38
36870,3680,0.0167822,0,33,33
36870,3681,0.00666205,0,28,28
36870,3682,-0.00345754,0,23,23
36870,3683,-0.0135765,0,18,18
36870,3684,-0.023695,0,13,13
36870,3685,-0.0338128,0,8,8
36870,3686,-0.04393,0,3,3
