time,particle_id,x,y,mesh_index,mesh_index_original
44940,4484,0.0463847,0,48,48
44940,4485,0.036236,0,43,43
44940,4486,0.0260879,0,38,38
44940,4487,0.0159405,0,32,32
44940,4488,0.00579378,0,27,27
44940,4489,-0.00435219,0,22,22
44940,4490,-0.0144974,0,17,17
44940,4491,-0.024642,0,12,12
44940,4492,-0.0347857,0,7,7
44940,4493,-0.0449288,0,2,2
