time,particle_id,x,y,mesh_index,mesh_index_original
87630,8753,0.0436061,0,46,46
87630,8754,0.0333139,0,41,41
87630,8755,0.0230231,0,36,36
87630,8756,0.0127337,0,31,31
87630,8757,0.00244577,0,26,26
87630,8758,-0.00784074,0,21,21
87630,8759,-0.0181258,0,15,15
87630,8760,-0.0284094,0,10,10
87630,8761,-0.0386914,0,5,5
87630,8762,-0.048972,0,0,0
