time,particle_id,x,y,mesh_index,mesh_index_original
46340,4624,0.0464283,0,48,48
46340,4625,0.0362749,0,43,43
46340,4626,0.0261221,0,38,38
46340,4627,0.0159701,0,32,32
46340,4628,0.00581876,0,27,27
46340,4629,-0.00433181,0,22,22
46340,4630,-0.0144816,0,17,17
46340,4631,-0.0246307,0,12,12
46340,4632,-0.034779,0,7,7
46340,4633,-0.0449265,0,2,2
