time,particle_id,x,y,mesh_index,mesh_index_original
32200,3210,0.0469998,0,48,48
32200,3211,0.0368935,0,43,43
32200,3212,0.0267877,0,38,38
32200,3213,0.0166824,0,33,33
32200,3214,0.00657753,0,28,28
32200,3215,-0.00352679,0,23,23
32200,3216,-0.0136306,0,18,18
32200,3217,-0.0237339,0,13,13
32200,3218,-0.0338367,0,8,8
32200,3219,-0.0439389,0,3,3
