time,particle_id,x,y,mesh_index,mesh_index_original
11600,1150,0.0483646,0,49,49
11600,1151,0.0383267,0,44,44
11600,1152,0.0282889,0,39,39
11600,1153,0.0182513,0,34,34
11600,1154,0.00821382,0,29,29
11600,1155,-0.00182346,0,24,24
11600,1156,-0.0118606,0,19,19
11600,1157,-0.0218975,0,14,14
11600,1158,-0.0319343,0,9,9
11600,1159,-0.0419709,0,4,4
