time,particle_id,x,y,mesh_index,mesh_index_original
14990,1489,0.0484723,0,49,49
14990,1490,0.0384232,0,44,44
14990,1491,0.0283742,0,39,39
14990,1492,0.0183255,0,34,34
14990,1493,0.00827694,0,29,29
14990,1494,-0.00177136,0,24,24
14990,1495,-0.0118194,0,19,19
14990,1496,-0.0218673,0,14,14
14990,1497,-0.0319149,0,9,9
14990,1498,-0.0419623,0,4,4
