time,particle_id,x,y,mesh_index,mesh_index_original
72340,7224,0.0441692,0,47,47
72340,7225,0.0339286,0,41,41
72340,7226,0.0236892,0,36,36
72340,7227,0.0134509,0,31,31
72340,7228,0.00321375,0,26,26
72340,7229,-0.0070222,0,21,21
72340,7230,-0.017257,0,16,16
72340,7231,-0.0274905,0,11,11
72340,7232,-0.0377228,0,6,6
72340,7233,-0.0479539,0,1,1
