time,particle_id,x,y,mesh_index,mesh_index_original
9810,971,0.049311,0,49,49
9810,972,0.039279,0,44,44
9810,973,0.0292471,0,39,39
9810,974,0.0192153,0,34,34
9810,975,0.0091837,0,29,29
9810,976,-0.000847786,0,24,24
9810,977,-0.0108791,0,19,19
9810,978,-0.0209103,0,14,14
9810,979,-0.0309414,0,9,9
9810,980,-0.0409723,0,4,4
