time,particle_id,x,y,mesh_index,mesh_index_original
70650,7055,0.0441178,0,47,47
70650,7056,0.0338829,0,41,41
70650,7057,0.0236492,0,36,36
70650,7058,0.0134165,0,31,31
70650,7059,0.00318501,0,26,26
70650,7060,-0.00704535,0,21,21
70650,7061,-0.0172745,0,16,16
70650,7062,-0.0275026,0,11,11
70650,7063,-0.0377294,0,6,6
70650,7064,-0.047955,0,1,1
