time,particle_id,x,y,mesh_index,mesh_index_original
43660,4356,0.0463449,0,48,48
43660,4357,0.0362004,0,43,43
43660,4358,0.0260566,0,38,38
43660,4359,0.0159134,0,32,32
43660,4360,0.00577096,0,27,27
43660,4361,-0.00437082,0,22,22
43660,4362,-0.0145119,0,17,17
43660,4363,-0.0246522,0,12,12
43660,4364,-0.0347919,0,7,7
43660,4365,-0.0449308,0,2,2
