time,particle_id,x,y,mesh_index,mesh_index_original
54990,5489,0.0456798,0,47,47
54990,5490,0.0354974,0,42,42
54990,5491,0.0253159,0,37,37
54990,5492,0.0151352,0,32,32
54990,5493,0.00495539,0,27,27
54990,5494,-0.00522353,0,22,22
54990,5495,-0.0154015,0,17,17
54990,5496,-0.0255787,0,12,12
54990,5497,-0.0357549,0,7,7
54990,5498,-0.0459301,0,2,2
