time,particle_id,x,y,mesh_index,mesh_index_original
76930,7683,0.0443089,0,47,47
76930,7684,0.0340528,0,42,42
76930,7685,0.0237979,0,36,36
76930,7686,0.0135443,0,31,31
76930,7687,0.00329188,0,26,26
76930,7688,-0.00695926,0,21,21
76930,7689,-0.0172091,0,16,16
76930,7690,-0.0274577,0,11,11
76930,7691,-0.037705,0,6,6
76930,7692,-0.047951,0,1,1
