time,particle_id,x,y,mesh_index,mesh_index_original
66220,6612,0.0450054,0,47,47
66220,6613,0.0347853,0,42,42
66220,6614,0.0245663,0,37,37
66220,6615,0.0143483,0,32,32
66220,6616,0.0041314,0,27,27
66220,6617,-0.00608444,0,21,21
66220,6618,-0.0162992,0,16,16
66220,6619,-0.0265128,0,11,11
66220,6620,-0.0367254,0,6,6
66220,6621,-0.0469368,0,1,1
