time,particle_id,x,y,mesh_index,mesh_index_original
79290,7919,0.0443808,0,47,47
79290,7920,0.0341168,0,42,42
79290,7921,0.0238539,0,36,36
79290,7922,0.0135924,0,31,31
79290,7923,0.00333211,0,26,26
79290,7924,-0.00692686,0,21,21
79290,7925,-0.0171845,0,16,16
79290,7926,-0.0274408,0,11,11
79290,7927,-0.0376958,0,6,6
79290,7928,-0.0479494,0,1,1
