time,particle_id,x,y,mesh_index,mesh_index_original
53880,5378,0.0456455,0,47,47
53880,5379,0.0354668,0,42,42
53880,5380,0.025289,0,37,37
53880,5381,0.015112,0,32,32
53880,5382,0.00493589,0,27,27
53880,5383,-0.00523937,0,22,22
53880,5384,-0.0154138,0,17,17
53880,5385,-0.0255873,0,12,12
53880,5386,-0.0357599,0,7,7
53880,5387,-0.0459316,0,2,2
