time,particle_id,x,y,mesh_index,mesh_index_original
98310,9821,0.0428967,0,46,46
98310,9822,0.0325684,0,41,41
98310,9823,0.0222416,0,36,36
98310,9824,0.0119164,0,30,30
98310,9825,0.00159288,0,25,25
98310,9826,-0.00872903,0,20,20
98310,9827,-0.0190493,0,15,15
98310,9828,-0.0293679,0,10,10
98310,9829,-0.0396848,0,5,5
