time,particle_id,x,y,mesh_index,mesh_index_original
5580,548,0.0491755,0,49,49
5580,549,0.0391574,0,44,44
5580,550,0.0291395,0,39,39
5580,551,0.0191216,0,34,34
5580,552,0.00910373,0,29,29
5580,553,-0.000914035,0,24,24
5580,554,-0.0109317,0,19,19
5580,555,-0.0209493,0,14,14
5580,556,-0.0309669,0,9,9
5580,557,-0.0409843,0,4,4
