time,particle_id,x,y,mesh_index,mesh_index_original
22200,2210,0.0476945,0,48,48
22200,2211,0.0376214,0,43,43
22200,2212,0.0275487,0,38,38
22200,2213,0.0174763,0,33,33
22200,2214,0.0074042,0,28,28
22200,2215,-0.00266753,0,23,23
22200,2216,-0.0127389,0,18,18
22200,2217,-0.02281,0,13,13
22200,2218,-0.0328806,0,8,8
22200,2219,-0.042951,0,3,3
