time,particle_id,x,y,mesh_index,mesh_index_original
580,48,0.0490155,0,49,49
580,49,0.039014,0,44,44
580,50,0.0290125,0,39,39
580,51,0.0190109,0,34,34
580,52,0.00900935,0,29,29
580,53,-0.000992219,0,24,24
580,54,-0.0109938,0,19,19
580,55,-0.0209954,0,14,14
580,56,-0.030997,0,9,9
580,57,-0.0409986,0,4,4
