time,particle_id,x,y,mesh_index,mesh_index_original
62890,6279,0.0449033,0,47,47
62890,6280,0.0346944,0,42,42
62890,6281,0.0244865,0,37,37
62890,6282,0.0142797,0,32,32
62890,6283,0.0040738,0,27,27
62890,6284,-0.00613104,0,21,21
62890,6285,-0.0163349,0,16,16
62890,6286,-0.0265376,0,11,11
62890,6287,-0.0367393,0,6,6
62890,6288,-0.04694,0,1,1
