time,particle_id,x,y,mesh_index,mesh_index_original
61240,6114,0.0448527,0,47,47
61240,6115,0.0346494,0,42,42
61240,6116,0.0244471,0,37,37
61240,6117,0.0142457,0,32,32
61240,6118,0.00404529,0,27,27
61240,6119,-0.00615411,0,21,21
61240,6120,-0.0163525,0,16,16
61240,6121,-0.0265499,0,11,11
61240,6122,-0.0367463,0,6,6
61240,6123,-0.0469416,0,1,1
