time,particle_id,x,y,mesh_index,mesh_index_original
71360,7126,0.0441394,0,47,47
71360,7127,0.0339021,0,41,41
71360,7128,0.023666,0,36,36
71360,7129,0.0134309,0,31,31
71360,7130,0.00319708,0,26,26
71360,7131,-0.00703563,0,21,21
71360,7132,-0.0172672,0,16,16
71360,7133,-0.0274975,0,11,11
71360,7134,-0.0377266,0,6,6
71360,7135,-0.0479546,0,1,1
