time,particle_id,x,y,mesh_index,mesh_index_original
27760,2766,0.04787,0,48,48
27760,2767,0.0377785,0,43,43
27760,2768,0.0276873,0,38,38
27760,2769,0.0175966,0,33,33
27760,2770,0.00750632,0,28,28
27760,2771,-0.00258355,0,23,23
27760,2772,-0.012673,0,18,18
27760,2773,-0.022762,0,13,13
27760,2774,-0.0328505,0,8,8
27760,2775,-0.0429386,0,3,3
