time,particle_id,x,y,mesh_index,mesh_index_original
22390,2229,0.0477005,0,48,48
22390,2230,0.0376268,0,43,43
22390,2231,0.0275534,0,38,38
22390,2232,0.0174804,0,33,33
22390,2233,0.00740769,0,28,28
22390,2234,-0.00266466,0,23,23
22390,2235,-0.0127367,0,18,18
22390,2236,-0.0228083,0,13,13
22390,2237,-0.0328796,0,8,8
22390,2238,-0.0429506,0,3,3
