time,particle_id,x,y,mesh_index,mesh_index_original
42640,4254,0.0463132,0,48,48
42640,4255,0.0361721,0,43,43
42640,4256,0.0260317,0,38,38
42640,4257,0.0158919,0,32,32
42640,4258,0.00575278,0,27,27
42640,4259,-0.00438565,0,22,22
42640,4260,-0.0145234,0,17,17
42640,4261,-0.0246604,0,12,12
42640,4262,-0.0347968,0,7,7
42640,4263,-0.0449324,0,2,2
