time,particle_id,x,y,mesh_index,mesh_index_original
31660,3156,0.0469829,0,48,48
31660,3157,0.0368784,0,43,43
31660,3158,0.0267744,0,38,38
31660,3159,0.0166708,0,33,33
31660,3160,0.00656776,0,28,28
31660,3161,-0.00353479,0,23,23
31660,3162,-0.0136368,0,18,18
31660,3163,-0.0237384,0,13,13
31660,3164,-0.0338394,0,8,8
31660,3165,-0.0439399,0,3,3
