time,particle_id,x,y,mesh_index,mesh_index_original
42720,4262,0.0463157,0,48,48
42720,4263,0.0361743,0,43,43
42720,4264,0.0260336,0,38,38
42720,4265,0.0158936,0,32,32
42720,4266,0.0057542,0,27,27
42720,4267,-0.00438449,0,22,22
42720,4268,-0.0145225,0,17,17
42720,4269,-0.0246598,0,12,12
42720,4270,-0.0347964,0,7,7
42720,4271,-0.0449323,0,2,2
