time,particle_id,x,y,mesh_index,mesh_index_original
15140,1504,0.0484771,0,49,49
15140,1505,0.0384274,0,44,44
15140,1506,0.028378,0,39,39
15140,1507,0.0183287,0,34,34
15140,1508,0.00827973,0,29,29
15140,1509,-0.00176906,0,24,24
15140,1510,-0.0118176,0,19,19
15140,1511,-0.0218659,0,14,14
15140,1512,-0.031914,0,9,9
15140,1513,-0.0419619,0,4,4
