time,particle_id,x,y,mesh_index,mesh_index_original
53460,5336,0.0456325,0,47,47
53460,5337,0.0354553,0,42,42
53460,5338,0.0252788,0,37,37
53460,5339,0.0151033,0,32,32
53460,5340,0.00492852,0,27,27
53460,5341,-0.00524536,0,22,22
53460,5342,-0.0154184,0,17,17
53460,5343,-0.0255905,0,12,12
53460,5344,-0.0357618,0,7,7
53460,5345,-0.0459321,0,2,2
