time,particle_id,x,y,mesh_index,mesh_index_original
46970,4687,0.046448,0,48,48
46970,4688,0.0362924,0,43,43
46970,4689,0.0261375,0,38,38
46970,4690,0.0159834,0,32,32
46970,4691,0.00583,0,27,27
46970,4692,-0.00432263,0,22,22
46970,4693,-0.0144745,0,17,17
46970,4694,-0.0246256,0,12,12
46970,4695,-0.034776,0,7,7
46970,4696,-0.0449255,0,2,2
