time,particle_id,x,y,mesh_index,mesh_index_original
11340,1124,0.0483564,0,49,49
11340,1125,0.0383193,0,44,44
11340,1126,0.0282824,0,39,39
11340,1127,0.0182456,0,34,34
11340,1128,0.00820899,0,29,29
11340,1129,-0.00182745,0,24,24
11340,1130,-0.0118637,0,19,19
11340,1131,-0.0218998,0,14,14
11340,1132,-0.0319358,0,9,9
11340,1133,-0.0419715,0,4,4
