time,particle_id,x,y,mesh_index,mesh_index_original
46170,4607,0.046423,0,48,48
46170,4608,0.0362701,0,43,43
46170,4609,0.0261179,0,38,38
46170,4610,0.0159665,0,32,32
46170,4611,0.00581572,0,27,27
46170,4612,-0.00433428,0,22,22
46170,4613,-0.0144835,0,17,17
46170,4614,-0.0246321,0,12,12
46170,4615,-0.0347798,0,7,7
46170,4616,-0.0449268,0,2,2
