time,particle_id,x,y,mesh_index,mesh_index_original
86250,8615,0.0435644,0,46,46
86250,8616,0.0332769,0,41,41
86250,8617,0.0229908,0,36,36
86250,8618,0.012706,0,31,31
86250,8619,0.00242264,0,26,26
86250,8620,-0.00785929,0,21,21
86250,8621,-0.0181398,0,15,15
86250,8622,-0.0284188,0,10,10
86250,8623,-0.0386964,0,5,5
86250,8624,-0.0489725,0,0,0
