time,particle_id,x,y,mesh_index,mesh_index_original
6250,615,0.0491969,0,49,49
6250,616,0.0391767,0,44,44
6250,617,0.0291565,0,39,39
6250,618,0.0191364,0,34,34
6250,619,0.00911639,0,29,29
6250,620,-0.000903548,0,24,24
6250,621,-0.0109234,0,19,19
6250,622,-0.0209432,0,14,14
6250,623,-0.0309628,0,9,9
6250,624,-0.0409824,0,4,4
