time,particle_id,x,y,mesh_index,mesh_index_original
77650,7755,0.0443309,0,47,47
77650,7756,0.0340723,0,42,42
77650,7757,0.023815,0,36,36
77650,7758,0.013559,0,31,31
77650,7759,0.00330415,0,26,26
77650,7760,-0.00694938,0,21,21
77650,7761,-0.0172016,0,16,16
77650,7762,-0.0274526,0,11,11
77650,7763,-0.0377022,0,6,6
77650,7764,-0.0479505,0,1,1
