time,particle_id,x,y,mesh_index,mesh_index_original
83150,8305,0.0434708,0,46,46
83150,8306,0.0331938,0,41,41
83150,8307,0.0229181,0,36,36
83150,8308,0.0126437,0,31,31
83150,8309,0.00237071,0,26,26
83150,8310,-0.00790092,0,21,21
83150,8311,-0.0181712,0,15,15
83150,8312,-0.02844,0,10,10
83150,8313,-0.0387075,0,5,5
83150,8314,-0.0489735,0,0,0
