time,particle_id,x,y,mesh_index,mesh_index_original
64620,6452,0.0449563,0,47,47
64620,6453,0.0347416,0,42,42
64620,6454,0.024528,0,37,37
64620,6455,0.0143153,0,32,32
64620,6456,0.00410372,0,27,27
64620,6457,-0.00610684,0,21,21
64620,6458,-0.0163163,0,16,16
64620,6459,-0.0265247,0,11,11
64620,6460,-0.0367321,0,6,6
64620,6461,-0.0469383,0,1,1
