time,particle_id,x,y,mesh_index,mesh_index_original
47520,4742,0.0464651,0,48,48
47520,4743,0.0363077,0,43,43
47520,4744,0.026151,0,38,38
47520,4745,0.015995,0,32,32
47520,4746,0.00583982,0,27,27
47520,4747,-0.00431462,0,22,22
47520,4748,-0.0144683,0,17,17
47520,4749,-0.0246212,0,12,12
47520,4750,-0.0347733,0,7,7
47520,4751,-0.0449246,0,2,2
