time,particle_id,x,y,mesh_index,mesh_index_original
48100,4800,0.0464832,0,48,48
48100,4801,0.0363238,0,43,43
48100,4802,0.0261652,0,38,38
48100,4803,0.0160073,0,33,33
48100,4804,0.00585017,0,27,27
48100,4805,-0.00430617,0,22,22
48100,4806,-0.0144617,0,17,17
48100,4807,-0.0246165,0,12,12
48100,4808,-0.0347705,0,7,7
48100,4809,-0.0449237,0,2,2
