time,particle_id,x,y,mesh_index,mesh_index_original
54210,5411,0.0456557,0,47,47
54210,5412,0.0354759,0,42,42
54210,5413,0.025297,0,37,37
54210,5414,0.0151189,0,32,32
54210,5415,0.00494169,0,27,27
54210,5416,-0.00523466,0,22,22
54210,5417,-0.0154101,0,17,17
54210,5418,-0.0255847,0,12,12
54210,5419,-0.0357584,0,7,7
54210,5420,-0.0459311,0,2,2
