time,particle_id,x,y,mesh_index,mesh_index_original
38710,3861,0.0472039,0,48,48
38710,3862,0.0370759,0,43,43
38710,3863,0.0269485,0,38,38
38710,3864,0.0168216,0,33,33
38710,3865,0.00669539,0,28,28
38710,3866,-0.00343022,0,23,23
38710,3867,-0.0135552,0,18,18
38710,3868,-0.0236796,0,13,13
38710,3869,-0.0338033,0,8,8
38710,3870,-0.0439264,0,3,3
