time,particle_id,x,y,mesh_index,mesh_index_original
62770,6267,0.0448996,0,47,47
62770,6268,0.0346911,0,42,42
62770,6269,0.0244837,0,37,37
62770,6270,0.0142772,0,32,32
62770,6271,0.00407173,0,27,27
62770,6272,-0.00613272,0,21,21
62770,6273,-0.0163361,0,16,16
62770,6274,-0.0265385,0,11,11
62770,6275,-0.0367399,0,6,6
62770,6276,-0.0469401,0,1,1
