time,particle_id,x,y,mesh_index,mesh_index_original
2480,238,0.0490763,0,49,49
2480,239,0.0390685,0,44,44
2480,240,0.0290607,0,39,39
2480,241,0.0190529,0,34,34
2480,242,0.00904519,0,29,29
2480,243,-0.000962525,0,24,24
2480,244,-0.0109702,0,19,19
2480,245,-0.0209779,0,14,14
2480,246,-0.0309855,0,9,9
2480,247,-0.0409932,0,4,4
