time,particle_id,x,y,mesh_index,mesh_index_original
51790,5169,0.045581,0,47,47
51790,5170,0.0354093,0,42,42
51790,5171,0.0252385,0,37,37
51790,5172,0.0150684,0,32,32
51790,5173,0.0048992,0,27,27
51790,5174,-0.00526919,0,22,22
51790,5175,-0.0154367,0,17,17
51790,5176,-0.0256034,0,12,12
51790,5177,-0.0357693,0,7,7
51790,5178,-0.0459343,0,2,2
