time,particle_id,x,y,mesh_index,mesh_index_original
30340,3024,0.0469416,0,48,48
30340,3025,0.0368414,0,43,43
30340,3026,0.0267418,0,38,38
30340,3027,0.0166426,0,33,33
30340,3028,0.0065439,0,28,28
30340,3029,-0.00355434,0,23,23
30340,3030,-0.0136521,0,18,18
30340,3031,-0.0237494,0,13,13
30340,3032,-0.0338462,0,8,8
30340,3033,-0.0439425,0,3,3
