time,particle_id,x,y,mesh_index,mesh_index_original
13890,1379,0.0484374,0,49,49
13890,1380,0.0383918,0,44,44
13890,1381,0.0283465,0,39,39
13890,1382,0.0183014,0,34,34
13890,1383,0.00825645,0,29,29
13890,1384,-0.00178827,0,24,24
13890,1385,-0.0118328,0,19,19
13890,1386,-0.0218771,0,14,14
13890,1387,-0.0319212,0,9,9
13890,1388,-0.0419651,0,4,4
