time,particle_id,x,y,mesh_index,mesh_index_original
55720,5562,0.0457024,0,47,47
55720,5563,0.0355175,0,42,42
55720,5564,0.0253335,0,37,37
55720,5565,0.0151504,0,32,32
55720,5566,0.00496821,0,27,27
55720,5567,-0.0052131,0,22,22
55720,5568,-0.0153935,0,17,17
55720,5569,-0.025573,0,12,12
55720,5570,-0.0357516,0,7,7
55720,5571,-0.0459292,0,2,2
