time,particle_id,x,y,mesh_index,mesh_index_original
46860,4676,0.0464445,0,48,48
46860,4677,0.0362893,0,43,43
46860,4678,0.0261348,0,38,38
46860,4679,0.0159811,0,32,32
46860,4680,0.00582804,0,27,27
46860,4681,-0.00432424,0,22,22
46860,4682,-0.0144758,0,17,17
46860,4683,-0.0246265,0,12,12
46860,4684,-0.0347765,0,7,7
46860,4685,-0.0449257,0,2,2
