time,particle_id,x,y,mesh_index,mesh_index_original
14010,1391,0.0484412,0,49,49
14010,1392,0.0383953,0,44,44
14010,1393,0.0283495,0,39,39
14010,1394,0.018304,0,34,34
14010,1395,0.00825868,0,29,29
14010,1396,-0.00178643,0,24,24
14010,1397,-0.0118313,0,19,19
14010,1398,-0.021876,0,14,14
14010,1399,-0.0319205,0,9,9
14010,1400,-0.0419648,0,4,4
