time,particle_id,x,y,mesh_index,mesh_index_original
13780,1368,0.0484339,0,49,49
13780,1369,0.0383887,0,44,44
13780,1370,0.0283437,0,39,39
13780,1371,0.018299,0,34,34
13780,1372,0.0082544,0,29,29
13780,1373,-0.00178996,0,24,24
13780,1374,-0.0118341,0,19,19
13780,1375,-0.0218781,0,14,14
13780,1376,-0.0319218,0,9,9
13780,1377,-0.0419653,0,4,4
