time,particle_id,x,y,mesh_index,mesh_index_original
23930,2383,0.0477491,0,48,48
23930,2384,0.0376703,0,43,43
23930,2385,0.0275918,0,38,38
23930,2386,0.0175137,0,33,33
23930,2387,0.00743596,0,28,28
23930,2388,-0.00264141,0,23,23
23930,2389,-0.0127184,0,18,18
23930,2390,-0.022795,0,13,13
23930,2391,-0.0328713,0,8,8
23930,2392,-0.0429471,0,3,3
