time,particle_id,x,y,mesh_index,mesh_index_original
4280,418,0.0491339,0,49,49
4280,419,0.0391201,0,44,44
4280,420,0.0291064,0,39,39
4280,421,0.0190928,0,34,34
4280,422,0.00907917,0,29,29
4280,423,-0.000934376,0,24,24
4280,424,-0.0109479,0,19,19
4280,425,-0.0209613,0,14,14
4280,426,-0.0309747,0,9,9
4280,427,-0.040988,0,4,4
