time,particle_id,x,y,mesh_index,mesh_index_original
32000,3190,0.0469935,0,48,48
32000,3191,0.0368879,0,43,43
32000,3192,0.0267827,0,38,38
32000,3193,0.0166781,0,33,33
32000,3194,0.00657391,0,28,28
32000,3195,-0.00352975,0,23,23
32000,3196,-0.0136329,0,18,18
32000,3197,-0.0237356,0,13,13
32000,3198,-0.0338377,0,8,8
32000,3199,-0.0439393,0,3,3
