time,particle_id,x,y,mesh_index,mesh_index_original
98330,9823,0.0428973,0,46,46
98330,9824,0.0325689,0,41,41
98330,9825,0.0222421,0,36,36
98330,9826,0.0119168,0,30,30
98330,9827,0.00159321,0,25,25
98330,9828,-0.00872877,0,20,20
98330,9829,-0.0190491,0,15,15
98330,9830,-0.0293678,0,10,10
98330,9831,-0.0396847,0,5,5
