time,particle_id,x,y,mesh_index,mesh_index_original
87950,8785,0.0436158,0,46,46
87950,8786,0.0333225,0,41,41
87950,8787,0.0230306,0,36,36
87950,8788,0.0127402,0,31,31
87950,8789,0.00245114,0,26,26
87950,8790,-0.00783644,0,21,21
87950,8791,-0.0181226,0,15,15
87950,8792,-0.0284072,0,10,10
87950,8793,-0.0386903,0,5,5
87950,8794,-0.0489719,0,0,0
