time,particle_id,x,y,mesh_index,mesh_index_original
31830,3173,0.0469882,0,48,48
31830,3174,0.0368831,0,43,43
31830,3175,0.0267785,0,38,38
31830,3176,0.0166744,0,33,33
31830,3177,0.00657084,0,28,28
31830,3178,-0.00353227,0,23,23
31830,3179,-0.0136349,0,18,18
31830,3180,-0.023737,0,13,13
31830,3181,-0.0338386,0,8,8
31830,3182,-0.0439396,0,3,3
