time,particle_id,x,y,mesh_index,mesh_index_original
5620,552,0.0491768,0,49,49
5620,553,0.0391586,0,44,44
5620,554,0.0291405,0,39,39
5620,555,0.0191225,0,34,34
5620,556,0.00910448,0,29,29
5620,557,-0.000913409,0,24,24
5620,558,-0.0109312,0,19,19
5620,559,-0.020949,0,14,14
5620,560,-0.0309666,0,9,9
5620,561,-0.0409842,0,4,4
