time,particle_id,x,y,mesh_index,mesh_index_original
54740,5464,0.0456721,0,47,47
54740,5465,0.0354905,0,42,42
54740,5466,0.0253098,0,37,37
54740,5467,0.01513,0,32,32
54740,5468,0.004951,0,27,27
54740,5469,-0.0052271,0,22,22
54740,5470,-0.0154043,0,17,17
54740,5471,-0.0255806,0,12,12
54740,5472,-0.035756,0,7,7
54740,5473,-0.0459305,0,2,2
