time,particle_id,x,y,mesh_index,mesh_index_original
3220,312,0.0491,0,49,49
3220,313,0.0390897,0,44,44
3220,314,0.0290795,0,39,39
3220,315,0.0190693,0,34,34
3220,316,0.00905916,0,29,29
3220,317,-0.000950955,0,24,24
3220,318,-0.010961,0,19,19
3220,319,-0.0209711,0,14,14
3220,320,-0.0309811,0,9,9
3220,321,-0.0409911,0,4,4
