time,particle_id,x,y,mesh_index,mesh_index_original
70100,7000,0.0441011,0,47,47
70100,7001,0.0338681,0,41,41
70100,7002,0.0236362,0,36,36
70100,7003,0.0134053,0,31,31
70100,7004,0.00317566,0,26,26
70100,7005,-0.00705288,0,21,21
70100,7006,-0.0172803,0,16,16
70100,7007,-0.0275065,0,11,11
70100,7008,-0.0377315,0,6,6
70100,7009,-0.0479554,0,1,1
