time,particle_id,x,y,mesh_index,mesh_index_original
36770,3667,0.047143,0,48,48
36770,3668,0.0370215,0,43,43
36770,3669,0.0269005,0,38,38
36770,3670,0.0167801,0,33,33
36770,3671,0.00666024,0,28,28
36770,3672,-0.00345902,0,23,23
36770,3673,-0.0135777,0,18,18
36770,3674,-0.0236958,0,13,13
36770,3675,-0.0338133,0,8,8
36770,3676,-0.0439302,0,3,3
