time,particle_id,x,y,mesh_index,mesh_index_original
91420,9132,0.0426902,0,46,46
91420,9133,0.0323853,0,41,41
91420,9134,0.0220818,0,36,36
91420,9135,0.0117798,0,30,30
91420,9136,0.00147937,0,25,25
91420,9137,-0.0088196,0,20,20
91420,9138,-0.019117,0,15,15
91420,9139,-0.0294129,0,10,10
91420,9140,-0.0397072,0,5,5
