time,particle_id,x,y,mesh_index,mesh_index_original
18950,1885,0.0485983,0,49,49
18950,1886,0.038536,0,44,44
18950,1887,0.028474,0,39,39
18950,1888,0.0184122,0,34,34
18950,1889,0.00835076,0,29,29
18950,1890,-0.00171043,0,24,24
18950,1891,-0.0117713,0,19,19
18950,1892,-0.0218319,0,14,14
18950,1893,-0.0318922,0,9,9
18950,1894,-0.0419522,0,4,4
