time,particle_id,x,y,mesh_index,mesh_index_original
27580,2748,0.0478644,0,48,48
27580,2749,0.0377734,0,43,43
27580,2750,0.0276828,0,38,38
27580,2751,0.0175927,0,33,33
27580,2752,0.00750301,0,28,28
27580,2753,-0.00258627,0,23,23
27580,2754,-0.0126751,0,18,18
27580,2755,-0.0227635,0,13,13
27580,2756,-0.0328515,0,8,8
27580,2757,-0.042939,0,3,3
