time,particle_id,x,y,mesh_index,mesh_index_original
48940,4884,0.0465093,0,48,48
48940,4885,0.0363472,0,43,43
48940,4886,0.0261857,0,38,38
48940,4887,0.0160251,0,33,33
48940,4888,0.00586517,0,27,27
48940,4889,-0.00429393,0,22,22
48940,4890,-0.0144522,0,17,17
48940,4891,-0.0246098,0,12,12
48940,4892,-0.0347665,0,7,7
48940,4893,-0.0449224,0,2,2
