time,particle_id,x,y,mesh_index,mesh_index_original
69060,6896,0.0450926,0,47,47
69060,6897,0.0348629,0,42,42
69060,6898,0.0246344,0,37,37
69060,6899,0.0144069,0,32,32
69060,6900,0.00418057,0,27,27
69060,6901,-0.00604465,0,21,21
69060,6902,-0.0162687,0,16,16
69060,6903,-0.0264917,0,11,11
69060,6904,-0.0367134,0,6,6
69060,6905,-0.046934,0,1,1
