time,particle_id,x,y,mesh_index,mesh_index_original
78980,7888,0.0443714,0,47,47
78980,7889,0.0341084,0,42,42
78980,7890,0.0238466,0,36,36
78980,7891,0.0135861,0,31,31
78980,7892,0.00332682,0,26,26
78980,7893,-0.00693111,0,21,21
78980,7894,-0.0171877,0,16,16
78980,7895,-0.027443,0,11,11
78980,7896,-0.037697,0,6,6
78980,7897,-0.0479496,0,1,1
