time,particle_id,x,y,mesh_index,mesh_index_original
38700,3860,0.0472036,0,48,48
38700,3861,0.0370756,0,43,43
38700,3862,0.0269482,0,38,38
38700,3863,0.0168214,0,33,33
38700,3864,0.00669521,0,28,28
38700,3865,-0.00343037,0,23,23
38700,3866,-0.0135553,0,18,18
38700,3867,-0.0236797,0,13,13
38700,3868,-0.0338034,0,8,8
38700,3869,-0.0439265,0,3,3
