time,particle_id,x,y,mesh_index,mesh_index_original
96420,9632,0.04284,0,46,46
96420,9633,0.0325181,0,41,41
96420,9634,0.0221977,0,36,36
96420,9635,0.0118789,0,30,30
96420,9636,0.00156172,0,25,25
96420,9637,-0.00875389,0,20,20
96420,9638,-0.0190679,0,15,15
96420,9639,-0.0293802,0,10,10
96420,9640,-0.039691,0,5,5
