time,particle_id,x,y,mesh_index,mesh_index_original
33450,3335,0.0470389,0,48,48
33450,3336,0.0369285,0,43,43
33450,3337,0.0268185,0,38,38
33450,3338,0.0167091,0,33,33
33450,3339,0.00660014,0,28,28
33450,3340,-0.00350826,0,23,23
33450,3341,-0.0136161,0,18,18
33450,3342,-0.0237235,0,13,13
33450,3343,-0.0338303,0,8,8
33450,3344,-0.0439365,0,3,3
