time,particle_id,x,y,mesh_index,mesh_index_original
30270,3017,0.0469394,0,48,48
30270,3018,0.0368395,0,43,43
30270,3019,0.0267401,0,38,38
30270,3020,0.0166411,0,33,33
30270,3021,0.00654264,0,28,28
30270,3022,-0.00355537,0,23,23
30270,3023,-0.0136529,0,18,18
30270,3024,-0.02375,0,13,13
30270,3025,-0.0338465,0,8,8
30270,3026,-0.0439426,0,3,3
