time,particle_id,x,y,mesh_index,mesh_index_original
90870,9077,0.0426738,0,46,46
90870,9078,0.0323707,0,41,41
90870,9079,0.0220691,0,36,36
90870,9080,0.011769,0,30,30
90870,9081,0.00147032,0,25,25
90870,9082,-0.00882682,0,20,20
90870,9083,-0.0191224,0,15,15
90870,9084,-0.0294165,0,10,10
90870,9085,-0.039709,0,5,5
