time,particle_id,x,y,mesh_index,mesh_index_original
35570,3547,0.0471054,0,48,48
35570,3548,0.0369879,0,43,43
35570,3549,0.0268709,0,38,38
35570,3550,0.0167544,0,33,33
35570,3551,0.00663851,0,28,28
35570,3552,-0.00347683,0,23,23
35570,3553,-0.0135916,0,18,18
35570,3554,-0.0237058,0,13,13
35570,3555,-0.0338194,0,8,8
35570,3556,-0.0439325,0,3,3
