time,particle_id,x,y,mesh_index,mesh_index_original
12120,1202,0.0483811,0,49,49
12120,1203,0.0383415,0,44,44
12120,1204,0.028302,0,39,39
12120,1205,0.0182626,0,34,34
12120,1206,0.0082235,0,29,29
12120,1207,-0.00181547,0,24,24
12120,1208,-0.0118543,0,19,19
12120,1209,-0.0218929,0,14,14
12120,1210,-0.0319313,0,9,9
12120,1211,-0.0419695,0,4,4
