time,particle_id,x,y,mesh_index,mesh_index_original
41000,4090,0.0462622,0,48,48
41000,4091,0.0361266,0,43,43
41000,4092,0.0259916,0,37,37
41000,4093,0.0158573,0,32,32
41000,4094,0.00572356,0,27,27
41000,4095,-0.0044095,0,22,22
41000,4096,-0.0145419,0,17,17
41000,4097,-0.0246736,0,12,12
41000,4098,-0.0348047,0,7,7
41000,4099,-0.0449351,0,2,2
