time,particle_id,x,y,mesh_index,mesh_index_original
48150,4805,0.0464847,0,48,48
48150,4806,0.0363252,0,43,43
48150,4807,0.0261664,0,38,38
48150,4808,0.0160083,0,33,33
48150,4809,0.00585106,0,27,27
48150,4810,-0.00430544,0,22,22
48150,4811,-0.0144612,0,17,17
48150,4812,-0.0246161,0,12,12
48150,4813,-0.0347703,0,7,7
48150,4814,-0.0449236,0,2,2
