time,particle_id,x,y,mesh_index,mesh_index_original
28530,2843,0.0478944,0,48,48
28530,2844,0.0378003,0,43,43
28530,2845,0.0277066,0,38,38
28530,2846,0.0176133,0,33,33
28530,2847,0.00752048,0,28,28
28530,2848,-0.0025719,0,23,23
28530,2849,-0.0126638,0,18,18
28530,2850,-0.0227553,0,13,13
28530,2851,-0.0328463,0,8,8
28530,2852,-0.0429369,0,3,3
