time,particle_id,x,y,mesh_index,mesh_index_original
10600,1050,0.0483329,0,49,49
10600,1051,0.0382982,0,44,44
10600,1052,0.0282637,0,39,39
10600,1053,0.0182294,0,34,34
10600,1054,0.00819522,0,29,29
10600,1055,-0.00183882,0,24,24
10600,1056,-0.0118727,0,19,19
10600,1057,-0.0219064,0,14,14
10600,1058,-0.03194,0,9,9
10600,1059,-0.0419734,0,4,4
