time,particle_id,x,y,mesh_index,mesh_index_original
61090,6099,0.0448481,0,47,47
61090,6100,0.0346453,0,42,42
61090,6101,0.0244435,0,37,37
61090,6102,0.0142426,0,32,32
61090,6103,0.0040427,0,27,27
61090,6104,-0.00615621,0,21,21
61090,6105,-0.0163541,0,16,16
61090,6106,-0.026551,0,11,11
61090,6107,-0.0367469,0,6,6
61090,6108,-0.0469417,0,1,1
