time,particle_id,x,y,mesh_index,mesh_index_original
10800,1070,0.0483392,0,49,49
10800,1071,0.0383039,0,44,44
10800,1072,0.0282688,0,39,39
10800,1073,0.0182338,0,34,34
10800,1074,0.00819894,0,29,29
10800,1075,-0.00183574,0,24,24
10800,1076,-0.0118703,0,19,19
10800,1077,-0.0219046,0,14,14
10800,1078,-0.0319388,0,9,9
10800,1079,-0.0419729,0,4,4
