time,particle_id,x,y,mesh_index,mesh_index_original
47210,4711,0.0464554,0,48,48
47210,4712,0.036299,0,43,43
47210,4713,0.0261434,0,38,38
47210,4714,0.0159885,0,32,32
47210,4715,0.00583428,0,27,27
47210,4716,-0.00431914,0,22,22
47210,4717,-0.0144718,0,17,17
47210,4718,-0.0246237,0,12,12
47210,4719,-0.0347748,0,7,7
47210,4720,-0.0449251,0,2,2
