time,particle_id,x,y,mesh_index,mesh_index_original
32870,3277,0.0470208,0,48,48
32870,3278,0.0369122,0,43,43
32870,3279,0.0268042,0,38,38
32870,3280,0.0166967,0,33,33
32870,3281,0.00658965,0,28,28
32870,3282,-0.00351686,0,23,23
32870,3283,-0.0136228,0,18,18
32870,3284,-0.0237283,0,13,13
32870,3285,-0.0338332,0,8,8
32870,3286,-0.0439376,0,3,3
