time,particle_id,x,y,mesh_index,mesh_index_original
39470,3937,0.0472278,0,48,48
39470,3938,0.0370972,0,43,43
39470,3939,0.0269673,0,38,38
39470,3940,0.0168379,0,33,33
39470,3941,0.00670917,0,28,28
39470,3942,-0.00341894,0,23,23
39470,3943,-0.0135464,0,18,18
39470,3944,-0.0236733,0,13,13
39470,3945,-0.0337994,0,8,8
39470,3946,-0.043925,0,3,3
