time,particle_id,x,y,mesh_index,mesh_index_original
7560,746,0.0492389,0,49,49
7560,747,0.0392143,0,44,44
7560,748,0.0291898,0,39,39
7560,749,0.0191654,0,34,34
7560,750,0.00914115,0,29,29
7560,751,-0.000883037,0,24,24
7560,752,-0.0109071,0,19,19
7560,753,-0.0209311,0,14,14
7560,754,-0.030955,0,9,9
7560,755,-0.0409787,0,4,4
