time,particle_id,x,y,mesh_index,mesh_index_original
44920,4482,0.0463841,0,48,48
44920,4483,0.0362354,0,43,43
44920,4484,0.0260874,0,38,38
44920,4485,0.01594,0,32,32
44920,4486,0.00579342,0,27,27
44920,4487,-0.00435248,0,22,22
44920,4488,-0.0144977,0,17,17
44920,4489,-0.0246421,0,12,12
44920,4490,-0.0347858,0,7,7
44920,4491,-0.0449288,0,2,2
