time,particle_id,x,y,mesh_index,mesh_index_original
57550,5745,0.0457589,0,47,47
57550,5746,0.0355679,0,42,42
57550,5747,0.0253778,0,37,37
57550,5748,0.0151887,0,32,32
57550,5749,0.00500038,0,27,27
57550,5750,-0.00518696,0,22,22
57550,5751,-0.0153734,0,17,17
57550,5752,-0.0255588,0,12,12
57550,5753,-0.0357433,0,7,7
57550,5754,-0.0459269,0,2,2
