time,particle_id,x,y,mesh_index,mesh_index_original
40790,4069,0.0462557,0,48,48
40790,4070,0.0361208,0,43,43
40790,4071,0.0259865,0,37,37
40790,4072,0.0158528,0,32,32
40790,4073,0.00571982,0,27,27
40790,4074,-0.00441255,0,22,22
40790,4075,-0.0145443,0,17,17
40790,4076,-0.0246753,0,12,12
40790,4077,-0.0348057,0,7,7
40790,4078,-0.0449354,0,2,2
