time,particle_id,x,y,mesh_index,mesh_index_original
1150,105,0.0490338,0,49,49
1150,106,0.0390303,0,44,44
1150,107,0.0290269,0,39,39
1150,108,0.0190235,0,34,34
1150,109,0.0090201,0,29,29
1150,110,-0.000983313,0,24,24
1150,111,-0.0109867,0,19,19
1150,112,-0.0209901,0,14,14
1150,113,-0.0309935,0,9,9
1150,114,-0.0409969,0,4,4
