time,particle_id,x,y,mesh_index,mesh_index_original
18990,1889,0.0485996,0,49,49
18990,1890,0.0385372,0,44,44
18990,1891,0.028475,0,39,39
18990,1892,0.0184131,0,34,34
18990,1893,0.0083515,0,29,29
18990,1894,-0.00170981,0,24,24
18990,1895,-0.0117708,0,19,19
18990,1896,-0.0218316,0,14,14
18990,1897,-0.031892,0,9,9
18990,1898,-0.0419521,0,4,4
