time,particle_id,x,y,mesh_index,mesh_index_original
6370,627,0.0492008,0,49,49
6370,628,0.0391801,0,44,44
6370,629,0.0291596,0,39,39
6370,630,0.0191391,0,34,34
6370,631,0.00911866,0,29,29
6370,632,-0.00090167,0,24,24
6370,633,-0.0109219,0,19,19
6370,634,-0.0209421,0,14,14
6370,635,-0.0309621,0,9,9
6370,636,-0.0409821,0,4,4
