time,particle_id,x,y,mesh_index,mesh_index_original
47510,4741,0.0464648,0,48,48
47510,4742,0.0363074,0,43,43
47510,4743,0.0261507,0,38,38
47510,4744,0.0159948,0,32,32
47510,4745,0.00583964,0,27,27
47510,4746,-0.00431477,0,22,22
47510,4747,-0.0144684,0,17,17
47510,4748,-0.0246213,0,12,12
47510,4749,-0.0347734,0,7,7
47510,4750,-0.0449246,0,2,2
