time,particle_id,x,y,mesh_index,mesh_index_original
82450,8235,0.0434497,0,46,46
82450,8236,0.033175,0,41,41
82450,8237,0.0229017,0,36,36
82450,8238,0.0126297,0,31,31
82450,8239,0.002359,0,26,26
82450,8240,-0.00791032,0,21,21
82450,8241,-0.0181783,0,15,15
82450,8242,-0.0284448,0,10,10
82450,8243,-0.03871,0,5,5
82450,8244,-0.0489737,0,0,0
