time,particle_id,x,y,mesh_index,mesh_index_original
95050,9495,0.042799,0,46,46
95050,9496,0.0324817,0,41,41
95050,9497,0.022166,0,36,36
95050,9498,0.0118518,0,30,30
95050,9499,0.00153914,0,25,25
95050,9500,-0.00877191,0,20,20
95050,9501,-0.0190814,0,15,15
95050,9502,-0.0293892,0,10,10
95050,9503,-0.0396954,0,5,5
