time,particle_id,x,y,mesh_index,mesh_index_original
46030,4593,0.0464187,0,48,48
46030,4594,0.0362662,0,43,43
46030,4595,0.0261145,0,38,38
46030,4596,0.0159635,0,32,32
46030,4597,0.00581323,0,27,27
46030,4598,-0.00433632,0,22,22
46030,4599,-0.0144851,0,17,17
46030,4600,-0.0246332,0,12,12
46030,4601,-0.0347805,0,7,7
46030,4602,-0.044927,0,2,2
