time,particle_id,x,y,mesh_index,mesh_index_original
74550,7445,0.0442365,0,47,47
74550,7446,0.0339884,0,41,41
74550,7447,0.0237415,0,36,36
74550,7448,0.0134958,0,31,31
74550,7449,0.00325135,0,26,26
74550,7450,-0.00699191,0,21,21
74550,7451,-0.0172339,0,16,16
74550,7452,-0.0274747,0,11,11
74550,7453,-0.0377142,0,6,6
74550,7454,-0.0479525,0,1,1
