time,particle_id,x,y,mesh_index,mesh_index_original
76660,7656,0.0443007,0,47,47
76660,7657,0.0340455,0,42,42
76660,7658,0.0237915,0,36,36
76660,7659,0.0135388,0,31,31
76660,7660,0.00328728,0,26,26
76660,7661,-0.00696296,0,21,21
76660,7662,-0.0172119,0,16,16
76660,7663,-0.0274596,0,11,11
76660,7664,-0.037706,0,6,6
76660,7665,-0.0479511,0,1,1
