time,particle_id,x,y,mesh_index,mesh_index_original
35580,3548,0.0471057,0,48,48
35580,3549,0.0369881,0,43,43
35580,3550,0.0268711,0,38,38
35580,3551,0.0167546,0,33,33
35580,3552,0.00663869,0,28,28
35580,3553,-0.00347668,0,23,23
35580,3554,-0.0135915,0,18,18
35580,3555,-0.0237057,0,13,13
35580,3556,-0.0338194,0,8,8
35580,3557,-0.0439324,0,3,3
