time,particle_id,x,y,mesh_index,mesh_index_original
59860,5976,0.0458304,0,47,47
59860,5977,0.0356316,0,42,42
59860,5978,0.0254338,0,37,37
59860,5979,0.0152369,0,32,32
59860,5980,0.00504102,0,27,27
59860,5981,-0.00515394,0,22,22
59860,5982,-0.0153479,0,17,17
59860,5983,-0.0255409,0,12,12
59860,5984,-0.0357329,0,7,7
59860,5985,-0.0459239,0,2,2
