time,particle_id,x,y,mesh_index,mesh_index_original
87210,8711,0.0435935,0,46,46
87210,8712,0.0333027,0,41,41
87210,8713,0.0230133,0,36,36
87210,8714,0.0127253,0,31,31
87210,8715,0.00243873,0,26,26
87210,8716,-0.00784639,0,21,21
87210,8717,-0.0181301,0,15,15
87210,8718,-0.0284122,0,10,10
87210,8719,-0.0386929,0,5,5
87210,8720,-0.0489722,0,0,0
