time,particle_id,x,y,mesh_index,mesh_index_original
28150,2805,0.0478824,0,48,48
28150,2806,0.0377895,0,43,43
28150,2807,0.0276971,0,38,38
28150,2808,0.0176051,0,33,33
28150,2809,0.00751349,0,28,28
28150,2810,-0.00257765,0,23,23
28150,2811,-0.0126683,0,18,18
28150,2812,-0.0227586,0,13,13
28150,2813,-0.0328484,0,8,8
28150,2814,-0.0429377,0,3,3
