time,particle_id,x,y,mesh_index,mesh_index_original
33110,3301,0.0470283,0,48,48
33110,3302,0.036919,0,43,43
33110,3303,0.0268101,0,38,38
33110,3304,0.0167018,0,33,33
33110,3305,0.00659399,0,28,28
33110,3306,-0.0035133,0,23,23
33110,3307,-0.0136201,0,18,18
33110,3308,-0.0237263,0,13,13
33110,3309,-0.033832,0,8,8
33110,3310,-0.0439372,0,3,3
