time,particle_id,x,y,mesh_index,mesh_index_original
32570,3247,0.0470114,0,48,48
32570,3248,0.0369038,0,43,43
32570,3249,0.0267968,0,38,38
32570,3250,0.0166903,0,33,33
32570,3251,0.00658422,0,28,28
32570,3252,-0.00352131,0,23,23
32570,3253,-0.0136263,0,18,18
32570,3254,-0.0237308,0,13,13
32570,3255,-0.0338348,0,8,8
32570,3256,-0.0439382,0,3,3
