time,particle_id,x,y,mesh_index,mesh_index_original
18660,1856,0.0485891,0,49,49
18660,1857,0.0385277,0,44,44
18660,1858,0.0284667,0,39,39
18660,1859,0.0184059,0,34,34
18660,1860,0.00834535,0,29,29
18660,1861,-0.00171489,0,24,24
18660,1862,-0.0117748,0,19,19
18660,1863,-0.0218345,0,14,14
18660,1864,-0.0318939,0,9,9
18660,1865,-0.041953,0,4,4
