time,particle_id,x,y,mesh_index,mesh_index_original
920,82,0.0490264,0,49,49
920,83,0.0390237,0,44,44
920,84,0.0290211,0,39,39
920,85,0.0190184,0,34,34
920,86,0.00901576,0,29,29
920,87,-0.000986907,0,24,24
920,88,-0.0109896,0,19,19
920,89,-0.0209922,0,14,14
920,90,-0.0309949,0,9,9
920,91,-0.0409976,0,4,4
