time,particle_id,x,y,mesh_index,mesh_index_original
52200,5210,0.0455936,0,47,47
52200,5211,0.0354206,0,42,42
52200,5212,0.0252484,0,37,37
52200,5213,0.015077,0,32,32
52200,5214,0.0049064,0,27,27
52200,5215,-0.00526334,0,22,22
52200,5216,-0.0154322,0,17,17
52200,5217,-0.0256003,0,12,12
52200,5218,-0.0357674,0,7,7
52200,5219,-0.0459337,0,2,2
