time,particle_id,x,y,mesh_index,mesh_index_original
96390,9629,0.0428391,0,46,46
96390,9630,0.0325173,0,41,41
96390,9631,0.022197,0,36,36
96390,9632,0.0118783,0,30,30
96390,9633,0.00156122,0,25,25
96390,9634,-0.00875429,0,20,20
96390,9635,-0.0190682,0,15,15
96390,9636,-0.0293804,0,10,10
96390,9637,-0.0396911,0,5,5
