time,particle_id,x,y,mesh_index,mesh_index_original
10790,1069,0.0483389,0,49,49
10790,1070,0.0383036,0,44,44
10790,1071,0.0282685,0,39,39
10790,1072,0.0182336,0,34,34
10790,1073,0.00819875,0,29,29
10790,1074,-0.0018359,0,24,24
10790,1075,-0.0118704,0,19,19
10790,1076,-0.0219047,0,14,14
10790,1077,-0.0319389,0,9,9
10790,1078,-0.0419729,0,4,4
