time,particle_id,x,y,mesh_index,mesh_index_original
65070,6497,0.0449701,0,47,47
65070,6498,0.0347539,0,42,42
65070,6499,0.0245387,0,37,37
65070,6500,0.0143246,0,32,32
65070,6501,0.0041115,0,27,27
65070,6502,-0.00610054,0,21,21
65070,6503,-0.0163115,0,16,16
65070,6504,-0.0265214,0,11,11
65070,6505,-0.0367302,0,6,6
65070,6506,-0.0469379,0,1,1
