time,particle_id,x,y,mesh_index,mesh_index_original
92850,9275,0.042733,0,46,46
92850,9276,0.0324232,0,41,41
92850,9277,0.022115,0,36,36
92850,9278,0.0118082,0,30,30
92850,9279,0.00150291,0,25,25
92850,9280,-0.00880082,0,20,20
92850,9281,-0.019103,0,15,15
92850,9282,-0.0294036,0,10,10
92850,9283,-0.0397026,0,5,5
