time,particle_id,x,y,mesh_index,mesh_index_original
12600,1250,0.0483964,0,49,49
12600,1251,0.0383551,0,44,44
12600,1252,0.028314,0,39,39
12600,1253,0.0182731,0,34,34
12600,1254,0.00823243,0,29,29
12600,1255,-0.0018081,0,24,24
12600,1256,-0.0118484,0,19,19
12600,1257,-0.0218886,0,14,14
12600,1258,-0.0319286,0,9,9
12600,1259,-0.0419683,0,4,4
