time,particle_id,x,y,mesh_index,mesh_index_original
34460,3436,0.0470706,0,48,48
34460,3437,0.0369568,0,43,43
34460,3438,0.0268434,0,38,38
34460,3439,0.0167307,0,33,33
34460,3440,0.00661842,0,28,28
34460,3441,-0.00349329,0,23,23
34460,3442,-0.0136044,0,18,18
34460,3443,-0.0237151,0,13,13
34460,3444,-0.0338251,0,8,8
34460,3445,-0.0439346,0,3,3
