time,particle_id,x,y,mesh_index,mesh_index_original
32360,3226,0.0470048,0,48,48
32360,3227,0.036898,0,43,43
32360,3228,0.0267916,0,38,38
32360,3229,0.0166858,0,33,33
32360,3230,0.00658042,0,28,28
32360,3231,-0.00352442,0,23,23
32360,3232,-0.0136287,0,18,18
32360,3233,-0.0237326,0,13,13
32360,3234,-0.0338358,0,8,8
32360,3235,-0.0439386,0,3,3
