time,particle_id,x,y,mesh_index,mesh_index_original
45070,4497,0.0463888,0,48,48
45070,4498,0.0362396,0,43,43
45070,4499,0.026091,0,38,38
45070,4500,0.0159432,0,32,32
45070,4501,0.0057961,0,27,27
45070,4502,-0.0043503,0,22,22
45070,4503,-0.014496,0,17,17
45070,4504,-0.0246409,0,12,12
45070,4505,-0.0347851,0,7,7
45070,4506,-0.0449286,0,2,2
