time,particle_id,x,y,mesh_index,mesh_index_original
68050,6795,0.0450616,0,47,47
68050,6796,0.0348353,0,42,42
68050,6797,0.0246101,0,37,37
68050,6798,0.0143861,0,32,32
68050,6799,0.00416308,0,27,27
68050,6800,-0.00605881,0,21,21
68050,6801,-0.0162796,0,16,16
68050,6802,-0.0264992,0,11,11
68050,6803,-0.0367177,0,6,6
68050,6804,-0.046935,0,1,1
