time,particle_id,x,y,mesh_index,mesh_index_original
10750,1065,0.0483376,0,49,49
10750,1066,0.0383025,0,44,44
10750,1067,0.0282675,0,39,39
10750,1068,0.0182327,0,34,34
10750,1069,0.00819801,0,29,29
10750,1070,-0.00183651,0,24,24
10750,1071,-0.0118709,0,19,19
10750,1072,-0.0219051,0,14,14
10750,1073,-0.0319391,0,9,9
10750,1074,-0.041973,0,4,4
