time,particle_id,x,y,mesh_index,mesh_index_original
96030,9593,0.0428283,0,46,46
96030,9594,0.0325077,0,41,41
96030,9595,0.0221887,0,36,36
96030,9596,0.0118712,0,30,30
96030,9597,0.00155529,0,25,25
96030,9598,-0.00875902,0,20,20
96030,9599,-0.0190717,0,15,15
96030,9600,-0.0293828,0,10,10
96030,9601,-0.0396922,0,5,5
