time,particle_id,x,y,mesh_index,mesh_index_original
23920,2382,0.0477488,0,48,48
23920,2383,0.03767,0,43,43
23920,2384,0.0275916,0,38,38
23920,2385,0.0175135,0,33,33
23920,2386,0.00743577,0,28,28
23920,2387,-0.00264157,0,23,23
23920,2388,-0.0127185,0,18,18
23920,2389,-0.0227951,0,13,13
23920,2390,-0.0328713,0,8,8
23920,2391,-0.0429472,0,3,3
