time,particle_id,x,y,mesh_index,mesh_index_original
92660,9256,0.0427273,0,46,46
92660,9257,0.0324182,0,41,41
92660,9258,0.0221105,0,36,36
92660,9259,0.0118044,0,30,30
92660,9260,0.00149978,0,25,25
92660,9261,-0.00880331,0,20,20
92660,9262,-0.0191049,0,15,15
92660,9263,-0.0294048,0,10,10
92660,9264,-0.0397032,0,5,5
