time,particle_id,x,y,mesh_index,mesh_index_original
67940,6784,0.0450582,0,47,47
67940,6785,0.0348323,0,42,42
67940,6786,0.0246075,0,37,37
67940,6787,0.0143838,0,32,32
67940,6788,0.00416117,0,27,27
67940,6789,-0.00606035,0,21,21
67940,6790,-0.0162807,0,16,16
67940,6791,-0.0265,0,11,11
67940,6792,-0.0367181,0,6,6
67940,6793,-0.0469351,0,1,1
