time,particle_id,x,y,mesh_index,mesh_index_original
40920,4082,0.0462597,0,48,48
40920,4083,0.0361244,0,43,43
40920,4084,0.0259897,0,37,37
40920,4085,0.0158556,0,32,32
40920,4086,0.00572213,0,27,27
40920,4087,-0.00441066,0,22,22
40920,4088,-0.0145428,0,17,17
40920,4089,-0.0246743,0,12,12
40920,4090,-0.0348051,0,7,7
40920,4091,-0.0449352,0,2,2
