time,particle_id,x,y,mesh_index,mesh_index_original
77670,7757,0.0443315,0,47,47
77670,7758,0.0340729,0,42,42
77670,7759,0.0238155,0,36,36
77670,7760,0.0135594,0,31,31
77670,7761,0.00330449,0,26,26
77670,7762,-0.0069491,0,21,21
77670,7763,-0.0172014,0,16,16
77670,7764,-0.0274524,0,11,11
77670,7765,-0.0377021,0,6,6
77670,7766,-0.0479505,0,1,1
