time,particle_id,x,y,mesh_index,mesh_index_original
70150,7005,0.0441026,0,47,47
70150,7006,0.0338694,0,41,41
70150,7007,0.0236373,0,36,36
70150,7008,0.0134064,0,31,31
70150,7009,0.00317651,0,26,26
70150,7010,-0.0070522,0,21,21
70150,7011,-0.0172797,0,16,16
70150,7012,-0.0275061,0,11,11
70150,7013,-0.0377313,0,6,6
70150,7014,-0.0479553,0,1,1
