time,particle_id,x,y,mesh_index,mesh_index_original
42320,4222,0.0463032,0,48,48
42320,4223,0.0361632,0,43,43
42320,4224,0.0260238,0,38,38
42320,4225,0.0158851,0,32,32
42320,4226,0.00574707,0,27,27
42320,4227,-0.00439031,0,22,22
42320,4228,-0.014527,0,17,17
42320,4229,-0.024663,0,12,12
42320,4230,-0.0347983,0,7,7
42320,4231,-0.044933,0,2,2
