time,particle_id,x,y,mesh_index,mesh_index_original
71510,7141,0.044144,0,47,47
71510,7142,0.0339062,0,41,41
71510,7143,0.0236695,0,36,36
71510,7144,0.013434,0,31,31
71510,7145,0.00319963,0,26,26
71510,7146,-0.00703357,0,21,21
71510,7147,-0.0172656,0,16,16
71510,7148,-0.0274964,0,11,11
71510,7149,-0.0377261,0,6,6
71510,7150,-0.0479545,0,1,1
