time,particle_id,x,y,mesh_index,mesh_index_original
46800,4670,0.0464427,0,48,48
46800,4671,0.0362876,0,43,43
46800,4672,0.0261334,0,38,38
46800,4673,0.0159798,0,32,32
46800,4674,0.00582697,0,27,27
46800,4675,-0.00432511,0,22,22
46800,4676,-0.0144764,0,17,17
46800,4677,-0.024627,0,12,12
46800,4678,-0.0347768,0,7,7
46800,4679,-0.0449258,0,2,2
