time,particle_id,x,y,mesh_index,mesh_index_original
17100,1700,0.0485394,0,49,49
17100,1701,0.0384833,0,44,44
17100,1702,0.0284273,0,39,39
17100,1703,0.0183717,0,34,34
17100,1704,0.00831626,0,29,29
17100,1705,-0.0017389,0,24,24
17100,1706,-0.0117938,0,19,19
17100,1707,-0.0218484,0,14,14
17100,1708,-0.0319028,0,9,9
17100,1709,-0.0419569,0,4,4
