time,particle_id,x,y,mesh_index,mesh_index_original
78110,7801,0.0443449,0,47,47
78110,7802,0.0340848,0,42,42
78110,7803,0.0238259,0,36,36
78110,7804,0.0135683,0,31,31
78110,7805,0.00331199,0,26,26
78110,7806,-0.00694306,0,21,21
78110,7807,-0.0171968,0,16,16
78110,7808,-0.0274493,0,11,11
78110,7809,-0.0377004,0,6,6
78110,7810,-0.0479502,0,1,1
