time,particle_id,x,y,mesh_index,mesh_index_original
14240,1414,0.0484485,0,49,49
14240,1415,0.0384018,0,44,44
14240,1416,0.0283553,0,39,39
14240,1417,0.018309,0,34,34
14240,1418,0.00826297,0,29,29
14240,1419,-0.00178289,0,24,24
14240,1420,-0.0118285,0,19,19
14240,1421,-0.021874,0,14,14
14240,1422,-0.0319192,0,9,9
14240,1423,-0.0419642,0,4,4
