time,particle_id,x,y,mesh_index,mesh_index_original
80590,8049,0.0433936,0,46,46
80590,8050,0.0331252,0,41,41
80590,8051,0.0228581,0,36,36
80590,8052,0.0125923,0,31,31
80590,8053,0.00232787,0,26,26
80590,8054,-0.00793527,0,21,21
80590,8055,-0.0181971,0,15,15
80590,8056,-0.0284575,0,10,10
80590,8057,-0.0387166,0,5,5
80590,8058,-0.0489743,0,0,0
