time,particle_id,x,y,mesh_index,mesh_index_original
90280,9018,0.0426561,0,46,46
90280,9019,0.032355,0,41,41
90280,9020,0.0220554,0,36,36
90280,9021,0.0117573,0,30,30
90280,9022,0.00146061,0,25,25
90280,9023,-0.00883456,0,20,20
90280,9024,-0.0191282,0,15,15
90280,9025,-0.0294204,0,10,10
90280,9026,-0.039711,0,5,5
