time,particle_id,x,y,mesh_index,mesh_index_original
97230,9713,0.0428643,0,46,46
97230,9714,0.0325396,0,41,41
97230,9715,0.0222165,0,36,36
97230,9716,0.011895,0,30,30
97230,9717,0.00157507,0,25,25
97230,9718,-0.00874324,0,20,20
97230,9719,-0.0190599,0,15,15
97230,9720,-0.029375,0,10,10
97230,9721,-0.0396883,0,5,5
