time,particle_id,x,y,mesh_index,mesh_index_original
83000,8290,0.0434663,0,46,46
83000,8291,0.0331898,0,41,41
83000,8292,0.0229146,0,36,36
83000,8293,0.0126407,0,31,31
83000,8294,0.0023682,0,26,26
83000,8295,-0.00790294,0,21,21
83000,8296,-0.0181727,0,15,15
83000,8297,-0.028441,0,10,10
83000,8298,-0.038708,0,5,5
83000,8299,-0.0489735,0,0,0
