time,particle_id,x,y,mesh_index,mesh_index_original
45280,4518,0.0463953,0,48,48
45280,4519,0.0362454,0,43,43
45280,4520,0.0260962,0,38,38
45280,4521,0.0159477,0,32,32
45280,4522,0.00579985,0,27,27
45280,4523,-0.00434724,0,22,22
45280,4524,-0.0144936,0,17,17
45280,4525,-0.0246392,0,12,12
45280,4526,-0.0347841,0,7,7
45280,4527,-0.0449282,0,2,2
