time,particle_id,x,y,mesh_index,mesh_index_original
89750,8965,0.0436703,0,46,46
89750,8966,0.0333709,0,41,41
89750,8967,0.0230729,0,36,36
89750,8968,0.0127764,0,31,31
89750,8969,0.00248133,0,26,26
89750,8970,-0.00781223,0,21,21
89750,8971,-0.0181043,0,15,15
89750,8972,-0.0283948,0,10,10
89750,8973,-0.0386839,0,5,5
89750,8974,-0.0489713,0,0,0
