time,particle_id,x,y,mesh_index,mesh_index_original
46590,4649,0.0464361,0,48,48
46590,4650,0.0362818,0,43,43
46590,4651,0.0261282,0,38,38
46590,4652,0.0159753,0,32,32
46590,4653,0.00582322,0,27,27
46590,4654,-0.00432817,0,22,22
46590,4655,-0.0144788,0,17,17
46590,4656,-0.0246287,0,12,12
46590,4657,-0.0347778,0,7,7
46590,4658,-0.0449261,0,2,2
