time,particle_id,x,y,mesh_index,mesh_index_original
97950,9785,0.0428859,0,46,46
97950,9786,0.0325588,0,41,41
97950,9787,0.0222332,0,36,36
97950,9788,0.0119093,0,30,30
97950,9789,0.00158695,0,25,25
97950,9790,-0.00873377,0,20,20
97950,9791,-0.0190528,0,15,15
97950,9792,-0.0293702,0,10,10
97950,9793,-0.039686,0,5,5
