time,particle_id,x,y,mesh_index,mesh_index_original
45470,4537,0.0464012,0,48,48
45470,4538,0.0362507,0,43,43
45470,4539,0.0261008,0,38,38
45470,4540,0.0159517,0,32,32
45470,4541,0.00580323,0,27,27
45470,4542,-0.00434448,0,22,22
45470,4543,-0.0144915,0,17,17
45470,4544,-0.0246377,0,12,12
45470,4545,-0.0347832,0,7,7
45470,4546,-0.0449279,0,2,2
