time,particle_id,x,y,mesh_index,mesh_index_original
27230,2713,0.0478533,0,48,48
27230,2714,0.0377635,0,43,43
27230,2715,0.0276741,0,38,38
27230,2716,0.0175851,0,33,33
27230,2717,0.00749658,0,28,28
27230,2718,-0.00259156,0,23,23
27230,2719,-0.0126793,0,18,18
27230,2720,-0.0227665,0,13,13
27230,2721,-0.0328534,0,8,8
27230,2722,-0.0429398,0,3,3
