time,particle_id,x,y,mesh_index,mesh_index_original
9440,934,0.0492992,0,49,49
9440,935,0.0392684,0,44,44
9440,936,0.0292377,0,39,39
9440,937,0.0192071,0,34,34
9440,938,0.0091767,0,29,29
9440,939,-0.000853585,0,24,24
9440,940,-0.0108837,0,19,19
9440,941,-0.0209138,0,14,14
9440,942,-0.0309436,0,9,9
9440,943,-0.0409734,0,4,4
