time,particle_id,x,y,mesh_index,mesh_index_original
96040,9594,0.0428286,0,46,46
96040,9595,0.032508,0,41,41
96040,9596,0.0221889,0,36,36
96040,9597,0.0118714,0,30,30
96040,9598,0.00155545,0,25,25
96040,9599,-0.00875889,0,20,20
96040,9600,-0.0190716,0,15,15
96040,9601,-0.0293827,0,10,10
96040,9602,-0.0396922,0,5,5
