time,particle_id,x,y,mesh_index,mesh_index_original
87680,8758,0.0436077,0,46,46
87680,8759,0.0333153,0,41,41
87680,8760,0.0230243,0,36,36
87680,8761,0.0127347,0,31,31
87680,8762,0.00244661,0,26,26
87680,8763,-0.00784007,0,21,21
87680,8764,-0.0181253,0,15,15
87680,8765,-0.028409,0,10,10
87680,8766,-0.0386913,0,5,5
87680,8767,-0.048972,0,0,0
