time,particle_id,x,y,mesh_index,mesh_index_original
92160,9206,0.0427124,0,46,46
92160,9207,0.0324049,0,41,41
92160,9208,0.022099,0,36,36
92160,9209,0.0117945,0,30,30
92160,9210,0.00149155,0,25,25
92160,9211,-0.00880988,0,20,20
92160,9212,-0.0191098,0,15,15
92160,9213,-0.0294081,0,10,10
92160,9214,-0.0397048,0,5,5
