time,particle_id,x,y,mesh_index,mesh_index_original
13510,1341,0.0484253,0,49,49
13510,1342,0.038381,0,44,44
13510,1343,0.0283369,0,39,39
13510,1344,0.0182931,0,34,34
13510,1345,0.00824937,0,29,29
13510,1346,-0.00179411,0,24,24
13510,1347,-0.0118374,0,19,19
13510,1348,-0.0218805,0,14,14
13510,1349,-0.0319234,0,9,9
13510,1350,-0.041966,0,4,4
