time,particle_id,x,y,mesh_index,mesh_index_original
96590,9649,0.0428451,0,46,46
96590,9650,0.0325226,0,41,41
96590,9651,0.0222017,0,36,36
96590,9652,0.0118823,0,30,30
96590,9653,0.00156452,0,25,25
96590,9654,-0.00875166,0,20,20
96590,9655,-0.0190662,0,15,15
96590,9656,-0.0293791,0,10,10
96590,9657,-0.0396904,0,5,5
