time,particle_id,x,y,mesh_index,mesh_index_original
15480,1538,0.0484879,0,49,49
15480,1539,0.0384371,0,44,44
15480,1540,0.0283865,0,39,39
15480,1541,0.0183362,0,34,34
15480,1542,0.00828606,0,29,29
15480,1543,-0.00176383,0,24,24
15480,1544,-0.0118135,0,19,19
15480,1545,-0.0218629,0,14,14
15480,1546,-0.0319121,0,9,9
15480,1547,-0.041961,0,4,4
