time,particle_id,x,y,mesh_index,mesh_index_original
72690,7259,0.0441799,0,47,47
72690,7260,0.0339381,0,41,41
72690,7261,0.0236975,0,36,36
72690,7262,0.013458,0,31,31
72690,7263,0.0032197,0,26,26
72690,7264,-0.00701741,0,21,21
72690,7265,-0.0172533,0,16,16
72690,7266,-0.027488,0,11,11
72690,7267,-0.0377215,0,6,6
72690,7268,-0.0479537,0,1,1
