time,particle_id,x,y,mesh_index,mesh_index_original
8480,838,0.0492684,0,49,49
8480,839,0.0392408,0,44,44
8480,840,0.0292132,0,39,39
8480,841,0.0191858,0,34,34
8480,842,0.00915854,0,29,29
8480,843,-0.000868626,0,24,24
8480,844,-0.0108957,0,19,19
8480,845,-0.0209226,0,14,14
8480,846,-0.0309494,0,9,9
8480,847,-0.0409761,0,4,4
