time,particle_id,x,y,mesh_index,mesh_index_original
32370,3227,0.0470051,0,48,48
32370,3228,0.0368982,0,43,43
32370,3229,0.0267919,0,38,38
32370,3230,0.016686,0,33,33
32370,3231,0.0065806,0,28,28
32370,3232,-0.00352427,0,23,23
32370,3233,-0.0136286,0,18,18
32370,3234,-0.0237325,0,13,13
32370,3235,-0.0338358,0,8,8
32370,3236,-0.0439386,0,3,3
