time,particle_id,x,y,mesh_index,mesh_index_original
9700,960,0.0493075,0,49,49
9700,961,0.0392758,0,44,44
9700,962,0.0292443,0,39,39
9700,963,0.0192129,0,34,34
9700,964,0.00918162,0,29,29
9700,965,-0.00084951,0,24,24
9700,966,-0.0108805,0,19,19
9700,967,-0.0209114,0,14,14
9700,968,-0.0309421,0,9,9
9700,969,-0.0409726,0,4,4
