time,particle_id,x,y,mesh_index,mesh_index_original
85460,8536,0.0435406,0,46,46
85460,8537,0.0332557,0,41,41
85460,8538,0.0229722,0,36,36
85460,8539,0.0126901,0,31,31
85460,8540,0.0024094,0,26,26
85460,8541,-0.0078699,0,21,21
85460,8542,-0.0181478,0,15,15
85460,8543,-0.0284242,0,10,10
85460,8544,-0.0386992,0,5,5
85460,8545,-0.0489727,0,0,0
