time,particle_id,x,y,mesh_index,mesh_index_original
44600,4450,0.0463742,0,48,48
44600,4451,0.0362265,0,43,43
44600,4452,0.0260796,0,38,38
44600,4453,0.0159333,0,32,32
44600,4454,0.00578772,0,27,27
44600,4455,-0.00435714,0,22,22
44600,4456,-0.0145013,0,17,17
44600,4457,-0.0246447,0,12,12
44600,4458,-0.0347874,0,7,7
44600,4459,-0.0449293,0,2,2
