time,particle_id,x,y,mesh_index,mesh_index_original
99330,9923,0.0429273,0,46,46
99330,9924,0.0325955,0,41,41
99330,9925,0.0222653,0,36,36
99330,9926,0.0119367,0,30,30
99330,9927,0.00160971,0,25,25
99330,9928,-0.0087156,0,20,20
99330,9929,-0.0190392,0,15,15
99330,9930,-0.0293612,0,10,10
99330,9931,-0.0396815,0,5,5
