time,particle_id,x,y,mesh_index,mesh_index_original
13620,1352,0.0484288,0,49,49
13620,1353,0.0383841,0,44,44
13620,1354,0.0283397,0,39,39
13620,1355,0.0182955,0,34,34
13620,1356,0.00825142,0,29,29
13620,1357,-0.00179242,0,24,24
13620,1358,-0.0118361,0,19,19
13620,1359,-0.0218795,0,14,14
13620,1360,-0.0319227,0,9,9
13620,1361,-0.0419657,0,4,4
