time,particle_id,x,y,mesh_index,mesh_index_original
32460,3236,0.0470079,0,48,48
32460,3237,0.0369008,0,43,43
32460,3238,0.0267941,0,38,38
32460,3239,0.0166879,0,33,33
32460,3240,0.00658223,0,28,28
32460,3241,-0.00352294,0,23,23
32460,3242,-0.0136276,0,18,18
32460,3243,-0.0237317,0,13,13
32460,3244,-0.0338353,0,8,8
32460,3245,-0.0439384,0,3,3
