time,particle_id,x,y,mesh_index,mesh_index_original
74900,7480,0.0442471,0,47,47
74900,7481,0.0339979,0,41,41
74900,7482,0.0237498,0,36,36
74900,7483,0.013503,0,31,31
74900,7484,0.00325731,0,26,26
74900,7485,-0.00698711,0,21,21
74900,7486,-0.0172303,0,16,16
74900,7487,-0.0274722,0,11,11
74900,7488,-0.0377129,0,6,6
74900,7489,-0.0479523,0,1,1
