time,particle_id,x,y,mesh_index,mesh_index_original
99210,9911,0.0429237,0,46,46
99210,9912,0.0325923,0,41,41
99210,9913,0.0222625,0,36,36
99210,9914,0.0119343,0,30,30
99210,9915,0.00160773,0,25,25
99210,9916,-0.00871718,0,20,20
99210,9917,-0.0190404,0,15,15
99210,9918,-0.029362,0,10,10
99210,9919,-0.0396819,0,5,5
