time,particle_id,x,y,mesh_index,mesh_index_original
84610,8451,0.0435149,0,46,46
84610,8452,0.0332329,0,41,41
84610,8453,0.0229523,0,36,36
84610,8454,0.012673,0,31,31
84610,8455,0.00239516,0,26,26
84610,8456,-0.00788132,0,21,21
84610,8457,-0.0181564,0,15,15
84610,8458,-0.02843,0,10,10
84610,8459,-0.0387022,0,5,5
84610,8460,-0.048973,0,0,0
