time,particle_id,x,y,mesh_index,mesh_index_original
77600,7750,0.0443293,0,47,47
77600,7751,0.034071,0,42,42
77600,7752,0.0238138,0,36,36
77600,7753,0.0135579,0,31,31
77600,7754,0.0033033,0,26,26
77600,7755,-0.00695006,0,21,21
77600,7756,-0.0172021,0,16,16
77600,7757,-0.0274529,0,11,11
77600,7758,-0.0377024,0,6,6
77600,7759,-0.0479505,0,1,1
