time,particle_id,x,y,mesh_index,mesh_index_original
4700,460,0.0491473,0,49,49
4700,461,0.0391322,0,44,44
4700,462,0.0291171,0,39,39
4700,463,0.0191021,0,34,34
4700,464,0.00908711,0,29,29
4700,465,-0.000927805,0,24,24
4700,466,-0.0109427,0,19,19
4700,467,-0.0209575,0,14,14
4700,468,-0.0309722,0,9,9
4700,469,-0.0409869,0,4,4
