time,particle_id,x,y,mesh_index,mesh_index_original
73550,7345,0.044206,0,47,47
73550,7346,0.0339613,0,41,41
73550,7347,0.0237178,0,36,36
73550,7348,0.0134755,0,31,31
73550,7349,0.00323433,0,26,26
73550,7350,-0.00700562,0,21,21
73550,7351,-0.0172444,0,16,16
73550,7352,-0.0274819,0,11,11
73550,7353,-0.0377181,0,6,6
73550,7354,-0.0479531,0,1,1
