time,particle_id,x,y,mesh_index,mesh_index_original
83130,8303,0.0434702,0,46,46
83130,8304,0.0331932,0,41,41
83130,8305,0.0229176,0,36,36
83130,8306,0.0126433,0,31,31
83130,8307,0.00237038,0,26,26
83130,8308,-0.00790119,0,21,21
83130,8309,-0.0181714,0,15,15
83130,8310,-0.0284402,0,10,10
83130,8311,-0.0387075,0,5,5
83130,8312,-0.0489735,0,0,0
