time,particle_id,x,y,mesh_index,mesh_index_original
17170,1707,0.0485417,0,49,49
17170,1708,0.0384853,0,44,44
17170,1709,0.0284291,0,39,39
17170,1710,0.0183732,0,34,34
17170,1711,0.00831756,0,29,29
17170,1712,-0.00173783,0,24,24
17170,1713,-0.011793,0,19,19
17170,1714,-0.0218478,0,14,14
17170,1715,-0.0319024,0,9,9
17170,1716,-0.0419567,0,4,4
