time,particle_id,x,y,mesh_index,mesh_index_original
86270,8617,0.043565,0,46,46
86270,8618,0.0332774,0,41,41
86270,8619,0.0229912,0,36,36
86270,8620,0.0127064,0,31,31
86270,8621,0.00242298,0,26,26
86270,8622,-0.00785902,0,21,21
86270,8623,-0.0181396,0,15,15
86270,8624,-0.0284187,0,10,10
86270,8625,-0.0386963,0,5,5
86270,8626,-0.0489725,0,0,0
