time,particle_id,x,y,mesh_index,mesh_index_original
74280,7418,0.0442282,0,47,47
74280,7419,0.0339811,0,41,41
74280,7420,0.0237351,0,36,36
74280,7421,0.0134903,0,31,31
74280,7422,0.00324676,0,26,26
74280,7423,-0.00699561,0,21,21
74280,7424,-0.0172367,0,16,16
74280,7425,-0.0274766,0,11,11
74280,7426,-0.0377153,0,6,6
74280,7427,-0.0479527,0,1,1
