time,particle_id,x,y,mesh_index,mesh_index_original
30980,3088,0.0469616,0,48,48
30980,3089,0.0368593,0,43,43
30980,3090,0.0267576,0,38,38
30980,3091,0.0166563,0,33,33
30980,3092,0.00655547,0,28,28
30980,3093,-0.00354486,0,23,23
30980,3094,-0.0136447,0,18,18
30980,3095,-0.0237441,0,13,13
30980,3096,-0.0338429,0,8,8
30980,3097,-0.0439412,0,3,3
