time,particle_id,x,y,mesh_index,mesh_index_original
45260,4516,0.0463947,0,48,48
45260,4517,0.0362448,0,43,43
45260,4518,0.0260957,0,38,38
45260,4519,0.0159472,0,32,32
45260,4520,0.00579949,0,27,27
45260,4521,-0.00434753,0,22,22
45260,4522,-0.0144938,0,17,17
45260,4523,-0.0246394,0,12,12
45260,4524,-0.0347842,0,7,7
45260,4525,-0.0449283,0,2,2
