time,particle_id,x,y,mesh_index,mesh_index_original
910,81,0.0490261,0,49,49
910,82,0.0390235,0,44,44
910,83,0.0290208,0,39,39
910,84,0.0190182,0,34,34
910,85,0.00901557,0,29,29
910,86,-0.000987063,0,24,24
910,87,-0.0109897,0,19,19
910,88,-0.0209923,0,14,14
910,89,-0.030995,0,9,9
910,90,-0.0409976,0,4,4
