time,particle_id,x,y,mesh_index,mesh_index_original
60980,6088,0.0448448,0,47,47
60980,6089,0.0346423,0,42,42
60980,6090,0.0244408,0,37,37
60980,6091,0.0142403,0,32,32
60980,6092,0.0040408,0,27,27
60980,6093,-0.00615775,0,21,21
60980,6094,-0.0163553,0,16,16
60980,6095,-0.0265518,0,11,11
60980,6096,-0.0367474,0,6,6
60980,6097,-0.0469418,0,1,1
