time,particle_id,x,y,mesh_index,mesh_index_original
37420,3732,0.0471634,0,48,48
37420,3733,0.0370397,0,43,43
37420,3734,0.0269166,0,38,38
37420,3735,0.016794,0,33,33
37420,3736,0.00667202,0,28,28
37420,3737,-0.00344938,0,23,23
37420,3738,-0.0135702,0,18,18
37420,3739,-0.0236904,0,13,13
37420,3740,-0.03381,0,8,8
37420,3741,-0.0439289,0,3,3
