time,particle_id,x,y,mesh_index,mesh_index_original
990,89,0.0490286,0,49,49
990,90,0.0390258,0,44,44
990,91,0.0290229,0,39,39
990,92,0.01902,0,34,34
990,93,0.00901708,0,29,29
990,94,-0.000985813,0,24,24
990,95,-0.0109887,0,19,19
990,96,-0.0209916,0,14,14
990,97,-0.0309945,0,9,9
990,98,-0.0409974,0,4,4
