time,particle_id,x,y,mesh_index,mesh_index_original
98250,9815,0.0428949,0,46,46
98250,9816,0.0325668,0,41,41
98250,9817,0.0222402,0,36,36
98250,9818,0.0119152,0,30,30
98250,9819,0.00159189,0,25,25
98250,9820,-0.00872982,0,20,20
98250,9821,-0.0190499,0,15,15
98250,9822,-0.0293683,0,10,10
98250,9823,-0.039685,0,5,5
