time,particle_id,x,y,mesh_index,mesh_index_original
89540,8944,0.0436639,0,46,46
89540,8945,0.0333652,0,41,41
89540,8946,0.023068,0,36,36
89540,8947,0.0127722,0,31,31
89540,8948,0.00247781,0,26,26
89540,8949,-0.00781506,0,21,21
89540,8950,-0.0181064,0,15,15
89540,8951,-0.0283963,0,10,10
89540,8952,-0.0386846,0,5,5
89540,8953,-0.0489714,0,0,0
