time,particle_id,x,y,mesh_index,mesh_index_original
96430,9633,0.0428403,0,46,46
96430,9634,0.0325184,0,41,41
96430,9635,0.022198,0,36,36
96430,9636,0.0118791,0,30,30
96430,9637,0.00156188,0,25,25
96430,9638,-0.00875376,0,20,20
96430,9639,-0.0190678,0,15,15
96430,9640,-0.0293802,0,10,10
96430,9641,-0.0396909,0,5,5
