time,particle_id,x,y,mesh_index,mesh_index_original
32980,3288,0.0470242,0,48,48
32980,3289,0.0369153,0,43,43
32980,3290,0.0268069,0,38,38
32980,3291,0.016699,0,33,33
32980,3292,0.00659164,0,28,28
32980,3293,-0.00351523,0,23,23
32980,3294,-0.0136216,0,18,18
32980,3295,-0.0237274,0,13,13
32980,3296,-0.0338327,0,8,8
32980,3297,-0.0439374,0,3,3
