time,particle_id,x,y,mesh_index,mesh_index_original
9580,948,0.0493037,0,49,49
9580,949,0.0392724,0,44,44
9580,950,0.0292412,0,39,39
9580,951,0.0192102,0,34,34
9580,952,0.00917935,0,29,29
9580,953,-0.000851391,0,24,24
9580,954,-0.010882,0,19,19
9580,955,-0.0209125,0,14,14
9580,956,-0.0309428,0,9,9
9580,957,-0.040973,0,4,4
