time,particle_id,x,y,mesh_index,mesh_index_original
62520,6242,0.0448919,0,47,47
62520,6243,0.0346843,0,42,42
62520,6244,0.0244777,0,37,37
62520,6245,0.014272,0,32,32
62520,6246,0.00406741,0,27,27
62520,6247,-0.00613622,0,21,21
62520,6248,-0.0163388,0,16,16
62520,6249,-0.0265404,0,11,11
62520,6250,-0.0367409,0,6,6
62520,6251,-0.0469404,0,1,1
