time,particle_id,x,y,mesh_index,mesh_index_original
11990,1189,0.048377,0,49,49
11990,1190,0.0383378,0,44,44
11990,1191,0.0282987,0,39,39
11990,1192,0.0182598,0,34,34
11990,1193,0.00822108,0,29,29
11990,1194,-0.00181747,0,24,24
11990,1195,-0.0118558,0,19,19
11990,1196,-0.021894,0,14,14
11990,1197,-0.031932,0,9,9
11990,1198,-0.0419699,0,4,4
