time,particle_id,x,y,mesh_index,mesh_index_original
91500,9140,0.0426926,0,46,46
91500,9141,0.0323874,0,41,41
91500,9142,0.0220837,0,36,36
91500,9143,0.0117814,0,30,30
91500,9144,0.00148068,0,25,25
91500,9145,-0.00881854,0,20,20
91500,9146,-0.0191162,0,15,15
91500,9147,-0.0294124,0,10,10
91500,9148,-0.039707,0,5,5
