time,particle_id,x,y,mesh_index,mesh_index_original
23970,2387,0.0477503,0,48,48
23970,2388,0.0376714,0,43,43
23970,2389,0.0275928,0,38,38
23970,2390,0.0175146,0,33,33
23970,2391,0.00743669,0,28,28
23970,2392,-0.00264081,0,23,23
23970,2393,-0.0127179,0,18,18
23970,2394,-0.0227947,0,13,13
23970,2395,-0.0328711,0,8,8
23970,2396,-0.042947,0,3,3
