time,particle_id,x,y,mesh_index,mesh_index_original
99020,9892,0.042918,0,46,46
99020,9893,0.0325873,0,41,41
99020,9894,0.0222581,0,36,36
99020,9895,0.0119305,0,30,30
99020,9896,0.0016046,0,25,25
99020,9897,-0.00871968,0,20,20
99020,9898,-0.0190423,0,15,15
99020,9899,-0.0293632,0,10,10
99020,9900,-0.0396825,0,5,5
