time,particle_id,x,y,mesh_index,mesh_index_original
97940,9784,0.0428856,0,46,46
97940,9785,0.0325585,0,41,41
97940,9786,0.022233,0,36,36
97940,9787,0.0119091,0,30,30
97940,9788,0.00158678,0,25,25
97940,9789,-0.0087339,0,20,20
97940,9790,-0.0190529,0,15,15
97940,9791,-0.0293703,0,10,10
97940,9792,-0.039686,0,5,5
