time,particle_id,x,y,mesh_index,mesh_index_original
78780,7868,0.0443653,0,47,47
78780,7869,0.0341029,0,42,42
78780,7870,0.0238418,0,36,36
78780,7871,0.013582,0,31,31
78780,7872,0.00332341,0,26,26
78780,7873,-0.00693386,0,21,21
78780,7874,-0.0171898,0,16,16
78780,7875,-0.0274445,0,11,11
78780,7876,-0.0376978,0,6,6
78780,7877,-0.0479498,0,1,1
