time,particle_id,x,y,mesh_index,mesh_index_original
55000,5490,0.0456801,0,47,47
55000,5491,0.0354977,0,42,42
55000,5492,0.0253161,0,37,37
55000,5493,0.0151354,0,32,32
55000,5494,0.00495556,0,27,27
55000,5495,-0.00522338,0,22,22
55000,5496,-0.0154014,0,17,17
55000,5497,-0.0255786,0,12,12
55000,5498,-0.0357548,0,7,7
55000,5499,-0.0459301,0,2,2
