time,particle_id,x,y,mesh_index,mesh_index_original
85380,8528,0.0435381,0,46,46
85380,8529,0.0332536,0,41,41
85380,8530,0.0229703,0,36,36
85380,8531,0.0126885,0,31,31
85380,8532,0.00240806,0,26,26
85380,8533,-0.00787098,0,21,21
85380,8534,-0.0181486,0,15,15
85380,8535,-0.0284248,0,10,10
85380,8536,-0.0386995,0,5,5
85380,8537,-0.0489727,0,0,0
