time,particle_id,x,y,mesh_index,mesh_index_original
40900,4080,0.0462591,0,48,48
40900,4081,0.0361238,0,43,43
40900,4082,0.0259892,0,37,37
40900,4083,0.0158551,0,32,32
40900,4084,0.00572178,0,27,27
40900,4085,-0.00441095,0,22,22
40900,4086,-0.014543,0,17,17
40900,4087,-0.0246744,0,12,12
40900,4088,-0.0348052,0,7,7
40900,4089,-0.0449352,0,2,2
