time,particle_id,x,y,mesh_index,mesh_index_original
28330,2823,0.0478881,0,48,48
28330,2824,0.0377946,0,43,43
28330,2825,0.0277016,0,38,38
28330,2826,0.017609,0,33,33
28330,2827,0.0075168,0,28,28
28330,2828,-0.00257493,0,23,23
28330,2829,-0.0126662,0,18,18
28330,2830,-0.022757,0,13,13
28330,2831,-0.0328474,0,8,8
28330,2832,-0.0429373,0,3,3
