time,particle_id,x,y,mesh_index,mesh_index_original
53850,5375,0.0456446,0,47,47
53850,5376,0.035466,0,42,42
53850,5377,0.0252883,0,37,37
53850,5378,0.0151114,0,32,32
53850,5379,0.00493536,0,27,27
53850,5380,-0.0052398,0,22,22
53850,5381,-0.0154141,0,17,17
53850,5382,-0.0255875,0,12,12
53850,5383,-0.03576,0,7,7
53850,5384,-0.0459316,0,2,2
