time,particle_id,x,y,mesh_index,mesh_index_original
4240,414,0.0491326,0,49,49
4240,415,0.039119,0,44,44
4240,416,0.0291054,0,39,39
4240,417,0.0190919,0,34,34
4240,418,0.00907842,0,29,29
4240,419,-0.000935002,0,24,24
4240,420,-0.0109484,0,19,19
4240,421,-0.0209617,0,14,14
4240,422,-0.030975,0,9,9
4240,423,-0.0409882,0,4,4
