time,particle_id,x,y,mesh_index,mesh_index_original
11730,1163,0.0483687,0,49,49
11730,1164,0.0383304,0,44,44
11730,1165,0.0282922,0,39,39
11730,1166,0.0182541,0,34,34
11730,1167,0.00821624,0,29,29
11730,1168,-0.00182146,0,24,24
11730,1169,-0.011859,0,19,19
11730,1170,-0.0218964,0,14,14
11730,1171,-0.0319335,0,9,9
11730,1172,-0.0419705,0,4,4
