time,particle_id,x,y,mesh_index,mesh_index_original
96380,9628,0.0428388,0,46,46
96380,9629,0.032517,0,41,41
96380,9630,0.0221968,0,36,36
96380,9631,0.0118781,0,30,30
96380,9632,0.00156106,0,25,25
96380,9633,-0.00875442,0,20,20
96380,9634,-0.0190683,0,15,15
96380,9635,-0.0293805,0,10,10
96380,9636,-0.0396911,0,5,5
