time,particle_id,x,y,mesh_index,mesh_index_original
79470,7937,0.0443863,0,47,47
79470,7938,0.0341216,0,42,42
79470,7939,0.0238582,0,36,36
79470,7940,0.013596,0,31,31
79470,7941,0.00333518,0,26,26
79470,7942,-0.00692438,0,21,21
79470,7943,-0.0171826,0,16,16
79470,7944,-0.0274395,0,11,11
79470,7945,-0.0376951,0,6,6
79470,7946,-0.0479493,0,1,1
