time,particle_id,x,y,mesh_index,mesh_index_original
34310,3421,0.0470659,0,48,48
34310,3422,0.0369526,0,43,43
34310,3423,0.0268397,0,38,38
34310,3424,0.0167275,0,33,33
34310,3425,0.0066157,0,28,28
34310,3426,-0.00349551,0,23,23
34310,3427,-0.0136062,0,18,18
34310,3428,-0.0237163,0,13,13
34310,3429,-0.0338259,0,8,8
34310,3430,-0.0439349,0,3,3
