time,particle_id,x,y,mesh_index,mesh_index_original
47010,4691,0.0464492,0,48,48
47010,4692,0.0362935,0,43,43
47010,4693,0.0261385,0,38,38
47010,4694,0.0159842,0,32,32
47010,4695,0.00583071,0,27,27
47010,4696,-0.00432205,0,22,22
47010,4697,-0.0144741,0,17,17
47010,4698,-0.0246253,0,12,12
47010,4699,-0.0347758,0,7,7
47010,4700,-0.0449254,0,2,2
