time,particle_id,x,y,mesh_index,mesh_index_original
85370,8527,0.0435378,0,46,46
85370,8528,0.0332533,0,41,41
85370,8529,0.0229701,0,36,36
85370,8530,0.0126883,0,31,31
85370,8531,0.00240789,0,26,26
85370,8532,-0.00787111,0,21,21
85370,8533,-0.0181487,0,15,15
85370,8534,-0.0284248,0,10,10
85370,8535,-0.0386995,0,5,5
85370,8536,-0.0489728,0,0,0
