time,particle_id,x,y,mesh_index,mesh_index_original
15030,1493,0.0484736,0,49,49
15030,1494,0.0384243,0,44,44
15030,1495,0.0283752,0,39,39
15030,1496,0.0183263,0,34,34
15030,1497,0.00827768,0,29,29
15030,1498,-0.00177075,0,24,24
15030,1499,-0.0118189,0,19,19
15030,1500,-0.0218669,0,14,14
15030,1501,-0.0319147,0,9,9
15030,1502,-0.0419622,0,4,4
