time,particle_id,x,y,mesh_index,mesh_index_original
79480,7938,0.0443866,0,47,47
79480,7939,0.0341219,0,42,42
79480,7940,0.0238584,0,36,36
79480,7941,0.0135962,0,31,31
79480,7942,0.00333535,0,26,26
79480,7943,-0.00692425,0,21,21
79480,7944,-0.0171825,0,16,16
79480,7945,-0.0274395,0,11,11
79480,7946,-0.0376951,0,6,6
79480,7947,-0.0479493,0,1,1
