time,particle_id,x,y,mesh_index,mesh_index_original
13500,1340,0.048425,0,49,49
13500,1341,0.0383807,0,44,44
13500,1342,0.0283367,0,39,39
13500,1343,0.0182928,0,34,34
13500,1344,0.00824919,0,29,29
13500,1345,-0.00179427,0,24,24
13500,1346,-0.0118375,0,19,19
13500,1347,-0.0218806,0,14,14
13500,1348,-0.0319234,0,9,9
13500,1349,-0.041966,0,4,4
