time,particle_id,x,y,mesh_index,mesh_index_original
65240,6514,0.0449753,0,47,47
65240,6515,0.0347586,0,42,42
65240,6516,0.0245428,0,37,37
65240,6517,0.0143281,0,32,32
65240,6518,0.00411444,0,27,27
65240,6519,-0.00609816,0,21,21
65240,6520,-0.0163097,0,16,16
65240,6521,-0.0265201,0,11,11
65240,6522,-0.0367295,0,6,6
65240,6523,-0.0469377,0,1,1
