time,particle_id,x,y,mesh_index,mesh_index_original
31270,3117,0.0469707,0,48,48
31270,3118,0.0368675,0,43,43
31270,3119,0.0267647,0,38,38
31270,3120,0.0166625,0,33,33
31270,3121,0.00656071,0,28,28
31270,3122,-0.00354057,0,23,23
31270,3123,-0.0136414,0,18,18
31270,3124,-0.0237416,0,13,13
31270,3125,-0.0338414,0,8,8
31270,3126,-0.0439407,0,3,3
