time,particle_id,x,y,mesh_index,mesh_index_original
36410,3631,0.0471317,0,48,48
36410,3632,0.0370114,0,43,43
36410,3633,0.0268916,0,38,38
36410,3634,0.0167724,0,33,33
36410,3635,0.00665372,0,28,28
36410,3636,-0.00346437,0,23,23
36410,3637,-0.0135819,0,18,18
36410,3638,-0.0236988,0,13,13
36410,3639,-0.0338151,0,8,8
36410,3640,-0.0439309,0,3,3
