time,particle_id,x,y,mesh_index,mesh_index_original
13830,1373,0.0484355,0,49,49
13830,1374,0.0383901,0,44,44
13830,1375,0.028345,0,39,39
13830,1376,0.0183001,0,34,34
13830,1377,0.00825533,0,29,29
13830,1378,-0.0017892,0,24,24
13830,1379,-0.0118335,0,19,19
13830,1380,-0.0218776,0,14,14
13830,1381,-0.0319215,0,9,9
13830,1382,-0.0419652,0,4,4
