time,particle_id,x,y,mesh_index,mesh_index_original
81980,8188,0.0434355,0,46,46
81980,8189,0.0331624,0,41,41
81980,8190,0.0228907,0,36,36
81980,8191,0.0126202,0,31,31
81980,8192,0.00235113,0,26,26
81980,8193,-0.00791662,0,21,21
81980,8194,-0.018183,0,15,15
81980,8195,-0.028448,0,10,10
81980,8196,-0.0387116,0,5,5
81980,8197,-0.0489738,0,0,0
