time,particle_id,x,y,mesh_index,mesh_index_original
27050,2695,0.0478476,0,48,48
27050,2696,0.0377584,0,43,43
27050,2697,0.0276696,0,38,38
27050,2698,0.0175812,0,33,33
27050,2699,0.00749327,0,28,28
27050,2700,-0.00259428,0,23,23
27050,2701,-0.0126814,0,18,18
27050,2702,-0.0227681,0,13,13
27050,2703,-0.0328544,0,8,8
27050,2704,-0.0429402,0,3,3
