time,particle_id,x,y,mesh_index,mesh_index_original
28120,2802,0.0478814,0,48,48
28120,2803,0.0377887,0,43,43
28120,2804,0.0276963,0,38,38
28120,2805,0.0176044,0,33,33
28120,2806,0.00751294,0,28,28
28120,2807,-0.0025781,0,23,23
28120,2808,-0.0126687,0,18,18
28120,2809,-0.0227589,0,13,13
28120,2810,-0.0328486,0,8,8
28120,2811,-0.0429378,0,3,3
