time,particle_id,x,y,mesh_index,mesh_index_original
17020,1692,0.0485369,0,49,49
17020,1693,0.038481,0,44,44
17020,1694,0.0284253,0,39,39
17020,1695,0.0183699,0,34,34
17020,1696,0.00831476,0,29,29
17020,1697,-0.00174014,0,24,24
17020,1698,-0.0117948,0,19,19
17020,1699,-0.0218492,0,14,14
17020,1700,-0.0319033,0,9,9
17020,1701,-0.0419571,0,4,4
