time,particle_id,x,y,mesh_index,mesh_index_original
96560,9646,0.0428442,0,46,46
96560,9647,0.0325218,0,41,41
96560,9648,0.022201,0,36,36
96560,9649,0.0118817,0,30,30
96560,9650,0.00156403,0,25,25
96560,9651,-0.00875205,0,20,20
96560,9652,-0.0190665,0,15,15
96560,9653,-0.0293793,0,10,10
96560,9654,-0.0396905,0,5,5
