time,particle_id,x,y,mesh_index,mesh_index_original
51740,5164,0.0455794,0,47,47
51740,5165,0.0354079,0,42,42
51740,5166,0.0252373,0,37,37
51740,5167,0.0150674,0,32,32
51740,5168,0.00489832,0,27,27
51740,5169,-0.0052699,0,22,22
51740,5170,-0.0154373,0,17,17
51740,5171,-0.0256038,0,12,12
51740,5172,-0.0357695,0,7,7
51740,5173,-0.0459343,0,2,2
