time,particle_id,x,y,mesh_index,mesh_index_original
13420,1332,0.0484224,0,49,49
13420,1333,0.0383785,0,44,44
13420,1334,0.0283347,0,39,39
13420,1335,0.0182911,0,34,34
13420,1336,0.0082477,0,29,29
13420,1337,-0.0017955,0,24,24
13420,1338,-0.0118385,0,19,19
13420,1339,-0.0218813,0,14,14
13420,1340,-0.0319239,0,9,9
13420,1341,-0.0419662,0,4,4
