time,particle_id,x,y,mesh_index,mesh_index_original
68840,6874,0.0450858,0,47,47
68840,6875,0.0348569,0,42,42
68840,6876,0.0246291,0,37,37
68840,6877,0.0144024,0,32,32
68840,6878,0.00417676,0,27,27
68840,6879,-0.00604774,0,21,21
68840,6880,-0.0162711,0,16,16
68840,6881,-0.0264933,0,11,11
68840,6882,-0.0367144,0,6,6
68840,6883,-0.0469343,0,1,1
