time,particle_id,x,y,mesh_index,mesh_index_original
11810,1171,0.0483713,0,49,49
11810,1172,0.0383326,0,44,44
11810,1173,0.0282942,0,39,39
11810,1174,0.0182559,0,34,34
11810,1175,0.00821773,0,29,29
11810,1176,-0.00182023,0,24,24
11810,1177,-0.011858,0,19,19
11810,1178,-0.0218956,0,14,14
11810,1179,-0.0319331,0,9,9
11810,1180,-0.0419703,0,4,4
