time,particle_id,x,y,mesh_index,mesh_index_original
24910,2481,0.04778,0,48,48
24910,2482,0.0376979,0,43,43
24910,2483,0.0276162,0,38,38
24910,2484,0.0175349,0,33,33
24910,2485,0.00745395,0,28,28
24910,2486,-0.00262661,0,23,23
24910,2487,-0.0127068,0,18,18
24910,2488,-0.0227866,0,13,13
24910,2489,-0.032866,0,8,8
24910,2490,-0.0429449,0,3,3
