time,particle_id,x,y,mesh_index,mesh_index_original
36990,3689,0.0471499,0,48,48
36990,3690,0.0370277,0,43,43
36990,3691,0.0269059,0,38,38
36990,3692,0.0167848,0,33,33
36990,3693,0.00666423,0,28,28
36990,3694,-0.00345576,0,23,23
36990,3695,-0.0135752,0,18,18
36990,3696,-0.023694,0,13,13
36990,3697,-0.0338122,0,8,8
36990,3698,-0.0439297,0,3,3
