time,particle_id,x,y,mesh_index,mesh_index_original
10280,1018,0.0483227,0,49,49
10280,1019,0.0382891,0,44,44
10280,1020,0.0282557,0,39,39
10280,1021,0.0182224,0,34,34
10280,1022,0.00818927,0,29,29
10280,1023,-0.00184373,0,24,24
10280,1024,-0.0118766,0,19,19
10280,1025,-0.0219093,0,14,14
10280,1026,-0.0319418,0,9,9
10280,1027,-0.0419742,0,4,4
