time,particle_id,x,y,mesh_index,mesh_index_original
31350,3125,0.0469732,0,48,48
31350,3126,0.0368697,0,43,43
31350,3127,0.0267667,0,38,38
31350,3128,0.0166642,0,33,33
31350,3129,0.00656216,0,28,28
31350,3130,-0.00353938,0,23,23
31350,3131,-0.0136404,0,18,18
31350,3132,-0.023741,0,13,13
31350,3133,-0.033841,0,8,8
31350,3134,-0.0439405,0,3,3
