time,particle_id,x,y,mesh_index,mesh_index_original
75520,7542,0.044266,0,47,47
75520,7543,0.0340146,0,42,42
75520,7544,0.0237645,0,36,36
75520,7545,0.0135156,0,31,31
75520,7546,0.00326787,0,26,26
75520,7547,-0.0069786,0,21,21
75520,7548,-0.0172238,0,16,16
75520,7549,-0.0274678,0,11,11
75520,7550,-0.0377105,0,6,6
75520,7551,-0.0479519,0,1,1
