time,particle_id,x,y,mesh_index,mesh_index_original
8900,880,0.0492819,0,49,49
8900,881,0.0392528,0,44,44
8900,882,0.0292239,0,39,39
8900,883,0.0191951,0,34,34
8900,884,0.00916649,0,29,29
8900,885,-0.000862046,0,24,24
8900,886,-0.0108905,0,19,19
8900,887,-0.0209187,0,14,14
8900,888,-0.0309469,0,9,9
8900,889,-0.0409749,0,4,4
