time,particle_id,x,y,mesh_index,mesh_index_original
36980,3688,0.0471496,0,48,48
36980,3689,0.0370274,0,43,43
36980,3690,0.0269057,0,38,38
36980,3691,0.0167846,0,33,33
36980,3692,0.00666405,0,28,28
36980,3693,-0.00345591,0,23,23
36980,3694,-0.0135753,0,18,18
36980,3695,-0.023694,0,13,13
36980,3696,-0.0338122,0,8,8
36980,3697,-0.0439298,0,3,3
