time,particle_id,x,y,mesh_index,mesh_index_original
67780,6768,0.0450533,0,47,47
67780,6769,0.0348279,0,42,42
67780,6770,0.0246037,0,37,37
67780,6771,0.0143805,0,32,32
67780,6772,0.0041584,0,27,27
67780,6773,-0.00606259,0,21,21
67780,6774,-0.0162825,0,16,16
67780,6775,-0.0265012,0,11,11
67780,6776,-0.0367188,0,6,6
67780,6777,-0.0469353,0,1,1
