time,particle_id,x,y,mesh_index,mesh_index_original
57350,5725,0.0457527,0,47,47
57350,5726,0.0355624,0,42,42
57350,5727,0.025373,0,37,37
57350,5728,0.0151845,0,32,32
57350,5729,0.00499687,0,27,27
57350,5730,-0.00518982,0,22,22
57350,5731,-0.0153756,0,17,17
57350,5732,-0.0255604,0,12,12
57350,5733,-0.0357442,0,7,7
57350,5734,-0.0459271,0,2,2
