time,particle_id,x,y,mesh_index,mesh_index_original
34230,3413,0.0470634,0,48,48
34230,3414,0.0369503,0,43,43
34230,3415,0.0268378,0,38,38
34230,3416,0.0167257,0,33,33
34230,3417,0.00661425,0,28,28
34230,3418,-0.0034967,0,23,23
34230,3419,-0.0136071,0,18,18
34230,3420,-0.023717,0,13,13
34230,3421,-0.0338263,0,8,8
34230,3422,-0.043935,0,3,3
