time,particle_id,x,y,mesh_index,mesh_index_original
7140,704,0.0492255,0,49,49
7140,705,0.0392023,0,44,44
7140,706,0.0291791,0,39,39
7140,707,0.0191561,0,34,34
7140,708,0.00913321,0,29,29
7140,709,-0.000889614,0,24,24
7140,710,-0.0109123,0,19,19
7140,711,-0.020935,0,14,14
7140,712,-0.0309575,0,9,9
7140,713,-0.0409799,0,4,4
