time,particle_id,x,y,mesh_index,mesh_index_original
54230,5413,0.0456563,0,47,47
54230,5414,0.0354765,0,42,42
54230,5415,0.0252975,0,37,37
54230,5416,0.0151193,0,32,32
54230,5417,0.00494204,0,27,27
54230,5418,-0.00523438,0,22,22
54230,5419,-0.0154099,0,17,17
54230,5420,-0.0255845,0,12,12
54230,5421,-0.0357583,0,7,7
54230,5422,-0.0459311,0,2,2
