time,particle_id,x,y,mesh_index,mesh_index_original
40260,4016,0.0462392,0,48,48
40260,4017,0.0361061,0,43,43
40260,4018,0.0259735,0,37,37
40260,4019,0.0158416,0,32,32
40260,4020,0.00571038,0,27,27
40260,4021,-0.00442025,0,22,22
40260,4022,-0.0145502,0,17,17
40260,4023,-0.0246796,0,12,12
40260,4024,-0.0348082,0,7,7
40260,4025,-0.0449362,0,2,2
