time,particle_id,x,y,mesh_index,mesh_index_original
6410,631,0.0492021,0,49,49
6410,632,0.0391813,0,44,44
6410,633,0.0291606,0,39,39
6410,634,0.01914,0,34,34
6410,635,0.00911941,0,29,29
6410,636,-0.000901044,0,24,24
6410,637,-0.0109214,0,19,19
6410,638,-0.0209417,0,14,14
6410,639,-0.0309619,0,9,9
6410,640,-0.040982,0,4,4
