time,particle_id,x,y,mesh_index,mesh_index_original
45790,4569,0.0464112,0,48,48
45790,4570,0.0362596,0,43,43
45790,4571,0.0261086,0,38,38
45790,4572,0.0159584,0,32,32
45790,4573,0.00580894,0,27,27
45790,4574,-0.00433982,0,22,22
45790,4575,-0.0144878,0,17,17
45790,4576,-0.0246351,0,12,12
45790,4577,-0.0347816,0,7,7
45790,4578,-0.0449274,0,2,2
