time,particle_id,x,y,mesh_index,mesh_index_original
37480,3738,0.0471653,0,48,48
37480,3739,0.0370414,0,43,43
37480,3740,0.0269181,0,38,38
37480,3741,0.0167953,0,33,33
37480,3742,0.0066731,0,28,28
37480,3743,-0.00344849,0,23,23
37480,3744,-0.0135695,0,18,18
37480,3745,-0.0236899,0,13,13
37480,3746,-0.0338096,0,8,8
37480,3747,-0.0439288,0,3,3
