time,particle_id,x,y,mesh_index,mesh_index_original
97330,9723,0.0428673,0,46,46
97330,9724,0.0325423,0,41,41
97330,9725,0.0222189,0,36,36
97330,9726,0.011897,0,30,30
97330,9727,0.00157672,0,25,25
97330,9728,-0.00874192,0,20,20
97330,9729,-0.0190589,0,15,15
97330,9730,-0.0293743,0,10,10
97330,9731,-0.039688,0,5,5
