time,particle_id,x,y,mesh_index,mesh_index_original
930,83,0.0490267,0,49,49
930,84,0.039024,0,44,44
930,85,0.0290213,0,39,39
930,86,0.0190186,0,34,34
930,87,0.00901595,0,29,29
930,88,-0.000986751,0,24,24
930,89,-0.0109895,0,19,19
930,90,-0.0209922,0,14,14
930,91,-0.0309949,0,9,9
930,92,-0.0409976,0,4,4
