time,particle_id,x,y,mesh_index,mesh_index_original
3240,314,0.0491006,0,49,49
3240,315,0.0390903,0,44,44
3240,316,0.02908,0,39,39
3240,317,0.0190698,0,34,34
3240,318,0.00905954,0,29,29
3240,319,-0.000950642,0,24,24
3240,320,-0.0109608,0,19,19
3240,321,-0.0209709,0,14,14
3240,322,-0.030981,0,9,9
3240,323,-0.040991,0,4,4
