time,particle_id,x,y,mesh_index,mesh_index_original
8830,873,0.0492796,0,49,49
8830,874,0.0392508,0,44,44
8830,875,0.0292221,0,39,39
8830,876,0.0191936,0,34,34
8830,877,0.00916516,0,29,29
8830,878,-0.000863143,0,24,24
8830,879,-0.0108913,0,19,19
8830,880,-0.0209194,0,14,14
8830,881,-0.0309473,0,9,9
8830,882,-0.0409751,0,4,4
