time,particle_id,x,y,mesh_index,mesh_index_original
35750,3565,0.047111,0,48,48
35750,3566,0.0369929,0,43,43
35750,3567,0.0268753,0,38,38
35750,3568,0.0167583,0,33,33
35750,3569,0.00664177,0,28,28
35750,3570,-0.00347416,0,23,23
35750,3571,-0.0135895,0,18,18
35750,3572,-0.0237043,0,13,13
35750,3573,-0.0338185,0,8,8
35750,3574,-0.0439321,0,3,3
