time,particle_id,x,y,mesh_index,mesh_index_original
31900,3180,0.0469904,0,48,48
31900,3181,0.0368851,0,43,43
31900,3182,0.0267803,0,38,38
31900,3183,0.0166759,0,33,33
31900,3184,0.0065721,0,28,28
31900,3185,-0.00353123,0,23,23
31900,3186,-0.0136341,0,18,18
31900,3187,-0.0237364,0,13,13
31900,3188,-0.0338382,0,8,8
31900,3189,-0.0439395,0,3,3
