time,particle_id,x,y,mesh_index,mesh_index_original
33210,3311,0.0470314,0,48,48
33210,3312,0.0369218,0,43,43
33210,3313,0.0268126,0,38,38
33210,3314,0.0167039,0,33,33
33210,3315,0.0065958,0,28,28
33210,3316,-0.00351182,0,23,23
33210,3317,-0.0136189,0,18,18
33210,3318,-0.0237255,0,13,13
33210,3319,-0.0338315,0,8,8
33210,3320,-0.043937,0,3,3
