time,particle_id,x,y,mesh_index,mesh_index_original
83750,8365,0.0434889,0,46,46
83750,8366,0.0332099,0,41,41
83750,8367,0.0229321,0,36,36
83750,8368,0.0126558,0,31,31
83750,8369,0.00238076,0,26,26
83750,8370,-0.00789287,0,21,21
83750,8371,-0.0181651,0,15,15
83750,8372,-0.0284359,0,10,10
83750,8373,-0.0387053,0,5,5
83750,8374,-0.0489733,0,0,0
