time,particle_id,x,y,mesh_index,mesh_index_original
89200,8910,0.0436536,0,46,46
89200,8911,0.0333561,0,41,41
89200,8912,0.02306,0,36,36
89200,8913,0.0127653,0,31,31
89200,8914,0.00247211,0,26,26
89200,8915,-0.00781963,0,21,21
89200,8916,-0.0181099,0,15,15
89200,8917,-0.0283986,0,10,10
89200,8918,-0.0386858,0,5,5
89200,8919,-0.0489715,0,0,0
