time,particle_id,x,y,mesh_index,mesh_index_original
32810,3271,0.0470189,0,48,48
32810,3272,0.0369106,0,43,43
32810,3273,0.0268027,0,38,38
32810,3274,0.0166954,0,33,33
32810,3275,0.00658856,0,28,28
32810,3276,-0.00351775,0,23,23
32810,3277,-0.0136235,0,18,18
32810,3278,-0.0237288,0,13,13
32810,3279,-0.0338335,0,8,8
32810,3280,-0.0439377,0,3,3
