time,particle_id,x,y,mesh_index,mesh_index_original
70030,6993,0.0451224,0,47,47
70030,6994,0.0348895,0,42,42
70030,6995,0.0246576,0,37,37
70030,6996,0.0144269,0,32,32
70030,6997,0.00419737,0,27,27
70030,6998,-0.00603106,0,21,21
70030,6999,-0.0162583,0,16,16
70030,7000,-0.027507,0,11,11
70030,7001,-0.0377318,0,6,6
70030,7002,-0.0479554,0,1,1
