time,particle_id,x,y,mesh_index,mesh_index_original
20600,2050,0.047644,0,48,48
20600,2051,0.0375763,0,43,43
20600,2052,0.0275088,0,38,38
20600,2053,0.0174417,0,33,33
20600,2054,0.00737486,0,28,28
20600,2055,-0.00269167,0,23,23
20600,2056,-0.0127579,0,18,18
20600,2057,-0.0228238,0,13,13
20600,2058,-0.0328893,0,8,8
20600,2059,-0.0429545,0,3,3
