time,particle_id,x,y,mesh_index,mesh_index_original
76600,7650,0.0442989,0,47,47
76600,7651,0.0340439,0,42,42
76600,7652,0.0237901,0,36,36
76600,7653,0.0135376,0,31,31
76600,7654,0.00328626,0,26,26
76600,7655,-0.00696379,0,21,21
76600,7656,-0.0172126,0,16,16
76600,7657,-0.0274601,0,11,11
76600,7658,-0.0377063,0,6,6
76600,7659,-0.0479512,0,1,1
