time,particle_id,x,y,mesh_index,mesh_index_original
72790,7269,0.0441829,0,47,47
72790,7270,0.0339408,0,41,41
72790,7271,0.0236998,0,36,36
72790,7272,0.01346,0,31,31
72790,7273,0.0032214,0,26,26
72790,7274,-0.00701604,0,21,21
72790,7275,-0.0172523,0,16,16
72790,7276,-0.0274873,0,11,11
72790,7277,-0.0377211,0,6,6
72790,7278,-0.0479536,0,1,1
