time,particle_id,x,y,mesh_index,mesh_index_original
5270,517,0.0491656,0,49,49
5270,518,0.0391485,0,44,44
5270,519,0.0291316,0,39,39
5270,520,0.0191147,0,34,34
5270,521,0.00909787,0,29,29
5270,522,-0.000918886,0,24,24
5270,523,-0.0109356,0,19,19
5270,524,-0.0209522,0,14,14
5270,525,-0.0309688,0,9,9
5270,526,-0.0409852,0,4,4
