time,particle_id,x,y,mesh_index,mesh_index_original
14640,1454,0.0484612,0,49,49
14640,1455,0.0384132,0,44,44
14640,1456,0.0283654,0,39,39
14640,1457,0.0183178,0,34,34
14640,1458,0.00827042,0,29,29
14640,1459,-0.00177674,0,24,24
14640,1460,-0.0118237,0,19,19
14640,1461,-0.0218704,0,14,14
14640,1462,-0.0319169,0,9,9
14640,1463,-0.0419632,0,4,4
