time,particle_id,x,y,mesh_index,mesh_index_original
24300,2420,0.0477608,0,48,48
24300,2421,0.0376807,0,43,43
24300,2422,0.027601,0,38,38
24300,2423,0.0175217,0,33,33
24300,2424,0.00744275,0,28,28
24300,2425,-0.00263583,0,23,23
24300,2426,-0.012714,0,18,18
24300,2427,-0.0227918,0,13,13
24300,2428,-0.0328693,0,8,8
24300,2429,-0.0429463,0,3,3
