time,particle_id,x,y,mesh_index,mesh_index_original
4260,416,0.0491332,0,49,49
4260,417,0.0391196,0,44,44
4260,418,0.0291059,0,39,39
4260,419,0.0190923,0,34,34
4260,420,0.0090788,0,29,29
4260,421,-0.000934689,0,24,24
4260,422,-0.0109481,0,19,19
4260,423,-0.0209615,0,14,14
4260,424,-0.0309748,0,9,9
4260,425,-0.0409881,0,4,4
