time,particle_id,x,y,mesh_index,mesh_index_original
94670,9457,0.0427876,0,46,46
94670,9458,0.0324716,0,41,41
94670,9459,0.0221571,0,36,36
94670,9460,0.0118442,0,30,30
94670,9461,0.00153288,0,25,25
94670,9462,-0.0087769,0,20,20
94670,9463,-0.0190851,0,15,15
94670,9464,-0.0293917,0,10,10
94670,9465,-0.0396967,0,5,5
