time,particle_id,x,y,mesh_index,mesh_index_original
8610,851,0.0492726,0,49,49
8610,852,0.0392445,0,44,44
8610,853,0.0292165,0,39,39
8610,854,0.0191887,0,34,34
8610,855,0.009161,0,29,29
8610,856,-0.00086659,0,24,24
8610,857,-0.0108941,0,19,19
8610,858,-0.0209214,0,14,14
8610,859,-0.0309486,0,9,9
8610,860,-0.0409757,0,4,4
