time,particle_id,x,y,mesh_index,mesh_index_original
40360,4026,0.0462423,0,48,48
40360,4027,0.0361088,0,43,43
40360,4028,0.025976,0,37,37
40360,4029,0.0158438,0,32,32
40360,4030,0.00571216,0,27,27
40360,4031,-0.0044188,0,22,22
40360,4032,-0.0145491,0,17,17
40360,4033,-0.0246788,0,12,12
40360,4034,-0.0348078,0,7,7
40360,4035,-0.0449361,0,2,2
