time,particle_id,x,y,mesh_index,mesh_index_original
81600,8150,0.043424,0,46,46
81600,8151,0.0331522,0,41,41
81600,8152,0.0228818,0,36,36
81600,8153,0.0126126,0,31,31
81600,8154,0.00234477,0,26,26
81600,8155,-0.00792172,0,21,21
81600,8156,-0.0181869,0,15,15
81600,8157,-0.0284506,0,10,10
81600,8158,-0.038713,0,5,5
81600,8159,-0.048974,0,0,0
