time,particle_id,x,y,mesh_index,mesh_index_original
71110,7101,0.0441318,0,47,47
71110,7102,0.0338954,0,41,41
71110,7103,0.0236601,0,36,36
71110,7104,0.0134259,0,31,31
71110,7105,0.00319283,0,26,26
71110,7106,-0.00703905,0,21,21
71110,7107,-0.0172698,0,16,16
71110,7108,-0.0274993,0,11,11
71110,7109,-0.0377276,0,6,6
71110,7110,-0.0479547,0,1,1
