time,particle_id,x,y,mesh_index,mesh_index_original
6910,681,0.0492181,0,49,49
6910,682,0.0391956,0,44,44
6910,683,0.0291733,0,39,39
6910,684,0.019151,0,34,34
6910,685,0.00912886,0,29,29
6910,686,-0.000893215,0,24,24
6910,687,-0.0109152,0,19,19
6910,688,-0.0209371,0,14,14
6910,689,-0.0309589,0,9,9
6910,690,-0.0409806,0,4,4
