time,particle_id,x,y,mesh_index,mesh_index_original
31620,3152,0.0469816,0,48,48
31620,3153,0.0368773,0,43,43
31620,3154,0.0267734,0,38,38
31620,3155,0.01667,0,33,33
31620,3156,0.00656704,0,28,28
31620,3157,-0.00353538,0,23,23
31620,3158,-0.0136373,0,18,18
31620,3159,-0.0237387,0,13,13
31620,3160,-0.0338396,0,8,8
31620,3161,-0.04394,0,3,3
