time,particle_id,x,y,mesh_index,mesh_index_original
4210,411,0.0491316,0,49,49
4210,412,0.0391181,0,44,44
4210,413,0.0291046,0,39,39
4210,414,0.0190912,0,34,34
4210,415,0.00907785,0,29,29
4210,416,-0.000935471,0,24,24
4210,417,-0.0109487,0,19,19
4210,418,-0.020962,0,14,14
4210,419,-0.0309751,0,9,9
4210,420,-0.0409882,0,4,4
