time,particle_id,x,y,mesh_index,mesh_index_original
11160,1106,0.0483506,0,49,49
11160,1107,0.0383142,0,44,44
11160,1108,0.0282778,0,39,39
11160,1109,0.0182417,0,34,34
11160,1110,0.00820564,0,29,29
11160,1111,-0.00183022,0,24,24
11160,1112,-0.0118659,0,19,19
11160,1113,-0.0219014,0,14,14
11160,1114,-0.0319368,0,9,9
11160,1115,-0.041972,0,4,4
