time,particle_id,x,y,mesh_index,mesh_index_original
49660,4956,0.0465318,0,48,48
49660,4957,0.0363672,0,43,43
49660,4958,0.0262034,0,38,38
49660,4959,0.0160403,0,33,33
49660,4960,0.00587803,0,27,27
49660,4961,-0.00428344,0,22,22
49660,4962,-0.0144441,0,17,17
49660,4963,-0.024604,0,12,12
49660,4964,-0.034763,0,7,7
49660,4965,-0.0449212,0,2,2
