time,particle_id,x,y,mesh_index,mesh_index_original
29590,2949,0.0479279,0,48,48
29590,2950,0.0378302,0,43,43
29590,2951,0.027733,0,38,38
29590,2952,0.0176363,0,33,33
29590,2953,0.00753997,0,28,28
29590,2954,-0.00255587,0,23,23
29590,2955,-0.0126512,0,18,18
29590,2956,-0.0227461,0,13,13
29590,2957,-0.0328406,0,8,8
29590,2958,-0.0429345,0,3,3
