time,particle_id,x,y,mesh_index,mesh_index_original
11440,1134,0.0483595,0,49,49
11440,1135,0.0383221,0,44,44
11440,1136,0.0282849,0,39,39
11440,1137,0.0182478,0,34,34
11440,1138,0.00821085,0,29,29
11440,1139,-0.00182592,0,24,24
11440,1140,-0.0118625,0,19,19
11440,1141,-0.0218989,0,14,14
11440,1142,-0.0319352,0,9,9
11440,1143,-0.0419713,0,4,4
