time,particle_id,x,y,mesh_index,mesh_index_original
83570,8347,0.0434835,0,46,46
83570,8348,0.033205,0,41,41
83570,8349,0.0229279,0,36,36
83570,8350,0.0126522,0,31,31
83570,8351,0.00237775,0,26,26
83570,8352,-0.00789528,0,21,21
83570,8353,-0.0181669,0,15,15
83570,8354,-0.0284371,0,10,10
83570,8355,-0.038706,0,5,5
83570,8356,-0.0489733,0,0,0
