time,particle_id,x,y,mesh_index,mesh_index_original
49360,4926,0.0465224,0,48,48
49360,4927,0.0363588,0,43,43
49360,4928,0.026196,0,38,38
49360,4929,0.0160339,0,33,33
49360,4930,0.00587267,0,27,27
49360,4931,-0.00428781,0,22,22
49360,4932,-0.0144475,0,17,17
49360,4933,-0.0246064,0,12,12
49360,4934,-0.0347644,0,7,7
49360,4935,-0.0449217,0,2,2
