time,particle_id,x,y,mesh_index,mesh_index_original
75830,7573,0.0442754,0,47,47
75830,7574,0.034023,0,42,42
75830,7575,0.0237719,0,36,36
75830,7576,0.0135219,0,31,31
75830,7577,0.00327315,0,26,26
75830,7578,-0.00697435,0,21,21
75830,7579,-0.0172206,0,16,16
75830,7580,-0.0274656,0,11,11
75830,7581,-0.0377093,0,6,6
75830,7582,-0.0479517,0,1,1
