time,particle_id,x,y,mesh_index,mesh_index_original
95410,9531,0.0428097,0,46,46
95410,9532,0.0324913,0,41,41
95410,9533,0.0221743,0,36,36
95410,9534,0.0118589,0,30,30
95410,9535,0.00154507,0,25,25
95410,9536,-0.00876717,0,20,20
95410,9537,-0.0190778,0,15,15
95410,9538,-0.0293869,0,10,10
95410,9539,-0.0396943,0,5,5
