time,particle_id,x,y,mesh_index,mesh_index_original
28770,2867,0.047902,0,48,48
28770,2868,0.037807,0,43,43
28770,2869,0.0277126,0,38,38
28770,2870,0.0176185,0,33,33
28770,2871,0.00752489,0,28,28
28770,2872,-0.00256827,0,23,23
28770,2873,-0.012661,0,18,18
28770,2874,-0.0227532,0,13,13
28770,2875,-0.032845,0,8,8
28770,2876,-0.0429364,0,3,3
