time,particle_id,x,y,mesh_index,mesh_index_original
78880,7878,0.0443683,0,47,47
78880,7879,0.0341056,0,42,42
78880,7880,0.0238442,0,36,36
78880,7881,0.013584,0,31,31
78880,7882,0.00332512,0,26,26
78880,7883,-0.00693249,0,21,21
78880,7884,-0.0171888,0,16,16
78880,7885,-0.0274438,0,11,11
78880,7886,-0.0376974,0,6,6
78880,7887,-0.0479497,0,1,1
