time,particle_id,x,y,mesh_index,mesh_index_original
11950,1185,0.0483757,0,49,49
11950,1186,0.0383366,0,44,44
11950,1187,0.0282977,0,39,39
11950,1188,0.0182589,0,34,34
11950,1189,0.00822034,0,29,29
11950,1190,-0.00181808,0,24,24
11950,1191,-0.0118563,0,19,19
11950,1192,-0.0218944,0,14,14
11950,1193,-0.0319323,0,9,9
11950,1194,-0.04197,0,4,4
