time,particle_id,x,y,mesh_index,mesh_index_original
77700,7760,0.0443324,0,47,47
77700,7761,0.0340737,0,42,42
77700,7762,0.0238162,0,36,36
77700,7763,0.01356,0,31,31
77700,7764,0.00330501,0,26,26
77700,7765,-0.00694869,0,21,21
77700,7766,-0.0172011,0,16,16
77700,7767,-0.0274522,0,11,11
77700,7768,-0.037702,0,6,6
77700,7769,-0.0479505,0,1,1
