time,particle_id,x,y,mesh_index,mesh_index_original
53340,5324,0.0456288,0,47,47
53340,5325,0.035452,0,42,42
53340,5326,0.0252759,0,37,37
53340,5327,0.0151008,0,32,32
53340,5328,0.00492641,0,27,27
53340,5329,-0.00524708,0,22,22
53340,5330,-0.0154197,0,17,17
53340,5331,-0.0255914,0,12,12
53340,5332,-0.0357623,0,7,7
53340,5333,-0.0459323,0,2,2
