time,particle_id,x,y,mesh_index,mesh_index_original
60260,6016,0.0448227,0,47,47
60260,6017,0.0346227,0,42,42
60260,6018,0.0244236,0,37,37
60260,6019,0.0142255,0,32,32
60260,6020,0.00402836,0,27,27
60260,6021,-0.00616781,0,21,21
60260,6022,-0.016363,0,16,16
60260,6023,-0.0265572,0,11,11
60260,6024,-0.0367504,0,6,6
60260,6025,-0.0469425,0,1,1
