time,particle_id,x,y,mesh_index,mesh_index_original
67540,6744,0.0450459,0,47,47
67540,6745,0.0348214,0,42,42
67540,6746,0.0245979,0,37,37
67540,6747,0.0143755,0,32,32
67540,6748,0.00415425,0,27,27
67540,6749,-0.00606595,0,21,21
67540,6750,-0.016285,0,16,16
67540,6751,-0.026503,0,11,11
67540,6752,-0.0367198,0,6,6
67540,6753,-0.0469355,0,1,1
