time,particle_id,x,y,mesh_index,mesh_index_original
29770,2967,0.0479336,0,48,48
29770,2968,0.0378353,0,43,43
29770,2969,0.0277375,0,38,38
29770,2970,0.0176402,0,33,33
29770,2971,0.00754328,0,28,28
29770,2972,-0.00255315,0,23,23
29770,2973,-0.0126491,0,18,18
29770,2974,-0.0227446,0,13,13
29770,2975,-0.0328396,0,8,8
29770,2976,-0.0429341,0,3,3
