time,particle_id,x,y,mesh_index,mesh_index_original
91770,9167,0.0427007,0,46,46
91770,9168,0.0323946,0,41,41
91770,9169,0.0220899,0,36,36
91770,9170,0.0117868,0,30,30
91770,9171,0.00148513,0,25,25
91770,9172,-0.008815,0,20,20
91770,9173,-0.0191136,0,15,15
91770,9174,-0.0294106,0,10,10
91770,9175,-0.0397061,0,5,5
