time,particle_id,x,y,mesh_index,mesh_index_original
47110,4701,0.0464523,0,48,48
47110,4702,0.0362963,0,43,43
47110,4703,0.0261409,0,38,38
47110,4704,0.0159863,0,32,32
47110,4705,0.0058325,0,27,27
47110,4706,-0.00432059,0,22,22
47110,4707,-0.0144729,0,17,17
47110,4708,-0.0246245,0,12,12
47110,4709,-0.0347753,0,7,7
47110,4710,-0.0449253,0,2,2
