time,particle_id,x,y,mesh_index,mesh_index_original
54800,5470,0.0456739,0,47,47
54800,5471,0.0354922,0,42,42
54800,5472,0.0253113,0,37,37
54800,5473,0.0151312,0,32,32
54800,5474,0.00495205,0,27,27
54800,5475,-0.00522624,0,22,22
54800,5476,-0.0154036,0,17,17
54800,5477,-0.0255801,0,12,12
54800,5478,-0.0357557,0,7,7
54800,5479,-0.0459304,0,2,2
