time,particle_id,x,y,mesh_index,mesh_index_original
70380,7028,0.0441096,0,47,47
70380,7029,0.0338756,0,41,41
70380,7030,0.0236428,0,36,36
70380,7031,0.013411,0,31,31
70380,7032,0.00318042,0,26,26
70380,7033,-0.00704905,0,21,21
70380,7034,-0.0172774,0,16,16
70380,7035,-0.0275045,0,11,11
70380,7036,-0.0377304,0,6,6
70380,7037,-0.0479552,0,1,1
