time,particle_id,x,y,mesh_index,mesh_index_original
16980,1688,0.0485356,0,49,49
16980,1689,0.0384798,0,44,44
16980,1690,0.0284243,0,39,39
16980,1691,0.018369,0,34,34
16980,1692,0.00831402,0,29,29
16980,1693,-0.00174075,0,24,24
16980,1694,-0.0117953,0,19,19
16980,1695,-0.0218495,0,14,14
16980,1696,-0.0319035,0,9,9
16980,1697,-0.0419572,0,4,4
