time,particle_id,x,y,mesh_index,mesh_index_original
92610,9251,0.0427259,0,46,46
92610,9252,0.0324169,0,41,41
92610,9253,0.0221094,0,36,36
92610,9254,0.0118034,0,30,30
92610,9255,0.00149895,0,25,25
92610,9256,-0.00880397,0,20,20
92610,9257,-0.0191053,0,15,15
92610,9258,-0.0294051,0,10,10
92610,9259,-0.0397034,0,5,5
