time,particle_id,x,y,mesh_index,mesh_index_original
37330,3723,0.0471606,0,48,48
37330,3724,0.0370372,0,43,43
37330,3725,0.0269143,0,38,38
37330,3726,0.0167921,0,33,33
37330,3727,0.00667039,0,28,28
37330,3728,-0.00345071,0,23,23
37330,3729,-0.0135712,0,18,18
37330,3730,-0.0236911,0,13,13
37330,3731,-0.0338104,0,8,8
37330,3732,-0.0439291,0,3,3
