time,particle_id,x,y,mesh_index,mesh_index_original
83580,8348,0.0434838,0,46,46
83580,8349,0.0332053,0,41,41
83580,8350,0.0229282,0,36,36
83580,8351,0.0126524,0,31,31
83580,8352,0.00237791,0,26,26
83580,8353,-0.00789515,0,21,21
83580,8354,-0.0181668,0,15,15
83580,8355,-0.0284371,0,10,10
83580,8356,-0.0387059,0,5,5
83580,8357,-0.0489733,0,0,0
