time,particle_id,x,y,mesh_index,mesh_index_original
44620,4452,0.0463748,0,48,48
44620,4453,0.0362271,0,43,43
44620,4454,0.02608,0,38,38
44620,4455,0.0159337,0,32,32
44620,4456,0.00578807,0,27,27
44620,4457,-0.00435685,0,22,22
44620,4458,-0.0145011,0,17,17
44620,4459,-0.0246445,0,12,12
44620,4460,-0.0347873,0,7,7
44620,4461,-0.0449293,0,2,2
