time,particle_id,x,y,mesh_index,mesh_index_original
36090,3599,0.0471217,0,48,48
36090,3600,0.0370024,0,43,43
36090,3601,0.0268837,0,38,38
36090,3602,0.0167655,0,33,33
36090,3603,0.00664793,0,28,28
36090,3604,-0.00346911,0,23,23
36090,3605,-0.0135856,0,18,18
36090,3606,-0.0237015,0,13,13
36090,3607,-0.0338168,0,8,8
36090,3608,-0.0439315,0,3,3
