time,particle_id,x,y,mesh_index,mesh_index_original
34550,3445,0.0470734,0,48,48
34550,3446,0.0369593,0,43,43
34550,3447,0.0268457,0,38,38
34550,3448,0.0167326,0,33,33
34550,3449,0.00662005,0,28,28
34550,3450,-0.00349196,0,23,23
34550,3451,-0.0136034,0,18,18
34550,3452,-0.0237143,0,13,13
34550,3453,-0.0338246,0,8,8
34550,3454,-0.0439344,0,3,3
