time,particle_id,x,y,mesh_index,mesh_index_original
87570,8747,0.0436043,0,46,46
87570,8748,0.0333123,0,41,41
87570,8749,0.0230217,0,36,36
87570,8750,0.0127325,0,31,31
87570,8751,0.00244477,0,26,26
87570,8752,-0.00784155,0,21,21
87570,8753,-0.0181264,0,15,15
87570,8754,-0.0284098,0,10,10
87570,8755,-0.0386917,0,5,5
87570,8756,-0.048972,0,0,0
