time,particle_id,x,y,mesh_index,mesh_index_original
69380,6928,0.0451024,0,47,47
69380,6929,0.0348717,0,42,42
69380,6930,0.024642,0,37,37
69380,6931,0.0144135,0,32,32
69380,6932,0.00418611,0,27,27
69380,6933,-0.00604017,0,21,21
69380,6934,-0.0162653,0,16,16
69380,6935,-0.0264893,0,11,11
69380,6936,-0.0367121,0,6,6
69380,6937,-0.0469337,0,1,1
