time,particle_id,x,y,mesh_index,mesh_index_original
53590,5349,0.0456365,0,47,47
53590,5350,0.0354588,0,42,42
53590,5351,0.025282,0,37,37
53590,5352,0.015106,0,32,32
53590,5353,0.0049308,0,27,27
53590,5354,-0.00524351,0,22,22
53590,5355,-0.0154169,0,17,17
53590,5356,-0.0255895,0,12,12
53590,5357,-0.0357612,0,7,7
53590,5358,-0.0459319,0,2,2
