time,particle_id,x,y,mesh_index,mesh_index_original
7520,742,0.0492376,0,49,49
7520,743,0.0392132,0,44,44
7520,744,0.0291888,0,39,39
7520,745,0.0191646,0,34,34
7520,746,0.00914039,0,29,29
7520,747,-0.000883663,0,24,24
7520,748,-0.0109076,0,19,19
7520,749,-0.0209315,0,14,14
7520,750,-0.0309552,0,9,9
7520,751,-0.0409788,0,4,4
