time,particle_id,x,y,mesh_index,mesh_index_original
16840,1674,0.0485312,0,49,49
16840,1675,0.0384759,0,44,44
16840,1676,0.0284208,0,39,39
16840,1677,0.018366,0,34,34
16840,1678,0.00831141,0,29,29
16840,1679,-0.00174291,0,24,24
16840,1680,-0.011797,0,19,19
16840,1681,-0.0218508,0,14,14
16840,1682,-0.0319043,0,9,9
16840,1683,-0.0419576,0,4,4
