time,particle_id,x,y,mesh_index,mesh_index_original
43380,4328,0.0463362,0,48,48
43380,4329,0.0361926,0,43,43
43380,4330,0.0260497,0,38,38
43380,4331,0.0159075,0,32,32
43380,4332,0.00576596,0,27,27
43380,4333,-0.00437489,0,22,22
43380,4334,-0.014515,0,17,17
43380,4335,-0.0246545,0,12,12
43380,4336,-0.0347932,0,7,7
43380,4337,-0.0449313,0,2,2
