time,particle_id,x,y,mesh_index,mesh_index_original
18110,1801,0.0485716,0,49,49
18110,1802,0.0385121,0,44,44
18110,1803,0.0284528,0,39,39
18110,1804,0.0183938,0,34,34
18110,1805,0.00833509,0,29,29
18110,1806,-0.00172336,0,24,24
18110,1807,-0.0117815,0,19,19
18110,1808,-0.0218394,0,14,14
18110,1809,-0.031897,0,9,9
18110,1810,-0.0419544,0,4,4
