time,particle_id,x,y,mesh_index,mesh_index_original
61990,6189,0.0448757,0,47,47
61990,6190,0.0346699,0,42,42
61990,6191,0.024465,0,37,37
61990,6192,0.0142611,0,32,32
61990,6193,0.00405825,0,27,27
61990,6194,-0.00614363,0,21,21
61990,6195,-0.0163445,0,16,16
61990,6196,-0.0265443,0,11,11
61990,6197,-0.0367431,0,6,6
61990,6198,-0.0469409,0,1,1
