time,particle_id,x,y,mesh_index,mesh_index_original
72590,7249,0.0441768,0,47,47
72590,7250,0.0339354,0,41,41
72590,7251,0.0236951,0,36,36
72590,7252,0.013456,0,31,31
72590,7253,0.003218,0,26,26
72590,7254,-0.00701878,0,21,21
72590,7255,-0.0172544,0,16,16
72590,7256,-0.0274887,0,11,11
72590,7257,-0.0377219,0,6,6
72590,7258,-0.0479538,0,1,1
