time,particle_id,x,y,mesh_index,mesh_index_original
58920,5882,0.0458013,0,47,47
58920,5883,0.0356057,0,42,42
58920,5884,0.025411,0,37,37
58920,5885,0.0152173,0,32,32
58920,5886,0.00502448,0,27,27
58920,5887,-0.00516738,0,22,22
58920,5888,-0.0153583,0,17,17
58920,5889,-0.0255482,0,12,12
58920,5890,-0.0357371,0,7,7
58920,5891,-0.0459251,0,2,2
