time,particle_id,x,y,mesh_index,mesh_index_original
44020,4392,0.0463561,0,48,48
44020,4393,0.0362104,0,43,43
44020,4394,0.0260654,0,38,38
44020,4395,0.015921,0,32,32
44020,4396,0.00577737,0,27,27
44020,4397,-0.00436558,0,22,22
44020,4398,-0.0145078,0,17,17
44020,4399,-0.0246494,0,12,12
44020,4400,-0.0347902,0,7,7
44020,4401,-0.0449302,0,2,2
