time,particle_id,x,y,mesh_index,mesh_index_original
69370,6927,0.0451021,0,47,47
69370,6928,0.0348714,0,42,42
69370,6929,0.0246418,0,37,37
69370,6930,0.0144133,0,32,32
69370,6931,0.00418594,0,27,27
69370,6932,-0.00604031,0,21,21
69370,6933,-0.0162654,0,16,16
69370,6934,-0.0264894,0,11,11
69370,6935,-0.0367121,0,6,6
69370,6936,-0.0469337,0,1,1
