time,particle_id,x,y,mesh_index,mesh_index_original
31700,3160,0.0469841,0,48,48
31700,3161,0.0368795,0,43,43
31700,3162,0.0267753,0,38,38
31700,3163,0.0166717,0,33,33
31700,3164,0.00656849,0,28,28
31700,3165,-0.0035342,0,23,23
31700,3166,-0.0136364,0,18,18
31700,3167,-0.0237381,0,13,13
31700,3168,-0.0338392,0,8,8
31700,3169,-0.0439399,0,3,3
