time,particle_id,x,y,mesh_index,mesh_index_original
21110,2101,0.0476601,0,48,48
21110,2102,0.0375907,0,43,43
21110,2103,0.0275215,0,38,38
21110,2104,0.0174527,0,33,33
21110,2105,0.00738421,0,28,28
21110,2106,-0.00268397,0,23,23
21110,2107,-0.0127518,0,18,18
21110,2108,-0.0228194,0,13,13
21110,2109,-0.0328865,0,8,8
21110,2110,-0.0429534,0,3,3
