time,particle_id,x,y,mesh_index,mesh_index_original
17180,1708,0.048542,0,49,49
17180,1709,0.0384855,0,44,44
17180,1710,0.0284294,0,39,39
17180,1711,0.0183734,0,34,34
17180,1712,0.00831775,0,29,29
17180,1713,-0.00173767,0,24,24
17180,1714,-0.0117928,0,19,19
17180,1715,-0.0218477,0,14,14
17180,1716,-0.0319024,0,9,9
17180,1717,-0.0419567,0,4,4
