time,particle_id,x,y,mesh_index,mesh_index_original
17500,1740,0.0485522,0,49,49
17500,1741,0.0384947,0,44,44
17500,1742,0.0284374,0,39,39
17500,1743,0.0183804,0,34,34
17500,1744,0.00832371,0,29,29
17500,1745,-0.00173275,0,24,24
17500,1746,-0.0117889,0,19,19
17500,1747,-0.0218449,0,14,14
17500,1748,-0.0319005,0,9,9
17500,1749,-0.0419559,0,4,4
