time,particle_id,x,y,mesh_index,mesh_index_original
53860,5376,0.0456449,0,47,47
53860,5377,0.0354663,0,42,42
53860,5378,0.0252885,0,37,37
53860,5379,0.0151116,0,32,32
53860,5380,0.00493554,0,27,27
53860,5381,-0.00523966,0,22,22
53860,5382,-0.015414,0,17,17
53860,5383,-0.0255874,0,12,12
53860,5384,-0.03576,0,7,7
53860,5385,-0.0459316,0,2,2
