time,particle_id,x,y,mesh_index,mesh_index_original
90400,9030,0.0426597,0,46,46
90400,9031,0.0323582,0,41,41
90400,9032,0.0220582,0,36,36
90400,9033,0.0117597,0,30,30
90400,9034,0.00146259,0,25,25
90400,9035,-0.00883298,0,20,20
90400,9036,-0.019127,0,15,15
90400,9037,-0.0294196,0,10,10
90400,9038,-0.0397106,0,5,5
