time,particle_id,x,y,mesh_index,mesh_index_original
76130,7603,0.0442846,0,47,47
76130,7604,0.0340312,0,42,42
76130,7605,0.023779,0,36,36
76130,7606,0.013528,0,31,31
76130,7607,0.00327826,0,26,26
76130,7608,-0.00697024,0,21,21
76130,7609,-0.0172175,0,16,16
76130,7610,-0.0274634,0,11,11
76130,7611,-0.0377081,0,6,6
76130,7612,-0.0479515,0,1,1
