time,particle_id,x,y,mesh_index,mesh_index_original
86510,8641,0.0435723,0,46,46
86510,8642,0.0332839,0,41,41
86510,8643,0.0229969,0,36,36
86510,8644,0.0127112,0,31,31
86510,8645,0.002427,0,26,26
86510,8646,-0.0078558,0,21,21
86510,8647,-0.0181371,0,15,15
86510,8648,-0.028417,0,10,10
86510,8649,-0.0386955,0,5,5
86510,8650,-0.0489724,0,0,0
