time,particle_id,x,y,mesh_index,mesh_index_original
48450,4835,0.0464941,0,48,48
48450,4836,0.0363335,0,43,43
48450,4837,0.0261737,0,38,38
48450,4838,0.0160147,0,33,33
48450,4839,0.00585642,0,27,27
48450,4840,-0.00430107,0,22,22
48450,4841,-0.0144578,0,17,17
48450,4842,-0.0246137,0,12,12
48450,4843,-0.0347688,0,7,7
48450,4844,-0.0449231,0,2,2
