time,particle_id,x,y,mesh_index,mesh_index_original
31490,3139,0.0469776,0,48,48
31490,3140,0.0368736,0,43,43
31490,3141,0.0267702,0,38,38
31490,3142,0.0166672,0,33,33
31490,3143,0.00656469,0,28,28
31490,3144,-0.00353731,0,23,23
31490,3145,-0.0136388,0,18,18
31490,3146,-0.0237398,0,13,13
31490,3147,-0.0338403,0,8,8
31490,3148,-0.0439403,0,3,3
