time,particle_id,x,y,mesh_index,mesh_index_original
20070,1997,0.048634,0,49,49
20070,1998,0.0385679,0,44,44
20070,1999,0.0285022,0,39,39
20070,2000,0.0174303,0,33,33
20070,2001,0.00736515,0,28,28
20070,2002,-0.00269965,0,23,23
20070,2003,-0.0127641,0,18,18
20070,2004,-0.0228283,0,13,13
20070,2005,-0.0328922,0,8,8
20070,2006,-0.0429557,0,3,3
