time,particle_id,x,y,mesh_index,mesh_index_original
42140,4204,0.0462976,0,48,48
42140,4205,0.0361582,0,43,43
42140,4206,0.0260194,0,38,38
42140,4207,0.0158813,0,32,32
42140,4208,0.00574387,0,27,27
42140,4209,-0.00439292,0,22,22
42140,4210,-0.014529,0,17,17
42140,4211,-0.0246645,0,12,12
42140,4212,-0.0347992,0,7,7
42140,4213,-0.0449332,0,2,2
