time,particle_id,x,y,mesh_index,mesh_index_original
92700,9260,0.0427285,0,46,46
92700,9261,0.0324193,0,41,41
92700,9262,0.0221115,0,36,36
92700,9263,0.0118052,0,30,30
92700,9264,0.00150044,0,25,25
92700,9265,-0.00880279,0,20,20
92700,9266,-0.0191045,0,15,15
92700,9267,-0.0294046,0,10,10
92700,9268,-0.0397031,0,5,5
