time,particle_id,x,y,mesh_index,mesh_index_original
77760,7766,0.0443342,0,47,47
77760,7767,0.0340753,0,42,42
77760,7768,0.0238176,0,36,36
77760,7769,0.0135612,0,31,31
77760,7770,0.00330603,0,26,26
77760,7771,-0.00694786,0,21,21
77760,7772,-0.0172005,0,16,16
77760,7773,-0.0274518,0,11,11
77760,7774,-0.0377018,0,6,6
77760,7775,-0.0479504,0,1,1
