time,particle_id,x,y,mesh_index,mesh_index_original
40070,3997,0.0472466,0,48,48
40070,3998,0.037114,0,43,43
40070,3999,0.0269821,0,38,38
40070,4000,0.0158377,0,32,32
40070,4001,0.00570701,0,27,27
40070,4002,-0.004423,0,22,22
40070,4003,-0.0145524,0,17,17
40070,4004,-0.0246811,0,12,12
40070,4005,-0.0348091,0,7,7
40070,4006,-0.0449365,0,2,2
