time,particle_id,x,y,mesh_index,mesh_index_original
19670,1957,0.0486212,0,49,49
19670,1958,0.0385565,0,44,44
19670,1959,0.0284921,0,39,39
19670,1960,0.018428,0,34,34
19670,1961,0.00836419,0,29,29
19670,1962,-0.00169934,0,24,24
19670,1963,-0.0117626,0,19,19
19670,1964,-0.0218255,0,14,14
19670,1965,-0.0318881,0,9,9
19670,1966,-0.0419504,0,4,4
