time,particle_id,x,y,mesh_index,mesh_index_original
74410,7431,0.0442322,0,47,47
74410,7432,0.0339846,0,41,41
74410,7433,0.0237382,0,36,36
74410,7434,0.013493,0,31,31
74410,7435,0.00324897,0,26,26
74410,7436,-0.00699383,0,21,21
74410,7437,-0.0172354,0,16,16
74410,7438,-0.0274757,0,11,11
74410,7439,-0.0377148,0,6,6
74410,7440,-0.0479526,0,1,1
