time,particle_id,x,y,mesh_index,mesh_index_original
18140,1804,0.0485725,0,49,49
18140,1805,0.0385129,0,44,44
18140,1806,0.0284536,0,39,39
18140,1807,0.0183945,0,34,34
18140,1808,0.00833565,0,29,29
18140,1809,-0.0017229,0,24,24
18140,1810,-0.0117812,0,19,19
18140,1811,-0.0218392,0,14,14
18140,1812,-0.0318969,0,9,9
18140,1813,-0.0419543,0,4,4
