time,particle_id,x,y,mesh_index,mesh_index_original
76810,7671,0.0443053,0,47,47
76810,7672,0.0340496,0,42,42
76810,7673,0.0237951,0,36,36
76810,7674,0.0135418,0,31,31
76810,7675,0.00328984,0,26,26
76810,7676,-0.0069609,0,21,21
76810,7677,-0.0172104,0,16,16
76810,7678,-0.0274586,0,11,11
76810,7679,-0.0377055,0,6,6
76810,7680,-0.047951,0,1,1
