time,particle_id,x,y,mesh_index,mesh_index_original
6680,658,0.0492107,0,49,49
6680,659,0.039189,0,44,44
6680,660,0.0291674,0,39,39
6680,661,0.0191459,0,34,34
6680,662,0.00912451,0,29,29
6680,663,-0.000896817,0,24,24
6680,664,-0.0109181,0,19,19
6680,665,-0.0209392,0,14,14
6680,666,-0.0309603,0,9,9
6680,667,-0.0409812,0,4,4
