time,particle_id,x,y,mesh_index,mesh_index_original
61600,6150,0.0448637,0,47,47
61600,6151,0.0346592,0,42,42
61600,6152,0.0244557,0,37,37
61600,6153,0.0142531,0,32,32
61600,6154,0.00405151,0,27,27
61600,6155,-0.00614908,0,21,21
61600,6156,-0.0163487,0,16,16
61600,6157,-0.0265472,0,11,11
61600,6158,-0.0367448,0,6,6
61600,6159,-0.0469413,0,1,1
