time,particle_id,x,y,mesh_index,mesh_index_original
28210,2811,0.0478843,0,48,48
28210,2812,0.0377912,0,43,43
28210,2813,0.0276986,0,38,38
28210,2814,0.0176064,0,33,33
28210,2815,0.00751459,0,28,28
28210,2816,-0.00257674,0,23,23
28210,2817,-0.0126676,0,18,18
28210,2818,-0.0227581,0,13,13
28210,2819,-0.0328481,0,8,8
28210,2820,-0.0429376,0,3,3
