time,particle_id,x,y,mesh_index,mesh_index_original
94320,9422,0.0427771,0,46,46
94320,9423,0.0324623,0,41,41
94320,9424,0.022149,0,36,36
94320,9425,0.0118373,0,30,30
94320,9426,0.00152711,0,25,25
94320,9427,-0.0087815,0,20,20
94320,9428,-0.0190885,0,15,15
94320,9429,-0.029394,0,10,10
94320,9430,-0.0396978,0,5,5
