time,particle_id,x,y,mesh_index,mesh_index_original
76460,7636,0.0442946,0,47,47
76460,7637,0.0340401,0,42,42
76460,7638,0.0237868,0,36,36
76460,7639,0.0135347,0,31,31
76460,7640,0.00328388,0,26,26
76460,7641,-0.00696571,0,21,21
76460,7642,-0.017214,0,16,16
76460,7643,-0.0274611,0,11,11
76460,7644,-0.0377068,0,6,6
76460,7645,-0.0479513,0,1,1
