time,particle_id,x,y,mesh_index,mesh_index_original
75240,7514,0.0442575,0,47,47
75240,7515,0.0340071,0,42,42
75240,7516,0.0237579,0,36,36
75240,7517,0.0135099,0,31,31
75240,7518,0.0032631,0,26,26
75240,7519,-0.00698244,0,21,21
75240,7520,-0.0172267,0,16,16
75240,7521,-0.0274698,0,11,11
75240,7522,-0.0377116,0,6,6
75240,7523,-0.0479521,0,1,1
