time,particle_id,x,y,mesh_index,mesh_index_original
710,61,0.0490197,0,49,49
710,62,0.0390177,0,44,44
710,63,0.0290158,0,39,39
710,64,0.0190138,0,34,34
710,65,0.0090118,0,29,29
710,66,-0.000990188,0,24,24
710,67,-0.0109922,0,19,19
710,68,-0.0209942,0,14,14
710,69,-0.0309962,0,9,9
710,70,-0.0409982,0,4,4
