time,particle_id,x,y,mesh_index,mesh_index_original
86070,8597,0.043559,0,46,46
86070,8598,0.0332721,0,41,41
86070,8599,0.0229865,0,36,36
86070,8600,0.0127024,0,31,31
86070,8601,0.00241962,0,26,26
86070,8602,-0.00786171,0,21,21
86070,8603,-0.0181416,0,15,15
86070,8604,-0.02842,0,10,10
86070,8605,-0.038697,0,5,5
86070,8606,-0.0489725,0,0,0
