time,particle_id,x,y,mesh_index,mesh_index_original
66480,6638,0.0450134,0,47,47
66480,6639,0.0347924,0,42,42
66480,6640,0.0245725,0,37,37
66480,6641,0.0143537,0,32,32
66480,6642,0.0041359,0,27,27
66480,6643,-0.0060808,0,21,21
66480,6644,-0.0162964,0,16,16
66480,6645,-0.0265109,0,11,11
66480,6646,-0.0367243,0,6,6
66480,6647,-0.0469365,0,1,1
