time,particle_id,x,y,mesh_index,mesh_index_original
65730,6563,0.0449904,0,47,47
65730,6564,0.0347719,0,42,42
65730,6565,0.0245545,0,37,37
65730,6566,0.0143382,0,32,32
65730,6567,0.00412292,0,27,27
65730,6568,-0.0060913,0,21,21
65730,6569,-0.0163044,0,16,16
65730,6570,-0.0265165,0,11,11
65730,6571,-0.0367274,0,6,6
65730,6572,-0.0469373,0,1,1
