time,particle_id,x,y,mesh_index,mesh_index_original
90670,9057,0.0426678,0,46,46
90670,9058,0.0323654,0,41,41
90670,9059,0.0220645,0,36,36
90670,9060,0.011765,0,30,30
90670,9061,0.00146703,0,25,25
90670,9062,-0.00882944,0,20,20
90670,9063,-0.0191244,0,15,15
90670,9064,-0.0294178,0,10,10
90670,9065,-0.0397097,0,5,5
