time,particle_id,x,y,mesh_index,mesh_index_original
53410,5331,0.045631,0,47,47
53410,5332,0.0354539,0,42,42
53410,5333,0.0252776,0,37,37
53410,5334,0.0151022,0,32,32
53410,5335,0.00492764,0,27,27
53410,5336,-0.00524608,0,22,22
53410,5337,-0.0154189,0,17,17
53410,5338,-0.0255909,0,12,12
53410,5339,-0.035762,0,7,7
53410,5340,-0.0459322,0,2,2
