time,particle_id,x,y,mesh_index,mesh_index_original
32690,3259,0.0470151,0,48,48
32690,3260,0.0369072,0,43,43
32690,3261,0.0267998,0,38,38
32690,3262,0.0166928,0,33,33
32690,3263,0.00658639,0,28,28
32690,3264,-0.00351953,0,23,23
32690,3265,-0.0136249,0,18,18
32690,3266,-0.0237298,0,13,13
32690,3267,-0.0338342,0,8,8
32690,3268,-0.043938,0,3,3
