time,particle_id,x,y,mesh_index,mesh_index_original
84860,8476,0.0435224,0,46,46
84860,8477,0.0332396,0,41,41
84860,8478,0.0229582,0,36,36
84860,8479,0.0126781,0,31,31
84860,8480,0.00239935,0,26,26
84860,8481,-0.00787796,0,21,21
84860,8482,-0.0181539,0,15,15
84860,8483,-0.0284283,0,10,10
84860,8484,-0.0387013,0,5,5
84860,8485,-0.0489729,0,0,0
