time,particle_id,x,y,mesh_index,mesh_index_original
5240,514,0.0491646,0,49,49
5240,515,0.0391477,0,44,44
5240,516,0.0291308,0,39,39
5240,517,0.019114,0,34,34
5240,518,0.00909731,0,29,29
5240,519,-0.000919356,0,24,24
5240,520,-0.010936,0,19,19
5240,521,-0.0209525,0,14,14
5240,522,-0.0309689,0,9,9
5240,523,-0.0409853,0,4,4
