time,particle_id,x,y,mesh_index,mesh_index_original
90500,9040,0.0426627,0,46,46
90500,9041,0.0323609,0,41,41
90500,9042,0.0220605,0,36,36
90500,9043,0.0117616,0,30,30
90500,9044,0.00146423,0,25,25
90500,9045,-0.00883167,0,20,20
90500,9046,-0.0191261,0,15,15
90500,9047,-0.0294189,0,10,10
90500,9048,-0.0397102,0,5,5
