time,particle_id,x,y,mesh_index,mesh_index_original
81750,8165,0.0434285,0,46,46
81750,8166,0.0331563,0,41,41
81750,8167,0.0228853,0,36,36
81750,8168,0.0126156,0,31,31
81750,8169,0.00234728,0,26,26
81750,8170,-0.00791971,0,21,21
81750,8171,-0.0181853,0,15,15
81750,8172,-0.0284496,0,10,10
81750,8173,-0.0387125,0,5,5
81750,8174,-0.0489739,0,0,0
