time,particle_id,x,y,mesh_index,mesh_index_original
99290,9919,0.0429261,0,46,46
99290,9920,0.0325945,0,41,41
99290,9921,0.0222644,0,36,36
99290,9922,0.0119359,0,30,30
99290,9923,0.00160905,0,25,25
99290,9924,-0.00871613,0,20,20
99290,9925,-0.0190396,0,15,15
99290,9926,-0.0293615,0,10,10
99290,9927,-0.0396816,0,5,5
