time,particle_id,x,y,mesh_index,mesh_index_original
21030,2093,0.0476576,0,48,48
21030,2094,0.0375884,0,43,43
21030,2095,0.0275195,0,38,38
21030,2096,0.017451,0,33,33
21030,2097,0.00738274,0,28,28
21030,2098,-0.00268518,0,23,23
21030,2099,-0.0127528,0,18,18
21030,2100,-0.02282,0,13,13
21030,2101,-0.032887,0,8,8
21030,2102,-0.0429536,0,3,3
