time,particle_id,x,y,mesh_index,mesh_index_original
89880,8978,0.0436742,0,46,46
89880,8979,0.0333744,0,41,41
89880,8980,0.023076,0,36,36
89880,8981,0.012779,0,31,31
89880,8982,0.00248352,0,26,26
89880,8983,-0.00781048,0,21,21
89880,8984,-0.018103,0,15,15
89880,8985,-0.028394,0,10,10
89880,8986,-0.0386834,0,5,5
89880,8987,-0.0489713,0,0,0
