time,particle_id,x,y,mesh_index,mesh_index_original
32940,3284,0.047023,0,48,48
32940,3285,0.0369142,0,43,43
32940,3286,0.0268059,0,38,38
32940,3287,0.0166982,0,33,33
32940,3288,0.00659091,0,28,28
32940,3289,-0.00351582,0,23,23
32940,3290,-0.013622,0,18,18
32940,3291,-0.0237277,0,13,13
32940,3292,-0.0338329,0,8,8
32940,3293,-0.0439375,0,3,3
