time,particle_id,x,y,mesh_index,mesh_index_original
97100,9700,0.0428604,0,46,46
97100,9701,0.0325362,0,41,41
97100,9702,0.0222135,0,36,36
97100,9703,0.0118924,0,30,30
97100,9704,0.00157293,0,25,25
97100,9705,-0.00874495,0,20,20
97100,9706,-0.0190612,0,15,15
97100,9707,-0.0293758,0,10,10
97100,9708,-0.0396887,0,5,5
