time,particle_id,x,y,mesh_index,mesh_index_original
94030,9393,0.0427684,0,46,46
94030,9394,0.0324546,0,41,41
94030,9395,0.0221423,0,36,36
94030,9396,0.0118315,0,30,30
94030,9397,0.00152234,0,25,25
94030,9398,-0.00878531,0,20,20
94030,9399,-0.0190914,0,15,15
94030,9400,-0.0293959,0,10,10
94030,9401,-0.0396987,0,5,5
