time,particle_id,x,y,mesh_index,mesh_index_original
12020,1192,0.048378,0,49,49
12020,1193,0.0383386,0,44,44
12020,1194,0.0282995,0,39,39
12020,1195,0.0182605,0,34,34
12020,1196,0.00822164,0,29,29
12020,1197,-0.00181701,0,24,24
12020,1198,-0.0118555,0,19,19
12020,1199,-0.0218938,0,14,14
12020,1200,-0.0319319,0,9,9
12020,1201,-0.0419698,0,4,4
