time,particle_id,x,y,mesh_index,mesh_index_original
6200,610,0.0491953,0,49,49
6200,611,0.0391752,0,44,44
6200,612,0.0291552,0,39,39
6200,613,0.0191353,0,34,34
6200,614,0.00911544,0,29,29
6200,615,-0.000904331,0,24,24
6200,616,-0.010924,0,19,19
6200,617,-0.0209436,0,14,14
6200,618,-0.0309632,0,9,9
6200,619,-0.0409826,0,4,4
