time,particle_id,x,y,mesh_index,mesh_index_original
16360,1626,0.0485159,0,49,49
16360,1627,0.0384622,0,44,44
16360,1628,0.0284087,0,39,39
16360,1629,0.0183555,0,34,34
16360,1630,0.00830246,0,29,29
16360,1631,-0.00175029,0,24,24
16360,1632,-0.0118028,0,19,19
16360,1633,-0.0218551,0,14,14
16360,1634,-0.0319071,0,9,9
16360,1635,-0.0419588,0,4,4
