time,particle_id,x,y,mesh_index,mesh_index_original
76330,7623,0.0442906,0,47,47
76330,7624,0.0340366,0,42,42
76330,7625,0.0237837,0,36,36
76330,7626,0.0135321,0,31,31
76330,7627,0.00328166,0,26,26
76330,7628,-0.00696749,0,21,21
76330,7629,-0.0172154,0,16,16
76330,7630,-0.027462,0,11,11
76330,7631,-0.0377073,0,6,6
76330,7632,-0.0479514,0,1,1
