time,particle_id,x,y,mesh_index,mesh_index_original
35930,3583,0.0471167,0,48,48
35930,3584,0.0369979,0,43,43
35930,3585,0.0268798,0,38,38
35930,3586,0.0167621,0,33,33
35930,3587,0.00664503,0,28,28
35930,3588,-0.00347149,0,23,23
35930,3589,-0.0135874,0,18,18
35930,3590,-0.0237028,0,13,13
35930,3591,-0.0338176,0,8,8
35930,3592,-0.0439318,0,3,3
