time,particle_id,x,y,mesh_index,mesh_index_original
9620,952,0.0493049,0,49,49
9620,953,0.0392735,0,44,44
9620,954,0.0292423,0,39,39
9620,955,0.0192111,0,34,34
9620,956,0.00918011,0,29,29
9620,957,-0.000850764,0,24,24
9620,958,-0.0108815,0,19,19
9620,959,-0.0209121,0,14,14
9620,960,-0.0309425,0,9,9
9620,961,-0.0409728,0,4,4
