time,particle_id,x,y,mesh_index,mesh_index_original
96130,9603,0.0428313,0,46,46
96130,9604,0.0325104,0,41,41
96130,9605,0.022191,0,36,36
96130,9606,0.0118732,0,30,30
96130,9607,0.00155694,0,25,25
96130,9608,-0.00875771,0,20,20
96130,9609,-0.0190707,0,15,15
96130,9610,-0.0293821,0,10,10
96130,9611,-0.0396919,0,5,5
