time,particle_id,x,y,mesh_index,mesh_index_original
92910,9281,0.0427348,0,46,46
92910,9282,0.0324248,0,41,41
92910,9283,0.0221163,0,36,36
92910,9284,0.0118094,0,30,30
92910,9285,0.00150389,0,25,25
92910,9286,-0.00880003,0,20,20
92910,9287,-0.0191024,0,15,15
92910,9288,-0.0294032,0,10,10
92910,9289,-0.0397024,0,5,5
