time,particle_id,x,y,mesh_index,mesh_index_original
52780,5268,0.0456115,0,47,47
52780,5269,0.0354366,0,42,42
52780,5270,0.0252624,0,37,37
52780,5271,0.0150891,0,32,32
52780,5272,0.00491658,0,27,27
52780,5273,-0.00525507,0,22,22
52780,5274,-0.0154259,0,17,17
52780,5275,-0.0255958,0,12,12
52780,5276,-0.0357648,0,7,7
52780,5277,-0.045933,0,2,2
