time,particle_id,x,y,mesh_index,mesh_index_original
23240,2314,0.0477273,0,48,48
23240,2315,0.0376508,0,43,43
23240,2316,0.0275746,0,38,38
23240,2317,0.0174988,0,33,33
23240,2318,0.00742329,0,28,28
23240,2319,-0.00265183,0,23,23
23240,2320,-0.0127266,0,18,18
23240,2321,-0.022801,0,13,13
23240,2322,-0.032875,0,8,8
23240,2323,-0.0429487,0,3,3
