time,particle_id,x,y,mesh_index,mesh_index_original
43420,4332,0.0463374,0,48,48
43420,4333,0.0361937,0,43,43
43420,4334,0.0260507,0,38,38
43420,4335,0.0159084,0,32,32
43420,4336,0.00576668,0,27,27
43420,4337,-0.00437431,0,22,22
43420,4338,-0.0145146,0,17,17
43420,4339,-0.0246542,0,12,12
43420,4340,-0.034793,0,7,7
43420,4341,-0.0449312,0,2,2
