time,particle_id,x,y,mesh_index,mesh_index_original
87190,8709,0.0435928,0,46,46
87190,8710,0.0333021,0,41,41
87190,8711,0.0230128,0,36,36
87190,8712,0.0127249,0,31,31
87190,8713,0.0024384,0,26,26
87190,8714,-0.00784666,0,21,21
87190,8715,-0.0181303,0,15,15
87190,8716,-0.0284124,0,10,10
87190,8717,-0.038693,0,5,5
87190,8718,-0.0489722,0,0,0
