time,particle_id,x,y,mesh_index,mesh_index_original
95970,9587,0.0428265,0,46,46
95970,9588,0.0325061,0,41,41
95970,9589,0.0221873,0,36,36
95970,9590,0.01187,0,30,30
95970,9591,0.0015543,0,25,25
95970,9592,-0.00875981,0,20,20
95970,9593,-0.0190723,0,15,15
95970,9594,-0.0293832,0,10,10
95970,9595,-0.0396924,0,5,5
