time,particle_id,x,y,mesh_index,mesh_index_original
70050,6995,0.045123,0,47,47
70050,6996,0.03489,0,42,42
70050,6997,0.0246581,0,37,37
70050,6998,0.0144274,0,32,32
70050,6999,0.00419772,0,27,27
70050,7000,-0.00705355,0,21,21
70050,7001,-0.0172808,0,16,16
70050,7002,-0.0275068,0,11,11
70050,7003,-0.0377317,0,6,6
70050,7004,-0.0479554,0,1,1
