time,particle_id,x,y,mesh_index,mesh_index_original
70290,7019,0.0441069,0,47,47
70290,7020,0.0338732,0,41,41
70290,7021,0.0236406,0,36,36
70290,7022,0.0134092,0,31,31
70290,7023,0.00317889,0,26,26
70290,7024,-0.00705028,0,21,21
70290,7025,-0.0172783,0,16,16
70290,7026,-0.0275051,0,11,11
70290,7027,-0.0377308,0,6,6
70290,7028,-0.0479553,0,1,1
