time,particle_id,x,y,mesh_index,mesh_index_original
10840,1074,0.0483405,0,49,49
10840,1075,0.0383051,0,44,44
10840,1076,0.0282698,0,39,39
10840,1077,0.0182347,0,34,34
10840,1078,0.00819968,0,29,29
10840,1079,-0.00183513,0,24,24
10840,1080,-0.0118698,0,19,19
10840,1081,-0.0219043,0,14,14
10840,1082,-0.0319386,0,9,9
10840,1083,-0.0419728,0,4,4
