time,particle_id,x,y,mesh_index,mesh_index_original
70640,7054,0.0441175,0,47,47
70640,7055,0.0338827,0,41,41
70640,7056,0.0236489,0,36,36
70640,7057,0.0134163,0,31,31
70640,7058,0.00318484,0,26,26
70640,7059,-0.00704549,0,21,21
70640,7060,-0.0172747,0,16,16
70640,7061,-0.0275026,0,11,11
70640,7062,-0.0377294,0,6,6
70640,7063,-0.047955,0,1,1
