time,particle_id,x,y,mesh_index,mesh_index_original
7830,773,0.0492476,0,49,49
7830,774,0.0392221,0,44,44
7830,775,0.0291967,0,39,39
7830,776,0.0191714,0,34,34
7830,777,0.00914625,0,29,29
7830,778,-0.000878808,0,24,24
7830,779,-0.0109038,0,19,19
7830,780,-0.0209286,0,14,14
7830,781,-0.0309533,0,9,9
7830,782,-0.0409779,0,4,4
