time,particle_id,x,y,mesh_index,mesh_index_original
10420,1032,0.0483271,0,49,49
10420,1033,0.0382931,0,44,44
10420,1034,0.0282592,0,39,39
10420,1035,0.0182255,0,34,34
10420,1036,0.00819187,0,29,29
10420,1037,-0.00184158,0,24,24
10420,1038,-0.0118749,0,19,19
10420,1039,-0.021908,0,14,14
10420,1040,-0.031941,0,9,9
10420,1041,-0.0419738,0,4,4
