time,particle_id,x,y,mesh_index,mesh_index_original
76190,7609,0.0442864,0,47,47
76190,7610,0.0340328,0,42,42
76190,7611,0.0237804,0,36,36
76190,7612,0.0135292,0,31,31
76190,7613,0.00327928,0,26,26
76190,7614,-0.00696941,0,21,21
76190,7615,-0.0172168,0,16,16
76190,7616,-0.027463,0,11,11
76190,7617,-0.0377079,0,6,6
76190,7618,-0.0479514,0,1,1
