time,particle_id,x,y,mesh_index,mesh_index_original
21710,2161,0.047679,0,48,48
21710,2162,0.0376076,0,43,43
21710,2163,0.0275365,0,38,38
21710,2164,0.0174657,0,33,33
21710,2165,0.00739521,0,28,28
21710,2166,-0.00267492,0,23,23
21710,2167,-0.0127447,0,18,18
21710,2168,-0.0228142,0,13,13
21710,2169,-0.0328833,0,8,8
21710,2170,-0.0429521,0,3,3
