time,particle_id,x,y,mesh_index,mesh_index_original
94790,9469,0.0427912,0,46,46
94790,9470,0.0324748,0,41,41
94790,9471,0.0221599,0,36,36
94790,9472,0.0118466,0,30,30
94790,9473,0.00153486,0,25,25
94790,9474,-0.00877532,0,20,20
94790,9475,-0.0190839,0,15,15
94790,9476,-0.0293909,0,10,10
94790,9477,-0.0396963,0,5,5
