time,particle_id,x,y,mesh_index,mesh_index_original
24440,2434,0.0477652,0,48,48
24440,2435,0.0376847,0,43,43
24440,2436,0.0276045,0,38,38
24440,2437,0.0175247,0,33,33
24440,2438,0.00744532,0,28,28
24440,2439,-0.00263371,0,23,23
24440,2440,-0.0127124,0,18,18
24440,2441,-0.0227906,0,13,13
24440,2442,-0.0328685,0,8,8
24440,2443,-0.042946,0,3,3
