time,particle_id,x,y,mesh_index,mesh_index_original
91270,9117,0.0426857,0,46,46
91270,9118,0.0323813,0,41,41
91270,9119,0.0220783,0,36,36
91270,9120,0.0117769,0,30,30
91270,9121,0.0014769,0,25,25
91270,9122,-0.00882156,0,20,20
91270,9123,-0.0191185,0,15,15
91270,9124,-0.0294139,0,10,10
91270,9125,-0.0397077,0,5,5
