time,particle_id,x,y,mesh_index,mesh_index_original
81410,8131,0.0434183,0,46,46
81410,8132,0.0331472,0,41,41
81410,8133,0.0228773,0,36,36
81410,8134,0.0126088,0,31,31
81410,8135,0.00234159,0,26,26
81410,8136,-0.00792427,0,21,21
81410,8137,-0.0181888,0,15,15
81410,8138,-0.0284519,0,10,10
81410,8139,-0.0387137,0,5,5
81410,8140,-0.048974,0,0,0
