time,particle_id,x,y,mesh_index,mesh_index_original
64120,6402,0.044941,0,47,47
64120,6403,0.034728,0,42,42
64120,6404,0.024516,0,37,37
64120,6405,0.014305,0,32,32
64120,6406,0.00409507,0,27,27
64120,6407,-0.00611383,0,21,21
64120,6408,-0.0163217,0,16,16
64120,6409,-0.0265285,0,11,11
64120,6410,-0.0367342,0,6,6
64120,6411,-0.0469388,0,1,1
