time,particle_id,x,y,mesh_index,mesh_index_original
88530,8843,0.0436334,0,46,46
88530,8844,0.0333381,0,41,41
88530,8845,0.0230443,0,36,36
88530,8846,0.0127518,0,31,31
88530,8847,0.00246087,0,26,26
88530,8848,-0.00782864,0,21,21
88530,8849,-0.0181167,0,15,15
88530,8850,-0.0284032,0,10,10
88530,8851,-0.0386882,0,5,5
88530,8852,-0.0489717,0,0,0
