time,particle_id,x,y,mesh_index,mesh_index_original
20940,2084,0.0476548,0,48,48
20940,2085,0.0375859,0,43,43
20940,2086,0.0275173,0,38,38
20940,2087,0.017449,0,33,33
20940,2088,0.00738109,0,28,28
20940,2089,-0.00268654,0,23,23
20940,2090,-0.0127538,0,18,18
20940,2091,-0.0228208,0,13,13
20940,2092,-0.0328875,0,8,8
20940,2093,-0.0429538,0,3,3
