time,particle_id,x,y,mesh_index,mesh_index_original
54820,5472,0.0456745,0,47,47
54820,5473,0.0354927,0,42,42
54820,5474,0.0253117,0,37,37
54820,5475,0.0151316,0,32,32
54820,5476,0.0049524,0,27,27
54820,5477,-0.00522595,0,22,22
54820,5478,-0.0154034,0,17,17
54820,5479,-0.02558,0,12,12
54820,5480,-0.0357556,0,7,7
54820,5481,-0.0459304,0,2,2
