time,particle_id,x,y,mesh_index,mesh_index_original
78870,7877,0.044368,0,47,47
78870,7878,0.0341054,0,42,42
78870,7879,0.023844,0,36,36
78870,7880,0.0135838,0,31,31
78870,7881,0.00332495,0,26,26
78870,7882,-0.00693262,0,21,21
78870,7883,-0.0171889,0,16,16
78870,7884,-0.0274438,0,11,11
78870,7885,-0.0376974,0,6,6
78870,7886,-0.0479497,0,1,1
