time,particle_id,x,y,mesh_index,mesh_index_original
22740,2264,0.0468569,0,0,0
22740,2265,0.0368716,0,0,0
22740,2266,0.0268863,0,0,0
22740,2267,0.0169011,0,0,0
22740,2268,0.00691581,0,0,0
22740,2269,-0.00306943,0,0,0
22740,2270,-0.0130547,0,0,0
22740,2271,-0.0230399,0,0,0
22740,2272,-0.0330251,0,0,0
22740,2273,-0.0430103,0,0,0
