time,particle_id,x,y,mesh_index,mesh_index_original
10870,1077,0.0479312,0,0,0
10870,1078,0.0379382,0,0,0
10870,1079,0.0279452,0,0,0
10870,1080,0.0179522,0,0,0
10870,1081,0.00795919,0,0,0
10870,1082,-0.00203379,0,0,0
10870,1083,-0.0120268,0,0,0
10870,1084,-0.0220197,0,0,0
10870,1085,-0.0320127,0,0,0
10870,1086,-0.0420056,0,0,0
