time,particle_id,x,y,mesh_index,mesh_index_original
82170,8207,0.0405143,0,0,0
82170,8208,0.0305676,0,0,0
82170,8209,0.020621,0,0,0
82170,8210,0.0106743,0,0,0
82170,8211,0.000727706,0,0,0
82170,8212,-0.00921892,0,0,0
82170,8213,-0.0191655,0,0,0
82170,8214,-0.0291121,0,0,0
82170,8215,-0.0390587,0,0,0
82170,8216,-0.0490053,0,0,0
