time,particle_id,x,y,mesh_index,mesh_index_original
5180,508,0.0489672,0,0,0
5180,509,0.0389705,0,0,0
5180,510,0.0289738,0,0,0
5180,511,0.0189771,0,0,0
5180,512,0.00898036,0,0,0
5180,513,-0.00101633,0,0,0
5180,514,-0.011013,0,0,0
5180,515,-0.0210097,0,0,0
5180,516,-0.0310063,0,0,0
5180,517,-0.041003,0,0,0
