time,particle_id,x,y,mesh_index,mesh_index_original
73960,7386,0.0415579,0,0,0
73960,7387,0.0316059,0,0,0
73960,7388,0.021654,0,0,0
73960,7389,0.011702,0,0,0
73960,7390,0.00175006,0,0,0
73960,7391,-0.00820189,0,0,0
73960,7392,-0.0181538,0,0,0
73960,7393,-0.0281058,0,0,0
73960,7394,-0.0380577,0,0,0
73960,7395,-0.0480096,0,0,0
