time,particle_id,x,y,mesh_index,mesh_index_original
93900,9379,0.0493902,0,0,0
93900,9380,0.0394512,0,0,0
93900,9381,0.0295121,0,0,0
93900,9382,0.0195731,0,0,0
93900,9383,0.00963404,0,0,0
93900,9384,-0.000304979,0,0,0
93900,9385,-0.010244,0,0,0
93900,9386,-0.020183,0,0,0
93900,9387,-0.030122,0,0,0
93900,9388,-0.040061,0,0,0
