time,particle_id,x,y,mesh_index,mesh_index_original
11310,1121,0.0479284,0,0,0
11310,1122,0.0379356,0,0,0
11310,1123,0.0279429,0,0,0
11310,1124,0.0179502,0,0,0
11310,1125,0.00795752,0,0,0
11310,1126,-0.00203517,0,0,0
11310,1127,-0.0120279,0,0,0
11310,1128,-0.0220205,0,0,0
11310,1129,-0.0320132,0,0,0
11310,1130,-0.0420059,0,0,0
