time,particle_id,x,y,mesh_index,mesh_index_original
9070,897,0.0489421,0,0,0
9070,898,0.0389479,0,0,0
9070,899,0.0289537,0,0,0
9070,900,0.0189596,0,0,0
9070,901,0.0089654,0,0,0
9070,902,-0.00102875,0,0,0
9070,903,-0.0110229,0,0,0
9070,904,-0.021017,0,0,0
9070,905,-0.0310112,0,0,0
9070,906,-0.0410053,0,0,0
