time,particle_id,x,y,mesh_index,mesh_index_original
42180,4208,0.0447396,0,0,0
42180,4209,0.034767,0,0,0
42180,4210,0.0247944,0,0,0
42180,4211,0.0148218,0,0,0
42180,4212,0.00484919,0,0,0
42180,4213,-0.0051234,0,0,0
42180,4214,-0.015096,0,0,0
42180,4215,-0.0250686,0,0,0
42180,4216,-0.0350411,0,0,0
42180,4217,-0.0450137,0,0,0
