time,particle_id,x,y,mesh_index,mesh_index_original
55730,5563,0.0436596,0,0,0
55730,5564,0.0336958,0,0,0
55730,5565,0.023732,0,0,0
55730,5566,0.0137682,0,0,0
55730,5567,0.00380437,0,0,0
55730,5568,-0.00615942,0,0,0
55730,5569,-0.0161232,0,0,0
55730,5570,-0.026087,0,0,0
55730,5571,-0.0360507,0,0,0
55730,5572,-0.0460145,0,0,0
