time,particle_id,x,y,mesh_index,mesh_index_original
83220,8312,0.0405081,0,0,0
83220,8313,0.0305621,0,0,0
83220,8314,0.0206161,0,0,0
83220,8315,0.0106702,0,0,0
83220,8316,0.000724233,0,0,0
83220,8317,-0.00922171,0,0,0
83220,8318,-0.0191676,0,0,0
83220,8319,-0.0291136,0,0,0
83220,8320,-0.0390595,0,0,0
83220,8321,-0.0490054,0,0,0
