time,particle_id,x,y,mesh_index,mesh_index_original
13680,1358,0.0479132,0,0,0
13680,1359,0.037922,0,0,0
13680,1360,0.0279309,0,0,0
13680,1361,0.0179397,0,0,0
13680,1362,0.00794856,0,0,0
13680,1363,-0.00204258,0,0,0
13680,1364,-0.0120337,0,0,0
13680,1365,-0.0220249,0,0,0
13680,1366,-0.032016,0,0,0
13680,1367,-0.0420071,0,0,0
