time,particle_id,x,y,mesh_index,mesh_index_original
40860,4076,0.0447478,0,0,0
40860,4077,0.0347743,0,0,0
40860,4078,0.0248008,0,0,0
40860,4079,0.0148274,0,0,0
40860,4080,0.00485391,0,0,0
40860,4081,-0.00511954,0,0,0
40860,4082,-0.015093,0,0,0
40860,4083,-0.0250664,0,0,0
40860,4084,-0.0350399,0,0,0
40860,4085,-0.0450133,0,0,0
