time,particle_id,x,y,mesh_index,mesh_index_original
16210,1611,0.0478971,0,0,0
16210,1612,0.0379075,0,0,0
16210,1613,0.027918,0,0,0
16210,1614,0.0179285,0,0,0
16210,1615,0.007939,0,0,0
16210,1616,-0.00205049,0,0,0
16210,1617,-0.01204,0,0,0
16210,1618,-0.0220295,0,0,0
16210,1619,-0.032019,0,0,0
16210,1620,-0.0420084,0,0,0
