time,particle_id,x,y,mesh_index,mesh_index_original
92480,9237,0.0493994,0,0,0
92480,9238,0.0394594,0,0,0
92480,9239,0.0295195,0,0,0
92480,9240,0.0195795,0,0,0
92480,9241,0.00963957,0,0,0
92480,9242,-0.000300377,0,0,0
92480,9243,-0.0102403,0,0,0
92480,9244,-0.0201802,0,0,0
92480,9245,-0.0301202,0,0,0
92480,9246,-0.0400601,0,0,0
