time,particle_id,x,y,mesh_index,mesh_index_original
96140,9603,0.0493757,0,0,0
96140,9604,0.0394381,0,0,0
96140,9605,0.0295005,0,0,0
96140,9606,0.0195629,0,0,0
96140,9607,0.00962534,0,0,0
96140,9608,-0.000312237,0,0,0
96140,9609,-0.0102498,0,0,0
96140,9610,-0.0201874,0,0,0
96140,9611,-0.0301249,0,0,0
96140,9612,-0.0400625,0,0,0
