time,particle_id,x,y,mesh_index,mesh_index_original
93810,9370,0.0493908,0,0,0
93810,9371,0.0394517,0,0,0
93810,9372,0.0295126,0,0,0
93810,9373,0.0195735,0,0,0
93810,9374,0.00963439,0,0,0
93810,9375,-0.000304687,0,0,0
93810,9376,-0.0102438,0,0,0
93810,9377,-0.0201828,0,0,0
93810,9378,-0.0301219,0,0,0
93810,9379,-0.040061,0,0,0
