time,particle_id,x,y,mesh_index,mesh_index_original
94930,9482,0.0493835,0,0,0
94930,9483,0.0394451,0,0,0
94930,9484,0.0295068,0,0,0
94930,9485,0.0195684,0,0,0
94930,9486,0.00963004,0,0,0
94930,9487,-0.000308316,0,0,0
94930,9488,-0.0102467,0,0,0
94930,9489,-0.020185,0,0,0
94930,9490,-0.0301233,0,0,0
94930,9491,-0.0400617,0,0,0
