time,particle_id,x,y,mesh_index,mesh_index_original
23550,2345,0.0468517,0,0,0
23550,2346,0.036867,0,0,0
23550,2347,0.0268823,0,0,0
23550,2348,0.0168975,0,0,0
23550,2349,0.00691281,0,0,0
23550,2350,-0.00307191,0,0,0
23550,2351,-0.0130566,0,0,0
23550,2352,-0.0230413,0,0,0
23550,2353,-0.033026,0,0,0
23550,2354,-0.0430107,0,0,0
