time,particle_id,x,y,mesh_index,mesh_index_original
20810,2071,0.0468691,0,0,0
20810,2072,0.0368825,0,0,0
20810,2073,0.026896,0,0,0
20810,2074,0.0169095,0,0,0
20810,2075,0.00692298,0,0,0
20810,2076,-0.00306352,0,0,0
20810,2077,-0.01305,0,0,0
20810,2078,-0.0230365,0,0,0
20810,2079,-0.033023,0,0,0
20810,2080,-0.0430095,0,0,0
