time,particle_id,x,y,mesh_index,mesh_index_original
49240,4914,0.044696,0,0,0
49240,4915,0.034728,0,0,0
49240,4916,0.02476,0,0,0
49240,4917,0.014792,0,0,0
49240,4918,0.00482394,0,0,0
49240,4919,-0.00514406,0,0,0
49240,4920,-0.0151121,0,0,0
49240,4921,-0.02508,0,0,0
49240,4922,-0.035048,0,0,0
49240,4923,-0.045016,0,0,0
