time,particle_id,x,y,mesh_index,mesh_index_original
56440,5634,0.0436552,0,0,0
56440,5635,0.0336919,0,0,0
56440,5636,0.0237286,0,0,0
56440,5637,0.0137652,0,0,0
56440,5638,0.00380188,0,0,0
56440,5639,-0.00616145,0,0,0
56440,5640,-0.0161248,0,0,0
56440,5641,-0.0260881,0,0,0
56440,5642,-0.0360514,0,0,0
56440,5643,-0.0460147,0,0,0
