time,particle_id,x,y,mesh_index,mesh_index_original
97900,9779,0.0493643,0,0,0
97900,9780,0.0394278,0,0,0
97900,9781,0.0294914,0,0,0
97900,9782,0.0195549,0,0,0
97900,9783,0.00961849,0,0,0
97900,9784,-0.000317939,0,0,0
97900,9785,-0.0102544,0,0,0
97900,9786,-0.0201908,0,0,0
97900,9787,-0.0301272,0,0,0
97900,9788,-0.0400636,0,0,0
