time,particle_id,x,y,mesh_index,mesh_index_original
70860,7076,0.0415764,0,0,0
70860,7077,0.0316224,0,0,0
70860,7078,0.0216685,0,0,0
70860,7079,0.0117145,0,0,0
70860,7080,0.00176053,0,0,0
70860,7081,-0.00819343,0,0,0
70860,7082,-0.0181474,0,0,0
70860,7083,-0.0281013,0,0,0
70860,7084,-0.0380553,0,0,0
70860,7085,-0.0480092,0,0,0
