time,particle_id,x,y,mesh_index,mesh_index_original
98080,9797,0.0493631,0,0,0
98080,9798,0.0394268,0,0,0
98080,9799,0.0294904,0,0,0
98080,9800,0.0195541,0,0,0
98080,9801,0.00961779,0,0,0
98080,9802,-0.000318522,0,0,0
98080,9803,-0.0102548,0,0,0
98080,9804,-0.0201911,0,0,0
98080,9805,-0.0301274,0,0,0
98080,9806,-0.0400637,0,0,0
