time,particle_id,x,y,mesh_index,mesh_index_original
13030,1293,0.0479174,0,0,0
13030,1294,0.0379258,0,0,0
13030,1295,0.0279342,0,0,0
13030,1296,0.0179426,0,0,0
13030,1297,0.00795102,0,0,0
13030,1298,-0.00204055,0,0,0
13030,1299,-0.0120321,0,0,0
13030,1300,-0.0220237,0,0,0
13030,1301,-0.0320152,0,0,0
13030,1302,-0.0420068,0,0,0
