time,particle_id,x,y,mesh_index,mesh_index_original
49030,4893,0.0446973,0,0,0
49030,4894,0.0347292,0,0,0
49030,4895,0.024761,0,0,0
49030,4896,0.0147928,0,0,0
49030,4897,0.0048247,0,0,0
49030,4898,-0.00514345,0,0,0
49030,4899,-0.0151116,0,0,0
49030,4900,-0.0250797,0,0,0
49030,4901,-0.0350478,0,0,0
49030,4902,-0.0450159,0,0,0
