time,particle_id,x,y,mesh_index,mesh_index_original
96690,9658,0.0493721,0,0,0
96690,9659,0.0394349,0,0,0
96690,9660,0.0294976,0,0,0
96690,9661,0.0195604,0,0,0
96690,9662,0.0096232,0,0,0
96690,9663,-0.000314019,0,0,0
96690,9664,-0.0102512,0,0,0
96690,9665,-0.0201884,0,0,0
96690,9666,-0.0301256,0,0,0
96690,9667,-0.0400628,0,0,0
