time,particle_id,x,y,mesh_index,mesh_index_original
610,51,0.0489967,0,0,0
610,52,0.038997,0,0,0
610,53,0.0289973,0,0,0
610,54,0.0189976,0,0,0
610,55,0.00899794,0,0,0
610,56,-0.00100172,0,0,0
610,57,-0.0110014,0,0,0
610,58,-0.021001,0,0,0
610,59,-0.0310007,0,0,0
610,60,-0.0410003,0,0,0
