time,particle_id,x,y,mesh_index,mesh_index_original
4170,407,0.0489737,0,0,0
4170,408,0.0389763,0,0,0
4170,409,0.028979,0,0,0
4170,410,0.0189816,0,0,0
4170,411,0.00898425,0,0,0
4170,412,-0.0010131,0,0,0
4170,413,-0.0110104,0,0,0
4170,414,-0.0210078,0,0,0
4170,415,-0.0310051,0,0,0
4170,416,-0.0410024,0,0,0
