time,particle_id,x,y,mesh_index,mesh_index_original
78000,7790,0.0415338,0,0,0
78000,7791,0.0315845,0,0,0
78000,7792,0.0216351,0,0,0
78000,7793,0.0116858,0,0,0
78000,7794,0.00173643,0,0,0
78000,7795,-0.0082129,0,0,0
78000,7796,-0.0181622,0,0,0
78000,7797,-0.0281115,0,0,0
78000,7798,-0.0380608,0,0,0
78000,7799,-0.0480101,0,0,0
