time,particle_id,x,y,mesh_index,mesh_index_original
74570,7447,0.0415543,0,0,0
74570,7448,0.0316027,0,0,0
74570,7449,0.0216511,0,0,0
74570,7450,0.0116996,0,0,0
74570,7451,0.00174801,0,0,0
74570,7452,-0.00820355,0,0,0
74570,7453,-0.0181551,0,0,0
74570,7454,-0.0281066,0,0,0
74570,7455,-0.0380582,0,0,0
74570,7456,-0.0480097,0,0,0
