time,particle_id,x,y,mesh_index,mesh_index_original
12940,1284,0.0479179,0,0,0
12940,1285,0.0379263,0,0,0
12940,1286,0.0279346,0,0,0
12940,1287,0.017943,0,0,0
12940,1288,0.00795136,0,0,0
12940,1289,-0.00204027,0,0,0
12940,1290,-0.0120319,0,0,0
12940,1291,-0.0220235,0,0,0
12940,1292,-0.0320151,0,0,0
12940,1293,-0.0420067,0,0,0
