time,particle_id,x,y,mesh_index,mesh_index_original
29230,2913,0.0468159,0,0,0
29230,2914,0.0368348,0,0,0
29230,2915,0.0268538,0,0,0
29230,2916,0.0168728,0,0,0
29230,2917,0.00689173,0,0,0
29230,2918,-0.00308929,0,0,0
29230,2919,-0.0130703,0,0,0
29230,2920,-0.0230513,0,0,0
29230,2921,-0.0330323,0,0,0
29230,2922,-0.0430133,0,0,0
