time,particle_id,x,y,mesh_index,mesh_index_original
44710,4461,0.044724,0,0,0
44710,4462,0.034753,0,0,0
44710,4463,0.0247821,0,0,0
44710,4464,0.0148111,0,0,0
44710,4465,0.00484014,0,0,0
44710,4466,-0.00513081,0,0,0
44710,4467,-0.0151017,0,0,0
44710,4468,-0.0250727,0,0,0
44710,4469,-0.0350436,0,0,0
44710,4470,-0.0450145,0,0,0
