time,particle_id,x,y,mesh_index,mesh_index_original
17150,1705,0.0478911,0,0,0
17150,1706,0.0379022,0,0,0
17150,1707,0.0279132,0,0,0
17150,1708,0.0179243,0,0,0
17150,1709,0.00793545,0,0,0
17150,1710,-0.00205343,0,0,0
17150,1711,-0.0120423,0,0,0
17150,1712,-0.0220312,0,0,0
17150,1713,-0.0320201,0,0,0
17150,1714,-0.0420089,0,0,0
