time,particle_id,x,y,mesh_index,mesh_index_original
71100,7100,0.041575,0,0,0
71100,7101,0.0316212,0,0,0
71100,7102,0.0216673,0,0,0
71100,7103,0.0117135,0,0,0
71100,7104,0.00175972,0,0,0
71100,7105,-0.00819409,0,0,0
71100,7106,-0.0181479,0,0,0
71100,7107,-0.0281017,0,0,0
71100,7108,-0.0380555,0,0,0
71100,7109,-0.0480092,0,0,0
