time,particle_id,x,y,mesh_index,mesh_index_original
10450,1035,0.0479338,0,0,0
10450,1036,0.0379406,0,0,0
10450,1037,0.0279473,0,0,0
10450,1038,0.017954,0,0,0
10450,1039,0.00796077,0,0,0
10450,1040,-0.00203248,0,0,0
10450,1041,-0.0120257,0,0,0
10450,1042,-0.022019,0,0,0
10450,1043,-0.0320122,0,0,0
10450,1044,-0.0420054,0,0,0
