time,particle_id,x,y,mesh_index,mesh_index_original
49130,4903,0.0446967,0,0,0
49130,4904,0.0347286,0,0,0
49130,4905,0.0247605,0,0,0
49130,4906,0.0147924,0,0,0
49130,4907,0.00482434,0,0,0
49130,4908,-0.00514374,0,0,0
49130,4909,-0.0151118,0,0,0
49130,4910,-0.0250799,0,0,0
49130,4911,-0.0350479,0,0,0
49130,4912,-0.045016,0,0,0
