time,particle_id,x,y,mesh_index,mesh_index_original
41080,4098,0.0447464,0,0,0
41080,4099,0.0347731,0,0,0
41080,4100,0.0247998,0,0,0
41080,4101,0.0148264,0,0,0
41080,4102,0.00485313,0,0,0
41080,4103,-0.00512018,0,0,0
41080,4104,-0.0150935,0,0,0
41080,4105,-0.0250668,0,0,0
41080,4106,-0.0350401,0,0,0
41080,4107,-0.0450134,0,0,0
