time,particle_id,x,y,mesh_index,mesh_index_original
55950,5585,0.0436582,0,0,0
55950,5586,0.0336946,0,0,0
55950,5587,0.0237309,0,0,0
55950,5588,0.0137672,0,0,0
55950,5589,0.0038036,0,0,0
55950,5590,-0.00616004,0,0,0
55950,5591,-0.0161237,0,0,0
55950,5592,-0.0260873,0,0,0
55950,5593,-0.0360509,0,0,0
55950,5594,-0.0460146,0,0,0
