time,particle_id,x,y,mesh_index,mesh_index_original
30880,3078,0.0458075,0,0,0
30880,3079,0.0358275,0,0,0
30880,3080,0.0258475,0,0,0
30880,3081,0.0158676,0,0,0
30880,3082,0.00588762,0,0,0
30880,3083,-0.00409233,0,0,0
30880,3084,-0.0140723,0,0,0
30880,3085,-0.0240522,0,0,0
30880,3086,-0.0340321,0,0,0
30880,3087,-0.0440121,0,0,0
