time,particle_id,x,y,mesh_index,mesh_index_original
46600,4650,0.0447123,0,0,0
46600,4651,0.0347426,0,0,0
46600,4652,0.0247728,0,0,0
46600,4653,0.0148031,0,0,0
46600,4654,0.00483338,0,0,0
46600,4655,-0.00513634,0,0,0
46600,4656,-0.0151061,0,0,0
46600,4657,-0.0250758,0,0,0
46600,4658,-0.0350455,0,0,0
46600,4659,-0.0450152,0,0,0
