time,particle_id,x,y,mesh_index,mesh_index_original
79540,7944,0.0415246,0,0,0
79540,7945,0.0315763,0,0,0
79540,7946,0.0216279,0,0,0
79540,7947,0.0116796,0,0,0
79540,7948,0.00173124,0,0,0
79540,7949,-0.00821709,0,0,0
79540,7950,-0.0181654,0,0,0
79540,7951,-0.0281137,0,0,0
79540,7952,-0.038062,0,0,0
79540,7953,-0.0480103,0,0,0
