time,particle_id,x,y,mesh_index,mesh_index_original
69400,6930,0.0425806,0,0,0
69400,6931,0.0326257,0,0,0
69400,6932,0.0226708,0,0,0
69400,6933,0.0127159,0,0,0
69400,6934,0.00276094,0,0,0
69400,6935,-0.00719397,0,0,0
69400,6936,-0.0171489,0,0,0
69400,6937,-0.0271038,0,0,0
69400,6938,-0.0370587,0,0,0
69400,6939,-0.0470135,0,0,0
