time,particle_id,x,y,mesh_index,mesh_index_original
21260,2116,0.0468662,0,0,0
21260,2117,0.03688,0,0,0
21260,2118,0.0268937,0,0,0
21260,2119,0.0169075,0,0,0
21260,2120,0.00692131,0,0,0
21260,2121,-0.0030649,0,0,0
21260,2122,-0.0130511,0,0,0
21260,2123,-0.0230373,0,0,0
21260,2124,-0.0330235,0,0,0
21260,2125,-0.0430097,0,0,0
