time,particle_id,x,y,mesh_index,mesh_index_original
57070,5697,0.0436514,0,0,0
57070,5698,0.0336885,0,0,0
57070,5699,0.0237255,0,0,0
57070,5700,0.0137626,0,0,0
57070,5701,0.00379967,0,0,0
57070,5702,-0.00616325,0,0,0
57070,5703,-0.0161262,0,0,0
57070,5704,-0.0260891,0,0,0
57070,5705,-0.036052,0,0,0
57070,5706,-0.0460148,0,0,0
