time,particle_id,x,y,mesh_index,mesh_index_original
90410,9030,0.0494128,0,0,0
90410,9031,0.0394715,0,0,0
90410,9032,0.0295302,0,0,0
90410,9033,0.0195889,0,0,0
90410,9034,0.00964762,0,0,0
90410,9035,-0.000293668,0,0,0
90410,9036,-0.0102349,0,0,0
90410,9037,-0.0201762,0,0,0
90410,9038,-0.0301175,0,0,0
90410,9039,-0.0400587,0,0,0
