time,particle_id,x,y,mesh_index,mesh_index_original
48050,4795,0.0447034,0,0,0
48050,4796,0.0347346,0,0,0
48050,4797,0.0247658,0,0,0
48050,4798,0.014797,0,0,0
48050,4799,0.0048282,0,0,0
48050,4800,-0.00514058,0,0,0
48050,4801,-0.0151094,0,0,0
48050,4802,-0.0250781,0,0,0
48050,4803,-0.0350469,0,0,0
48050,4804,-0.0450156,0,0,0
