time,particle_id,x,y,mesh_index,mesh_index_original
82260,8216,0.0405137,0,0,0
82260,8217,0.0305671,0,0,0
82260,8218,0.0206206,0,0,0
82260,8219,0.010674,0,0,0
82260,8220,0.000727409,0,0,0
82260,8221,-0.00921916,0,0,0
82260,8222,-0.0191657,0,0,0
82260,8223,-0.0291123,0,0,0
82260,8224,-0.0390588,0,0,0
82260,8225,-0.0490053,0,0,0
