time,particle_id,x,y,mesh_index,mesh_index_original
90360,9025,0.0494132,0,0,0
90360,9026,0.0394718,0,0,0
90360,9027,0.0295305,0,0,0
90360,9028,0.0195891,0,0,0
90360,9029,0.00964781,0,0,0
90360,9030,-0.000293506,0,0,0
90360,9031,-0.0102348,0,0,0
90360,9032,-0.0201761,0,0,0
90360,9033,-0.0301174,0,0,0
90360,9034,-0.0400587,0,0,0
