time,particle_id,x,y,mesh_index,mesh_index_original
97140,9703,0.0493692,0,0,0
97140,9704,0.0394323,0,0,0
97140,9705,0.0294953,0,0,0
97140,9706,0.0195584,0,0,0
97140,9707,0.00962145,0,0,0
97140,9708,-0.000315477,0,0,0
97140,9709,-0.0102524,0,0,0
97140,9710,-0.0201893,0,0,0
97140,9711,-0.0301262,0,0,0
97140,9712,-0.0400631,0,0,0
