time,particle_id,x,y,mesh_index,mesh_index_original
84300,8420,0.0405017,0,0,0
84300,8421,0.0305564,0,0,0
84300,8422,0.0206112,0,0,0
84300,8423,0.0106659,0,0,0
84300,8424,0.000720661,0,0,0
84300,8425,-0.00922458,0,0,0
84300,8426,-0.0191698,0,0,0
84300,8427,-0.029115,0,0,0
84300,8428,-0.0390603,0,0,0
84300,8429,-0.0490055,0,0,0
