time,particle_id,x,y,mesh_index,mesh_index_original
67430,6733,0.0425925,0,0,0
67430,6734,0.0326363,0,0,0
67430,6735,0.0226801,0,0,0
67430,6736,0.0127239,0,0,0
67430,6737,0.00276772,0,0,0
67430,6738,-0.00718847,0,0,0
67430,6739,-0.0171446,0,0,0
67430,6740,-0.0271008,0,0,0
67430,6741,-0.037057,0,0,0
67430,6742,-0.0470132,0,0,0
