time,particle_id,x,y,mesh_index,mesh_index_original
25060,2496,0.0468422,0,0,0
25060,2497,0.0368584,0,0,0
25060,2498,0.0268747,0,0,0
25060,2499,0.0168909,0,0,0
25060,2500,0.0069072,0,0,0
25060,2501,-0.00307653,0,0,0
25060,2502,-0.0130603,0,0,0
25060,2503,-0.023044,0,0,0
25060,2504,-0.0330277,0,0,0
25060,2505,-0.0430114,0,0,0
