time,particle_id,x,y,mesh_index,mesh_index_original
9090,899,0.0489419,0,0,0
9090,900,0.0389478,0,0,0
9090,901,0.0289536,0,0,0
9090,902,0.0189595,0,0,0
9090,903,0.00896532,0,0,0
9090,904,-0.00102881,0,0,0
9090,905,-0.0110229,0,0,0
9090,906,-0.0210171,0,0,0
9090,907,-0.0310112,0,0,0
9090,908,-0.0410053,0,0,0
