time,particle_id,x,y,mesh_index,mesh_index_original
40400,4030,0.0447506,0,0,0
40400,4031,0.0347769,0,0,0
40400,4032,0.0248031,0,0,0
40400,4033,0.0148293,0,0,0
40400,4034,0.00485556,0,0,0
40400,4035,-0.00511819,0,0,0
40400,4036,-0.0150919,0,0,0
40400,4037,-0.0250657,0,0,0
40400,4038,-0.0350394,0,0,0
40400,4039,-0.0450131,0,0,0
