time,particle_id,x,y,mesh_index,mesh_index_original
74840,7474,0.0415527,0,0,0
74840,7475,0.0316013,0,0,0
74840,7476,0.0216499,0,0,0
74840,7477,0.0116985,0,0,0
74840,7478,0.00174709,0,0,0
74840,7479,-0.00820428,0,0,0
74840,7480,-0.0181557,0,0,0
74840,7481,-0.028107,0,0,0
74840,7482,-0.0380584,0,0,0
74840,7483,-0.0480097,0,0,0
