time,particle_id,x,y,mesh_index,mesh_index_original
73420,7332,0.0415611,0,0,0
73420,7333,0.0316088,0,0,0
73420,7334,0.0216565,0,0,0
73420,7335,0.0117042,0,0,0
73420,7336,0.00175189,0,0,0
73420,7337,-0.00820041,0,0,0
73420,7338,-0.0181527,0,0,0
73420,7339,-0.028105,0,0,0
73420,7340,-0.0380573,0,0,0
73420,7341,-0.0480095,0,0,0
