time,particle_id,x,y,mesh_index,mesh_index_original
92740,9263,0.0493977,0,0,0
92740,9264,0.0394579,0,0,0
92740,9265,0.0295181,0,0,0
92740,9266,0.0195783,0,0,0
92740,9267,0.00963856,0,0,0
92740,9268,-0.00030122,0,0,0
92740,9269,-0.010241,0,0,0
92740,9270,-0.0201808,0,0,0
92740,9271,-0.0301205,0,0,0
92740,9272,-0.0400603,0,0,0
