time,particle_id,x,y,mesh_index,mesh_index_original
93990,9388,0.0493896,0,0,0
93990,9389,0.0394506,0,0,0
93990,9390,0.0295116,0,0,0
93990,9391,0.0195727,0,0,0
93990,9392,0.00963369,0,0,0
93990,9393,-0.00030527,0,0,0
93990,9394,-0.0102442,0,0,0
93990,9395,-0.0201832,0,0,0
93990,9396,-0.0301221,0,0,0
93990,9397,-0.0400611,0,0,0
