time,particle_id,x,y,mesh_index,mesh_index_original
85180,8508,0.0404965,0,0,0
85180,8509,0.0305518,0,0,0
85180,8510,0.0206071,0,0,0
85180,8511,0.0106624,0,0,0
85180,8512,0.000717751,0,0,0
85180,8513,-0.00922692,0,0,0
85180,8514,-0.0191716,0,0,0
85180,8515,-0.0291162,0,0,0
85180,8516,-0.0390609,0,0,0
85180,8517,-0.0490055,0,0,0
