time,particle_id,x,y,mesh_index,mesh_index_original
88160,8806,0.0404789,0,0,0
88160,8807,0.0305361,0,0,0
88160,8808,0.0205934,0,0,0
88160,8809,0.0106506,0,0,0
88160,8810,0.000707896,0,0,0
88160,8811,-0.00923484,0,0,0
88160,8812,-0.0191776,0,0,0
88160,8813,-0.0291203,0,0,0
88160,8814,-0.039063,0,0,0
88160,8815,-0.0490057,0,0,0
