time,particle_id,x,y,mesh_index,mesh_index_original
17100,1700,0.0478914,0,0,0
17100,1701,0.0379024,0,0,0
17100,1702,0.0279135,0,0,0
17100,1703,0.0179246,0,0,0
17100,1704,0.00793564,0,0,0
17100,1705,-0.00205328,0,0,0
17100,1706,-0.0120422,0,0,0
17100,1707,-0.0220311,0,0,0
17100,1708,-0.03202,0,0,0
17100,1709,-0.0420089,0,0,0
