time,particle_id,x,y,mesh_index,mesh_index_original
35660,3556,0.0457776,0,0,0
35660,3557,0.0358007,0,0,0
35660,3558,0.0258239,0,0,0
35660,3559,0.015847,0,0,0
35660,3560,0.0058702,0,0,0
35660,3561,-0.00410664,0,0,0
35660,3562,-0.0140835,0,0,0
35660,3563,-0.0240603,0,0,0
35660,3564,-0.0340371,0,0,0
35660,3565,-0.0440139,0,0,0
