time,particle_id,x,y,mesh_index,mesh_index_original
48270,4817,0.044702,0,0,0
48270,4818,0.0347334,0,0,0
48270,4819,0.0247647,0,0,0
48270,4820,0.0147961,0,0,0
48270,4821,0.00482741,0,0,0
48270,4822,-0.00514122,0,0,0
48270,4823,-0.0151099,0,0,0
48270,4824,-0.0250785,0,0,0
48270,4825,-0.0350471,0,0,0
48270,4826,-0.0450157,0,0,0
