time,particle_id,x,y,mesh_index,mesh_index_original
450,35,0.0489977,0,0,0
450,36,0.0389979,0,0,0
450,37,0.0289981,0,0,0
450,38,0.0189983,0,0,0
450,39,0.00899856,0,0,0
450,40,-0.00100121,0,0,0
450,41,-0.011001,0,0,0
450,42,-0.0210007,0,0,0
450,43,-0.0310005,0,0,0
450,44,-0.0410002,0,0,0
