time,particle_id,x,y,mesh_index,mesh_index_original
13280,1318,0.0479158,0,0,0
13280,1319,0.0379243,0,0,0
13280,1320,0.0279329,0,0,0
13280,1321,0.0179415,0,0,0
13280,1322,0.00795008,0,0,0
13280,1323,-0.00204133,0,0,0
13280,1324,-0.0120327,0,0,0
13280,1325,-0.0220241,0,0,0
13280,1326,-0.0320155,0,0,0
13280,1327,-0.0420069,0,0,0
