time,particle_id,x,y,mesh_index,mesh_index_original
81470,8137,0.0405184,0,0,0
81470,8138,0.0305713,0,0,0
81470,8139,0.0206242,0,0,0
81470,8140,0.0106771,0,0,0
81470,8141,0.000730022,0,0,0
81470,8142,-0.00921705,0,0,0
81470,8143,-0.0191641,0,0,0
81470,8144,-0.0291112,0,0,0
81470,8145,-0.0390582,0,0,0
81470,8146,-0.0490053,0,0,0
