time,particle_id,x,y,mesh_index,mesh_index_original
40130,4003,0.0447523,0,0,0
40130,4004,0.0347783,0,0,0
40130,4005,0.0248044,0,0,0
40130,4006,0.0148305,0,0,0
40130,4007,0.00485652,0,0,0
40130,4008,-0.0051174,0,0,0
40130,4009,-0.0150913,0,0,0
40130,4010,-0.0250652,0,0,0
40130,4011,-0.0350391,0,0,0
40130,4012,-0.0450131,0,0,0
