time,particle_id,x,y,mesh_index,mesh_index_original
78780,7868,0.0415292,0,0,0
78780,7869,0.0315803,0,0,0
78780,7870,0.0216315,0,0,0
78780,7871,0.0116826,0,0,0
78780,7872,0.0017338,0,0,0
78780,7873,-0.00821502,0,0,0
78780,7874,-0.0181638,0,0,0
78780,7875,-0.0281126,0,0,0
78780,7876,-0.0380614,0,0,0
78780,7877,-0.0480102,0,0,0
