time,particle_id,x,y,mesh_index,mesh_index_original
30150,3005,0.045812,0,0,0
30150,3006,0.0358316,0,0,0
30150,3007,0.0258511,0,0,0
30150,3008,0.0158707,0,0,0
30150,3009,0.00589028,0,0,0
30150,3010,-0.00409014,0,0,0
30150,3011,-0.0140706,0,0,0
30150,3012,-0.024051,0,0,0
30150,3013,-0.0340314,0,0,0
30150,3014,-0.0440118,0,0,0
