time,particle_id,x,y,mesh_index,mesh_index_original
41850,4175,0.0447417,0,0,0
41850,4176,0.0347688,0,0,0
41850,4177,0.024796,0,0,0
41850,4178,0.0148232,0,0,0
41850,4179,0.00485037,0,0,0
41850,4180,-0.00512244,0,0,0
41850,4181,-0.0150952,0,0,0
41850,4182,-0.025068,0,0,0
41850,4183,-0.0350408,0,0,0
41850,4184,-0.0450136,0,0,0
