time,particle_id,x,y,mesh_index,mesh_index_original
39960,3986,0.0457508,0,0,0
39960,3987,0.0357767,0,0,0
39960,3988,0.0258026,0,0,0
39960,3989,0.0158286,0,0,0
39960,3990,0.00585453,0,0,0
39960,3991,-0.00411951,0,0,0
39960,3992,-0.0140935,0,0,0
39960,3993,-0.0240676,0,0,0
39960,3994,-0.0340416,0,0,0
39960,3995,-0.0440156,0,0,0
