time,particle_id,x,y,mesh_index,mesh_index_original
69850,6975,0.0425779,0,0,0
69850,6976,0.0326233,0,0,0
69850,6977,0.0226686,0,0,0
69850,6978,0.012714,0,0,0
69850,6979,0.00275939,0,0,0
69850,6980,-0.00719522,0,0,0
69850,6981,-0.0171498,0,0,0
69850,6982,-0.0271044,0,0,0
69850,6983,-0.037059,0,0,0
69850,6984,-0.0470136,0,0,0
