time,particle_id,x,y,mesh_index,mesh_index_original
43740,4364,0.04473,0,0,0
43740,4365,0.0347584,0,0,0
43740,4366,0.0247868,0,0,0
43740,4367,0.0148152,0,0,0
43740,4368,0.00484361,0,0,0
43740,4369,-0.00512797,0,0,0
43740,4370,-0.0150995,0,0,0
43740,4371,-0.0250711,0,0,0
43740,4372,-0.0350427,0,0,0
43740,4373,-0.0450142,0,0,0
