time,particle_id,x,y,mesh_index,mesh_index_original
30240,3014,0.0458115,0,0,0
30240,3015,0.0358311,0,0,0
30240,3016,0.0258507,0,0,0
30240,3017,0.0158703,0,0,0
30240,3018,0.00588995,0,0,0
30240,3019,-0.00409041,0,0,0
30240,3020,-0.0140708,0,0,0
30240,3021,-0.0240511,0,0,0
30240,3022,-0.0340315,0,0,0
30240,3023,-0.0440118,0,0,0
