time,particle_id,x,y,mesh_index,mesh_index_original
56660,5656,0.0436539,0,0,0
56660,5657,0.0336907,0,0,0
56660,5658,0.0237275,0,0,0
56660,5659,0.0137643,0,0,0
56660,5660,0.00380111,0,0,0
56660,5661,-0.00616207,0,0,0
56660,5662,-0.0161253,0,0,0
56660,5663,-0.0260884,0,0,0
56660,5664,-0.0360516,0,0,0
56660,5665,-0.0460147,0,0,0
