time,particle_id,x,y,mesh_index,mesh_index_original
42210,4211,0.0447395,0,0,0
42210,4212,0.0347668,0,0,0
42210,4213,0.0247943,0,0,0
42210,4214,0.0148217,0,0,0
42210,4215,0.00484908,0,0,0
42210,4216,-0.00512349,0,0,0
42210,4217,-0.0150961,0,0,0
42210,4218,-0.0250686,0,0,0
42210,4219,-0.0350412,0,0,0
42210,4220,-0.0450137,0,0,0
