time,particle_id,x,y,mesh_index,mesh_index_original
19750,1965,0.0478745,0,0,0
19750,1966,0.0378872,0,0,0
19750,1967,0.0279,0,0,0
19750,1968,0.0179128,0,0,0
19750,1969,0.00792563,0,0,0
19750,1970,-0.00206156,0,0,0
19750,1971,-0.0120488,0,0,0
19750,1972,-0.0220359,0,0,0
19750,1973,-0.0320231,0,0,0
19750,1974,-0.0420103,0,0,0
