time,particle_id,x,y,mesh_index,mesh_index_original
30610,3051,0.0458092,0,0,0
30610,3052,0.035829,0,0,0
30610,3053,0.0258489,0,0,0
30610,3054,0.0158687,0,0,0
30610,3055,0.0058886,0,0,0
30610,3056,-0.00409152,0,0,0
30610,3057,-0.0140716,0,0,0
30610,3058,-0.0240517,0,0,0
30610,3059,-0.0340318,0,0,0
30610,3060,-0.0440119,0,0,0
