time,particle_id,x,y,mesh_index,mesh_index_original
44580,4448,0.0447248,0,0,0
44580,4449,0.0347537,0,0,0
44580,4450,0.0247827,0,0,0
44580,4451,0.0148116,0,0,0
44580,4452,0.00484061,0,0,0
44580,4453,-0.00513043,0,0,0
44580,4454,-0.0151015,0,0,0
44580,4455,-0.0250725,0,0,0
44580,4456,-0.0350435,0,0,0
44580,4457,-0.0450145,0,0,0
