time,particle_id,x,y,mesh_index,mesh_index_original
87830,8773,0.0404809,0,0,0
87830,8774,0.0305379,0,0,0
87830,8775,0.0205949,0,0,0
87830,8776,0.0106519,0,0,0
87830,8777,0.000708987,0,0,0
87830,8778,-0.00923396,0,0,0
87830,8779,-0.0191769,0,0,0
87830,8780,-0.0291198,0,0,0
87830,8781,-0.0390628,0,0,0
87830,8782,-0.0490057,0,0,0
