time,particle_id,x,y,mesh_index,mesh_index_original
82210,8211,0.040514,0,0,0
82210,8212,0.0305674,0,0,0
82210,8213,0.0206208,0,0,0
82210,8214,0.0106742,0,0,0
82210,8215,0.000727574,0,0,0
82210,8216,-0.00921902,0,0,0
82210,8217,-0.0191656,0,0,0
82210,8218,-0.0291122,0,0,0
82210,8219,-0.0390588,0,0,0
82210,8220,-0.0490053,0,0,0
