time,particle_id,x,y,mesh_index,mesh_index_original
3440,334,0.0489784,0,0,0
3440,335,0.0389806,0,0,0
3440,336,0.0289827,0,0,0
3440,337,0.0189849,0,0,0
3440,338,0.00898706,0,0,0
3440,339,-0.00101077,0,0,0
3440,340,-0.0110086,0,0,0
3440,341,-0.0210064,0,0,0
3440,342,-0.0310042,0,0,0
3440,343,-0.041002,0,0,0
