time,particle_id,x,y,mesh_index,mesh_index_original
55090,5499,0.0436635,0,0,0
55090,5500,0.0336993,0,0,0
55090,5501,0.023735,0,0,0
55090,5502,0.0137708,0,0,0
55090,5503,0.00380662,0,0,0
55090,5504,-0.00615759,0,0,0
55090,5505,-0.0161218,0,0,0
55090,5506,-0.026086,0,0,0
55090,5507,-0.0360502,0,0,0
55090,5508,-0.0460143,0,0,0
