time,particle_id,x,y,mesh_index,mesh_index_original
44200,4410,0.0447272,0,0,0
44200,4411,0.0347559,0,0,0
44200,4412,0.0247845,0,0,0
44200,4413,0.0148133,0,0,0
44200,4414,0.00484197,0,0,0
44200,4415,-0.00512931,0,0,0
44200,4416,-0.0151006,0,0,0
44200,4417,-0.0250719,0,0,0
44200,4418,-0.0350431,0,0,0
44200,4419,-0.0450144,0,0,0
