time,particle_id,x,y,mesh_index,mesh_index_original
39400,3930,0.0457543,0,0,0
39400,3931,0.0357798,0,0,0
39400,3932,0.0258054,0,0,0
39400,3933,0.015831,0,0,0
39400,3934,0.00585657,0,0,0
39400,3935,-0.00411783,0,0,0
39400,3936,-0.0140922,0,0,0
39400,3937,-0.0240666,0,0,0
39400,3938,-0.034041,0,0,0
39400,3939,-0.0440154,0,0,0
