time,particle_id,x,y,mesh_index,mesh_index_original
22250,2215,0.04686,0,0,0
22250,2216,0.0368744,0,0,0
22250,2217,0.0268888,0,0,0
22250,2218,0.0169032,0,0,0
22250,2219,0.00691763,0,0,0
22250,2220,-0.00306793,0,0,0
22250,2221,-0.0130535,0,0,0
22250,2222,-0.023039,0,0,0
22250,2223,-0.0330246,0,0,0
22250,2224,-0.0430101,0,0,0
