time,particle_id,x,y,mesh_index,mesh_index_original
59310,5921,0.0436377,0,0,0
59310,5922,0.0336762,0,0,0
59310,5923,0.0237148,0,0,0
59310,5924,0.0137533,0,0,0
59310,5925,0.00379181,0,0,0
59310,5926,-0.00616965,0,0,0
59310,5927,-0.0161311,0,0,0
59310,5928,-0.0260926,0,0,0
59310,5929,-0.036054,0,0,0
59310,5930,-0.0460154,0,0,0
