time,particle_id,x,y,mesh_index,mesh_index_original
8770,867,0.048944,0,0,0
8770,868,0.0389496,0,0,0
8770,869,0.0289553,0,0,0
8770,870,0.0189609,0,0,0
8770,871,0.00896655,0,0,0
8770,872,-0.00102779,0,0,0
8770,873,-0.0110221,0,0,0
8770,874,-0.0210165,0,0,0
8770,875,-0.0310108,0,0,0
8770,876,-0.0410051,0,0,0
