time,particle_id,x,y,mesh_index,mesh_index_original
88790,8869,0.0404752,0,0,0
88790,8870,0.0305328,0,0,0
88790,8871,0.0205905,0,0,0
88790,8872,0.0106481,0,0,0
88790,8873,0.000705813,0,0,0
88790,8874,-0.00923652,0,0,0
88790,8875,-0.0191788,0,0,0
88790,8876,-0.0291212,0,0,0
88790,8877,-0.0390635,0,0,0
88790,8878,-0.0490058,0,0,0
