time,particle_id,x,y,mesh_index,mesh_index_original
74750,7465,0.0415532,0,0,0
74750,7466,0.0316017,0,0,0
74750,7467,0.0216503,0,0,0
74750,7468,0.0116988,0,0,0
74750,7469,0.0017474,0,0,0
74750,7470,-0.00820404,0,0,0
74750,7471,-0.0181555,0,0,0
74750,7472,-0.0281069,0,0,0
74750,7473,-0.0380583,0,0,0
74750,7474,-0.0480097,0,0,0
