time,particle_id,x,y,mesh_index,mesh_index_original
50360,5026,0.0436924,0,0,0
50360,5027,0.0337251,0,0,0
50360,5028,0.0237578,0,0,0
50360,5029,0.0137905,0,0,0
50360,5030,0.00382322,0,0,0
50360,5031,-0.00614406,0,0,0
50360,5032,-0.0161113,0,0,0
50360,5033,-0.0260786,0,0,0
50360,5034,-0.0360459,0,0,0
50360,5035,-0.0460131,0,0,0
