time,particle_id,x,y,mesh_index,mesh_index_original
94200,9409,0.0493883,0,0,0
94200,9410,0.0394494,0,0,0
94200,9411,0.0295106,0,0,0
94200,9412,0.0195717,0,0,0
94200,9413,0.00963288,0,0,0
94200,9414,-0.000305951,0,0,0
94200,9415,-0.0102448,0,0,0
94200,9416,-0.0201836,0,0,0
94200,9417,-0.0301224,0,0,0
94200,9418,-0.0400612,0,0,0
