time,particle_id,x,y,mesh_index,mesh_index_original
55840,5574,0.0436589,0,0,0
55840,5575,0.0336952,0,0,0
55840,5576,0.0237314,0,0,0
55840,5577,0.0137677,0,0,0
55840,5578,0.00380399,0,0,0
55840,5579,-0.00615973,0,0,0
55840,5580,-0.0161234,0,0,0
55840,5581,-0.0260871,0,0,0
55840,5582,-0.0360508,0,0,0
55840,5583,-0.0460145,0,0,0
