time,particle_id,x,y,mesh_index,mesh_index_original
35330,3523,0.0457797,0,0,0
35330,3524,0.0358026,0,0,0
35330,3525,0.0258255,0,0,0
35330,3526,0.0158485,0,0,0
35330,3527,0.0058714,0,0,0
35330,3528,-0.00410565,0,0,0
35330,3529,-0.0140827,0,0,0
35330,3530,-0.0240597,0,0,0
35330,3531,-0.0340368,0,0,0
35330,3532,-0.0440138,0,0,0
