time,particle_id,x,y,mesh_index,mesh_index_original
46470,4637,0.0447131,0,0,0
46470,4638,0.0347433,0,0,0
46470,4639,0.0247735,0,0,0
46470,4640,0.0148037,0,0,0
46470,4641,0.00483385,0,0,0
46470,4642,-0.00513596,0,0,0
46470,4643,-0.0151058,0,0,0
46470,4644,-0.0250755,0,0,0
46470,4645,-0.0350453,0,0,0
46470,4646,-0.0450151,0,0,0
