time,particle_id,x,y,mesh_index,mesh_index_original
68310,6821,0.0425872,0,0,0
68310,6822,0.0326316,0,0,0
68310,6823,0.0226759,0,0,0
68310,6824,0.0127203,0,0,0
68310,6825,0.00276469,0,0,0
68310,6826,-0.00719092,0,0,0
68310,6827,-0.0171465,0,0,0
68310,6828,-0.0271021,0,0,0
68310,6829,-0.0370577,0,0,0
68310,6830,-0.0470133,0,0,0
