time,particle_id,x,y,mesh_index,mesh_index_original
52620,5252,0.0436786,0,0,0
52620,5253,0.0337127,0,0,0
52620,5254,0.0237469,0,0,0
52620,5255,0.0137811,0,0,0
52620,5256,0.00381528,0,0,0
52620,5257,-0.00615052,0,0,0
52620,5258,-0.0161163,0,0,0
52620,5259,-0.0260821,0,0,0
52620,5260,-0.0360479,0,0,0
52620,5261,-0.0460137,0,0,0
