time,particle_id,x,y,mesh_index,mesh_index_original
63600,6350,0.0426157,0,0,0
63600,6351,0.032657,0,0,0
63600,6352,0.0226983,0,0,0
63600,6353,0.0127396,0,0,0
63600,6354,0.0027809,0,0,0
63600,6355,-0.00717777,0,0,0
63600,6356,-0.0171364,0,0,0
63600,6357,-0.0270951,0,0,0
63600,6358,-0.0370538,0,0,0
63600,6359,-0.0470124,0,0,0
