time,particle_id,x,y,mesh_index,mesh_index_original
38300,3820,0.0457611,0,0,0
38300,3821,0.035786,0,0,0
38300,3822,0.0258108,0,0,0
38300,3823,0.0158357,0,0,0
38300,3824,0.00586058,0,0,0
38300,3825,-0.00411454,0,0,0
38300,3826,-0.0140897,0,0,0
38300,3827,-0.0240648,0,0,0
38300,3828,-0.0340399,0,0,0
38300,3829,-0.0440149,0,0,0
