time,particle_id,x,y,mesh_index,mesh_index_original
72790,7269,0.0415649,0,0,0
72790,7270,0.0316122,0,0,0
72790,7271,0.0216594,0,0,0
72790,7272,0.0117067,0,0,0
72790,7273,0.00175401,0,0,0
72790,7274,-0.0081987,0,0,0
72790,7275,-0.0181514,0,0,0
72790,7276,-0.0281041,0,0,0
72790,7277,-0.0380568,0,0,0
72790,7278,-0.0480095,0,0,0
