time,particle_id,x,y,mesh_index,mesh_index_original
46280,4618,0.0447143,0,0,0
46280,4619,0.0347444,0,0,0
46280,4620,0.0247744,0,0,0
46280,4621,0.0148045,0,0,0
46280,4622,0.00483453,0,0,0
46280,4623,-0.0051354,0,0,0
46280,4624,-0.0151053,0,0,0
46280,4625,-0.0250752,0,0,0
46280,4626,-0.0350451,0,0,0
46280,4627,-0.0450151,0,0,0
