time,particle_id,x,y,mesh_index,mesh_index_original
81740,8164,0.0405168,0,0,0
81740,8165,0.0305699,0,0,0
81740,8166,0.020623,0,0,0
81740,8167,0.010676,0,0,0
81740,8168,0.000729129,0,0,0
81740,8169,-0.00921777,0,0,0
81740,8170,-0.0191647,0,0,0
81740,8171,-0.0291116,0,0,0
81740,8172,-0.0390584,0,0,0
81740,8173,-0.0490053,0,0,0
