time,particle_id,x,y,mesh_index,mesh_index_original
67310,6721,0.0425933,0,0,0
67310,6722,0.032637,0,0,0
67310,6723,0.0226807,0,0,0
67310,6724,0.0127244,0,0,0
67310,6725,0.00276813,0,0,0
67310,6726,-0.00718813,0,0,0
67310,6727,-0.0171444,0,0,0
67310,6728,-0.0271006,0,0,0
67310,6729,-0.0370569,0,0,0
67310,6730,-0.0470131,0,0,0
