time,particle_id,x,y,mesh_index,mesh_index_original
2320,222,0.0489856,0,0,0
2320,223,0.0389871,0,0,0
2320,224,0.0289885,0,0,0
2320,225,0.0189899,0,0,0
2320,226,0.00899136,0,0,0
2320,227,-0.00100719,0,0,0
2320,228,-0.0110057,0,0,0
2320,229,-0.0210043,0,0,0
2320,230,-0.0310028,0,0,0
2320,231,-0.0410013,0,0,0
