time,particle_id,x,y,mesh_index,mesh_index_original
34600,3450,0.0457842,0,0,0
34600,3451,0.0358067,0,0,0
34600,3452,0.0258291,0,0,0
34600,3453,0.0158516,0,0,0
34600,3454,0.00587406,0,0,0
34600,3455,-0.00410346,0,0,0
34600,3456,-0.014081,0,0,0
34600,3457,-0.0240585,0,0,0
34600,3458,-0.034036,0,0,0
34600,3459,-0.0440135,0,0,0
