time,particle_id,x,y,mesh_index,mesh_index_original
93200,9309,0.0493947,0,0,0
93200,9310,0.0394552,0,0,0
93200,9311,0.0295157,0,0,0
93200,9312,0.0195763,0,0,0
93200,9313,0.00963677,0,0,0
93200,9314,-0.00030271,0,0,0
93200,9315,-0.0102422,0,0,0
93200,9316,-0.0201816,0,0,0
93200,9317,-0.0301211,0,0,0
93200,9318,-0.0400606,0,0,0
