time,particle_id,x,y,mesh_index,mesh_index_original
18110,1801,0.0478849,0,0,0
18110,1802,0.0378966,0,0,0
18110,1803,0.0279084,0,0,0
18110,1804,0.0179201,0,0,0
18110,1805,0.00793183,0,0,0
18110,1806,-0.00205644,0,0,0
18110,1807,-0.0120447,0,0,0
18110,1808,-0.0220329,0,0,0
18110,1809,-0.0320212,0,0,0
18110,1810,-0.0420094,0,0,0
