time,particle_id,x,y,mesh_index,mesh_index_original
83140,8304,0.0405085,0,0,0
83140,8305,0.0305625,0,0,0
83140,8306,0.0206165,0,0,0
83140,8307,0.0106705,0,0,0
83140,8308,0.000724498,0,0,0
83140,8309,-0.0092215,0,0,0
83140,8310,-0.0191675,0,0,0
83140,8311,-0.0291135,0,0,0
83140,8312,-0.0390594,0,0,0
83140,8313,-0.0490054,0,0,0
