time,particle_id,x,y,mesh_index,mesh_index_original
22510,2241,0.0468583,0,0,0
22510,2242,0.0368729,0,0,0
22510,2243,0.0268875,0,0,0
22510,2244,0.0169021,0,0,0
22510,2245,0.00691667,0,0,0
22510,2246,-0.00306873,0,0,0
22510,2247,-0.0130541,0,0,0
22510,2248,-0.0230395,0,0,0
22510,2249,-0.0330249,0,0,0
22510,2250,-0.0430102,0,0,0
