time,particle_id,x,y,mesh_index,mesh_index_original
41340,4124,0.0447448,0,0,0
41340,4125,0.0347717,0,0,0
41340,4126,0.0247985,0,0,0
41340,4127,0.0148253,0,0,0
41340,4128,0.0048522,0,0,0
41340,4129,-0.00512094,0,0,0
41340,4130,-0.0150941,0,0,0
41340,4131,-0.0250672,0,0,0
41340,4132,-0.0350403,0,0,0
41340,4133,-0.0450134,0,0,0
