time,particle_id,x,y,mesh_index,mesh_index_original
56250,5615,0.0436564,0,0,0
56250,5616,0.0336929,0,0,0
56250,5617,0.0237295,0,0,0
56250,5618,0.013766,0,0,0
56250,5619,0.00380255,0,0,0
56250,5620,-0.0061609,0,0,0
56250,5621,-0.0161243,0,0,0
56250,5622,-0.0260878,0,0,0
56250,5623,-0.0360512,0,0,0
56250,5624,-0.0460146,0,0,0
