time,particle_id,x,y,mesh_index,mesh_index_original
60530,6043,0.0426342,0,0,0
60530,6044,0.0326735,0,0,0
60530,6045,0.0227128,0,0,0
60530,6046,0.0127521,0,0,0
60530,6047,0.00279147,0,0,0
60530,6048,-0.0071692,0,0,0
60530,6049,-0.0171299,0,0,0
60530,6050,-0.0270905,0,0,0
60530,6051,-0.0370512,0,0,0
60530,6052,-0.0470118,0,0,0
