time,particle_id,x,y,mesh_index,mesh_index_original
3390,329,0.0489787,0,0,0
3390,330,0.0389809,0,0,0
3390,331,0.028983,0,0,0
3390,332,0.0189851,0,0,0
3390,333,0.00898725,0,0,0
3390,334,-0.00101061,0,0,0
3390,335,-0.0110085,0,0,0
3390,336,-0.0210063,0,0,0
3390,337,-0.0310041,0,0,0
3390,338,-0.041002,0,0,0
