time,particle_id,x,y,mesh_index,mesh_index_original
68300,6820,0.0425873,0,0,0
68300,6821,0.0326316,0,0,0
68300,6822,0.022676,0,0,0
68300,6823,0.0127204,0,0,0
68300,6824,0.00276473,0,0,0
68300,6825,-0.0071909,0,0,0
68300,6826,-0.0171465,0,0,0
68300,6827,-0.0271021,0,0,0
68300,6828,-0.0370577,0,0,0
68300,6829,-0.0470133,0,0,0
