time,particle_id,x,y,mesh_index,mesh_index_original
28400,2830,0.0468211,0,0,0
28400,2831,0.0368395,0,0,0
28400,2832,0.026858,0,0,0
28400,2833,0.0168764,0,0,0
28400,2834,0.00689481,0,0,0
28400,2835,-0.00308675,0,0,0
28400,2836,-0.0130683,0,0,0
28400,2837,-0.0230499,0,0,0
28400,2838,-0.0330314,0,0,0
28400,2839,-0.0430129,0,0,0
