time,particle_id,x,y,mesh_index,mesh_index_original
52590,5249,0.0436788,0,0,0
52590,5250,0.0337129,0,0,0
52590,5251,0.0237471,0,0,0
52590,5252,0.0137812,0,0,0
52590,5253,0.00381539,0,0,0
52590,5254,-0.00615044,0,0,0
52590,5255,-0.0161163,0,0,0
52590,5256,-0.0260821,0,0,0
52590,5257,-0.0360479,0,0,0
52590,5258,-0.0460137,0,0,0
