time,particle_id,x,y,mesh_index,mesh_index_original
24480,2438,0.0468459,0,0,0
24480,2439,0.0368617,0,0,0
24480,2440,0.0268776,0,0,0
24480,2441,0.0168935,0,0,0
24480,2442,0.00690936,0,0,0
24480,2443,-0.00307476,0,0,0
24480,2444,-0.0130589,0,0,0
24480,2445,-0.023043,0,0,0
24480,2446,-0.0330271,0,0,0
24480,2447,-0.0430111,0,0,0
