time,particle_id,x,y,mesh_index,mesh_index_original
17310,1721,0.04789,0,0,0
17310,1722,0.0379012,0,0,0
17310,1723,0.0279124,0,0,0
17310,1724,0.0179236,0,0,0
17310,1725,0.00793485,0,0,0
17310,1726,-0.00205393,0,0,0
17310,1727,-0.0120427,0,0,0
17310,1728,-0.0220315,0,0,0
17310,1729,-0.0320202,0,0,0
17310,1730,-0.042009,0,0,0
