time,particle_id,x,y,mesh_index,mesh_index_original
73320,7322,0.0415617,0,0,0
73320,7323,0.0316094,0,0,0
73320,7324,0.021657,0,0,0
73320,7325,0.0117046,0,0,0
73320,7326,0.00175222,0,0,0
73320,7327,-0.00820014,0,0,0
73320,7328,-0.0181525,0,0,0
73320,7329,-0.0281048,0,0,0
73320,7330,-0.0380572,0,0,0
73320,7331,-0.0480095,0,0,0
