time,particle_id,x,y,mesh_index,mesh_index_original
71690,7159,0.0415715,0,0,0
71690,7160,0.031618,0,0,0
71690,7161,0.0216646,0,0,0
71690,7162,0.0117112,0,0,0
71690,7163,0.00175772,0,0,0
71690,7164,-0.0081957,0,0,0
71690,7165,-0.0181491,0,0,0
71690,7166,-0.0281025,0,0,0
71690,7167,-0.0380559,0,0,0
71690,7168,-0.0480093,0,0,0
