time,particle_id,x,y,mesh_index,mesh_index_original
40700,4060,0.0447488,0,0,0
40700,4061,0.0347752,0,0,0
40700,4062,0.0248016,0,0,0
40700,4063,0.014828,0,0,0
40700,4064,0.00485449,0,0,0
40700,4065,-0.00511907,0,0,0
40700,4066,-0.0150926,0,0,0
40700,4067,-0.0250662,0,0,0
40700,4068,-0.0350397,0,0,0
40700,4069,-0.0450132,0,0,0
