time,particle_id,x,y,mesh_index,mesh_index_original
2750,265,0.0489829,0,0,0
2750,266,0.0389846,0,0,0
2750,267,0.0289863,0,0,0
2750,268,0.018988,0,0,0
2750,269,0.00898971,0,0,0
2750,270,-0.00100856,0,0,0
2750,271,-0.0110068,0,0,0
2750,272,-0.0210051,0,0,0
2750,273,-0.0310033,0,0,0
2750,274,-0.0410016,0,0,0
