time,particle_id,x,y,mesh_index,mesh_index_original
62800,6270,0.0426205,0,0,0
62800,6271,0.0326613,0,0,0
62800,6272,0.0227021,0,0,0
62800,6273,0.0127429,0,0,0
62800,6274,0.00278365,0,0,0
62800,6275,-0.00717554,0,0,0
62800,6276,-0.0171347,0,0,0
62800,6277,-0.0270939,0,0,0
62800,6278,-0.0370531,0,0,0
62800,6279,-0.0470123,0,0,0
