time,particle_id,x,y,mesh_index,mesh_index_original
29310,2921,0.0468154,0,0,0
29310,2922,0.0368344,0,0,0
29310,2923,0.0268534,0,0,0
29310,2924,0.0168724,0,0,0
29310,2925,0.00689143,0,0,0
29310,2926,-0.00308954,0,0,0
29310,2927,-0.0130705,0,0,0
29310,2928,-0.0230515,0,0,0
29310,2929,-0.0330324,0,0,0
29310,2930,-0.0430133,0,0,0
