time,particle_id,x,y,mesh_index,mesh_index_original
40690,4059,0.0447488,0,0,0
40690,4060,0.0347753,0,0,0
40690,4061,0.0248017,0,0,0
40690,4062,0.0148281,0,0,0
40690,4063,0.00485452,0,0,0
40690,4064,-0.00511904,0,0,0
40690,4065,-0.0150926,0,0,0
40690,4066,-0.0250662,0,0,0
40690,4067,-0.0350397,0,0,0
40690,4068,-0.0450132,0,0,0
