time,particle_id,x,y,mesh_index,mesh_index_original
1480,138,0.0489911,0,0,0
1480,139,0.0389919,0,0,0
1480,140,0.0289928,0,0,0
1480,141,0.0189937,0,0,0
1480,142,0.0089946,0,0,0
1480,143,-0.0010045,0,0,0
1480,144,-0.0110036,0,0,0
1480,145,-0.0210027,0,0,0
1480,146,-0.0310018,0,0,0
1480,147,-0.0410008,0,0,0
