time,particle_id,x,y,mesh_index,mesh_index_original
97930,9782,0.0493641,0,0,0
97930,9783,0.0394277,0,0,0
97930,9784,0.0294912,0,0,0
97930,9785,0.0195548,0,0,0
97930,9786,0.00961838,0,0,0
97930,9787,-0.000318036,0,0,0
97930,9788,-0.0102544,0,0,0
97930,9789,-0.0201908,0,0,0
97930,9790,-0.0301272,0,0,0
97930,9791,-0.0400636,0,0,0
