time,particle_id,x,y,mesh_index,mesh_index_original
18420,1832,0.047883,0,0,0
18420,1833,0.0378949,0,0,0
18420,1834,0.0279068,0,0,0
18420,1835,0.0179187,0,0,0
18420,1836,0.00793065,0,0,0
18420,1837,-0.00205741,0,0,0
18420,1838,-0.0120455,0,0,0
18420,1839,-0.0220335,0,0,0
18420,1840,-0.0320215,0,0,0
18420,1841,-0.0420096,0,0,0
