time,particle_id,x,y,mesh_index,mesh_index_original
3260,316,0.0489796,0,0,0
3260,317,0.0389816,0,0,0
3260,318,0.0289836,0,0,0
3260,319,0.0189857,0,0,0
3260,320,0.00898775,0,0,0
3260,321,-0.00101019,0,0,0
3260,322,-0.0110081,0,0,0
3260,323,-0.0210061,0,0,0
3260,324,-0.031004,0,0,0
3260,325,-0.0410019,0,0,0
