time,particle_id,x,y,mesh_index,mesh_index_original
23920,2382,0.0468494,0,0,0
23920,2383,0.0368649,0,0,0
23920,2384,0.0268804,0,0,0
23920,2385,0.0168959,0,0,0
23920,2386,0.00691143,0,0,0
23920,2387,-0.00307304,0,0,0
23920,2388,-0.0130575,0,0,0
23920,2389,-0.023042,0,0,0
23920,2390,-0.0330264,0,0,0
23920,2391,-0.0430109,0,0,0
