time,particle_id,x,y,mesh_index,mesh_index_original
19250,1915,0.0478777,0,0,0
19250,1916,0.0378901,0,0,0
19250,1917,0.0279026,0,0,0
19250,1918,0.017915,0,0,0
19250,1919,0.00792752,0,0,0
19250,1920,-0.00206,0,0,0
19250,1921,-0.0120475,0,0,0
19250,1922,-0.022035,0,0,0
19250,1923,-0.0320225,0,0,0
19250,1924,-0.04201,0,0,0
