time,particle_id,x,y,mesh_index,mesh_index_original
90860,9075,0.0494099,0,0,0
90860,9076,0.0394689,0,0,0
90860,9077,0.0295279,0,0,0
90860,9078,0.0195869,0,0,0
90860,9079,0.00964587,0,0,0
90860,9080,-0.000295127,0,0,0
90860,9081,-0.0102361,0,0,0
90860,9082,-0.0201771,0,0,0
90860,9083,-0.0301181,0,0,0
90860,9084,-0.040059,0,0,0
