time,particle_id,x,y,mesh_index,mesh_index_original
35490,3539,0.0457787,0,0,0
35490,3540,0.0358017,0,0,0
35490,3541,0.0258247,0,0,0
35490,3542,0.0158478,0,0,0
35490,3543,0.00587082,0,0,0
35490,3544,-0.00410613,0,0,0
35490,3545,-0.0140831,0,0,0
35490,3546,-0.02406,0,0,0
35490,3547,-0.0340369,0,0,0
35490,3548,-0.0440139,0,0,0
