time,particle_id,x,y,mesh_index,mesh_index_original
16450,1635,0.0478955,0,0,0
16450,1636,0.0379062,0,0,0
16450,1637,0.0279168,0,0,0
16450,1638,0.0179274,0,0,0
16450,1639,0.0079381,0,0,0
16450,1640,-0.00205125,0,0,0
16450,1641,-0.0120406,0,0,0
16450,1642,-0.0220299,0,0,0
16450,1643,-0.0320192,0,0,0
16450,1644,-0.0420086,0,0,0
