time,particle_id,x,y,mesh_index,mesh_index_original
77690,7759,0.0415357,0,0,0
77690,7760,0.0315861,0,0,0
77690,7761,0.0216366,0,0,0
77690,7762,0.011687,0,0,0
77690,7763,0.00173748,0,0,0
77690,7764,-0.00821205,0,0,0
77690,7765,-0.0181616,0,0,0
77690,7766,-0.0281111,0,0,0
77690,7767,-0.0380606,0,0,0
77690,7768,-0.0480101,0,0,0
