time,particle_id,x,y,mesh_index,mesh_index_original
24390,2429,0.0468464,0,0,0
24390,2430,0.0368622,0,0,0
24390,2431,0.0268781,0,0,0
24390,2432,0.0168939,0,0,0
24390,2433,0.00690969,0,0,0
24390,2434,-0.00307448,0,0,0
24390,2435,-0.0130586,0,0,0
24390,2436,-0.0230428,0,0,0
24390,2437,-0.033027,0,0,0
24390,2438,-0.0430111,0,0,0
