time,particle_id,x,y,mesh_index,mesh_index_original
85500,8540,0.0404946,0,0,0
85500,8541,0.0305501,0,0,0
85500,8542,0.0206056,0,0,0
85500,8543,0.0106612,0,0,0
85500,8544,0.000716692,0,0,0
85500,8545,-0.00922777,0,0,0
85500,8546,-0.0191722,0,0,0
85500,8547,-0.0291167,0,0,0
85500,8548,-0.0390611,0,0,0
85500,8549,-0.0490056,0,0,0
