time,particle_id,x,y,mesh_index,mesh_index_original
96870,9676,0.049371,0,0,0
96870,9677,0.0394338,0,0,0
96870,9678,0.0294967,0,0,0
96870,9679,0.0195596,0,0,0
96870,9680,0.0096225,0,0,0
96870,9681,-0.000314602,0,0,0
96870,9682,-0.0102517,0,0,0
96870,9683,-0.0201888,0,0,0
96870,9684,-0.0301259,0,0,0
96870,9685,-0.0400629,0,0,0
