time,particle_id,x,y,mesh_index,mesh_index_original
73950,7385,0.041558,0,0,0
73950,7386,0.031606,0,0,0
73950,7387,0.021654,0,0,0
73950,7388,0.0117021,0,0,0
73950,7389,0.0017501,0,0,0
73950,7390,-0.00820186,0,0,0
73950,7391,-0.0181538,0,0,0
73950,7392,-0.0281057,0,0,0
73950,7393,-0.0380577,0,0,0
73950,7394,-0.0480096,0,0,0
