time,particle_id,x,y,mesh_index,mesh_index_original
88830,8873,0.040475,0,0,0
88830,8874,0.0305326,0,0,0
88830,8875,0.0205903,0,0,0
88830,8876,0.010648,0,0,0
88830,8877,0.000705681,0,0,0
88830,8878,-0.00923662,0,0,0
88830,8879,-0.0191789,0,0,0
88830,8880,-0.0291212,0,0,0
88830,8881,-0.0390635,0,0,0
88830,8882,-0.0490058,0,0,0
