time,particle_id,x,y,mesh_index,mesh_index_original
48300,4820,0.0447018,0,0,0
48300,4821,0.0347332,0,0,0
48300,4822,0.0247646,0,0,0
48300,4823,0.0147959,0,0,0
48300,4824,0.00482731,0,0,0
48300,4825,-0.00514131,0,0,0
48300,4826,-0.0151099,0,0,0
48300,4827,-0.0250785,0,0,0
48300,4828,-0.0350471,0,0,0
48300,4829,-0.0450157,0,0,0
