time,particle_id,x,y,mesh_index,mesh_index_original
63140,6304,0.0426184,0,0,0
63140,6305,0.0326594,0,0,0
63140,6306,0.0227005,0,0,0
63140,6307,0.0127415,0,0,0
63140,6308,0.00278248,0,0,0
63140,6309,-0.00717649,0,0,0
63140,6310,-0.0171355,0,0,0
63140,6311,-0.0270944,0,0,0
63140,6312,-0.0370534,0,0,0
63140,6313,-0.0470123,0,0,0
