time,particle_id,x,y,mesh_index,mesh_index_original
17540,1744,0.0478886,0,0,0
17540,1745,0.0378999,0,0,0
17540,1746,0.0279113,0,0,0
17540,1747,0.0179226,0,0,0
17540,1748,0.00793398,0,0,0
17540,1749,-0.00205465,0,0,0
17540,1750,-0.0120433,0,0,0
17540,1751,-0.0220319,0,0,0
17540,1752,-0.0320205,0,0,0
17540,1753,-0.0420091,0,0,0
