time,particle_id,x,y,mesh_index,mesh_index_original
43160,4306,0.0447336,0,0,0
43160,4307,0.0347616,0,0,0
43160,4308,0.0247896,0,0,0
43160,4309,0.0148177,0,0,0
43160,4310,0.00484569,0,0,0
43160,4311,-0.00512627,0,0,0
43160,4312,-0.0150982,0,0,0
43160,4313,-0.0250702,0,0,0
43160,4314,-0.0350421,0,0,0
43160,4315,-0.045014,0,0,0
