time,particle_id,x,y,mesh_index,mesh_index_original
48220,4812,0.0447023,0,0,0
48220,4813,0.0347336,0,0,0
48220,4814,0.0247649,0,0,0
48220,4815,0.0147963,0,0,0
48220,4816,0.00482759,0,0,0
48220,4817,-0.00514108,0,0,0
48220,4818,-0.0151097,0,0,0
48220,4819,-0.0250784,0,0,0
48220,4820,-0.035047,0,0,0
48220,4821,-0.0450157,0,0,0
