time,particle_id,x,y,mesh_index,mesh_index_original
79620,7952,0.0415241,0,0,0
79620,7953,0.0315758,0,0,0
79620,7954,0.0216275,0,0,0
79620,7955,0.0116792,0,0,0
79620,7956,0.00173097,0,0,0
79620,7957,-0.00821731,0,0,0
79620,7958,-0.0181656,0,0,0
79620,7959,-0.0281138,0,0,0
79620,7960,-0.0380621,0,0,0
79620,7961,-0.0480104,0,0,0
