time,particle_id,x,y,mesh_index,mesh_index_original
10570,1047,0.0479331,0,0,0
10570,1048,0.0379399,0,0,0
10570,1049,0.0279467,0,0,0
10570,1050,0.0179535,0,0,0
10570,1051,0.00796032,0,0,0
10570,1052,-0.00203285,0,0,0
10570,1053,-0.012026,0,0,0
10570,1054,-0.0220192,0,0,0
10570,1055,-0.0320123,0,0,0
10570,1056,-0.0420055,0,0,0
