time,particle_id,x,y,mesh_index,mesh_index_original
17660,1756,0.0478878,0,0,0
17660,1757,0.0378992,0,0,0
17660,1758,0.0279107,0,0,0
17660,1759,0.0179221,0,0,0
17660,1760,0.00793353,0,0,0
17660,1761,-0.00205503,0,0,0
17660,1762,-0.0120436,0,0,0
17660,1763,-0.0220321,0,0,0
17660,1764,-0.0320207,0,0,0
17660,1765,-0.0420092,0,0,0
