time,particle_id,x,y,mesh_index,mesh_index_original
24420,2432,0.0468463,0,0,0
24420,2433,0.0368621,0,0,0
24420,2434,0.0268779,0,0,0
24420,2435,0.0168937,0,0,0
24420,2436,0.00690958,0,0,0
24420,2437,-0.00307457,0,0,0
24420,2438,-0.0130587,0,0,0
24420,2439,-0.0230429,0,0,0
24420,2440,-0.033027,0,0,0
24420,2441,-0.0430111,0,0,0
