time,particle_id,x,y,mesh_index,mesh_index_original
19050,1895,0.0478789,0,0,0
19050,1896,0.0378913,0,0,0
19050,1897,0.0279036,0,0,0
19050,1898,0.0179159,0,0,0
19050,1899,0.00792827,0,0,0
19050,1900,-0.00205937,0,0,0
19050,1901,-0.012047,0,0,0
19050,1902,-0.0220347,0,0,0
19050,1903,-0.0320223,0,0,0
19050,1904,-0.0420099,0,0,0
