time,particle_id,x,y,mesh_index,mesh_index_original
33930,3383,0.0457884,0,0,0
33930,3384,0.0358104,0,0,0
33930,3385,0.0258324,0,0,0
33930,3386,0.0158545,0,0,0
33930,3387,0.0058765,0,0,0
33930,3388,-0.00410146,0,0,0
33930,3389,-0.0140794,0,0,0
33930,3390,-0.0240574,0,0,0
33930,3391,-0.0340353,0,0,0
33930,3392,-0.0440132,0,0,0
