time,particle_id,x,y,mesh_index,mesh_index_original
43810,4371,0.0447296,0,0,0
43810,4372,0.034758,0,0,0
43810,4373,0.0247865,0,0,0
43810,4374,0.0148149,0,0,0
43810,4375,0.00484336,0,0,0
43810,4376,-0.00512817,0,0,0
43810,4377,-0.0150997,0,0,0
43810,4378,-0.0250712,0,0,0
43810,4379,-0.0350427,0,0,0
43810,4380,-0.0450142,0,0,0
