time,particle_id,x,y,mesh_index,mesh_index_original
82910,8281,0.0405099,0,0,0
82910,8282,0.0305637,0,0,0
82910,8283,0.0206176,0,0,0
82910,8284,0.0106714,0,0,0
82910,8285,0.000725259,0,0,0
82910,8286,-0.00922088,0,0,0
82910,8287,-0.019167,0,0,0
82910,8288,-0.0291131,0,0,0
82910,8289,-0.0390593,0,0,0
82910,8290,-0.0490054,0,0,0
