time,particle_id,x,y,mesh_index,mesh_index_original
47060,4696,0.0447095,0,0,0
47060,4697,0.03474,0,0,0
47060,4698,0.0247706,0,0,0
47060,4699,0.0148012,0,0,0
47060,4700,0.00483174,0,0,0
47060,4701,-0.00513768,0,0,0
47060,4702,-0.0151071,0,0,0
47060,4703,-0.0250765,0,0,0
47060,4704,-0.0350459,0,0,0
47060,4705,-0.0450153,0,0,0
