time,particle_id,x,y,mesh_index,mesh_index_original
75440,7534,0.0415491,0,0,0
75440,7535,0.0315981,0,0,0
75440,7536,0.0216471,0,0,0
75440,7537,0.0116961,0,0,0
75440,7538,0.00174507,0,0,0
75440,7539,-0.00820592,0,0,0
75440,7540,-0.0181569,0,0,0
75440,7541,-0.0281079,0,0,0
75440,7542,-0.0380588,0,0,0
75440,7543,-0.0480098,0,0,0
