time,particle_id,x,y,mesh_index,mesh_index_original
60000,5990,0.0436335,0,0,0
60000,5991,0.0336725,0,0,0
60000,5992,0.0237114,0,0,0
60000,5993,0.0137504,0,0,0
60000,5994,0.00378939,0,0,0
60000,5995,-0.00617162,0,0,0
60000,5996,-0.0161326,0,0,0
60000,5997,-0.0260936,0,0,0
60000,5998,-0.0360546,0,0,0
60000,5999,-0.0460156,0,0,0
