time,particle_id,x,y,mesh_index,mesh_index_original
37220,3712,0.0457679,0,0,0
37220,3713,0.035792,0,0,0
37220,3714,0.0258162,0,0,0
37220,3715,0.0158403,0,0,0
37220,3716,0.00586452,0,0,0
37220,3717,-0.00411131,0,0,0
37220,3718,-0.0140871,0,0,0
37220,3719,-0.0240629,0,0,0
37220,3720,-0.0340387,0,0,0
37220,3721,-0.0440145,0,0,0
