time,particle_id,x,y,mesh_index,mesh_index_original
88550,8845,0.0404766,0,0,0
88550,8846,0.0305341,0,0,0
88550,8847,0.0205916,0,0,0
88550,8848,0.0106491,0,0,0
88550,8849,0.000706607,0,0,0
88550,8850,-0.00923588,0,0,0
88550,8851,-0.0191784,0,0,0
88550,8852,-0.0291208,0,0,0
88550,8853,-0.0390633,0,0,0
88550,8854,-0.0490058,0,0,0
