time,particle_id,x,y,mesh_index,mesh_index_original
80060,7996,0.0415215,0,0,0
80060,7997,0.0315735,0,0,0
80060,7998,0.0216255,0,0,0
80060,7999,0.0116775,0,0,0
80060,8000,0.000734684,0,0,0
80060,8001,-0.00921331,0,0,0
80060,8002,-0.0191613,0,0,0
80060,8003,-0.0291093,0,0,0
80060,8004,-0.0390572,0,0,0
80060,8005,-0.0490052,0,0,0
