time,particle_id,x,y,mesh_index,mesh_index_original
98530,9842,0.0493602,0,0,0
98530,9843,0.0394242,0,0,0
98530,9844,0.0294881,0,0,0
98530,9845,0.0195521,0,0,0
98530,9846,0.00961604,0,0,0
98530,9847,-0.00031998,0,0,0
98530,9848,-0.010256,0,0,0
98530,9849,-0.020192,0,0,0
98530,9850,-0.030128,0,0,0
98530,9851,-0.040064,0,0,0
