time,particle_id,x,y,mesh_index,mesh_index_original
98950,9884,0.0493575,0,0,0
98950,9885,0.0394217,0,0,0
98950,9886,0.0294859,0,0,0
98950,9887,0.0195502,0,0,0
98950,9888,0.00961441,0,0,0
98950,9889,-0.00032134,0,0,0
98950,9890,-0.0102571,0,0,0
98950,9891,-0.0201928,0,0,0
98950,9892,-0.0301286,0,0,0
98950,9893,-0.0400643,0,0,0
