time,particle_id,x,y,mesh_index,mesh_index_original
32060,3196,0.0458001,0,0,0
32060,3197,0.0358209,0,0,0
32060,3198,0.0258417,0,0,0
32060,3199,0.0158625,0,0,0
32060,3200,0.00588332,0,0,0
32060,3201,-0.00409586,0,0,0
32060,3202,-0.014075,0,0,0
32060,3203,-0.0240542,0,0,0
32060,3204,-0.0340334,0,0,0
32060,3205,-0.0440125,0,0,0
