time,particle_id,x,y,mesh_index,mesh_index_original
43550,4345,0.0447312,0,0,0
43550,4346,0.0347594,0,0,0
43550,4347,0.0247877,0,0,0
43550,4348,0.014816,0,0,0
43550,4349,0.00484429,0,0,0
43550,4350,-0.00512741,0,0,0
43550,4351,-0.0150991,0,0,0
43550,4352,-0.0250708,0,0,0
43550,4353,-0.0350425,0,0,0
43550,4354,-0.0450142,0,0,0
