time,particle_id,x,y,mesh_index,mesh_index_original
78410,7831,0.0415314,0,0,0
78410,7832,0.0315823,0,0,0
78410,7833,0.0216332,0,0,0
78410,7834,0.0116841,0,0,0
78410,7835,0.00173505,0,0,0
78410,7836,-0.00821401,0,0,0
78410,7837,-0.0181631,0,0,0
78410,7838,-0.0281121,0,0,0
78410,7839,-0.0380612,0,0,0
78410,7840,-0.0480102,0,0,0
