time,particle_id,x,y,mesh_index,mesh_index_original
96840,9673,0.0493712,0,0,0
96840,9674,0.039434,0,0,0
96840,9675,0.0294969,0,0,0
96840,9676,0.0195597,0,0,0
96840,9677,0.00962261,0,0,0
96840,9678,-0.000314505,0,0,0
96840,9679,-0.0102516,0,0,0
96840,9680,-0.0201887,0,0,0
96840,9681,-0.0301258,0,0,0
96840,9682,-0.0400629,0,0,0
