time,particle_id,x,y,mesh_index,mesh_index_original
86370,8627,0.0404895,0,0,0
86370,8628,0.0305456,0,0,0
86370,8629,0.0206016,0,0,0
86370,8630,0.0106577,0,0,0
86370,8631,0.000713815,0,0,0
86370,8632,-0.00923008,0,0,0
86370,8633,-0.019174,0,0,0
86370,8634,-0.0291179,0,0,0
86370,8635,-0.0390617,0,0,0
86370,8636,-0.0490056,0,0,0
