time,particle_id,x,y,mesh_index,mesh_index_original
80550,8045,0.0405238,0,0,0
80550,8046,0.0305761,0,0,0
80550,8047,0.0206284,0,0,0
80550,8048,0.0106807,0,0,0
80550,8049,0.000733066,0,0,0
80550,8050,-0.00921461,0,0,0
80550,8051,-0.0191623,0,0,0
80550,8052,-0.0291099,0,0,0
80550,8053,-0.0390576,0,0,0
80550,8054,-0.0490052,0,0,0
