time,particle_id,x,y,mesh_index,mesh_index_original
230,13,0.0489991,0,0,0
230,14,0.0389992,0,0,0
230,15,0.0289993,0,0,0
230,16,0.0189993,0,0,0
230,17,0.00899941,0,0,0
230,18,-0.00100051,0,0,0
230,19,-0.0110004,0,0,0
230,20,-0.0210003,0,0,0
230,21,-0.0310002,0,0,0
230,22,-0.0410001,0,0,0
