time,particle_id,x,y,mesh_index,mesh_index_original
80620,8052,0.0405234,0,0,0
80620,8053,0.0305758,0,0,0
80620,8054,0.0206281,0,0,0
80620,8055,0.0106805,0,0,0
80620,8056,0.000732834,0,0,0
80620,8057,-0.00921479,0,0,0
80620,8058,-0.0191624,0,0,0
80620,8059,-0.02911,0,0,0
80620,8060,-0.0390576,0,0,0
80620,8061,-0.0490052,0,0,0
