time,particle_id,x,y,mesh_index,mesh_index_original
98120,9801,0.0493629,0,0,0
98120,9802,0.0394265,0,0,0
98120,9803,0.0294902,0,0,0
98120,9804,0.0195539,0,0,0
98120,9805,0.00961764,0,0,0
98120,9806,-0.000318652,0,0,0
98120,9807,-0.0102549,0,0,0
98120,9808,-0.0201912,0,0,0
98120,9809,-0.0301275,0,0,0
98120,9810,-0.0400637,0,0,0
