time,particle_id,x,y,mesh_index,mesh_index_original
83130,8303,0.0405086,0,0,0
83130,8304,0.0305626,0,0,0
83130,8305,0.0206165,0,0,0
83130,8306,0.0106705,0,0,0
83130,8307,0.000724531,0,0,0
83130,8308,-0.00922147,0,0,0
83130,8309,-0.0191675,0,0,0
83130,8310,-0.0291134,0,0,0
83130,8311,-0.0390594,0,0,0
83130,8312,-0.0490054,0,0,0
