time,particle_id,x,y,mesh_index,mesh_index_original
65350,6525,0.0426051,0,0,0
65350,6526,0.0326475,0,0,0
65350,6527,0.02269,0,0,0
65350,6528,0.0127324,0,0,0
65350,6529,0.00277488,0,0,0
65350,6530,-0.00718266,0,0,0
65350,6531,-0.0171402,0,0,0
65350,6532,-0.0270977,0,0,0
65350,6533,-0.0370552,0,0,0
65350,6534,-0.0470127,0,0,0
