time,particle_id,x,y,mesh_index,mesh_index_original
89050,8895,0.0404737,0,0,0
89050,8896,0.0305315,0,0,0
89050,8897,0.0205893,0,0,0
89050,8898,0.0106471,0,0,0
89050,8899,0.000704953,0,0,0
89050,8900,-0.00923721,0,0,0
89050,8901,-0.0191794,0,0,0
89050,8902,-0.0291215,0,0,0
89050,8903,-0.0390637,0,0,0
89050,8904,-0.0490058,0,0,0
