time,particle_id,x,y,mesh_index,mesh_index_original
39880,3978,0.0457513,0,0,0
39880,3979,0.0357771,0,0,0
39880,3980,0.025803,0,0,0
39880,3981,0.0158289,0,0,0
39880,3982,0.00585483,0,0,0
39880,3983,-0.00411927,0,0,0
39880,3984,-0.0140934,0,0,0
39880,3985,-0.0240674,0,0,0
39880,3986,-0.0340415,0,0,0
39880,3987,-0.0440156,0,0,0
