time,particle_id,x,y,mesh_index,mesh_index_original
13900,1380,0.0479118,0,0,0
13900,1381,0.0379208,0,0,0
13900,1382,0.0279298,0,0,0
13900,1383,0.0179387,0,0,0
13900,1384,0.00794773,0,0,0
13900,1385,-0.00204327,0,0,0
13900,1386,-0.0120343,0,0,0
13900,1387,-0.0220253,0,0,0
13900,1388,-0.0320162,0,0,0
13900,1389,-0.0420072,0,0,0
