time,particle_id,x,y,mesh_index,mesh_index_original
27850,2775,0.0468246,0,0,0
27850,2776,0.0368426,0,0,0
27850,2777,0.0268607,0,0,0
27850,2778,0.0168788,0,0,0
27850,2779,0.00689685,0,0,0
27850,2780,-0.00308507,0,0,0
27850,2781,-0.013067,0,0,0
27850,2782,-0.0230489,0,0,0
27850,2783,-0.0330308,0,0,0
27850,2784,-0.0430127,0,0,0
