time,particle_id,x,y,mesh_index,mesh_index_original
66260,6616,0.0425996,0,0,0
66260,6617,0.0326426,0,0,0
66260,6618,0.0226857,0,0,0
66260,6619,0.0127287,0,0,0
66260,6620,0.00277175,0,0,0
66260,6621,-0.0071852,0,0,0
66260,6622,-0.0171421,0,0,0
66260,6623,-0.0270991,0,0,0
66260,6624,-0.037056,0,0,0
66260,6625,-0.0470129,0,0,0
