time,particle_id,x,y,mesh_index,mesh_index_original
82560,8246,0.040512,0,0,0
82560,8247,0.0305656,0,0,0
82560,8248,0.0206192,0,0,0
82560,8249,0.0106728,0,0,0
82560,8250,0.000726416,0,0,0
82560,8251,-0.00921995,0,0,0
82560,8252,-0.0191663,0,0,0
82560,8253,-0.0291127,0,0,0
82560,8254,-0.039059,0,0,0
82560,8255,-0.0490054,0,0,0
