time,particle_id,x,y,mesh_index,mesh_index_original
47960,4786,0.0447039,0,0,0
47960,4787,0.0347351,0,0,0
47960,4788,0.0247662,0,0,0
47960,4789,0.0147974,0,0,0
47960,4790,0.00482852,0,0,0
47960,4791,-0.00514032,0,0,0
47960,4792,-0.0151091,0,0,0
47960,4793,-0.025078,0,0,0
47960,4794,-0.0350468,0,0,0
47960,4795,-0.0450156,0,0,0
