time,particle_id,x,y,mesh_index,mesh_index_original
42600,4250,0.044737,0,0,0
42600,4251,0.0347647,0,0,0
42600,4252,0.0247924,0,0,0
42600,4253,0.01482,0,0,0
42600,4254,0.00484769,0,0,0
42600,4255,-0.00512463,0,0,0
42600,4256,-0.0150969,0,0,0
42600,4257,-0.0250693,0,0,0
42600,4258,-0.0350416,0,0,0
42600,4259,-0.0450139,0,0,0
