time,particle_id,x,y,mesh_index,mesh_index_original
43820,4372,0.0447295,0,0,0
43820,4373,0.034758,0,0,0
43820,4374,0.0247864,0,0,0
43820,4375,0.0148149,0,0,0
43820,4376,0.00484333,0,0,0
43820,4377,-0.0051282,0,0,0
43820,4378,-0.0150997,0,0,0
43820,4379,-0.0250712,0,0,0
43820,4380,-0.0350427,0,0,0
43820,4381,-0.0450143,0,0,0
