time,particle_id,x,y,mesh_index,mesh_index_original
37790,3769,0.0457643,0,0,0
37790,3770,0.0357888,0,0,0
37790,3771,0.0258134,0,0,0
37790,3772,0.0158379,0,0,0
37790,3773,0.00586244,0,0,0
37790,3774,-0.00411301,0,0,0
37790,3775,-0.0140885,0,0,0
37790,3776,-0.0240639,0,0,0
37790,3777,-0.0340393,0,0,0
37790,3778,-0.0440147,0,0,0
