time,particle_id,x,y,mesh_index,mesh_index_original
73480,7338,0.0415608,0,0,0
73480,7339,0.0316085,0,0,0
73480,7340,0.0216562,0,0,0
73480,7341,0.011704,0,0,0
73480,7342,0.00175168,0,0,0
73480,7343,-0.00820058,0,0,0
73480,7344,-0.0181528,0,0,0
73480,7345,-0.0281051,0,0,0
73480,7346,-0.0380573,0,0,0
73480,7347,-0.0480096,0,0,0
