time,particle_id,x,y,mesh_index,mesh_index_original
4690,459,0.0489703,0,0,0
4690,460,0.0389733,0,0,0
4690,461,0.0289763,0,0,0
4690,462,0.0189793,0,0,0
4690,463,0.00898225,0,0,0
4690,464,-0.00101476,0,0,0
4690,465,-0.0110118,0,0,0
4690,466,-0.0210088,0,0,0
4690,467,-0.0310057,0,0,0
4690,468,-0.0410027,0,0,0
