time,particle_id,x,y,mesh_index,mesh_index_original
23040,2294,0.046855,0,0,0
23040,2295,0.0368699,0,0,0
23040,2296,0.0268848,0,0,0
23040,2297,0.0168998,0,0,0
23040,2298,0.0069147,0,0,0
23040,2299,-0.00307035,0,0,0
23040,2300,-0.0130554,0,0,0
23040,2301,-0.0230404,0,0,0
23040,2302,-0.0330255,0,0,0
23040,2303,-0.0430105,0,0,0
