time,particle_id,x,y,mesh_index,mesh_index_original
88090,8799,0.0404793,0,0,0
88090,8800,0.0305365,0,0,0
88090,8801,0.0205937,0,0,0
88090,8802,0.0106509,0,0,0
88090,8803,0.000708128,0,0,0
88090,8804,-0.00923466,0,0,0
88090,8805,-0.0191774,0,0,0
88090,8806,-0.0291202,0,0,0
88090,8807,-0.039063,0,0,0
88090,8808,-0.0490057,0,0,0
