time,particle_id,x,y,mesh_index,mesh_index_original
12980,1288,0.0479177,0,0,0
12980,1289,0.0379261,0,0,0
12980,1290,0.0279344,0,0,0
12980,1291,0.0179428,0,0,0
12980,1292,0.00795121,0,0,0
12980,1293,-0.00204039,0,0,0
12980,1294,-0.012032,0,0,0
12980,1295,-0.0220236,0,0,0
12980,1296,-0.0320152,0,0,0
12980,1297,-0.0420067,0,0,0
