time,particle_id,x,y,mesh_index,mesh_index_original
86180,8608,0.0404906,0,0,0
86180,8609,0.0305465,0,0,0
86180,8610,0.0206025,0,0,0
86180,8611,0.0106585,0,0,0
86180,8612,0.000714444,0,0,0
86180,8613,-0.00922958,0,0,0
86180,8614,-0.0191736,0,0,0
86180,8615,-0.0291176,0,0,0
86180,8616,-0.0390616,0,0,0
86180,8617,-0.0490056,0,0,0
