time,particle_id,x,y,mesh_index,mesh_index_original
48560,4846,0.0447002,0,0,0
48560,4847,0.0347318,0,0,0
48560,4848,0.0247633,0,0,0
48560,4849,0.0147948,0,0,0
48560,4850,0.00482638,0,0,0
48560,4851,-0.00514207,0,0,0
48560,4852,-0.0151105,0,0,0
48560,4853,-0.0250789,0,0,0
48560,4854,-0.0350474,0,0,0
48560,4855,-0.0450158,0,0,0
