time,particle_id,x,y,mesh_index,mesh_index_original
660,56,0.0489964,0,0,0
660,57,0.0389967,0,0,0
660,58,0.028997,0,0,0
660,59,0.0189974,0,0,0
660,60,0.00899775,0,0,0
660,61,-0.00100188,0,0,0
660,62,-0.0110015,0,0,0
660,63,-0.0210011,0,0,0
660,64,-0.0310007,0,0,0
660,65,-0.0410004,0,0,0
