time,particle_id,x,y,mesh_index,mesh_index_original
87480,8738,0.0404829,0,0,0
87480,8739,0.0305397,0,0,0
87480,8740,0.0205965,0,0,0
87480,8741,0.0106533,0,0,0
87480,8742,0.000710145,0,0,0
87480,8743,-0.00923303,0,0,0
87480,8744,-0.0191762,0,0,0
87480,8745,-0.0291194,0,0,0
87480,8746,-0.0390625,0,0,0
87480,8747,-0.0490057,0,0,0
