time,particle_id,x,y,mesh_index,mesh_index_original
15010,1491,0.0479047,0,0,0
15010,1492,0.0379144,0,0,0
15010,1493,0.0279241,0,0,0
15010,1494,0.0179338,0,0,0
15010,1495,0.00794354,0,0,0
15010,1496,-0.00204674,0,0,0
15010,1497,-0.012037,0,0,0
15010,1498,-0.0220273,0,0,0
15010,1499,-0.0320175,0,0,0
15010,1500,-0.0420078,0,0,0
