time,particle_id,x,y,mesh_index,mesh_index_original
6600,650,0.048958,0,0,0
6600,651,0.0389622,0,0,0
6600,652,0.0289664,0,0,0
6600,653,0.0189707,0,0,0
6600,654,0.0089749,0,0,0
6600,655,-0.00102086,0,0,0
6600,656,-0.0110166,0,0,0
6600,657,-0.0210124,0,0,0
6600,658,-0.0310081,0,0,0
6600,659,-0.0410038,0,0,0
