time,particle_id,x,y,mesh_index,mesh_index_original
54730,5463,0.0436657,0,0,0
54730,5464,0.0337012,0,0,0
54730,5465,0.0237368,0,0,0
54730,5466,0.0137723,0,0,0
54730,5467,0.00380788,0,0,0
54730,5468,-0.00615656,0,0,0
54730,5469,-0.016121,0,0,0
54730,5470,-0.0260854,0,0,0
54730,5471,-0.0360498,0,0,0
54730,5472,-0.0460142,0,0,0
