time,particle_id,x,y,mesh_index,mesh_index_original
64240,6414,0.0426118,0,0,0
64240,6415,0.0326535,0,0,0
64240,6416,0.0226952,0,0,0
64240,6417,0.012737,0,0,0
64240,6418,0.0027787,0,0,0
64240,6419,-0.00717956,0,0,0
64240,6420,-0.0171378,0,0,0
64240,6421,-0.0270961,0,0,0
64240,6422,-0.0370543,0,0,0
64240,6423,-0.0470125,0,0,0
