time,particle_id,x,y,mesh_index,mesh_index_original
86750,8665,0.0404872,0,0,0
86750,8666,0.0305436,0,0,0
86750,8667,0.0205999,0,0,0
86750,8668,0.0106562,0,0,0
86750,8669,0.000712559,0,0,0
86750,8670,-0.00923109,0,0,0
86750,8671,-0.0191747,0,0,0
86750,8672,-0.0291184,0,0,0
86750,8673,-0.039062,0,0,0
86750,8674,-0.0490056,0,0,0
