time,particle_id,x,y,mesh_index,mesh_index_original
87620,8752,0.0404821,0,0,0
87620,8753,0.030539,0,0,0
87620,8754,0.0205959,0,0,0
87620,8755,0.0106528,0,0,0
87620,8756,0.000709682,0,0,0
87620,8757,-0.00923341,0,0,0
87620,8758,-0.0191765,0,0,0
87620,8759,-0.0291196,0,0,0
87620,8760,-0.0390626,0,0,0
87620,8761,-0.0490057,0,0,0
