time,particle_id,x,y,mesh_index,mesh_index_original
19480,1938,0.0478762,0,0,0
19480,1939,0.0378888,0,0,0
19480,1940,0.0279014,0,0,0
19480,1941,0.017914,0,0,0
19480,1942,0.00792665,0,0,0
19480,1943,-0.00206072,0,0,0
19480,1944,-0.0120481,0,0,0
19480,1945,-0.0220354,0,0,0
19480,1946,-0.0320228,0,0,0
19480,1947,-0.0420101,0,0,0
