time,particle_id,x,y,mesh_index,mesh_index_original
20170,2007,0.0468731,0,0,0
20170,2008,0.0368862,0,0,0
20170,2009,0.0268992,0,0,0
20170,2010,0.0169123,0,0,0
20170,2011,0.00692535,0,0,0
20170,2012,-0.00306157,0,0,0
20170,2013,-0.0130485,0,0,0
20170,2014,-0.0230354,0,0,0
20170,2015,-0.0330223,0,0,0
20170,2016,-0.0430092,0,0,0
