time,particle_id,x,y,mesh_index,mesh_index_original
75790,7569,0.041547,0,0,0
75790,7570,0.0315962,0,0,0
75790,7571,0.0216454,0,0,0
75790,7572,0.0116947,0,0,0
75790,7573,0.00174389,0,0,0
75790,7574,-0.00820687,0,0,0
75790,7575,-0.0181576,0,0,0
75790,7576,-0.0281084,0,0,0
75790,7577,-0.0380591,0,0,0
75790,7578,-0.0480099,0,0,0
