time,particle_id,x,y,mesh_index,mesh_index_original
34290,3419,0.0457862,0,0,0
34290,3420,0.0358084,0,0,0
34290,3421,0.0258307,0,0,0
34290,3422,0.0158529,0,0,0
34290,3423,0.00587519,0,0,0
34290,3424,-0.00410254,0,0,0
34290,3425,-0.0140803,0,0,0
34290,3426,-0.024058,0,0,0
34290,3427,-0.0340357,0,0,0
34290,3428,-0.0440134,0,0,0
