time,particle_id,x,y,mesh_index,mesh_index_original
94080,9397,0.049389,0,0,0
94080,9398,0.0394501,0,0,0
94080,9399,0.0295112,0,0,0
94080,9400,0.0195723,0,0,0
94080,9401,0.00963335,0,0,0
94080,9402,-0.000305562,0,0,0
94080,9403,-0.0102445,0,0,0
94080,9404,-0.0201834,0,0,0
94080,9405,-0.0301222,0,0,0
94080,9406,-0.0400611,0,0,0
