time,particle_id,x,y,mesh_index,mesh_index_original
50650,5055,0.0436906,0,0,0
50650,5056,0.0337235,0,0,0
50650,5057,0.0237564,0,0,0
50650,5058,0.0137893,0,0,0
50650,5059,0.0038222,0,0,0
50650,5060,-0.00614489,0,0,0
50650,5061,-0.016112,0,0,0
50650,5062,-0.026079,0,0,0
50650,5063,-0.0360461,0,0,0
50650,5064,-0.0460132,0,0,0
