time,particle_id,x,y,mesh_index,mesh_index_original
37640,3754,0.0457652,0,0,0
37640,3755,0.0357897,0,0,0
37640,3756,0.0258141,0,0,0
37640,3757,0.0158385,0,0,0
37640,3758,0.00586298,0,0,0
37640,3759,-0.00411256,0,0,0
37640,3760,-0.0140881,0,0,0
37640,3761,-0.0240636,0,0,0
37640,3762,-0.0340392,0,0,0
37640,3763,-0.0440147,0,0,0
