time,particle_id,x,y,mesh_index,mesh_index_original
44430,4433,0.0447257,0,0,0
44430,4434,0.0347546,0,0,0
44430,4435,0.0247834,0,0,0
44430,4436,0.0148123,0,0,0
44430,4437,0.00484114,0,0,0
44430,4438,-0.00512999,0,0,0
44430,4439,-0.0151011,0,0,0
44430,4440,-0.0250722,0,0,0
44430,4441,-0.0350433,0,0,0
44430,4442,-0.0450144,0,0,0
