time,particle_id,x,y,mesh_index,mesh_index_original
46800,4670,0.0447111,0,0,0
46800,4671,0.0347415,0,0,0
46800,4672,0.0247719,0,0,0
46800,4673,0.0148023,0,0,0
46800,4674,0.00483267,0,0,0
46800,4675,-0.00513692,0,0,0
46800,4676,-0.0151065,0,0,0
46800,4677,-0.0250761,0,0,0
46800,4678,-0.0350457,0,0,0
46800,4679,-0.0450152,0,0,0
