time,particle_id,x,y,mesh_index,mesh_index_original
12010,1191,0.0479239,0,0,0
12010,1192,0.0379316,0,0,0
12010,1193,0.0279394,0,0,0
12010,1194,0.0179471,0,0,0
12010,1195,0.00795488,0,0,0
12010,1196,-0.00203736,0,0,0
12010,1197,-0.0120296,0,0,0
12010,1198,-0.0220218,0,0,0
12010,1199,-0.032014,0,0,0
12010,1200,-0.0420062,0,0,0
