time,particle_id,x,y,mesh_index,mesh_index_original
58720,5862,0.0436413,0,0,0
58720,5863,0.0336795,0,0,0
58720,5864,0.0237176,0,0,0
58720,5865,0.0137557,0,0,0
58720,5866,0.00379388,0,0,0
58720,5867,-0.00616796,0,0,0
58720,5868,-0.0161298,0,0,0
58720,5869,-0.0260916,0,0,0
58720,5870,-0.0360535,0,0,0
58720,5871,-0.0460153,0,0,0
