time,particle_id,x,y,mesh_index,mesh_index_original
55310,5521,0.0436621,0,0,0
55310,5522,0.0336981,0,0,0
55310,5523,0.023734,0,0,0
55310,5524,0.0137699,0,0,0
55310,5525,0.00380585,0,0,0
55310,5526,-0.00615821,0,0,0
55310,5527,-0.0161223,0,0,0
55310,5528,-0.0260863,0,0,0
55310,5529,-0.0360504,0,0,0
55310,5530,-0.0460144,0,0,0
