time,particle_id,x,y,mesh_index,mesh_index_original
68870,6877,0.0425838,0,0,0
68870,6878,0.0326286,0,0,0
68870,6879,0.0226733,0,0,0
68870,6880,0.012718,0,0,0
68870,6881,0.00276277,0,0,0
68870,6882,-0.00719249,0,0,0
68870,6883,-0.0171477,0,0,0
68870,6884,-0.027103,0,0,0
68870,6885,-0.0370582,0,0,0
68870,6886,-0.0470134,0,0,0
