time,particle_id,x,y,mesh_index,mesh_index_original
48600,4850,0.0447,0,0,0
48600,4851,0.0347315,0,0,0
48600,4852,0.0247631,0,0,0
48600,4853,0.0147947,0,0,0
48600,4854,0.00482623,0,0,0
48600,4855,-0.00514219,0,0,0
48600,4856,-0.0151106,0,0,0
48600,4857,-0.025079,0,0,0
48600,4858,-0.0350474,0,0,0
48600,4859,-0.0450158,0,0,0
