time,particle_id,x,y,mesh_index,mesh_index_original
81310,8121,0.0405193,0,0,0
81310,8122,0.0305721,0,0,0
81310,8123,0.0206249,0,0,0
81310,8124,0.0106777,0,0,0
81310,8125,0.000730551,0,0,0
81310,8126,-0.00921663,0,0,0
81310,8127,-0.0191638,0,0,0
81310,8128,-0.029111,0,0,0
81310,8129,-0.0390581,0,0,0
81310,8130,-0.0490053,0,0,0
