time,particle_id,x,y,mesh_index,mesh_index_original
61650,6155,0.0426274,0,0,0
61650,6156,0.0326675,0,0,0
61650,6157,0.0227075,0,0,0
61650,6158,0.0127476,0,0,0
61650,6159,0.00278761,0,0,0
61650,6160,-0.00717233,0,0,0
61650,6161,-0.0171323,0,0,0
61650,6162,-0.0270922,0,0,0
61650,6163,-0.0370521,0,0,0
61650,6164,-0.047012,0,0,0
