time,particle_id,x,y,mesh_index,mesh_index_original
56710,5661,0.0436536,0,0,0
56710,5662,0.0336904,0,0,0
56710,5663,0.0237273,0,0,0
56710,5664,0.0137641,0,0,0
56710,5665,0.00380093,0,0,0
56710,5666,-0.00616222,0,0,0
56710,5667,-0.0161254,0,0,0
56710,5668,-0.0260885,0,0,0
56710,5669,-0.0360516,0,0,0
56710,5670,-0.0460148,0,0,0
