time,particle_id,x,y,mesh_index,mesh_index_original
36030,3593,0.0457753,0,0,0
36030,3594,0.0357987,0,0,0
36030,3595,0.0258221,0,0,0
36030,3596,0.0158455,0,0,0
36030,3597,0.00586885,0,0,0
36030,3598,-0.00410774,0,0,0
36030,3599,-0.0140843,0,0,0
36030,3600,-0.0240609,0,0,0
36030,3601,-0.0340375,0,0,0
36030,3602,-0.0440141,0,0,0
