time,particle_id,x,y,mesh_index,mesh_index_original
70270,7017,0.04158,0,0,0
70270,7018,0.0316256,0,0,0
70270,7019,0.0216712,0,0,0
70270,7020,0.0117169,0,0,0
70270,7021,0.00176252,0,0,0
70270,7022,-0.00819183,0,0,0
70270,7023,-0.0181462,0,0,0
70270,7024,-0.0281005,0,0,0
70270,7025,-0.0380548,0,0,0
70270,7026,-0.0480091,0,0,0
