time,particle_id,x,y,mesh_index,mesh_index_original
75470,7537,0.0415489,0,0,0
75470,7538,0.0315979,0,0,0
75470,7539,0.0216469,0,0,0
75470,7540,0.0116959,0,0,0
75470,7541,0.00174497,0,0,0
75470,7542,-0.008206,0,0,0
75470,7543,-0.018157,0,0,0
75470,7544,-0.0281079,0,0,0
75470,7545,-0.0380589,0,0,0
75470,7546,-0.0480098,0,0,0
