time,particle_id,x,y,mesh_index,mesh_index_original
38670,3857,0.0457588,0,0,0
38670,3858,0.0357839,0,0,0
38670,3859,0.025809,0,0,0
38670,3860,0.0158341,0,0,0
38670,3861,0.00585923,0,0,0
38670,3862,-0.00411565,0,0,0
38670,3863,-0.0140905,0,0,0
38670,3864,-0.0240654,0,0,0
38670,3865,-0.0340402,0,0,0
38670,3866,-0.0440151,0,0,0
