time,particle_id,x,y,mesh_index,mesh_index_original
58710,5861,0.0436414,0,0,0
58710,5862,0.0336795,0,0,0
58710,5863,0.0237176,0,0,0
58710,5864,0.0137558,0,0,0
58710,5865,0.00379392,0,0,0
58710,5866,-0.00616793,0,0,0
58710,5867,-0.0161298,0,0,0
58710,5868,-0.0260916,0,0,0
58710,5869,-0.0360534,0,0,0
58710,5870,-0.0460153,0,0,0
