time,particle_id,x,y,mesh_index,mesh_index_original
4670,457,0.0489705,0,0,0
4670,458,0.0389734,0,0,0
4670,459,0.0289764,0,0,0
4670,460,0.0189794,0,0,0
4670,461,0.00898232,0,0,0
4670,462,-0.0010147,0,0,0
4670,463,-0.0110117,0,0,0
4670,464,-0.0210087,0,0,0
4670,465,-0.0310057,0,0,0
4670,466,-0.0410027,0,0,0
