time,particle_id,x,y,mesh_index,mesh_index_original
63840,6374,0.0426142,0,0,0
63840,6375,0.0326557,0,0,0
63840,6376,0.0226971,0,0,0
63840,6377,0.0127386,0,0,0
63840,6378,0.00278008,0,0,0
63840,6379,-0.00717844,0,0,0
63840,6380,-0.017137,0,0,0
63840,6381,-0.0270955,0,0,0
63840,6382,-0.037054,0,0,0
63840,6383,-0.0470125,0,0,0
