time,particle_id,x,y,mesh_index,mesh_index_original
7700,760,0.0489509,0,0,0
7700,761,0.0389558,0,0,0
7700,762,0.0289608,0,0,0
7700,763,0.0189657,0,0,0
7700,764,0.00897067,0,0,0
7700,765,-0.00102437,0,0,0
7700,766,-0.0110194,0,0,0
7700,767,-0.0210144,0,0,0
7700,768,-0.0310095,0,0,0
7700,769,-0.0410045,0,0,0
