time,particle_id,x,y,mesh_index,mesh_index_original
92790,9268,0.0493974,0,0,0
92790,9269,0.0394576,0,0,0
92790,9270,0.0295179,0,0,0
92790,9271,0.0195781,0,0,0
92790,9272,0.00963836,0,0,0
92790,9273,-0.000301382,0,0,0
92790,9274,-0.0102411,0,0,0
92790,9275,-0.0201808,0,0,0
92790,9276,-0.0301206,0,0,0
92790,9277,-0.0400603,0,0,0
