time,particle_id,x,y,mesh_index,mesh_index_original
55530,5543,0.0436608,0,0,0
55530,5544,0.0336969,0,0,0
55530,5545,0.0237329,0,0,0
55530,5546,0.013769,0,0,0
55530,5547,0.00380507,0,0,0
55530,5548,-0.00615884,0,0,0
55530,5549,-0.0161228,0,0,0
55530,5550,-0.0260867,0,0,0
55530,5551,-0.0360506,0,0,0
55530,5552,-0.0460144,0,0,0
