time,particle_id,x,y,mesh_index,mesh_index_original
88850,8875,0.0404748,0,0,0
88850,8876,0.0305325,0,0,0
88850,8877,0.0205902,0,0,0
88850,8878,0.0106479,0,0,0
88850,8879,0.000705615,0,0,0
88850,8880,-0.00923668,0,0,0
88850,8881,-0.019179,0,0,0
88850,8882,-0.0291212,0,0,0
88850,8883,-0.0390635,0,0,0
88850,8884,-0.0490058,0,0,0
