time,particle_id,x,y,mesh_index,mesh_index_original
25770,2567,0.0468377,0,0,0
25770,2568,0.0368544,0,0,0
25770,2569,0.0268711,0,0,0
25770,2570,0.0168878,0,0,0
25770,2571,0.00690457,0,0,0
25770,2572,-0.0030787,0,0,0
25770,2573,-0.013062,0,0,0
25770,2574,-0.0230452,0,0,0
25770,2575,-0.0330285,0,0,0
25770,2576,-0.0430117,0,0,0
