time,particle_id,x,y,mesh_index,mesh_index_original
67000,6690,0.0425951,0,0,0
67000,6691,0.0326386,0,0,0
67000,6692,0.0226822,0,0,0
67000,6693,0.0127257,0,0,0
67000,6694,0.0027692,0,0,0
67000,6695,-0.00718727,0,0,0
67000,6696,-0.0171437,0,0,0
67000,6697,-0.0271002,0,0,0
67000,6698,-0.0370566,0,0,0
67000,6699,-0.0470131,0,0,0
