time,particle_id,x,y,mesh_index,mesh_index_original
58580,5848,0.0436422,0,0,0
58580,5849,0.0336802,0,0,0
58580,5850,0.0237183,0,0,0
58580,5851,0.0137563,0,0,0
58580,5852,0.00379437,0,0,0
58580,5853,-0.00616756,0,0,0
58580,5854,-0.0161295,0,0,0
58580,5855,-0.0260914,0,0,0
58580,5856,-0.0360533,0,0,0
58580,5857,-0.0460152,0,0,0
