time,particle_id,x,y,mesh_index,mesh_index_original
56370,5627,0.0436557,0,0,0
56370,5628,0.0336923,0,0,0
56370,5629,0.0237289,0,0,0
56370,5630,0.0137655,0,0,0
56370,5631,0.00380213,0,0,0
56370,5632,-0.00616125,0,0,0
56370,5633,-0.0161246,0,0,0
56370,5634,-0.026088,0,0,0
56370,5635,-0.0360513,0,0,0
56370,5636,-0.0460147,0,0,0
