time,particle_id,x,y,mesh_index,mesh_index_original
57600,5750,0.0436482,0,0,0
57600,5751,0.0336856,0,0,0
57600,5752,0.023723,0,0,0
57600,5753,0.0137604,0,0,0
57600,5754,0.00379781,0,0,0
57600,5755,-0.00616476,0,0,0
57600,5756,-0.0161273,0,0,0
57600,5757,-0.0260899,0,0,0
57600,5758,-0.0360524,0,0,0
57600,5759,-0.046015,0,0,0
