time,particle_id,x,y,mesh_index,mesh_index_original
69410,6931,0.0425806,0,0,0
69410,6932,0.0326257,0,0,0
69410,6933,0.0226707,0,0,0
69410,6934,0.0127158,0,0,0
69410,6935,0.00276091,0,0,0
69410,6936,-0.00719399,0,0,0
69410,6937,-0.0171489,0,0,0
69410,6938,-0.0271038,0,0,0
69410,6939,-0.0370587,0,0,0
69410,6940,-0.0470135,0,0,0
