time,particle_id,x,y,mesh_index,mesh_index_original
19930,1983,0.0478733,0,0,0
19930,1984,0.0378862,0,0,0
19930,1985,0.0278991,0,0,0
19930,1986,0.017912,0,0,0
19930,1987,0.00792495,0,0,0
19930,1988,-0.00206213,0,0,0
19930,1989,-0.0120492,0,0,0
19930,1990,-0.0220363,0,0,0
19930,1991,-0.0320233,0,0,0
19930,1992,-0.0420104,0,0,0
