time,particle_id,x,y,mesh_index,mesh_index_original
47020,4692,0.0447097,0,0,0
47020,4693,0.0347403,0,0,0
47020,4694,0.0247708,0,0,0
47020,4695,0.0148013,0,0,0
47020,4696,0.00483188,0,0,0
47020,4697,-0.00513757,0,0,0
47020,4698,-0.015107,0,0,0
47020,4699,-0.0250764,0,0,0
47020,4700,-0.0350459,0,0,0
47020,4701,-0.0450153,0,0,0
