time,particle_id,x,y,mesh_index,mesh_index_original
22830,2273,0.0468563,0,0,0
22830,2274,0.0368711,0,0,0
22830,2275,0.0268859,0,0,0
22830,2276,0.0169007,0,0,0
22830,2277,0.00691548,0,0,0
22830,2278,-0.00306971,0,0,0
22830,2279,-0.0130549,0,0,0
22830,2280,-0.0230401,0,0,0
22830,2281,-0.0330252,0,0,0
22830,2282,-0.0430104,0,0,0
