time,particle_id,x,y,mesh_index,mesh_index_original
72930,7283,0.0415645,0,9,9
72930,7284,0.0316124,0,8,8
72930,7285,0.0216601,0,7,7
72930,7286,0.0117076,0,6,6
72930,7287,0.00175511,0,5,5
72930,7288,-0.00819755,0,4,4
72930,7289,-0.0181503,0,3,3
72930,7290,-0.0281032,0,2,2
72930,7291,-0.0380562,0,1,1
72930,7292,-0.0480094,0,0,0
