time,particle_id,x,y,mesh_index,mesh_index_original
98100,9799,0.049363,0,9,9
98100,9800,0.0394274,0,8,8
98100,9801,0.0294917,0,7,7
98100,9802,0.0195558,0,6,6
98100,9803,0.00961974,0,5,5
98100,9804,-0.000316478,0,4,4
98100,9805,-0.0102529,0,3,3
98100,9806,-0.0201894,0,2,2
98100,9807,-0.0301261,0,1,1
98100,9808,-0.040063,0,0,0
