time,particle_id,x,y,mesh_index,mesh_index_original
60740,6064,0.0426333,0,9,9
60740,6065,0.0326731,0,8,8
60740,6066,0.0227129,0,7,7
60740,6067,0.0127525,0,6,6
60740,6068,0.00279205,0,5,5
60740,6069,-0.0071685,0,4,4
60740,6070,-0.0171292,0,3,3
60740,6071,-0.0270899,0,2,2
60740,6072,-0.0370508,0,1,1
60740,6073,-0.0470117,0,0,0
