time,particle_id,x,y,mesh_index,mesh_index_original
55510,5541,0.0436612,0,9,9
55510,5542,0.0336976,0,8,8
55510,5543,0.0237339,0,7,7
55510,5544,0.0137702,0,6,6
55510,5545,0.00380633,0,5,5
55510,5546,-0.0061576,0,4,4
55510,5547,-0.0161216,0,3,3
55510,5548,-0.0260857,0,2,2
55510,5549,-0.03605,0,1,1
55510,5550,-0.0460143,0,0,0
