time,particle_id,x,y,mesh_index,mesh_index_original
44180,4408,0.0447275,0,9,9
44180,4409,0.0347564,0,8,8
44180,4410,0.0247854,0,7,7
44180,4411,0.0148142,0,6,6
44180,4412,0.00484299,0,5,5
44180,4413,-0.0051283,0,4,4
44180,4414,-0.0150997,0,3,3
44180,4415,-0.0250711,0,2,2
44180,4416,-0.0350426,0,1,1
44180,4417,-0.0450142,0,0,0
