time,particle_id,x,y,mesh_index,mesh_index_original
7200,710,0.0489541,0,9,9
7200,711,0.0389588,0,8,8
7200,712,0.0289635,0,7,7
7200,713,0.0189681,0,6,6
7200,714,0.00897278,0,5,5
7200,715,-0.00102259,0,4,4
7200,716,-0.011018,0,3,3
7200,717,-0.0210133,0,2,2
7200,718,-0.0310087,0,1,1
7200,719,-0.0410041,0,0,0
