time,particle_id,x,y,mesh_index,mesh_index_original
7000,690,0.0489554,0,9,9
7000,691,0.03896,0,8,8
7000,692,0.0289645,0,7,7
7000,693,0.018969,0,6,6
7000,694,0.00897354,0,5,5
7000,695,-0.00102195,0,4,4
7000,696,-0.0110175,0,3,3
7000,697,-0.021013,0,2,2
7000,698,-0.0310085,0,1,1
7000,699,-0.041004,0,0,0
