time,particle_id,x,y,mesh_index,mesh_index_original
18220,1812,0.0478843,0,9,9
18220,1813,0.0378962,0,8,8
18220,1814,0.0279081,0,7,7
18220,1815,0.01792,0,6,6
18220,1816,0.00793182,0,5,5
18220,1817,-0.00205636,0,4,4
18220,1818,-0.0120446,0,3,3
18220,1819,-0.0220328,0,2,2
18220,1820,-0.0320211,0,1,1
18220,1821,-0.0420094,0,0,0
