time,particle_id,x,y,mesh_index,mesh_index_original
61980,6188,0.0426258,0,9,9
61980,6189,0.0326664,0,8,8
61980,6190,0.022707,0,7,7
61980,6191,0.0127475,0,6,6
61980,6192,0.00278781,0,5,5
61980,6193,-0.00717194,0,4,4
61980,6194,-0.0171318,0,3,3
61980,6195,-0.0270917,0,2,2
61980,6196,-0.0370518,0,1,1
61980,6197,-0.0470119,0,0,0
