time,particle_id,x,y,mesh_index,mesh_index_original
86670,8657,0.0404883,0,9,9
86670,8658,0.0305451,0,8,8
86670,8659,0.0206018,0,7,7
86670,8660,0.0106583,0,6,6
86670,8661,0.000714686,0,5,5
86670,8662,-0.00922908,0,4,4
86670,8663,-0.019173,0,3,3
86670,8664,-0.029117,0,2,2
86670,8665,-0.0390612,0,1,1
86670,8666,-0.0490056,0,0,0
