time,particle_id,x,y,mesh_index,mesh_index_original
28740,2864,0.046819,0,9,9
28740,2865,0.0368379,0,8,8
28740,2866,0.0268567,0,7,7
28740,2867,0.0168755,0,6,6
28740,2868,0.00689417,0,5,5
28740,2869,-0.00308715,0,4,4
28740,2870,-0.0130685,0,3,3
28740,2871,-0.0230499,0,2,2
28740,2872,-0.0330314,0,1,1
28740,2873,-0.0430129,0,0,0
