time,particle_id,x,y,mesh_index,mesh_index_original
17720,1762,0.0478875,0,9,9
17720,1763,0.0378991,0,8,8
17720,1764,0.0279106,0,7,7
17720,1765,0.0179222,0,6,6
17720,1766,0.0079337,0,5,5
17720,1767,-0.00205481,0,4,4
17720,1768,-0.0120433,0,3,3
17720,1769,-0.0220319,0,2,2
17720,1770,-0.0320205,0,1,1
17720,1771,-0.0420091,0,0,0
