time,particle_id,x,y,mesh_index,mesh_index_original
51890,5179,0.0436833,0,9,9
51890,5180,0.0337173,0,8,8
51890,5181,0.0237513,0,7,7
51890,5182,0.0137852,0,6,6
51890,5183,0.00381896,0,5,5
51890,5184,-0.00614733,0,4,4
51890,5185,-0.0161137,0,3,3
51890,5186,-0.0260802,0,2,2
51890,5187,-0.0360467,0,1,1
51890,5188,-0.0460133,0,0,0
