time,particle_id,x,y,mesh_index,mesh_index_original
39170,3907,0.0457558,0,9,9
39170,3908,0.0357815,0,8,8
39170,3909,0.0258072,0,7,7
39170,3910,0.0158327,0,6,6
39170,3911,0.00585825,0,5,5
39170,3912,-0.00411629,0,4,4
39170,3913,-0.0140909,0,3,3
39170,3914,-0.0240656,0,2,2
39170,3915,-0.0340403,0,1,1
39170,3916,-0.0440151,0,0,0
