time,particle_id,x,y,mesh_index,mesh_index_original
24710,2461,0.0468445,0,9,9
24710,2462,0.0368607,0,8,8
24710,2463,0.0268768,0,7,7
24710,2464,0.016893,0,6,6
24710,2465,0.00690905,0,5,5
24710,2466,-0.00307491,0,4,4
24710,2467,-0.0130589,0,3,3
24710,2468,-0.0230429,0,2,2
24710,2469,-0.033027,0,1,1
24710,2470,-0.0430111,0,0,0
