time,particle_id,x,y,mesh_index,mesh_index_original
59070,5897,0.0436395,0,9,9
59070,5898,0.0336782,0,8,8
59070,5899,0.0237169,0,7,7
59070,5900,0.0137554,0,6,6
59070,5901,0.00379392,0,5,5
59070,5902,-0.00616771,0,4,4
59070,5903,-0.0161294,0,3,3
59070,5904,-0.0260912,0,2,2
59070,5905,-0.0360532,0,1,1
59070,5906,-0.0460152,0,0,0
