time,particle_id,x,y,mesh_index,mesh_index_original
15180,1508,0.0479037,0,9,9
15180,1509,0.0379136,0,8,8
15180,1510,0.0279235,0,7,7
15180,1511,0.0179334,0,6,6
15180,1512,0.00794324,0,5,5
15180,1513,-0.00204692,0,4,4
15180,1514,-0.0120371,0,3,3
15180,1515,-0.0220273,0,2,2
15180,1516,-0.0320175,0,1,1
15180,1517,-0.0420078,0,0,0
