time,particle_id,x,y,mesh_index,mesh_index_original
39680,3958,0.0457526,0,9,9
39680,3959,0.0357787,0,8,8
39680,3960,0.0258046,0,7,7
39680,3961,0.0158306,0,6,6
39680,3962,0.00585641,0,5,5
39680,3963,-0.0041178,0,4,4
39680,3964,-0.0140921,0,3,3
39680,3965,-0.0240664,0,2,2
39680,3966,-0.0340408,0,1,1
39680,3967,-0.0440153,0,0,0
