time,particle_id,x,y,mesh_index,mesh_index_original
22280,2218,0.0468598,0,9,9
22280,2219,0.0368744,0,8,8
22280,2220,0.026889,0,7,7
22280,2221,0.0169035,0,6,6
22280,2222,0.00691802,0,5,5
22280,2223,-0.00306752,0,4,4
22280,2224,-0.0130531,0,3,3
22280,2225,-0.0230387,0,2,2
22280,2226,-0.0330243,0,1,1
22280,2227,-0.04301,0,0,0
