time,particle_id,x,y,mesh_index,mesh_index_original
3350,325,0.048979,0,9,9
3350,326,0.0389811,0,8,8
3350,327,0.0289833,0,7,7
3350,328,0.0189854,0,6,6
3350,329,0.00898751,0,5,5
3350,330,-0.00101037,0,4,4
3350,331,-0.0110082,0,3,3
3350,332,-0.0210061,0,2,2
3350,333,-0.031004,0,1,1
3350,334,-0.0410019,0,0,0
