time,particle_id,x,y,mesh_index,mesh_index_original
92000,9189,0.0494026,0,9,9
92000,9190,0.039463,0,8,8
92000,9191,0.0295232,0,7,7
92000,9192,0.0195834,0,6,6
92000,9193,0.00964333,0,5,5
92000,9194,-0.000296842,0,4,4
92000,9195,-0.0102372,0,3,3
92000,9196,-0.0201776,0,2,2
92000,9197,-0.0301183,0,1,1
92000,9198,-0.0400591,0,0,0
