time,particle_id,x,y,mesh_index,mesh_index_original
83350,8325,0.0405079,0,9,9
83350,8326,0.0305625,0,8,8
83350,8327,0.020617,0,7,7
83350,8328,0.0106714,0,6,6
83350,8329,0.000725596,0,5,5
83350,8330,-0.00922032,0,4,4
83350,8331,-0.0191664,0,3,3
83350,8332,-0.0291126,0,2,2
83350,8333,-0.0390589,0,1,1
83350,8334,-0.0490054,0,0,0
