time,particle_id,x,y,mesh_index,mesh_index_original
44600,4450,0.0447249,0,9,9
44600,4451,0.0347541,0,8,8
44600,4452,0.0247833,0,7,7
44600,4453,0.0148124,0,6,6
44600,4454,0.0048415,0,5,5
44600,4455,-0.00512952,0,4,4
44600,4456,-0.0151006,0,3,3
44600,4457,-0.0250718,0,2,2
44600,4458,-0.035043,0,1,1
44600,4459,-0.0450143,0,0,0
