time,particle_id,x,y,mesh_index,mesh_index_original
67450,6735,0.0425928,0,9,9
67450,6736,0.032637,0,8,8
67450,6737,0.0226812,0,7,7
67450,6738,0.0127252,0,6,6
67450,6739,0.0027691,0,5,5
67450,6740,-0.0071871,0,4,4
67450,6741,-0.0171434,0,3,3
67450,6742,-0.0270998,0,2,2
67450,6743,-0.0370564,0,1,1
67450,6744,-0.047013,0,0,0
