time,particle_id,x,y,mesh_index,mesh_index_original
94500,9439,0.0493864,0,9,9
94500,9440,0.0394484,0,8,8
94500,9441,0.0295103,0,7,7
94500,9442,0.0195721,0,6,6
94500,9443,0.00963366,0,5,5
94500,9444,-0.000304891,0,4,4
94500,9445,-0.0102436,0,3,3
94500,9446,-0.0201825,0,2,2
94500,9447,-0.0301215,0,1,1
94500,9448,-0.0400607,0,0,0
