time,particle_id,x,y,mesh_index,mesh_index_original
55580,5548,0.0436608,0,9,9
55580,5549,0.0336972,0,8,8
55580,5550,0.0237336,0,7,7
55580,5551,0.0137699,0,6,6
55580,5552,0.00380609,0,5,5
55580,5553,-0.0061578,0,4,4
55580,5554,-0.0161218,0,3,3
55580,5555,-0.0260859,0,2,2
55580,5556,-0.03605,0,1,1
55580,5557,-0.0460143,0,0,0
