time,particle_id,x,y,mesh_index,mesh_index_original
95900,9579,0.0493773,0,9,9
95900,9580,0.0394403,0,8,8
95900,9581,0.0295031,0,7,7
95900,9582,0.0195657,0,6,6
95900,9583,0.00962825,0,5,5
95900,9584,-0.000309397,0,4,4
95900,9585,-0.0102472,0,3,3
95900,9586,-0.0201852,0,2,2
95900,9587,-0.0301233,0,1,1
95900,9588,-0.0400616,0,0,0
