time,particle_id,x,y,mesh_index,mesh_index_original
21100,2100,0.0468673,0,9,9
21100,2101,0.0368811,0,8,8
21100,2102,0.0268949,0,7,7
21100,2103,0.0169086,0,6,6
21100,2104,0.00692237,0,5,5
21100,2105,-0.00306393,0,4,4
21100,2106,-0.0130503,0,3,3
21100,2107,-0.0230366,0,2,2
21100,2108,-0.033023,0,1,1
21100,2109,-0.0430095,0,0,0
