time,particle_id,x,y,mesh_index,mesh_index_original
73450,7335,0.0415614,0,9,9
73450,7336,0.0316096,0,8,8
73450,7337,0.0216576,0,7,7
73450,7338,0.0117056,0,6,6
73450,7339,0.00175336,0,5,5
73450,7340,-0.00819895,0,4,4
73450,7341,-0.0181514,0,3,3
73450,7342,-0.0281039,0,2,2
73450,7343,-0.0380566,0,1,1
73450,7344,-0.0480094,0,0,0
