time,particle_id,x,y,mesh_index,mesh_index_original
44140,4404,0.0447277,0,9,9
44140,4405,0.0347567,0,8,8
44140,4406,0.0247856,0,7,7
44140,4407,0.0148144,0,6,6
44140,4408,0.00484313,0,5,5
44140,4409,-0.00512819,0,4,4
44140,4410,-0.0150996,0,3,3
44140,4411,-0.025071,0,2,2
44140,4412,-0.0350426,0,1,1
44140,4413,-0.0450142,0,0,0
