time,particle_id,x,y,mesh_index,mesh_index_original
78890,7879,0.041529,0,9,9
78890,7880,0.0315807,0,8,8
78890,7881,0.0216323,0,7,7
78890,7882,0.0116838,0,6,6
78890,7883,0.00173512,0,5,5
78890,7884,-0.00821367,0,4,4
78890,7885,-0.0181626,0,3,3
78890,7886,-0.0281116,0,2,2
78890,7887,-0.0380608,0,1,1
78890,7888,-0.0480101,0,0,0
