time,particle_id,x,y,mesh_index,mesh_index_original
13520,1342,0.0479143,0,9,9
13520,1343,0.0379231,0,8,8
13520,1344,0.0279319,0,7,7
13520,1345,0.0179407,0,6,6
13520,1346,0.00794948,0,5,5
13520,1347,-0.00204176,0,4,4
13520,1348,-0.012033,0,3,3
13520,1349,-0.0220243,0,2,2
13520,1350,-0.0320156,0,1,1
13520,1351,-0.0420069,0,0,0
