time,particle_id,x,y,mesh_index,mesh_index_original
91620,9151,0.049405,0,9,9
91620,9152,0.0394652,0,8,8
91620,9153,0.0295252,0,7,7
91620,9154,0.0195851,0,6,6
91620,9155,0.0096448,0,5,5
91620,9156,-0.000295618,0,4,4
91620,9157,-0.0102362,0,3,3
91620,9158,-0.0201769,0,2,2
91620,9159,-0.0301178,0,1,1
91620,9160,-0.0400588,0,0,0
