time,particle_id,x,y,mesh_index,mesh_index_original
84640,8454,0.0405003,0,9,9
84640,8455,0.0305558,0,8,8
84640,8456,0.0206111,0,7,7
84640,8457,0.0106663,0,6,6
84640,8458,0.000721357,0,5,5
84640,8459,-0.00922372,0,4,4
84640,8460,-0.0191689,0,3,3
84640,8461,-0.0291143,0,2,2
84640,8462,-0.0390598,0,1,1
84640,8463,-0.0490054,0,0,0
