time,particle_id,x,y,mesh_index,mesh_index_original
75430,7533,0.0415496,0,9,9
75430,7534,0.0315991,0,8,8
75430,7535,0.0216484,0,7,7
75430,7536,0.0116976,0,6,6
75430,7537,0.00174672,0,5,5
75430,7538,-0.00820431,0,4,4
75430,7539,-0.0181555,0,3,3
75430,7540,-0.0281067,0,2,2
75430,7541,-0.0380582,0,1,1
75430,7542,-0.0480097,0,0,0
