time,particle_id,x,y,mesh_index,mesh_index_original
97540,9743,0.0493667,0,9,9
97540,9744,0.0394307,0,8,8
97540,9745,0.0294946,0,7,7
97540,9746,0.0195583,0,6,6
97540,9747,0.0096219,0,5,5
97540,9748,-0.000314676,0,4,4
97540,9749,-0.0102514,0,3,3
97540,9750,-0.0201883,0,2,2
97540,9751,-0.0301254,0,1,1
97540,9752,-0.0400626,0,0,0
