time,particle_id,x,y,mesh_index,mesh_index_original
73470,7337,0.0415613,0,9,9
73470,7338,0.0316095,0,8,8
73470,7339,0.0216575,0,7,7
73470,7340,0.0117055,0,6,6
73470,7341,0.00175329,0,5,5
73470,7342,-0.00819901,0,4,4
73470,7343,-0.0181514,0,3,3
73470,7344,-0.028104,0,2,2
73470,7345,-0.0380566,0,1,1
73470,7346,-0.0480094,0,0,0
