time,particle_id,x,y,mesh_index,mesh_index_original
91510,9140,0.0494057,0,9,9
91510,9141,0.0394658,0,8,8
91510,9142,0.0295258,0,7,7
91510,9143,0.0195856,0,6,6
91510,9144,0.00964523,0,5,5
91510,9145,-0.000295264,0,4,4
91510,9146,-0.0102359,0,3,3
91510,9147,-0.0201767,0,2,2
91510,9148,-0.0301176,0,1,1
91510,9149,-0.0400587,0,0,0
