time,particle_id,x,y,mesh_index,mesh_index_original
87860,8776,0.0404813,0,9,9
87860,8777,0.0305389,0,8,8
87860,8778,0.0205963,0,7,7
87860,8779,0.0106536,0,6,6
87860,8780,0.000710776,0,5,5
87860,8781,-0.00923221,0,4,4
87860,8782,-0.0191754,0,3,3
87860,8783,-0.0291186,0,2,2
87860,8784,-0.0390621,0,1,1
87860,8785,-0.0490056,0,0,0
