time,particle_id,x,y,mesh_index,mesh_index_original
71440,7134,0.0415734,0,9,9
71440,7135,0.0316203,0,8,8
71440,7136,0.021667,0,7,7
71440,7137,0.0117136,0,6,6
71440,7138,0.0017601,0,5,5
71440,7139,-0.00819352,0,4,4
71440,7140,-0.0181473,0,3,3
71440,7141,-0.0281011,0,2,2
71440,7142,-0.0380551,0,1,1
71440,7143,-0.0480092,0,0,0
