time,particle_id,x,y,mesh_index,mesh_index_original
21580,2148,0.0468642,0,9,9
21580,2149,0.0368784,0,8,8
21580,2150,0.0268925,0,7,7
21580,2151,0.0169066,0,6,6
21580,2152,0.0069206,0,5,5
21580,2153,-0.00306539,0,4,4
21580,2154,-0.0130514,0,3,3
21580,2155,-0.0230375,0,2,2
21580,2156,-0.0330236,0,1,1
21580,2157,-0.0430097,0,0,0
