time,particle_id,x,y,mesh_index,mesh_index_original
8170,807,0.0489479,0,9,9
8170,808,0.0389532,0,8,8
8170,809,0.0289585,0,7,7
8170,810,0.0189638,0,6,6
8170,811,0.00896907,0,5,5
8170,812,-0.00102567,0,4,4
8170,813,-0.0110204,0,3,3
8170,814,-0.0210152,0,2,2
8170,815,-0.0310099,0,1,1
8170,816,-0.0410047,0,0,0
