time,particle_id,x,y,mesh_index,mesh_index_original
14200,1410,0.0479099,0,9,9
14200,1411,0.0379192,0,8,8
14200,1412,0.0279285,0,7,7
14200,1413,0.0179377,0,6,6
14200,1414,0.00794693,0,5,5
14200,1415,-0.00204387,0,4,4
14200,1416,-0.0120347,0,3,3
14200,1417,-0.0220255,0,2,2
14200,1418,-0.0320164,0,1,1
14200,1419,-0.0420073,0,0,0
