time,particle_id,x,y,mesh_index,mesh_index_original
92010,9190,0.0494025,0,9,9
92010,9191,0.0394629,0,8,8
92010,9192,0.0295232,0,7,7
92010,9193,0.0195833,0,6,6
92010,9194,0.00964329,0,5,5
92010,9195,-0.000296874,0,4,4
92010,9196,-0.0102372,0,3,3
92010,9197,-0.0201777,0,2,2
92010,9198,-0.0301183,0,1,1
92010,9199,-0.0400591,0,0,0
