time,particle_id,x,y,mesh_index,mesh_index_original
9110,901,0.0489418,0,9,9
9110,902,0.0389478,0,8,8
9110,903,0.0289537,0,7,7
9110,904,0.0189596,0,6,6
9110,905,0.00896547,0,5,5
9110,906,-0.00102865,0,4,4
9110,907,-0.0110228,0,3,3
9110,908,-0.0210169,0,2,2
9110,909,-0.0310111,0,1,1
9110,910,-0.0410052,0,0,0
