time,particle_id,x,y,mesh_index,mesh_index_original
44650,4455,0.0447246,0,9,9
44650,4456,0.0347539,0,8,8
44650,4457,0.0247831,0,7,7
44650,4458,0.0148122,0,6,6
44650,4459,0.00484132,0,5,5
44650,4460,-0.00512967,0,4,4
44650,4461,-0.0151007,0,3,3
44650,4462,-0.0250719,0,2,2
44650,4463,-0.0350431,0,1,1
44650,4464,-0.0450143,0,0,0
