time,particle_id,x,y,mesh_index,mesh_index_original
3810,371,0.048976,0,9,9
3810,372,0.0389785,0,8,8
3810,373,0.0289809,0,7,7
3810,374,0.0189833,0,6,6
3810,375,0.00898575,0,5,5
3810,376,-0.00101183,0,4,4
3810,377,-0.0110094,0,3,3
3810,378,-0.021007,0,2,2
3810,379,-0.0310046,0,1,1
3810,380,-0.0410022,0,0,0
