time,particle_id,x,y,mesh_index,mesh_index_original
60790,6069,0.042633,0,9,9
60790,6070,0.0326728,0,8,8
60790,6071,0.0227126,0,7,7
60790,6072,0.0127523,0,6,6
60790,6073,0.00279188,0,5,5
60790,6074,-0.00716864,0,4,4
60790,6075,-0.0171293,0,3,3
60790,6076,-0.02709,0,2,2
60790,6077,-0.0370508,0,1,1
60790,6078,-0.0470117,0,0,0
