time,particle_id,x,y,mesh_index,mesh_index_original
29360,2926,0.0468151,0,9,9
29360,2927,0.0368344,0,8,8
29360,2928,0.0268536,0,7,7
29360,2929,0.0168728,0,6,6
29360,2930,0.00689189,0,5,5
29360,2931,-0.00308904,0,4,4
29360,2932,-0.01307,0,3,3
29360,2933,-0.023051,0,2,2
29360,2934,-0.0330321,0,1,1
29360,2935,-0.0430132,0,0,0
