time,particle_id,x,y,mesh_index,mesh_index_original
20060,1996,0.0478725,0,9,9
20060,1997,0.0378857,0,8,8
20060,1998,0.0278988,0,7,7
20060,1999,0.0179119,0,6,6
20060,2000,0.00692621,0,5,5
20060,2001,-0.00306077,0,4,4
20060,2002,-0.0130478,0,3,3
20060,2003,-0.0230348,0,2,2
20060,2004,-0.0330219,0,1,1
20060,2005,-0.043009,0,0,0
