time,particle_id,x,y,mesh_index,mesh_index_original
20880,2078,0.0468687,0,9,9
20880,2079,0.0368823,0,8,8
20880,2080,0.026896,0,7,7
20880,2081,0.0169096,0,6,6
20880,2082,0.00692318,0,5,5
20880,2083,-0.00306326,0,4,4
20880,2084,-0.0130497,0,3,3
20880,2085,-0.0230363,0,2,2
20880,2086,-0.0330228,0,1,1
20880,2087,-0.0430094,0,0,0
