time,particle_id,x,y,mesh_index,mesh_index_original
67020,6692,0.0425954,0,9,9
67020,6693,0.0326393,0,8,8
67020,6694,0.0226832,0,7,7
67020,6695,0.0127269,0,6,6
67020,6696,0.00277057,0,5,5
67020,6697,-0.00718591,0,4,4
67020,6698,-0.0171425,0,3,3
67020,6699,-0.0270992,0,2,2
67020,6700,-0.037056,0,1,1
67020,6701,-0.0470129,0,0,0
