time,particle_id,x,y,mesh_index,mesh_index_original
50690,5059,0.0436906,0,9,9
50690,5060,0.0337239,0,8,8
50690,5061,0.023757,0,7,7
50690,5062,0.0137901,0,6,6
50690,5063,0.00382315,0,5,5
50690,5064,-0.00614392,0,4,4
50690,5065,-0.0161111,0,3,3
50690,5066,-0.0260783,0,2,2
50690,5067,-0.0360456,0,1,1
50690,5068,-0.046013,0,0,0
