time,particle_id,x,y,mesh_index,mesh_index_original
11250,1115,0.0479288,0,9,9
11250,1116,0.0379361,0,8,8
11250,1117,0.0279434,0,7,7
11250,1118,0.0179507,0,6,6
11250,1119,0.00795802,0,5,5
11250,1120,-0.00203471,0,4,4
11250,1121,-0.0120274,0,3,3
11250,1122,-0.0220202,0,2,2
11250,1123,-0.032013,0,1,1
11250,1124,-0.0420058,0,0,0
