time,particle_id,x,y,mesh_index,mesh_index_original
55370,5527,0.0436621,0,9,9
55370,5528,0.0336984,0,8,8
55370,5529,0.0237346,0,7,7
55370,5530,0.0137708,0,6,6
55370,5531,0.00380682,0,5,5
55370,5532,-0.00615721,0,4,4
55370,5533,-0.0161213,0,3,3
55370,5534,-0.0260855,0,2,2
55370,5535,-0.0360498,0,1,1
55370,5536,-0.0460142,0,0,0
