time,particle_id,x,y,mesh_index,mesh_index_original
28680,2858,0.0468194,0,9,9
28680,2859,0.0368382,0,8,8
28680,2860,0.026857,0,7,7
28680,2861,0.0168757,0,6,6
28680,2862,0.0068944,0,5,5
28680,2863,-0.00308697,0,4,4
28680,2864,-0.0130684,0,3,3
28680,2865,-0.0230498,0,2,2
28680,2866,-0.0330313,0,1,1
28680,2867,-0.0430129,0,0,0
