time,particle_id,x,y,mesh_index,mesh_index_original
35540,3544,0.0457785,0,9,9
35540,3545,0.0358018,0,8,8
35540,3546,0.025825,0,7,7
35540,3547,0.0158483,0,6,6
35540,3548,0.0058714,0,5,5
35540,3549,-0.0041055,0,4,4
35540,3550,-0.0140825,0,3,3
35540,3551,-0.0240595,0,2,2
35540,3552,-0.0340366,0,1,1
35540,3553,-0.0440137,0,0,0
