time,particle_id,x,y,mesh_index,mesh_index_original
80790,8069,0.040523,0,9,9
80790,8070,0.0305759,0,8,8
80790,8071,0.0206288,0,7,7
80790,8072,0.0106814,0,6,6
80790,8073,0.000734011,0,5,5
80790,8074,-0.00921356,0,4,4
80790,8075,-0.0191613,0,3,3
80790,8076,-0.0291091,0,2,2
80790,8077,-0.0390571,0,1,1
80790,8078,-0.0490052,0,0,0
