time,particle_id,x,y,mesh_index,mesh_index_original
82860,8276,0.0405108,0,9,9
82860,8277,0.0305651,0,8,8
82860,8278,0.0206193,0,7,7
82860,8279,0.0106733,0,6,6
82860,8280,0.000727207,0,5,5
82860,8281,-0.00921902,0,4,4
82860,8282,-0.0191654,0,3,3
82860,8283,-0.0291119,0,2,2
82860,8284,-0.0390585,0,1,1
82860,8285,-0.0490053,0,0,0
