time,particle_id,x,y,mesh_index,mesh_index_original
88400,8830,0.0404781,0,9,9
88400,8831,0.0305361,0,8,8
88400,8832,0.0205939,0,7,7
88400,8833,0.0106515,0,6,6
88400,8834,0.000709002,0,5,5
88400,8835,-0.00923364,0,4,4
88400,8836,-0.0191764,0,3,3
88400,8837,-0.0291194,0,2,2
88400,8838,-0.0390624,0,1,1
88400,8839,-0.0490057,0,0,0
