time,particle_id,x,y,mesh_index,mesh_index_original
69110,6901,0.0425828,0,9,9
69110,6902,0.0326281,0,8,8
69110,6903,0.0226733,0,7,7
69110,6904,0.0127184,0,6,6
69110,6905,0.00276342,0,5,5
69110,6906,-0.0071917,0,4,4
69110,6907,-0.0171469,0,3,3
69110,6908,-0.0271023,0,2,2
69110,6909,-0.0370577,0,1,1
69110,6910,-0.0470133,0,0,0
