time,particle_id,x,y,mesh_index,mesh_index_original
85380,8528,0.0404959,0,9,9
85380,8529,0.0305519,0,8,8
85380,8530,0.0206077,0,7,7
85380,8531,0.0106634,0,6,6
85380,8532,0.000718925,0,5,5
85380,8533,-0.00922567,0,4,4
85380,8534,-0.0191704,0,3,3
85380,8535,-0.0291153,0,2,2
85380,8536,-0.0390603,0,1,1
85380,8537,-0.0490055,0,0,0
