time,particle_id,x,y,mesh_index,mesh_index_original
65100,6500,0.042607,0,9,9
65100,6501,0.0326497,0,8,8
65100,6502,0.0226923,0,7,7
65100,6503,0.0127347,0,6,6
65100,6504,0.00277713,0,5,5
65100,6505,-0.00718059,0,4,4
65100,6506,-0.0171384,0,3,3
65100,6507,-0.0270963,0,2,2
65100,6508,-0.0370544,0,1,1
65100,6509,-0.0470125,0,0,0
