time,particle_id,x,y,mesh_index,mesh_index_original
7590,749,0.0489516,0,9,9
7590,750,0.0389566,0,8,8
7590,751,0.0289615,0,7,7
7590,752,0.0189664,0,6,6
7590,753,0.00897128,0,5,5
7590,754,-0.00102383,0,4,4
7590,755,-0.0110189,0,3,3
7590,756,-0.0210141,0,2,2
7590,757,-0.0310092,0,1,1
7590,758,-0.0410044,0,0,0
