time,particle_id,x,y,mesh_index,mesh_index_original
27550,2745,0.0468266,0,9,9
27550,2746,0.0368446,0,8,8
27550,2747,0.0268626,0,7,7
27550,2748,0.0168806,0,6,6
27550,2749,0.00689856,0,5,5
27550,2750,-0.00308354,0,4,4
27550,2751,-0.0130657,0,3,3
27550,2752,-0.0230479,0,2,2
27550,2753,-0.0330301,0,1,1
27550,2754,-0.0430124,0,0,0
