time,particle_id,x,y,mesh_index,mesh_index_original
99780,9967,0.0493522,0,9,9
99780,9968,0.0394177,0,8,8
99780,9969,0.029483,0,7,7
99780,9970,0.0195482,0,6,6
99780,9971,0.00961324,0,5,5
99780,9972,-0.000321885,0,4,4
99780,9973,-0.0102572,0,3,3
99780,9974,-0.0201926,0,2,2
99780,9975,-0.0301283,0,1,1
99780,9976,-0.040064,0,0,0
