time,particle_id,x,y,mesh_index,mesh_index_original
41470,4137,0.0447442,0,9,9
41470,4138,0.0347714,0,8,8
41470,4139,0.0247985,0,7,7
41470,4140,0.0148256,0,6,6
41470,4141,0.00485263,0,5,5
41470,4142,-0.00512043,0,4,4
41470,4143,-0.0150936,0,3,3
41470,4144,-0.0250667,0,2,2
41470,4145,-0.03504,0,1,1
41470,4146,-0.0450133,0,0,0
