time,particle_id,x,y,mesh_index,mesh_index_original
40550,4045,0.0447499,0,9,9
40550,4046,0.0347765,0,8,8
40550,4047,0.024803,0,7,7
40550,4048,0.0148295,0,6,6
40550,4049,0.0048559,0,5,5
40550,4050,-0.00511776,0,4,4
40550,4051,-0.0150915,0,3,3
40550,4052,-0.0250653,0,2,2
40550,4053,-0.0350391,0,1,1
40550,4054,-0.045013,0,0,0
