time,particle_id,x,y,mesh_index,mesh_index_original
20580,2048,0.0468706,0,9,9
20580,2049,0.036884,0,8,8
20580,2050,0.0268975,0,7,7
20580,2051,0.0169109,0,6,6
20580,2052,0.00692429,0,5,5
20580,2053,-0.00306235,0,4,4
20580,2054,-0.013049,0,3,3
20580,2055,-0.0230357,0,2,2
20580,2056,-0.0330225,0,1,1
20580,2057,-0.0430092,0,0,0
