time,particle_id,x,y,mesh_index,mesh_index_original
79440,7934,0.0415257,0,9,9
79440,7935,0.0315778,0,8,8
79440,7936,0.0216298,0,7,7
79440,7937,0.0116816,0,6,6
79440,7938,0.00173328,0,5,5
79440,7939,-0.00821515,0,4,4
79440,7940,-0.0181637,0,3,3
79440,7941,-0.0281124,0,2,2
79440,7942,-0.0380612,0,1,1
79440,7943,-0.0480102,0,0,0
