time,particle_id,x,y,mesh_index,mesh_index_original
47820,4772,0.044705,0,9,9
47820,4773,0.0347364,0,8,8
47820,4774,0.0247677,0,7,7
47820,4775,0.0147989,0,6,6
47820,4776,0.00483005,0,5,5
47820,4777,-0.00513888,0,4,4
47820,4778,-0.0151079,0,3,3
47820,4779,-0.025077,0,2,2
47820,4780,-0.0350461,0,1,1
47820,4781,-0.0450154,0,0,0
