time,particle_id,x,y,mesh_index,mesh_index_original
64110,6401,0.0426129,0,9,9
64110,6402,0.032655,0,8,8
64110,6403,0.0226969,0,7,7
64110,6404,0.0127388,0,6,6
64110,6405,0.00278052,0,5,5
64110,6406,-0.00717784,0,4,4
64110,6407,-0.0171363,0,3,3
64110,6408,-0.0270949,0,2,2
64110,6409,-0.0370536,0,1,1
64110,6410,-0.0470124,0,0,0
