time,particle_id,x,y,mesh_index,mesh_index_original
99820,9971,0.0493519,0,9,9
99820,9972,0.0394174,0,8,8
99820,9973,0.0294828,0,7,7
99820,9974,0.019548,0,6,6
99820,9975,0.00961309,0,5,5
99820,9976,-0.000322014,0,4,4
99820,9977,-0.0102573,0,3,3
99820,9978,-0.0201927,0,2,2
99820,9979,-0.0301283,0,1,1
99820,9980,-0.0400641,0,0,0
