time,particle_id,x,y,mesh_index,mesh_index_original
40150,4005,0.0447523,0,9,9
40150,4006,0.0347787,0,8,8
40150,4007,0.024805,0,7,7
40150,4008,0.0148312,0,6,6
40150,4009,0.00485732,0,5,5
40150,4010,-0.00511659,0,4,4
40150,4011,-0.0150906,0,3,3
40150,4012,-0.0250646,0,2,2
40150,4013,-0.0350387,0,1,1
40150,4014,-0.0450129,0,0,0
