time,particle_id,x,y,mesh_index,mesh_index_original
57530,5743,0.0436489,0,9,9
57530,5744,0.0336866,0,8,8
57530,5745,0.0237243,0,7,7
57530,5746,0.0137618,0,6,6
57530,5747,0.00379929,0,5,5
57530,5748,-0.00616334,0,4,4
57530,5749,-0.0161261,0,3,3
57530,5750,-0.0260889,0,2,2
57530,5751,-0.0360518,0,1,1
57530,5752,-0.0460148,0,0,0
