time,particle_id,x,y,mesh_index,mesh_index_original
76010,7591,0.0415462,0,9,9
76010,7592,0.031596,0,8,8
76010,7593,0.0216457,0,7,7
76010,7594,0.0116953,0,6,6
76010,7595,0.00174478,0,5,5
76010,7596,-0.00820588,0,4,4
76010,7597,-0.0181567,0,3,3
76010,7598,-0.0281076,0,2,2
76010,7599,-0.0380586,0,1,1
76010,7600,-0.0480098,0,0,0
