time,particle_id,x,y,mesh_index,mesh_index_original
49850,4975,0.0446925,0,9,9
49850,4976,0.0347252,0,8,8
49850,4977,0.0247578,0,7,7
49850,4978,0.0147904,0,6,6
49850,4979,0.00482283,0,5,5
49850,4980,-0.00514477,0,4,4
49850,4981,-0.0151125,0,3,3
49850,4982,-0.0250802,0,2,2
49850,4983,-0.0350481,0,1,1
49850,4984,-0.045016,0,0,0
