time,particle_id,x,y,mesh_index,mesh_index_original
81730,8163,0.0405175,0,9,9
81730,8164,0.030571,0,8,8
81730,8165,0.0206244,0,7,7
81730,8166,0.0106777,0,6,6
81730,8167,0.000730921,0,5,5
81730,8168,-0.00921604,0,4,4
81730,8169,-0.0191631,0,3,3
81730,8170,-0.0291104,0,2,2
81730,8171,-0.0390577,0,1,1
81730,8172,-0.0490052,0,0,0
