time,particle_id,x,y,mesh_index,mesh_index_original
81860,8176,0.0405167,0,9,9
81860,8177,0.0305703,0,8,8
81860,8178,0.0206239,0,7,7
81860,8179,0.0106772,0,6,6
81860,8180,0.000730493,0,5,5
81860,8181,-0.00921638,0,4,4
81860,8182,-0.0191634,0,3,3
81860,8183,-0.0291105,0,2,2
81860,8184,-0.0390578,0,1,1
81860,8185,-0.0490053,0,0,0
