time,particle_id,x,y,mesh_index,mesh_index_original
41390,4129,0.0447447,0,9,9
41390,4130,0.0347718,0,8,8
41390,4131,0.0247989,0,7,7
41390,4132,0.014826,0,6,6
41390,4133,0.00485291,0,5,5
41390,4134,-0.0051202,0,4,4
41390,4135,-0.0150934,0,3,3
41390,4136,-0.0250666,0,2,2
41390,4137,-0.0350399,0,1,1
41390,4138,-0.0450133,0,0,0
