time,particle_id,x,y,mesh_index,mesh_index_original
39210,3911,0.0457556,0,9,9
39210,3912,0.0357813,0,8,8
39210,3913,0.025807,0,7,7
39210,3914,0.0158326,0,6,6
39210,3915,0.00585811,0,5,5
39210,3916,-0.00411641,0,4,4
39210,3917,-0.014091,0,3,3
39210,3918,-0.0240656,0,2,2
39210,3919,-0.0340403,0,1,1
39210,3920,-0.0440151,0,0,0
