time,particle_id,x,y,mesh_index,mesh_index_original
75740,7564,0.0415478,0,9,9
75740,7565,0.0315974,0,8,8
75740,7566,0.021647,0,7,7
75740,7567,0.0116964,0,6,6
75740,7568,0.00174568,0,5,5
75740,7569,-0.00820515,0,4,4
75740,7570,-0.0181561,0,3,3
75740,7571,-0.0281072,0,2,2
75740,7572,-0.0380584,0,1,1
75740,7573,-0.0480097,0,0,0
