time,particle_id,x,y,mesh_index,mesh_index_original
86590,8649,0.0404888,0,9,9
86590,8650,0.0305455,0,8,8
86590,8651,0.0206022,0,7,7
86590,8652,0.0106586,0,6,6
86590,8653,0.000714949,0,5,5
86590,8654,-0.00922886,0,4,4
86590,8655,-0.0191728,0,3,3
86590,8656,-0.0291169,0,2,2
86590,8657,-0.0390612,0,1,1
86590,8658,-0.0490056,0,0,0
