time,particle_id,x,y,mesh_index,mesh_index_original
49330,4923,0.0446957,0,9,9
49330,4924,0.034728,0,8,8
49330,4925,0.0247603,0,7,7
49330,4926,0.0147925,0,6,6
49330,4927,0.00482468,0,5,5
49330,4928,-0.00514326,0,4,4
49330,4929,-0.0151113,0,3,3
49330,4930,-0.0250794,0,2,2
49330,4931,-0.0350476,0,1,1
49330,4932,-0.0450158,0,0,0
