time,particle_id,x,y,mesh_index,mesh_index_original
86960,8686,0.0404866,0,9,9
86960,8687,0.0305436,0,8,8
86960,8688,0.0206005,0,7,7
86960,8689,0.0106572,0,6,6
86960,8690,0.000713733,0,5,5
86960,8691,-0.00922984,0,4,4
86960,8692,-0.0191736,0,3,3
86960,8693,-0.0291174,0,2,2
86960,8694,-0.0390614,0,1,1
86960,8695,-0.0490056,0,0,0
