time,particle_id,x,y,mesh_index,mesh_index_original
48130,4803,0.0447031,0,9,9
48130,4804,0.0347347,0,8,8
48130,4805,0.0247662,0,7,7
48130,4806,0.0147976,0,6,6
48130,4807,0.00482895,0,5,5
48130,4808,-0.00513978,0,4,4
48130,4809,-0.0151086,0,3,3
48130,4810,-0.0250775,0,2,2
48130,4811,-0.0350464,0,1,1
48130,4812,-0.0450155,0,0,0
