time,particle_id,x,y,mesh_index,mesh_index_original
45030,4493,0.0447222,0,9,9
45030,4494,0.0347518,0,8,8
45030,4495,0.0247812,0,7,7
45030,4496,0.0148106,0,6,6
45030,4497,0.00483997,0,5,5
45030,4498,-0.00513077,0,4,4
45030,4499,-0.0151016,0,3,3
45030,4500,-0.0250725,0,2,2
45030,4501,-0.0350434,0,1,1
45030,4502,-0.0450145,0,0,0
