time,particle_id,x,y,mesh_index,mesh_index_original
29080,2898,0.0468169,0,9,9
29080,2899,0.036836,0,8,8
29080,2900,0.026855,0,7,7
29080,2901,0.016874,0,6,6
29080,2902,0.00689292,0,5,5
29080,2903,-0.00308819,0,4,4
29080,2904,-0.0130693,0,3,3
29080,2905,-0.0230505,0,2,2
29080,2906,-0.0330318,0,1,1
29080,2907,-0.0430131,0,0,0
