time,particle_id,x,y,mesh_index,mesh_index_original
90190,9008,0.0494143,0,9,9
90190,9009,0.0394735,0,8,8
90190,9010,0.0295326,0,7,7
90190,9011,0.0195915,0,6,6
90190,9012,0.00965034,0,5,5
90190,9013,-0.000291014,0,4,4
90190,9014,-0.0102325,0,3,3
90190,9015,-0.0201742,0,2,2
90190,9016,-0.030116,0,1,1
90190,9017,-0.0400579,0,0,0
