time,particle_id,x,y,mesh_index,mesh_index_original
86490,8639,0.0404894,0,9,9
86490,8640,0.0305461,0,8,8
86490,8641,0.0206026,0,7,7
86490,8642,0.010659,0,6,6
86490,8643,0.000715278,0,5,5
86490,8644,-0.0092286,0,4,4
86490,8645,-0.0191726,0,3,3
86490,8646,-0.0291168,0,2,2
86490,8647,-0.0390611,0,1,1
86490,8648,-0.0490056,0,0,0
