time,particle_id,x,y,mesh_index,mesh_index_original
64960,6486,0.0426078,0,9,9
64960,6487,0.0326504,0,8,8
64960,6488,0.0226929,0,7,7
64960,6489,0.0127353,0,6,6
64960,6490,0.00277761,0,5,5
64960,6491,-0.0071802,0,4,4
64960,6492,-0.0171381,0,3,3
64960,6493,-0.0270961,0,2,2
64960,6494,-0.0370543,0,1,1
64960,6495,-0.0470125,0,0,0
