time,particle_id,x,y,mesh_index,mesh_index_original
80050,7995,0.0415221,0,9,9
80050,7996,0.0315746,0,8,8
80050,7997,0.0216269,0,7,7
80050,7998,0.0116791,0,6,6
80050,7999,0.00173123,0,5,5
80050,8000,-0.00921161,0,4,4
80050,8001,-0.0191598,0,3,3
80050,8002,-0.0291081,0,2,2
80050,8003,-0.0390566,0,1,1
80050,8004,-0.0490051,0,0,0
