time,particle_id,x,y,mesh_index,mesh_index_original
29590,2949,0.0468137,0,9,9
29590,2950,0.0368331,0,8,8
29590,2951,0.0268524,0,7,7
29590,2952,0.0168718,0,6,6
29590,2953,0.00689104,0,5,5
29590,2954,-0.00308974,0,4,4
29590,2955,-0.0130706,0,3,3
29590,2956,-0.0230514,0,2,2
29590,2957,-0.0330323,0,1,1
29590,2958,-0.0430133,0,0,0
