time,particle_id,x,y,mesh_index,mesh_index_original
92800,9269,0.0493974,0,9,9
92800,9270,0.0394583,0,8,8
92800,9271,0.0295191,0,7,7
92800,9272,0.0195797,0,6,6
92800,9273,0.00964024,0,5,5
92800,9274,-0.000299418,0,4,4
92800,9275,-0.0102392,0,3,3
92800,9276,-0.0201792,0,2,2
92800,9277,-0.0301193,0,1,1
92800,9278,-0.0400596,0,0,0
