time,particle_id,x,y,mesh_index,mesh_index_original
28670,2857,0.0468195,0,9,9
28670,2858,0.0368383,0,8,8
28670,2859,0.026857,0,7,7
28670,2860,0.0168758,0,6,6
28670,2861,0.00689443,0,5,5
28670,2862,-0.00308694,0,4,4
28670,2863,-0.0130684,0,3,3
28670,2864,-0.0230498,0,2,2
28670,2865,-0.0330313,0,1,1
28670,2866,-0.0430129,0,0,0
