time,particle_id,x,y,mesh_index,mesh_index_original
60060,5996,0.0436334,0,9,9
60060,5997,0.0336728,0,8,8
60060,5998,0.0237121,0,7,7
60060,5999,0.0137514,0,6,6
60060,6000,0.00279437,0,5,5
60060,6001,-0.00716662,0,4,4
60060,6002,-0.0171277,0,3,3
60060,6003,-0.0270889,0,2,2
60060,6004,-0.0370502,0,1,1
60060,6005,-0.0470116,0,0,0
