time,particle_id,x,y,mesh_index,mesh_index_original
41150,4105,0.0447462,0,9,9
41150,4106,0.0347732,0,8,8
41150,4107,0.0248001,0,7,7
41150,4108,0.014827,0,6,6
41150,4109,0.00485376,0,5,5
41150,4110,-0.0051195,0,4,4
41150,4111,-0.0150928,0,3,3
41150,4112,-0.0250662,0,2,2
41150,4113,-0.0350397,0,1,1
41150,4114,-0.0450132,0,0,0
