time,particle_id,x,y,mesh_index,mesh_index_original
75660,7556,0.0415483,0,9,9
75660,7557,0.0315979,0,8,8
75660,7558,0.0216473,0,7,7
75660,7559,0.0116967,0,6,6
75660,7560,0.00174595,0,5,5
75660,7561,-0.00820493,0,4,4
75660,7562,-0.0181559,0,3,3
75660,7563,-0.0281071,0,2,2
75660,7564,-0.0380583,0,1,1
75660,7565,-0.0480097,0,0,0
