time,particle_id,x,y,mesh_index,mesh_index_original
55110,5501,0.0436636,0,9,9
55110,5502,0.0336998,0,8,8
55110,5503,0.0237359,0,7,7
55110,5504,0.0137718,0,6,6
55110,5505,0.00380773,0,5,5
55110,5506,-0.00615647,0,4,4
55110,5507,-0.0161208,0,3,3
55110,5508,-0.0260851,0,2,2
55110,5509,-0.0360496,0,1,1
55110,5510,-0.0460142,0,0,0
