time,particle_id,x,y,mesh_index,mesh_index_original
81250,8115,0.0405203,0,9,9
81250,8116,0.0305735,0,8,8
81250,8117,0.0206266,0,7,7
81250,8118,0.0106796,0,6,6
81250,8119,0.000732499,0,5,5
81250,8120,-0.00921477,0,4,4
81250,8121,-0.0191622,0,3,3
81250,8122,-0.0291097,0,2,2
81250,8123,-0.0390574,0,1,1
81250,8124,-0.0490052,0,0,0
