time,particle_id,x,y,mesh_index,mesh_index_original
89950,8985,0.040469,0,9,9
89950,8986,0.0305279,0,8,8
89950,8987,0.0205867,0,7,7
89950,8988,0.0106454,0,6,6
89950,8989,0.00070391,0,5,5
89950,8990,-0.00923773,0,4,4
89950,8991,-0.0191795,0,3,3
89950,8992,-0.0291214,0,2,2
89950,8993,-0.0390635,0,1,1
89950,8994,-0.0490058,0,0,0
