time,particle_id,x,y,mesh_index,mesh_index_original
81470,8137,0.040519,0,9,9
81470,8138,0.0305724,0,8,8
81470,8139,0.0206256,0,7,7
81470,8140,0.0106788,0,6,6
81470,8141,0.000731775,0,5,5
81470,8142,-0.00921535,0,4,4
81470,8143,-0.0191626,0,3,3
81470,8144,-0.02911,0,2,2
81470,8145,-0.0390576,0,1,1
81470,8146,-0.0490052,0,0,0
