time,particle_id,x,y,mesh_index,mesh_index_original
55050,5495,0.043664,0,9,9
55050,5496,0.0337001,0,8,8
55050,5497,0.0237361,0,7,7
55050,5498,0.0137721,0,6,6
55050,5499,0.00380794,0,5,5
55050,5500,-0.0061563,0,4,4
55050,5501,-0.0161206,0,3,3
55050,5502,-0.026085,0,2,2
55050,5503,-0.0360495,0,1,1
55050,5504,-0.0460141,0,0,0
