time,particle_id,x,y,mesh_index,mesh_index_original
3150,305,0.0489803,0,9,9
3150,306,0.0389823,0,8,8
3150,307,0.0289843,0,7,7
3150,308,0.0189863,0,6,6
3150,309,0.00898827,0,5,5
3150,310,-0.00100973,0,4,4
3150,311,-0.0110077,0,3,3
3150,312,-0.0210058,0,2,2
3150,313,-0.0310038,0,1,1
3150,314,-0.0410018,0,0,0
