time,particle_id,x,y,mesh_index,mesh_index_original
72150,7205,0.0415692,0,9,9
72150,7206,0.0316165,0,8,8
72150,7207,0.0216637,0,7,7
72150,7208,0.0117108,0,6,6
72150,7209,0.00175772,0,5,5
72150,7210,-0.00819544,0,4,4
72150,7211,-0.0181487,0,3,3
72150,7212,-0.0281021,0,2,2
72150,7213,-0.0380556,0,1,1
72150,7214,-0.0480093,0,0,0
