time,particle_id,x,y,mesh_index,mesh_index_original
45960,4586,0.0447165,0,9,9
45960,4587,0.0347466,0,8,8
45960,4588,0.0247767,0,7,7
45960,4589,0.0148067,0,6,6
45960,4590,0.00483666,0,5,5
45960,4591,-0.00513347,0,4,4
45960,4592,-0.0151037,0,3,3
45960,4593,-0.025074,0,2,2
45960,4594,-0.0350443,0,1,1
45960,4595,-0.0450148,0,0,0
