time,particle_id,x,y,mesh_index,mesh_index_original
55500,5540,0.0436613,0,9,9
55500,5541,0.0336977,0,8,8
55500,5542,0.023734,0,7,7
55500,5543,0.0137702,0,6,6
55500,5544,0.00380637,0,5,5
55500,5545,-0.00615758,0,4,4
55500,5546,-0.0161216,0,3,3
55500,5547,-0.0260857,0,2,2
55500,5548,-0.03605,0,1,1
55500,5549,-0.0460143,0,0,0
