time,particle_id,x,y,mesh_index,mesh_index_original
70610,7051,0.0415784,0,9,9
70610,7052,0.0316247,0,8,8
70610,7053,0.0216709,0,7,7
70610,7054,0.0117169,0,6,6
70610,7055,0.00176289,0,5,5
70610,7056,-0.00819127,0,4,4
70610,7057,-0.0181455,0,3,3
70610,7058,-0.0280999,0,2,2
70610,7059,-0.0380544,0,1,1
70610,7060,-0.0480091,0,0,0
