time,particle_id,x,y,mesh_index,mesh_index_original
71570,7147,0.0415727,0,9,9
71570,7148,0.0316196,0,8,8
71570,7149,0.0216664,0,7,7
71570,7150,0.0117131,0,6,6
71570,7151,0.00175967,0,5,5
71570,7152,-0.00819387,0,4,4
71570,7153,-0.0181475,0,3,3
71570,7154,-0.0281013,0,2,2
71570,7155,-0.0380552,0,1,1
71570,7156,-0.0480092,0,0,0
