time,particle_id,x,y,mesh_index,mesh_index_original
74550,7445,0.0415549,0,9,9
74550,7446,0.0316038,0,8,8
74550,7447,0.0216525,0,7,7
74550,7448,0.0117012,0,6,6
74550,7449,0.00174967,0,5,5
74550,7450,-0.00820193,0,4,4
74550,7451,-0.0181537,0,3,3
74550,7452,-0.0281055,0,2,2
74550,7453,-0.0380575,0,1,1
74550,7454,-0.0480096,0,0,0
