time,particle_id,x,y,mesh_index,mesh_index_original
35760,3566,0.0457771,0,9,9
35760,3567,0.0358006,0,8,8
35760,3568,0.025824,0,7,7
35760,3569,0.0158473,0,6,6
35760,3570,0.00587061,0,5,5
35760,3571,-0.00410616,0,4,4
35760,3572,-0.014083,0,3,3
35760,3573,-0.0240599,0,2,2
35760,3574,-0.0340368,0,1,1
35760,3575,-0.0440138,0,0,0
