time,particle_id,x,y,mesh_index,mesh_index_original
62160,6206,0.0426247,0,9,9
62160,6207,0.0326655,0,8,8
62160,6208,0.0227061,0,7,7
62160,6209,0.0127467,0,6,6
62160,6210,0.00278719,0,5,5
62160,6211,-0.00717244,0,4,4
62160,6212,-0.0171322,0,3,3
62160,6213,-0.027092,0,2,2
62160,6214,-0.0370519,0,1,1
62160,6215,-0.047012,0,0,0
