time,particle_id,x,y,mesh_index,mesh_index_original
83310,8321,0.0405081,0,9,9
83310,8322,0.0305627,0,8,8
83310,8323,0.0206172,0,7,7
83310,8324,0.0106715,0,6,6
83310,8325,0.000725728,0,5,5
83310,8326,-0.00922021,0,4,4
83310,8327,-0.0191663,0,3,3
83310,8328,-0.0291125,0,2,2
83310,8329,-0.0390589,0,1,1
83310,8330,-0.0490053,0,0,0
