time,particle_id,x,y,mesh_index,mesh_index_original
63890,6379,0.0426143,0,9,9
63890,6380,0.0326562,0,8,8
63890,6381,0.022698,0,7,7
63890,6382,0.0127397,0,6,6
63890,6383,0.00278127,0,5,5
63890,6384,-0.00717723,0,4,4
63890,6385,-0.0171358,0,3,3
63890,6386,-0.0270946,0,2,2
63890,6387,-0.0370534,0,1,1
63890,6388,-0.0470123,0,0,0
