time,particle_id,x,y,mesh_index,mesh_index_original
10510,1041,0.0479335,0,9,9
10510,1042,0.0379403,0,8,8
10510,1043,0.0279472,0,7,7
10510,1044,0.017954,0,6,6
10510,1045,0.0079608,0,5,5
10510,1046,-0.00203241,0,4,4
10510,1047,-0.0120256,0,3,3
10510,1048,-0.0220189,0,2,2
10510,1049,-0.0320121,0,1,1
10510,1050,-0.0420054,0,0,0
