time,particle_id,x,y,mesh_index,mesh_index_original
3990,389,0.0489749,0,9,9
3990,390,0.0389774,0,8,8
3990,391,0.02898,0,7,7
3990,392,0.0189825,0,6,6
3990,393,0.00898506,0,5,5
3990,394,-0.0010124,0,4,4
3990,395,-0.0110099,0,3,3
3990,396,-0.0210073,0,2,2
3990,397,-0.0310048,0,1,1
3990,398,-0.0410023,0,0,0
