time,particle_id,x,y,mesh_index,mesh_index_original
98120,9801,0.0493629,0,9,9
98120,9802,0.0394273,0,8,8
98120,9803,0.0294916,0,7,7
98120,9804,0.0195557,0,6,6
98120,9805,0.00961966,0,5,5
98120,9806,-0.000316543,0,4,4
98120,9807,-0.0102529,0,3,3
98120,9808,-0.0201894,0,2,2
98120,9809,-0.0301261,0,1,1
98120,9810,-0.040063,0,0,0
