time,particle_id,x,y,mesh_index,mesh_index_original
60120,6002,0.042637,0,9,9
60120,6003,0.0326765,0,8,8
60120,6004,0.0227158,0,7,7
60120,6005,0.012755,0,6,6
60120,6006,0.00279417,0,5,5
60120,6007,-0.00716678,0,4,4
60120,6008,-0.0171278,0,3,3
60120,6009,-0.027089,0,2,2
60120,6010,-0.0370502,0,1,1
60120,6011,-0.0470116,0,0,0
