time,particle_id,x,y,mesh_index,mesh_index_original
17860,1776,0.0478866,0,9,9
17860,1777,0.0378983,0,8,8
17860,1778,0.0279099,0,7,7
17860,1779,0.0179216,0,6,6
17860,1780,0.00793317,0,5,5
17860,1781,-0.00205524,0,4,4
17860,1782,-0.0120437,0,3,3
17860,1783,-0.0220321,0,2,2
17860,1784,-0.0320206,0,1,1
17860,1785,-0.0420092,0,0,0
