time,particle_id,x,y,mesh_index,mesh_index_original
68460,6836,0.0425867,0,9,9
68460,6837,0.0326316,0,8,8
68460,6838,0.0226764,0,7,7
68460,6839,0.0127211,0,6,6
68460,6840,0.00276564,0,5,5
68460,6841,-0.0071899,0,4,4
68460,6842,-0.0171456,0,3,3
68460,6843,-0.0271013,0,2,2
68460,6844,-0.0370572,0,1,1
68460,6845,-0.0470132,0,0,0
