time,particle_id,x,y,mesh_index,mesh_index_original
12160,1206,0.0479229,0,9,9
12160,1207,0.0379309,0,8,8
12160,1208,0.0279388,0,7,7
12160,1209,0.0179467,0,6,6
12160,1210,0.00795459,0,5,5
12160,1211,-0.00203754,0,4,4
12160,1212,-0.0120297,0,3,3
12160,1213,-0.0220218,0,2,2
12160,1214,-0.032014,0,1,1
12160,1215,-0.0420062,0,0,0
