time,particle_id,x,y,mesh_index,mesh_index_original
59210,5911,0.0436386,0,9,9
59210,5912,0.0336775,0,8,8
59210,5913,0.0237162,0,7,7
59210,5914,0.0137549,0,6,6
59210,5915,0.00379343,0,5,5
59210,5916,-0.0061681,0,4,4
59210,5917,-0.0161297,0,3,3
59210,5918,-0.0260915,0,2,2
59210,5919,-0.0360533,0,1,1
59210,5920,-0.0460152,0,0,0
