time,particle_id,x,y,mesh_index,mesh_index_original
59700,5960,0.0436356,0,9,9
59700,5961,0.0336748,0,8,8
59700,5962,0.0237139,0,7,7
59700,5963,0.0137528,0,6,6
59700,5964,0.00379172,0,5,5
59700,5965,-0.00616949,0,4,4
59700,5966,-0.0161308,0,3,3
59700,5967,-0.0260922,0,2,2
59700,5968,-0.0360537,0,1,1
59700,5969,-0.0460153,0,0,0
