time,particle_id,x,y,mesh_index,mesh_index_original
39660,3956,0.0457528,0,9,9
39660,3957,0.0357788,0,8,8
39660,3958,0.0258047,0,7,7
39660,3959,0.0158306,0,6,6
39660,3960,0.00585648,0,5,5
39660,3961,-0.00411775,0,4,4
39660,3962,-0.014092,0,3,3
39660,3963,-0.0240664,0,2,2
39660,3964,-0.0340408,0,1,1
39660,3965,-0.0440153,0,0,0
