time,particle_id,x,y,mesh_index,mesh_index_original
47850,4775,0.0447048,0,9,9
47850,4776,0.0347362,0,8,8
47850,4777,0.0247675,0,7,7
47850,4778,0.0147988,0,6,6
47850,4779,0.00482994,0,5,5
47850,4780,-0.00513896,0,4,4
47850,4781,-0.0151079,0,3,3
47850,4782,-0.025077,0,2,2
47850,4783,-0.0350462,0,1,1
47850,4784,-0.0450154,0,0,0
