time,particle_id,x,y,mesh_index,mesh_index_original
79970,7987,0.0415226,0,9,9
79970,7988,0.031575,0,8,8
79970,7989,0.0216273,0,7,7
79970,7990,0.0116795,0,6,6
79970,7991,0.0017315,0,5,5
79970,7992,-0.00821659,0,4,4
79970,7993,-0.0181648,0,3,3
79970,7994,-0.0281132,0,2,2
79970,7995,-0.0380616,0,1,1
79970,7996,-0.0480103,0,0,0
