time,particle_id,x,y,mesh_index,mesh_index_original
81580,8148,0.0405183,0,9,9
81580,8149,0.0305718,0,8,8
81580,8150,0.0206251,0,7,7
81580,8151,0.0106783,0,6,6
81580,8152,0.000731414,0,5,5
81580,8153,-0.00921565,0,4,4
81580,8154,-0.0191628,0,3,3
81580,8155,-0.0291102,0,2,2
81580,8156,-0.0390576,0,1,1
81580,8157,-0.0490052,0,0,0
