time,particle_id,x,y,mesh_index,mesh_index_original
5890,579,0.0489626,0,9,9
5890,580,0.0389664,0,8,8
5890,581,0.0289702,0,7,7
5890,582,0.018974,0,6,6
5890,583,0.00897779,0,5,5
5890,584,-0.00101843,0,4,4
5890,585,-0.0110147,0,3,3
5890,586,-0.0210109,0,2,2
5890,587,-0.0310071,0,1,1
5890,588,-0.0410034,0,0,0
