time,particle_id,x,y,mesh_index,mesh_index_original
30470,3037,0.0458101,0,9,9
30470,3038,0.0358301,0,8,8
30470,3039,0.02585,0,7,7
30470,3040,0.0158699,0,6,6
30470,3041,0.00588978,0,5,5
30470,3042,-0.00409043,0,4,4
30470,3043,-0.0140707,0,3,3
30470,3044,-0.024051,0,2,2
30470,3045,-0.0340313,0,1,1
30470,3046,-0.0440117,0,0,0
