time,particle_id,x,y,mesh_index,mesh_index_original
34220,3412,0.0457867,0,9,9
34220,3413,0.0358092,0,8,8
34220,3414,0.0258316,0,7,7
34220,3415,0.0158539,0,6,6
34220,3416,0.00587619,0,5,5
34220,3417,-0.00410158,0,4,4
34220,3418,-0.0140794,0,3,3
34220,3419,-0.0240573,0,2,2
34220,3420,-0.0340352,0,1,1
34220,3421,-0.0440132,0,0,0
