time,particle_id,x,y,mesh_index,mesh_index_original
16270,1617,0.0478967,0,9,9
16270,1618,0.0379074,0,8,8
16270,1619,0.027918,0,7,7
16270,1620,0.0179286,0,6,6
16270,1621,0.00793915,0,5,5
16270,1622,-0.0020503,0,4,4
16270,1623,-0.0120398,0,3,3
16270,1624,-0.0220293,0,2,2
16270,1625,-0.0320188,0,1,1
16270,1626,-0.0420083,0,0,0
