time,particle_id,x,y,mesh_index,mesh_index_original
47740,4764,0.0447055,0,9,9
47740,4765,0.0347368,0,8,8
47740,4766,0.0247681,0,7,7
47740,4767,0.0147992,0,6,6
47740,4768,0.00483033,0,5,5
47740,4769,-0.00513865,0,4,4
47740,4770,-0.0151077,0,3,3
47740,4771,-0.0250768,0,2,2
47740,4772,-0.035046,0,1,1
47740,4773,-0.0450153,0,0,0
