time,particle_id,x,y,mesh_index,mesh_index_original
22550,2245,0.0468581,0,9,9
22550,2246,0.0368729,0,8,8
22550,2247,0.0268876,0,7,7
22550,2248,0.0169023,0,6,6
22550,2249,0.00691702,0,5,5
22550,2250,-0.00306834,0,4,4
22550,2251,-0.0130537,0,3,3
22550,2252,-0.0230392,0,2,2
22550,2253,-0.0330246,0,1,1
22550,2254,-0.0430101,0,0,0
