time,particle_id,x,y,mesh_index,mesh_index_original
37050,3695,0.045769,0,9,9
37050,3696,0.0357934,0,8,8
37050,3697,0.0258176,0,7,7
37050,3698,0.0158418,0,6,6
37050,3699,0.00586593,0,5,5
37050,3700,-0.00410999,0,4,4
37050,3701,-0.014086,0,3,3
37050,3702,-0.024062,0,2,2
37050,3703,-0.0340381,0,1,1
37050,3704,-0.0440143,0,0,0
