time,particle_id,x,y,mesh_index,mesh_index_original
92190,9208,0.0494013,0,9,9
92190,9209,0.0394619,0,8,8
92190,9210,0.0295223,0,7,7
92190,9211,0.0195825,0,6,6
92190,9212,0.0096426,0,5,5
92190,9213,-0.000297454,0,4,4
92190,9214,-0.0102377,0,3,3
92190,9215,-0.020178,0,2,2
92190,9216,-0.0301185,0,1,1
92190,9217,-0.0400592,0,0,0
