time,particle_id,x,y,mesh_index,mesh_index_original
36930,3683,0.0457698,0,9,9
36930,3684,0.035794,0,8,8
36930,3685,0.0258182,0,7,7
36930,3686,0.0158423,0,6,6
36930,3687,0.00586637,0,5,5
36930,3688,-0.00410963,0,4,4
36930,3689,-0.0140857,0,3,3
36930,3690,-0.0240618,0,2,2
36930,3691,-0.034038,0,1,1
36930,3692,-0.0440142,0,0,0
