time,particle_id,x,y,mesh_index,mesh_index_original
60040,5994,0.0436336,0,9,9
60040,5995,0.0336729,0,8,8
60040,5996,0.0237122,0,7,7
60040,5997,0.0137514,0,6,6
60040,5998,0.00379054,0,5,5
60040,5999,-0.00617046,0,4,4
60040,6000,-0.0171277,0,3,3
60040,6001,-0.0270889,0,2,2
60040,6002,-0.0370502,0,1,1
60040,6003,-0.0470116,0,0,0
