time,particle_id,x,y,mesh_index,mesh_index_original
34630,3453,0.0457842,0,9,9
34630,3454,0.0358069,0,8,8
34630,3455,0.0258295,0,7,7
34630,3456,0.0158521,0,6,6
34630,3457,0.0058747,0,5,5
34630,3458,-0.0041028,0,4,4
34630,3459,-0.0140804,0,3,3
34630,3460,-0.024058,0,2,2
34630,3461,-0.0340356,0,1,1
34630,3462,-0.0440133,0,0,0
