time,particle_id,x,y,mesh_index,mesh_index_original
81070,8097,0.0405213,0,9,9
81070,8098,0.0305745,0,8,8
81070,8099,0.0206275,0,7,7
81070,8100,0.0106803,0,6,6
81070,8101,0.00073309,0,5,5
81070,8102,-0.0092143,0,4,4
81070,8103,-0.0191618,0,3,3
81070,8104,-0.0291095,0,2,2
81070,8105,-0.0390573,0,1,1
81070,8106,-0.0490052,0,0,0
