time,particle_id,x,y,mesh_index,mesh_index_original
89370,8927,0.0404724,0,9,9
89370,8928,0.030531,0,8,8
89370,8929,0.0205894,0,7,7
89370,8930,0.0106477,0,6,6
89370,8931,0.000705816,0,5,5
89370,8932,-0.0092362,0,4,4
89370,8933,-0.0191784,0,3,3
89370,8934,-0.0291207,0,2,2
89370,8935,-0.0390631,0,1,1
89370,8936,-0.0490057,0,0,0
