time,particle_id,x,y,mesh_index,mesh_index_original
88470,8837,0.0404777,0,9,9
88470,8838,0.0305357,0,8,8
88470,8839,0.0205935,0,7,7
88470,8840,0.0106512,0,6,6
88470,8841,0.000708772,0,5,5
88470,8842,-0.00923382,0,4,4
88470,8843,-0.0191766,0,3,3
88470,8844,-0.0291195,0,2,2
88470,8845,-0.0390625,0,1,1
88470,8846,-0.0490057,0,0,0
