time,particle_id,x,y,mesh_index,mesh_index_original
48650,4855,0.0446999,0,9,9
48650,4856,0.0347318,0,8,8
48650,4857,0.0247636,0,7,7
48650,4858,0.0147954,0,6,6
48650,4859,0.0048271,0,5,5
48650,4860,-0.00514129,0,4,4
48650,4861,-0.0151098,0,3,3
48650,4862,-0.0250783,0,2,2
48650,4863,-0.0350469,0,1,1
48650,4864,-0.0450156,0,0,0
