time,particle_id,x,y,mesh_index,mesh_index_original
73480,7338,0.0415613,0,9,9
73480,7339,0.0316094,0,8,8
73480,7340,0.0216575,0,7,7
73480,7341,0.0117054,0,6,6
73480,7342,0.00175326,0,5,5
73480,7343,-0.00819903,0,4,4
73480,7344,-0.0181515,0,3,3
73480,7345,-0.028104,0,2,2
73480,7346,-0.0380567,0,1,1
73480,7347,-0.0480094,0,0,0
