time,particle_id,x,y,mesh_index,mesh_index_original
53360,5326,0.0436743,0,9,9
53360,5327,0.0337093,0,8,8
53360,5328,0.0237442,0,7,7
53360,5329,0.0137791,0,6,6
53360,5330,0.00381383,0,5,5
53360,5331,-0.0061515,0,4,4
53360,5332,-0.0161169,0,3,3
53360,5333,-0.0260824,0,2,2
53360,5334,-0.036048,0,1,1
53360,5335,-0.0460137,0,0,0
