time,particle_id,x,y,mesh_index,mesh_index_original
57940,5784,0.0436464,0,9,9
57940,5785,0.0336844,0,8,8
57940,5786,0.0237223,0,7,7
57940,5787,0.0137601,0,6,6
57940,5788,0.00379786,0,5,5
57940,5789,-0.0061645,0,4,4
57940,5790,-0.016127,0,3,3
57940,5791,-0.0260895,0,2,2
57940,5792,-0.0360521,0,1,1
57940,5793,-0.0460149,0,0,0
