time,particle_id,x,y,mesh_index,mesh_index_original
40020,3992,0.0457505,0,9,9
40020,3993,0.0357768,0,8,8
40020,3994,0.025803,0,7,7
40020,3995,0.0158291,0,6,6
40020,3996,0.00585518,0,5,5
40020,3997,-0.00411881,0,4,4
40020,3998,-0.0140929,0,3,3
40020,3999,-0.024067,0,2,2
40020,4000,-0.0350386,0,1,1
40020,4001,-0.0450129,0,0,0
