time,particle_id,x,y,mesh_index,mesh_index_original
79450,7935,0.0415257,0,9,9
79450,7936,0.0315778,0,8,8
79450,7937,0.0216297,0,7,7
79450,7938,0.0116815,0,6,6
79450,7939,0.00173324,0,5,5
79450,7940,-0.00821518,0,4,4
79450,7941,-0.0181637,0,3,3
79450,7942,-0.0281124,0,2,2
79450,7943,-0.0380612,0,1,1
79450,7944,-0.0480102,0,0,0
