time,particle_id,x,y,mesh_index,mesh_index_original
92310,9220,0.0494005,0,9,9
92310,9221,0.0394612,0,8,8
92310,9222,0.0295216,0,7,7
92310,9223,0.019582,0,6,6
92310,9224,0.00964213,0,5,5
92310,9225,-0.00029784,0,4,4
92310,9226,-0.010238,0,3,3
92310,9227,-0.0201782,0,2,2
92310,9228,-0.0301187,0,1,1
92310,9229,-0.0400593,0,0,0
