time,particle_id,x,y,mesh_index,mesh_index_original
72910,7281,0.0415647,0,9,9
72910,7282,0.0316125,0,8,8
72910,7283,0.0216602,0,7,7
72910,7284,0.0117077,0,6,6
72910,7285,0.00175517,0,5,5
72910,7286,-0.00819749,0,4,4
72910,7287,-0.0181503,0,3,3
72910,7288,-0.0281032,0,2,2
72910,7289,-0.0380562,0,1,1
72910,7290,-0.0480094,0,0,0
