time,particle_id,x,y,mesh_index,mesh_index_original
99880,9977,0.0493515,0,9,9
99880,9978,0.0394171,0,8,8
99880,9979,0.0294825,0,7,7
99880,9980,0.0195478,0,6,6
99880,9981,0.00961285,0,5,5
99880,9982,-0.000322207,0,4,4
99880,9983,-0.0102574,0,3,3
99880,9984,-0.0201928,0,2,2
99880,9985,-0.0301284,0,1,1
99880,9986,-0.0400641,0,0,0
