time,particle_id,x,y,mesh_index,mesh_index_original
430,33,0.0489978,0,9,9
430,34,0.038998,0,8,8
430,35,0.0289983,0,7,7
430,36,0.0189985,0,6,6
430,37,0.00899868,0,5,5
430,38,-0.0010011,0,4,4
430,39,-0.0110009,0,3,3
430,40,-0.0210007,0,2,2
430,41,-0.0310004,0,1,1
430,42,-0.0410002,0,0,0
