time,particle_id,x,y,mesh_index,mesh_index_original
54900,5480,0.0436649,0,9,9
54900,5481,0.0337009,0,8,8
54900,5482,0.0237369,0,7,7
54900,5483,0.0137727,0,6,6
54900,5484,0.00380846,0,5,5
54900,5485,-0.00615587,0,4,4
54900,5486,-0.0161203,0,3,3
54900,5487,-0.0260848,0,2,2
54900,5488,-0.0360494,0,1,1
54900,5489,-0.0460141,0,0,0
