time,particle_id,x,y,mesh_index,mesh_index_original
6720,662,0.0489572,0,9,9
6720,663,0.0389616,0,8,8
6720,664,0.0289659,0,7,7
6720,665,0.0189703,0,6,6
6720,666,0.00897461,0,5,5
6720,667,-0.00102106,0,4,4
6720,668,-0.0110167,0,3,3
6720,669,-0.0210124,0,2,2
6720,670,-0.0310081,0,1,1
6720,671,-0.0410039,0,0,0
