time,particle_id,x,y,mesh_index,mesh_index_original
75030,7493,0.041552,0,9,9
75030,7494,0.0316012,0,8,8
75030,7495,0.0216503,0,7,7
75030,7496,0.0116992,0,6,6
75030,7497,0.00174806,0,5,5
75030,7498,-0.00820323,0,4,4
75030,7499,-0.0181546,0,3,3
75030,7500,-0.0281062,0,2,2
75030,7501,-0.0380578,0,1,1
75030,7502,-0.0480096,0,0,0
