time,particle_id,x,y,mesh_index,mesh_index_original
41560,4146,0.0447436,0,9,9
41560,4147,0.0347709,0,8,8
41560,4148,0.0247981,0,7,7
41560,4149,0.0148252,0,6,6
41560,4150,0.00485231,0,5,5
41560,4151,-0.00512069,0,4,4
41560,4152,-0.0150938,0,3,3
41560,4153,-0.0250669,0,2,2
41560,4154,-0.0350401,0,1,1
41560,4155,-0.0450133,0,0,0
