time,particle_id,x,y,mesh_index,mesh_index_original
29510,2941,0.0468142,0,9,9
29510,2942,0.0368335,0,8,8
29510,2943,0.0268528,0,7,7
29510,2944,0.0168721,0,6,6
29510,2945,0.00689133,0,5,5
29510,2946,-0.00308949,0,4,4
29510,2947,-0.0130704,0,3,3
29510,2948,-0.0230513,0,2,2
29510,2949,-0.0330323,0,1,1
29510,2950,-0.0430133,0,0,0
