time,particle_id,x,y,mesh_index,mesh_index_original
51870,5177,0.0436834,0,9,9
51870,5178,0.0337174,0,8,8
51870,5179,0.0237514,0,7,7
51870,5180,0.0137852,0,6,6
51870,5181,0.00381903,0,5,5
51870,5182,-0.00614727,0,4,4
51870,5183,-0.0161137,0,3,3
51870,5184,-0.0260801,0,2,2
51870,5185,-0.0360467,0,1,1
51870,5186,-0.0460133,0,0,0
