time,particle_id,x,y,mesh_index,mesh_index_original
59980,5988,0.0436339,0,9,9
59980,5989,0.0336733,0,8,8
59980,5990,0.0237125,0,7,7
59980,5991,0.0137517,0,6,6
59980,5992,0.00379074,0,5,5
59980,5993,-0.00617029,0,4,4
59980,5994,-0.0161314,0,3,3
59980,5995,-0.0260927,0,2,2
59980,5996,-0.036054,0,1,1
59980,5997,-0.0460154,0,0,0
