time,particle_id,x,y,mesh_index,mesh_index_original
43460,4336,0.0447319,0,9,9
43460,4337,0.0347604,0,8,8
43460,4338,0.0247889,0,7,7
43460,4339,0.0148172,0,6,6
43460,4340,0.00484555,0,5,5
43460,4341,-0.00512621,0,4,4
43460,4342,-0.015098,0,3,3
43460,4343,-0.0250699,0,2,2
43460,4344,-0.0350419,0,1,1
43460,4345,-0.045014,0,0,0
