time,particle_id,x,y,mesh_index,mesh_index_original
56250,5615,0.0436567,0,9,9
56250,5616,0.0336936,0,8,8
56250,5617,0.0237304,0,7,7
56250,5618,0.0137671,0,6,6
56250,5619,0.00380375,0,5,5
56250,5620,-0.0061597,0,4,4
56250,5621,-0.0161233,0,3,3
56250,5622,-0.0260869,0,2,2
56250,5623,-0.0360506,0,1,1
56250,5624,-0.0460145,0,0,0
