time,particle_id,x,y,mesh_index,mesh_index_original
81570,8147,0.0405184,0,9,9
81570,8148,0.0305719,0,8,8
81570,8149,0.0206252,0,7,7
81570,8150,0.0106784,0,6,6
81570,8151,0.000731447,0,5,5
81570,8152,-0.00921562,0,4,4
81570,8153,-0.0191628,0,3,3
81570,8154,-0.0291102,0,2,2
81570,8155,-0.0390576,0,1,1
81570,8156,-0.0490052,0,0,0
