time,particle_id,x,y,mesh_index,mesh_index_original
38400,3830,0.0457606,0,9,9
38400,3831,0.0357858,0,8,8
38400,3832,0.025811,0,7,7
38400,3833,0.015836,0,6,6
38400,3834,0.00586104,0,5,5
38400,3835,-0.004114,0,4,4
38400,3836,-0.0140891,0,3,3
38400,3837,-0.0240643,0,2,2
38400,3838,-0.0340395,0,1,1
38400,3839,-0.0440148,0,0,0
