time,particle_id,x,y,mesh_index,mesh_index_original
69560,6946,0.0425801,0,9,9
69560,6947,0.0326257,0,8,8
69560,6948,0.0226712,0,7,7
69560,6949,0.0127166,0,6,6
69560,6950,0.00276188,0,5,5
69560,6951,-0.00719295,0,4,4
69560,6952,-0.0171479,0,3,3
69560,6953,-0.0271029,0,2,2
69560,6954,-0.0370581,0,1,1
69560,6955,-0.0470134,0,0,0
