time,particle_id,x,y,mesh_index,mesh_index_original
98160,9805,0.0493626,0,9,9
98160,9806,0.0394271,0,8,8
98160,9807,0.0294914,0,7,7
98160,9808,0.0195555,0,6,6
98160,9809,0.00961951,0,5,5
98160,9810,-0.000316672,0,4,4
98160,9811,-0.010253,0,3,3
98160,9812,-0.0201895,0,2,2
98160,9813,-0.0301262,0,1,1
98160,9814,-0.040063,0,0,0
