time,particle_id,x,y,mesh_index,mesh_index_original
74580,7448,0.0415547,0,9,9
74580,7449,0.0316036,0,8,8
74580,7450,0.0216524,0,7,7
74580,7451,0.011701,0,6,6
74580,7452,0.00174957,0,5,5
74580,7453,-0.00820201,0,4,4
74580,7454,-0.0181537,0,3,3
74580,7455,-0.0281055,0,2,2
74580,7456,-0.0380575,0,1,1
74580,7457,-0.0480096,0,0,0
