time,particle_id,x,y,mesh_index,mesh_index_original
90980,9087,0.0494092,0,9,9
90980,9088,0.0394689,0,8,8
90980,9089,0.0295285,0,7,7
90980,9090,0.019588,0,6,6
90980,9091,0.00964728,0,5,5
90980,9092,-0.000293558,0,4,4
90980,9093,-0.0102345,0,3,3
90980,9094,-0.0201757,0,2,2
90980,9095,-0.030117,0,1,1
90980,9096,-0.0400584,0,0,0
