time,particle_id,x,y,mesh_index,mesh_index_original
25020,2492,0.0468425,0,9,9
25020,2493,0.0368589,0,8,8
25020,2494,0.0268753,0,7,7
25020,2495,0.0168916,0,6,6
25020,2496,0.0069079,0,5,5
25020,2497,-0.00307585,0,4,4
25020,2498,-0.0130596,0,3,3
25020,2499,-0.0230435,0,2,2
25020,2500,-0.0330273,0,1,1
25020,2501,-0.0430112,0,0,0
