time,particle_id,x,y,mesh_index,mesh_index_original
50390,5029,0.0436924,0,9,9
50390,5030,0.0337255,0,8,8
50390,5031,0.0237585,0,7,7
50390,5032,0.0137914,0,6,6
50390,5033,0.00382419,0,5,5
50390,5034,-0.00614307,0,4,4
50390,5035,-0.0161104,0,3,3
50390,5036,-0.0260778,0,2,2
50390,5037,-0.0360454,0,1,1
50390,5038,-0.0460129,0,0,0
