time,particle_id,x,y,mesh_index,mesh_index_original
40370,4027,0.044751,0,9,9
40370,4028,0.0347775,0,8,8
40370,4029,0.0248039,0,7,7
40370,4030,0.0148302,0,6,6
40370,4031,0.00485654,0,5,5
40370,4032,-0.00511723,0,4,4
40370,4033,-0.0150911,0,3,3
40370,4034,-0.025065,0,2,2
40370,4035,-0.0350389,0,1,1
40370,4036,-0.045013,0,0,0
