time,particle_id,x,y,mesh_index,mesh_index_original
78100,7800,0.0415337,0,9,9
78100,7801,0.0315849,0,8,8
78100,7802,0.021636,0,7,7
78100,7803,0.0116869,0,6,6
78100,7804,0.00173777,0,5,5
78100,7805,-0.00821153,0,4,4
78100,7806,-0.018161,0,3,3
78100,7807,-0.0281105,0,2,2
78100,7808,-0.0380602,0,1,1
78100,7809,-0.04801,0,0,0
