time,particle_id,x,y,mesh_index,mesh_index_original
36660,3656,0.0457715,0,9,9
36660,3657,0.0357955,0,8,8
36660,3658,0.0258195,0,7,7
36660,3659,0.0158435,0,6,6
36660,3660,0.00586735,0,5,5
36660,3661,-0.00410883,0,4,4
36660,3662,-0.0140851,0,3,3
36660,3663,-0.0240614,0,2,2
36660,3664,-0.0340377,0,1,1
36660,3665,-0.0440141,0,0,0
