time,particle_id,x,y,mesh_index,mesh_index_original
28160,2806,0.0468227,0,9,9
28160,2807,0.0368412,0,8,8
28160,2808,0.0268596,0,7,7
28160,2809,0.016878,0,6,6
28160,2810,0.00689631,0,5,5
28160,2811,-0.00308539,0,4,4
28160,2812,-0.0130671,0,3,3
28160,2813,-0.0230489,0,2,2
28160,2814,-0.0330308,0,1,1
28160,2815,-0.0430127,0,0,0
