time,particle_id,x,y,mesh_index,mesh_index_original
7970,787,0.0489492,0,9,9
7970,788,0.0389544,0,8,8
7970,789,0.0289595,0,7,7
7970,790,0.0189647,0,6,6
7970,791,0.00896983,0,5,5
7970,792,-0.00102503,0,4,4
7970,793,-0.0110199,0,3,3
7970,794,-0.0210148,0,2,2
7970,795,-0.0310097,0,1,1
7970,796,-0.0410046,0,0,0
