time,particle_id,x,y,mesh_index,mesh_index_original
68620,6852,0.0425857,0,9,9
68620,6853,0.0326307,0,8,8
68620,6854,0.0226756,0,7,7
68620,6855,0.0127204,0,6,6
68620,6856,0.0027651,0,5,5
68620,6857,-0.00719034,0,4,4
68620,6858,-0.0171459,0,3,3
68620,6859,-0.0271016,0,2,2
68620,6860,-0.0370573,0,1,1
68620,6861,-0.0470132,0,0,0
