time,particle_id,x,y,mesh_index,mesh_index_original
36200,3610,0.0457744,0,9,9
36200,3611,0.0357981,0,8,8
36200,3612,0.0258218,0,7,7
36200,3613,0.0158454,0,6,6
36200,3614,0.00586901,0,5,5
36200,3615,-0.00410746,0,4,4
36200,3616,-0.014084,0,3,3
36200,3617,-0.0240606,0,2,2
36200,3618,-0.0340372,0,1,1
36200,3619,-0.044014,0,0,0
