time,particle_id,x,y,mesh_index,mesh_index_original
84610,8451,0.0405005,0,9,9
84610,8452,0.0305559,0,8,8
84610,8453,0.0206112,0,7,7
84610,8454,0.0106664,0,6,6
84610,8455,0.000721456,0,5,5
84610,8456,-0.00922364,0,4,4
84610,8457,-0.0191689,0,3,3
84610,8458,-0.0291143,0,2,2
84610,8459,-0.0390598,0,1,1
84610,8460,-0.0490054,0,0,0
