time,particle_id,x,y,mesh_index,mesh_index_original
22240,2214,0.0468601,0,9,9
22240,2215,0.0368746,0,8,8
22240,2216,0.0268892,0,7,7
22240,2217,0.0169037,0,6,6
22240,2218,0.00691816,0,5,5
22240,2219,-0.0030674,0,4,4
22240,2220,-0.013053,0,3,3
22240,2221,-0.0230386,0,2,2
22240,2222,-0.0330243,0,1,1
22240,2223,-0.04301,0,0,0
