time,particle_id,x,y,mesh_index,mesh_index_original
17980,1788,0.0478858,0,9,9
17980,1789,0.0378976,0,8,8
17980,1790,0.0279093,0,7,7
17980,1791,0.017921,0,6,6
17980,1792,0.00793272,0,5,5
17980,1793,-0.00205561,0,4,4
17980,1794,-0.012044,0,3,3
17980,1795,-0.0220324,0,2,2
17980,1796,-0.0320208,0,1,1
17980,1797,-0.0420092,0,0,0
