time,particle_id,x,y,mesh_index,mesh_index_original
49490,4939,0.0446947,0,9,9
49490,4940,0.0347272,0,8,8
49490,4941,0.0247596,0,7,7
49490,4942,0.0147919,0,6,6
49490,4943,0.00482411,0,5,5
49490,4944,-0.00514373,0,4,4
49490,4945,-0.0151116,0,3,3
49490,4946,-0.0250796,0,2,2
49490,4947,-0.0350477,0,1,1
49490,4948,-0.0450159,0,0,0
