time,particle_id,x,y,mesh_index,mesh_index_original
83320,8322,0.0405081,0,9,9
83320,8323,0.0305627,0,8,8
83320,8324,0.0206172,0,7,7
83320,8325,0.0106715,0,6,6
83320,8326,0.000725695,0,5,5
83320,8327,-0.00922024,0,4,4
83320,8328,-0.0191663,0,3,3
83320,8329,-0.0291125,0,2,2
83320,8330,-0.0390589,0,1,1
83320,8331,-0.0490054,0,0,0
