time,particle_id,x,y,mesh_index,mesh_index_original
46020,4592,0.0447161,0,9,9
46020,4593,0.0347463,0,8,8
46020,4594,0.0247764,0,7,7
46020,4595,0.0148065,0,6,6
46020,4596,0.00483645,0,5,5
46020,4597,-0.00513365,0,4,4
46020,4598,-0.0151038,0,3,3
46020,4599,-0.0250741,0,2,2
46020,4600,-0.0350444,0,1,1
46020,4601,-0.0450148,0,0,0
