time,particle_id,x,y,mesh_index,mesh_index_original
45530,4543,0.0447191,0,9,9
45530,4544,0.034749,0,8,8
45530,4545,0.0247788,0,7,7
45530,4546,0.0148085,0,6,6
45530,4547,0.00483819,0,5,5
45530,4548,-0.00513223,0,4,4
45530,4549,-0.0151027,0,3,3
45530,4550,-0.0250733,0,2,2
45530,4551,-0.0350439,0,1,1
45530,4552,-0.0450146,0,0,0
