time,particle_id,x,y,mesh_index,mesh_index_original
33860,3376,0.045789,0,9,9
33860,3377,0.0358112,0,8,8
33860,3378,0.0258333,0,7,7
33860,3379,0.0158554,0,6,6
33860,3380,0.00587749,0,5,5
33860,3381,-0.00410051,0,4,4
33860,3382,-0.0140786,0,3,3
33860,3383,-0.0240567,0,2,2
33860,3384,-0.0340348,0,1,1
33860,3385,-0.044013,0,0,0
