time,particle_id,x,y,mesh_index,mesh_index_original
67830,6773,0.0425905,0,9,9
67830,6774,0.032635,0,8,8
67830,6775,0.0226794,0,7,7
67830,6776,0.0127236,0,6,6
67830,6777,0.0027678,0,5,5
67830,6778,-0.00718815,0,4,4
67830,6779,-0.0171442,0,3,3
67830,6780,-0.0271004,0,2,2
67830,6781,-0.0370567,0,1,1
67830,6782,-0.0470131,0,0,0
