time,particle_id,x,y,mesh_index,mesh_index_original
58200,5810,0.0436448,0,9,9
58200,5811,0.033683,0,8,8
58200,5812,0.0237211,0,7,7
58200,5813,0.013759,0,6,6
58200,5814,0.00379695,0,5,5
58200,5815,-0.00616524,0,4,4
58200,5816,-0.0161275,0,3,3
58200,5817,-0.0260899,0,2,2
58200,5818,-0.0360524,0,1,1
58200,5819,-0.046015,0,0,0
