time,particle_id,x,y,mesh_index,mesh_index_original
30920,3082,0.0458073,0,9,9
30920,3083,0.0358276,0,8,8
30920,3084,0.0258478,0,7,7
30920,3085,0.015868,0,6,6
30920,3086,0.00588814,0,5,5
30920,3087,-0.00409177,0,4,4
30920,3088,-0.0140717,0,3,3
30920,3089,-0.0240517,0,2,2
30920,3090,-0.0340318,0,1,1
30920,3091,-0.0440119,0,0,0
