time,particle_id,x,y,mesh_index,mesh_index_original
24880,2478,0.0468434,0,9,9
24880,2479,0.0368597,0,8,8
24880,2480,0.026876,0,7,7
24880,2481,0.0168922,0,6,6
24880,2482,0.00690842,0,5,5
24880,2483,-0.00307542,0,4,4
24880,2484,-0.0130593,0,3,3
24880,2485,-0.0230432,0,2,2
24880,2486,-0.0330272,0,1,1
24880,2487,-0.0430112,0,0,0
