time,particle_id,x,y,mesh_index,mesh_index_original
29720,2962,0.0468129,0,9,9
29720,2963,0.0368324,0,8,8
29720,2964,0.0268518,0,7,7
29720,2965,0.0168712,0,6,6
29720,2966,0.00689056,0,5,5
29720,2967,-0.00309013,0,4,4
29720,2968,-0.0130709,0,3,3
29720,2969,-0.0230517,0,2,2
29720,2970,-0.0330325,0,1,1
29720,2971,-0.0430134,0,0,0
