time,particle_id,x,y,mesh_index,mesh_index_original
29340,2924,0.0468153,0,9,9
29340,2925,0.0368345,0,8,8
29340,2926,0.0268537,0,7,7
29340,2927,0.0168729,0,6,6
29340,2928,0.00689196,0,5,5
29340,2929,-0.00308898,0,4,4
29340,2930,-0.01307,0,3,3
29340,2931,-0.023051,0,2,2
29340,2932,-0.0330321,0,1,1
29340,2933,-0.0430132,0,0,0
