time,particle_id,x,y,mesh_index,mesh_index_original
99610,9950,0.0493533,0,9,9
99610,9951,0.0394186,0,8,8
99610,9952,0.0294839,0,7,7
99610,9953,0.019549,0,6,6
99610,9954,0.0096139,0,5,5
99610,9955,-0.000321338,0,4,4
99610,9956,-0.0102567,0,3,3
99610,9957,-0.0201923,0,2,2
99610,9958,-0.030128,0,1,1
99610,9959,-0.0400639,0,0,0
