time,particle_id,x,y,mesh_index,mesh_index_original
70190,7009,0.0415809,0,9,9
70190,7010,0.0316269,0,8,8
70190,7011,0.0216728,0,7,7
70190,7012,0.0117186,0,6,6
70190,7013,0.0017643,0,5,5
70190,7014,-0.00819013,0,4,4
70190,7015,-0.0181447,0,3,3
70190,7016,-0.0280993,0,2,2
70190,7017,-0.0380541,0,1,1
70190,7018,-0.048009,0,0,0
