time,particle_id,x,y,mesh_index,mesh_index_original
100,0,0.0499998,0,9,9
100,1,0.0389999,0,8,8
100,2,0.0289999,0,7,7
100,3,0.0189999,0,6,6
100,4,0.00899992,0,5,5
100,5,-0.00100007,0,4,4
100,6,-0.0110001,0,3,3
100,7,-0.021,0,2,2
100,8,-0.031,0,1,1
100,9,-0.041,0,0,0
