time,particle_id,x,y,mesh_index,mesh_index_original
8950,885,0.0489429,0,9,9
8950,886,0.0389487,0,8,8
8950,887,0.0289545,0,7,7
8950,888,0.0189603,0,6,6
8950,889,0.00896608,0,5,5
8950,890,-0.00102814,0,4,4
8950,891,-0.0110224,0,3,3
8950,892,-0.0210166,0,2,2
8950,893,-0.0310109,0,1,1
8950,894,-0.0410051,0,0,0
