time,particle_id,x,y,mesh_index,mesh_index_original
73940,7384,0.0415585,0,9,9
73940,7385,0.031607,0,8,8
73940,7386,0.0216554,0,7,7
73940,7387,0.0117036,0,6,6
73940,7388,0.00175172,0,5,5
73940,7389,-0.00820028,0,4,4
73940,7390,-0.0181524,0,3,3
73940,7391,-0.0281046,0,2,2
73940,7392,-0.038057,0,1,1
73940,7393,-0.0480095,0,0,0
