time,particle_id,x,y,mesh_index,mesh_index_original
22570,2247,0.046858,0,9,9
22570,2248,0.0368728,0,8,8
22570,2249,0.0268875,0,7,7
22570,2250,0.0169023,0,6,6
22570,2251,0.00691694,0,5,5
22570,2252,-0.0030684,0,4,4
22570,2253,-0.0130538,0,3,3
22570,2254,-0.0230392,0,2,2
22570,2255,-0.0330247,0,1,1
22570,2256,-0.0430101,0,0,0
