time,particle_id,x,y,mesh_index,mesh_index_original
68350,6825,0.0425874,0,9,9
68350,6826,0.0326322,0,8,8
68350,6827,0.0226769,0,7,7
68350,6828,0.0127215,0,6,6
68350,6829,0.00276602,0,5,5
68350,6830,-0.00718959,0,4,4
68350,6831,-0.0171453,0,3,3
68350,6832,-0.0271012,0,2,2
68350,6833,-0.0370571,0,1,1
68350,6834,-0.0470132,0,0,0
