time,particle_id,x,y,mesh_index,mesh_index_original
59180,5908,0.0436388,0,9,9
59180,5909,0.0336776,0,8,8
59180,5910,0.0237164,0,7,7
59180,5911,0.013755,0,6,6
59180,5912,0.00379353,0,5,5
59180,5913,-0.00616802,0,4,4
59180,5914,-0.0161297,0,3,3
59180,5915,-0.0260914,0,2,2
59180,5916,-0.0360533,0,1,1
59180,5917,-0.0460152,0,0,0
