time,particle_id,x,y,mesh_index,mesh_index_original
77540,7744,0.0415371,0,9,9
77540,7745,0.0315879,0,8,8
77540,7746,0.0216386,0,7,7
77540,7747,0.0116892,0,6,6
77540,7748,0.00173965,0,5,5
77540,7749,-0.00821002,0,4,4
77540,7750,-0.0181598,0,3,3
77540,7751,-0.0281097,0,2,2
77540,7752,-0.0380598,0,1,1
77540,7753,-0.04801,0,0,0
