time,particle_id,x,y,mesh_index,mesh_index_original
80970,8087,0.0405219,0,90,90
80970,8088,0.030575,0,80,80
80970,8089,0.0206279,0,70,70
80970,8090,0.0106807,0,60,60
80970,8091,0.000733418,0,50,50
80970,8092,-0.00921404,0,40,40
80970,8093,-0.0191616,0,30,30
80970,8094,-0.0291093,0,20,20
80970,8095,-0.0390572,0,10,10
80970,8096,-0.0490052,0,0,0
