time,particle_id,x,y,mesh_index,mesh_index_original
8930,883,0.048943,0,98,98
8930,884,0.0389488,0,88,88
8930,885,0.0289546,0,78,78
8930,886,0.0189604,0,68,68
8930,887,0.00896615,0,58,58
8930,888,-0.00102808,0,48,48
8930,889,-0.0110223,0,38,38
8930,890,-0.0210166,0,28,28
8930,891,-0.0310109,0,18,18
8930,892,-0.0410051,0,8,8
