time,particle_id,x,y,mesh_index,mesh_index_original
44600,4450,0.0447249,0,94,94
44600,4451,0.0347541,0,84,84
44600,4452,0.0247833,0,74,74
44600,4453,0.0148124,0,64,64
44600,4454,0.0048415,0,54,54
44600,4455,-0.00512952,0,44,44
44600,4456,-0.0151006,0,34,34
44600,4457,-0.0250718,0,24,24
44600,4458,-0.035043,0,14,14
44600,4459,-0.0450143,0,4,4
