time,particle_id,x,y,mesh_index,mesh_index_original
95900,9579,0.0493773,0,99,99
95900,9580,0.0394402,0,89,89
95900,9581,0.0295031,0,79,79
95900,9582,0.0195657,0,69,69
95900,9583,0.00962824,0,59,59
95900,9584,-0.0003094,0,49,49
95900,9585,-0.0102472,0,39,39
95900,9586,-0.0201852,0,29,29
95900,9587,-0.0301233,0,19,19
95900,9588,-0.0400616,0,9,9
