time,particle_id,x,y,mesh_index,mesh_index_original
75710,7561,0.041548,0,91,91
75710,7562,0.0315976,0,81,81
75710,7563,0.0216471,0,71,71
75710,7564,0.0116965,0,61,61
75710,7565,0.00174579,0,51,51
75710,7566,-0.00820506,0,41,41
75710,7567,-0.018156,0,31,31
75710,7568,-0.0281071,0,21,21
75710,7569,-0.0380584,0,11,11
75710,7570,-0.0480097,0,1,1
