time,particle_id,x,y,mesh_index,mesh_index_original
41020,4092,0.044747,0,94,94
41020,4093,0.0347739,0,84,84
41020,4094,0.0248007,0,74,74
41020,4095,0.0148275,0,64,64
41020,4096,0.00485423,0,54,54
41020,4097,-0.00511912,0,44,44
41020,4098,-0.0150925,0,34,34
41020,4099,-0.025066,0,24,24
41020,4100,-0.0350396,0,14,14
41020,4101,-0.0450132,0,4,4
