time,particle_id,x,y,mesh_index,mesh_index_original
74300,7420,0.0415564,0,91,91
74300,7421,0.0316051,0,81,81
74300,7422,0.0216537,0,71,71
74300,7423,0.0117022,0,61,61
74300,7424,0.00175051,0,51,51
74300,7425,-0.00820125,0,41,41
74300,7426,-0.0181531,0,31,31
74300,7427,-0.0281051,0,21,21
74300,7428,-0.0380573,0,11,11
74300,7429,-0.0480095,0,1,1
