time,particle_id,x,y,mesh_index,mesh_index_original
80290,8019,0.0405259,0,90,90
80290,8020,0.0305786,0,80,80
80290,8021,0.020631,0,70,70
80290,8022,0.0106834,0,60,60
80290,8023,0.000735653,0,50,50
80290,8024,-0.00921224,0,40,40
80290,8025,-0.0191603,0,30,30
80290,8026,-0.0291084,0,20,20
80290,8027,-0.0390567,0,10,10
80290,8028,-0.0490051,0,0,0
