time,particle_id,x,y,mesh_index,mesh_index_original
3360,326,0.0489789,0,98,98
3360,327,0.0389811,0,88,88
3360,328,0.0289832,0,78,78
3360,329,0.0189853,0,68,68
3360,330,0.00898746,0,58,58
3360,331,-0.00101041,0,48,48
3360,332,-0.0110083,0,38,38
3360,333,-0.0210062,0,28,28
3360,334,-0.031004,0,18,18
3360,335,-0.0410019,0,8,8
