time,particle_id,x,y,mesh_index,mesh_index_original
38590,3849,0.0457594,0,95,95
38590,3850,0.0357848,0,85,85
38590,3851,0.02581,0,75,75
38590,3852,0.0158352,0,65,65
38590,3853,0.00586036,0,55,55
38590,3854,-0.00411456,0,45,45
38590,3855,-0.0140895,0,35,35
38590,3856,-0.0240646,0,25,25
38590,3857,-0.0340397,0,15,15
38590,3858,-0.0440149,0,5,5
