time,particle_id,x,y,mesh_index,mesh_index_original
42760,4266,0.0447362,0,94,94
42760,4267,0.0347643,0,84,84
42760,4268,0.0247923,0,74,74
42760,4269,0.0148202,0,64,64
42760,4270,0.00484804,0,54,54
42760,4271,-0.00512417,0,44,44
42760,4272,-0.0150965,0,34,34
42760,4273,-0.0250688,0,24,24
42760,4274,-0.0350412,0,14,14
42760,4275,-0.0450137,0,4,4
