time,particle_id,x,y,mesh_index,mesh_index_original
77980,7788,0.0415344,0,91,91
77980,7789,0.0315856,0,81,81
77980,7790,0.0216366,0,71,71
77980,7791,0.0116874,0,61,61
77980,7792,0.00173818,0,51,51
77980,7793,-0.0082112,0,41,41
77980,7794,-0.0181607,0,31,31
77980,7795,-0.0281103,0,21,21
77980,7796,-0.0380601,0,11,11
77980,7797,-0.04801,0,1,1
