time,particle_id,x,y,mesh_index,mesh_index_original
75280,7518,0.0415505,0,91,91
75280,7519,0.0315999,0,81,81
75280,7520,0.0216491,0,71,71
75280,7521,0.0116982,0,61,61
75280,7522,0.00174723,0,51,51
75280,7523,-0.0082039,0,41,41
75280,7524,-0.0181552,0,31,31
75280,7525,-0.0281065,0,21,21
75280,7526,-0.038058,0,11,11
75280,7527,-0.0480097,0,1,1
