time,particle_id,x,y,mesh_index,mesh_index_original
89820,8972,0.0404698,0,90,90
89820,8973,0.0305286,0,80,80
89820,8974,0.0205873,0,70,70
89820,8975,0.0106459,0,60,60
89820,8976,0.000704337,0,50,50
89820,8977,-0.00923738,0,40,40
89820,8978,-0.0191793,0,30,30
89820,8979,-0.0291213,0,20,20
89820,8980,-0.0390634,0,10,10
89820,8981,-0.0490058,0,0,0
