time,particle_id,x,y,mesh_index,mesh_index_original
73560,7346,0.0415608,0,91,91
73560,7347,0.031609,0,81,81
73560,7348,0.0216571,0,71,71
73560,7349,0.0117051,0,61,61
73560,7350,0.001753,0,51,51
73560,7351,-0.00819925,0,41,41
73560,7352,-0.0181516,0,31,31
73560,7353,-0.0281041,0,21,21
73560,7354,-0.0380567,0,11,11
73560,7355,-0.0480094,0,1,1
