time,particle_id,x,y,mesh_index,mesh_index_original
59220,5912,0.0436386,0,93,93
59220,5913,0.0336774,0,83,83
59220,5914,0.0237162,0,73,73
59220,5915,0.0137548,0,63,63
59220,5916,0.0037934,0,53,53
59220,5917,-0.00616813,0,43,43
59220,5918,-0.0161297,0,33,33
59220,5919,-0.0260915,0,23,23
59220,5920,-0.0360533,0,13,13
59220,5921,-0.0460152,0,3,3
