time,particle_id,x,y,mesh_index,mesh_index_original
91140,9103,0.0494081,0,99,99
91140,9104,0.039468,0,89,89
91140,9105,0.0295277,0,79,79
91140,9106,0.0195872,0,69,69
91140,9107,0.00964666,0,59,59
91140,9108,-0.000294076,0,49,49
91140,9109,-0.010235,0,39,39
91140,9110,-0.020176,0,29,29
91140,9111,-0.0301172,0,19,19
91140,9112,-0.0400585,0,9,9
