time,particle_id,x,y,mesh_index,mesh_index_original
82470,8237,0.0405131,0,90,90
82470,8238,0.0305671,0,80,80
82470,8239,0.020621,0,70,70
82470,8240,0.0106748,0,60,60
82470,8241,0.000728487,0,50,50
82470,8242,-0.00921799,0,40,40
82470,8243,-0.0191646,0,30,30
82470,8244,-0.0291114,0,20,20
82470,8245,-0.0390583,0,10,10
82470,8246,-0.0490053,0,0,0
