time,particle_id,x,y,mesh_index,mesh_index_original
27820,2772,0.0468248,0,96,96
27820,2773,0.0368431,0,86,86
27820,2774,0.0268613,0,76,76
27820,2775,0.0168794,0,66,66
27820,2776,0.00689757,0,56,56
27820,2777,-0.00308436,0,46,46
27820,2778,-0.0130663,0,36,36
27820,2779,-0.0230483,0,26,26
27820,2780,-0.0330304,0,16,16
27820,2781,-0.0430125,0,6,6
