time,particle_id,x,y,mesh_index,mesh_index_original
8640,854,0.0489448,0,98,98
8640,855,0.0389505,0,88,88
8640,856,0.0289561,0,78,78
8640,857,0.0189617,0,68,68
8640,858,0.00896726,0,58,58
8640,859,-0.00102716,0,48,48
8640,860,-0.0110216,0,38,38
8640,861,-0.021016,0,28,28
8640,862,-0.0310105,0,18,18
8640,863,-0.041005,0,8,8
