time,particle_id,x,y,mesh_index,mesh_index_original
67680,6758,0.0425914,0,92,92
67680,6759,0.0326358,0,82,82
67680,6760,0.0226801,0,72,72
67680,6761,0.0127243,0,62,62
67680,6762,0.00276832,0,52,52
67680,6763,-0.00718773,0,42,42
67680,6764,-0.0171439,0,32,32
67680,6765,-0.0271002,0,22,22
67680,6766,-0.0370565,0,12,12
67680,6767,-0.047013,0,2,2
