time,particle_id,x,y,mesh_index,mesh_index_original
66770,6667,0.0425969,0,92,92
66770,6668,0.0326407,0,82,82
66770,6669,0.0226844,0,72,72
66770,6670,0.012728,0,62,62
66770,6671,0.00277143,0,52,52
66770,6672,-0.00718521,0,42,42
66770,6673,-0.017142,0,32,32
66770,6674,-0.0270988,0,22,22
66770,6675,-0.0370558,0,12,12
66770,6676,-0.0470129,0,2,2
