time,particle_id,x,y,mesh_index,mesh_index_original
74080,7398,0.0415577,0,91,91
74080,7399,0.0316063,0,81,81
74080,7400,0.0216547,0,71,71
74080,7401,0.011703,0,61,61
74080,7402,0.00175125,0,51,51
74080,7403,-0.00820065,0,41,41
74080,7404,-0.0181527,0,31,31
74080,7405,-0.0281048,0,21,21
74080,7406,-0.0380571,0,11,11
74080,7407,-0.0480095,0,1,1
