time,particle_id,x,y,mesh_index,mesh_index_original
27750,2765,0.0468253,0,96,96
27750,2766,0.0368435,0,86,86
27750,2767,0.0268616,0,76,76
27750,2768,0.0168798,0,66,66
27750,2769,0.00689782,0,56,56
27750,2770,-0.00308415,0,46,46
27750,2771,-0.0130662,0,36,36
27750,2772,-0.0230482,0,26,26
27750,2773,-0.0330303,0,16,16
27750,2774,-0.0430125,0,6,6
