time,particle_id,x,y,mesh_index,mesh_index_original
95280,9517,0.0493813,0,99,99
95280,9518,0.0394439,0,89,89
95280,9519,0.0295063,0,79,79
95280,9520,0.0195685,0,69,69
95280,9521,0.00963064,0,59,59
95280,9522,-0.000307405,0,49,49
95280,9523,-0.0102456,0,39,39
95280,9524,-0.020184,0,29,29
95280,9525,-0.0301225,0,19,19
95280,9526,-0.0400612,0,9,9
