time,particle_id,x,y,mesh_index,mesh_index_original
34580,3448,0.0457845,0,95,95
34580,3449,0.0358071,0,85,85
34580,3450,0.0258298,0,75,75
34580,3451,0.0158524,0,65,65
34580,3452,0.00587488,0,55,55
34580,3453,-0.00410265,0,45,45
34580,3454,-0.0140802,0,35,35
34580,3455,-0.0240579,0,25,25
34580,3456,-0.0340356,0,15,15
34580,3457,-0.0440133,0,5,5
