time,particle_id,x,y,mesh_index,mesh_index_original
52500,5240,0.0436796,0,93,93
52500,5241,0.033714,0,83,83
52500,5242,0.0237484,0,73,73
52500,5243,0.0137826,0,63,63
52500,5244,0.00381684,0,53,53
52500,5245,-0.00614905,0,43,43
52500,5246,-0.016115,0,33,33
52500,5247,-0.0260811,0,23,23
52500,5248,-0.0360472,0,13,13
52500,5249,-0.0460135,0,3,3
