time,particle_id,x,y,mesh_index,mesh_index_original
49440,4934,0.044695,0,94,94
49440,4935,0.0347274,0,84,84
49440,4936,0.0247598,0,74,74
49440,4937,0.0147921,0,64,64
49440,4938,0.00482429,0,54,54
49440,4939,-0.00514358,0,44,44
49440,4940,-0.0151115,0,34,34
49440,4941,-0.0250796,0,24,24
49440,4942,-0.0350477,0,14,14
49440,4943,-0.0450159,0,4,4
