time,particle_id,x,y,mesh_index,mesh_index_original
6930,683,0.0489559,0,98,98
6930,684,0.0389604,0,88,88
6930,685,0.0289649,0,78,78
6930,686,0.0189693,0,68,68
6930,687,0.0089738,0,58,58
6930,688,-0.00102174,0,48,48
6930,689,-0.0110173,0,38,38
6930,690,-0.0210128,0,28,28
6930,691,-0.0310084,0,18,18
6930,692,-0.041004,0,8,8
