time,particle_id,x,y,mesh_index,mesh_index_original
53620,5352,0.0436727,0,93,93
53620,5353,0.0337079,0,83,83
53620,5354,0.023743,0,73,73
53620,5355,0.013778,0,63,63
53620,5356,0.00381293,0,53,53
53620,5357,-0.00615223,0,43,43
53620,5358,-0.0161175,0,33,33
53620,5359,-0.0260828,0,23,23
53620,5360,-0.0360483,0,13,13
53620,5361,-0.0460138,0,3,3
