time,particle_id,x,y,mesh_index,mesh_index_original
33690,3359,0.04579,0,95,95
33690,3360,0.0358121,0,85,85
33690,3361,0.0258342,0,75,75
33690,3362,0.0158562,0,65,65
33690,3363,0.00587811,0,55,55
33690,3364,-0.0041,0,45,45
33690,3365,-0.0140782,0,35,35
33690,3366,-0.0240564,0,25,25
33690,3367,-0.0340347,0,15,15
33690,3368,-0.044013,0,5,5
