time,particle_id,x,y,mesh_index,mesh_index_original
64000,6390,0.0426136,0,92,92
64000,6391,0.0326556,0,82,82
64000,6392,0.0226975,0,72,72
64000,6393,0.0127392,0,62,62
64000,6394,0.0027809,0,52,52
64000,6395,-0.00717753,0,42,42
64000,6396,-0.0171361,0,32,32
64000,6397,-0.0270947,0,22,22
64000,6398,-0.0370535,0,12,12
64000,6399,-0.0470123,0,2,2
