time,particle_id,x,y,mesh_index,mesh_index_original
25530,2543,0.0468393,0,96,96
25530,2544,0.036856,0,86,86
25530,2545,0.0268727,0,76,76
25530,2546,0.0168894,0,66,66
25530,2547,0.00690602,0,56,56
25530,2548,-0.0030774,0,46,46
25530,2549,-0.0130609,0,36,36
25530,2550,-0.0230444,0,26,26
25530,2551,-0.0330279,0,16,16
25530,2552,-0.0430115,0,6,6
