time,particle_id,x,y,mesh_index,mesh_index_original
7830,773,0.0489501,0,98,98
7830,774,0.0389552,0,88,88
7830,775,0.0289602,0,78,78
7830,776,0.0189653,0,68,68
7830,777,0.00897036,0,58,58
7830,778,-0.00102459,0,48,48
7830,779,-0.0110196,0,38,38
7830,780,-0.0210145,0,28,28
7830,781,-0.0310095,0,18,18
7830,782,-0.0410045,0,8,8
