time,particle_id,x,y,mesh_index,mesh_index_original
24000,2390,0.046849,0,96,96
24000,2391,0.0368647,0,86,86
24000,2392,0.0268804,0,76,76
24000,2393,0.016896,0,66,66
24000,2394,0.00691166,0,56,56
24000,2395,-0.00307275,0,46,46
24000,2396,-0.0130572,0,36,36
24000,2397,-0.0230417,0,26,26
24000,2398,-0.0330262,0,16,16
24000,2399,-0.0430108,0,6,6
