time,particle_id,x,y,mesh_index,mesh_index_original
97640,9753,0.049366,0,99,99
97640,9754,0.0394301,0,89,89
97640,9755,0.0294941,0,79,79
97640,9756,0.0195579,0,69,69
97640,9757,0.00962151,0,59,59
97640,9758,-0.000315001,0,49,49
97640,9759,-0.0102517,0,39,39
97640,9760,-0.0201885,0,29,29
97640,9761,-0.0301255,0,19,19
97640,9762,-0.0400627,0,9,9
