time,particle_id,x,y,mesh_index,mesh_index_original
9750,965,0.0489377,0,98,98
9750,966,0.038944,0,88,88
9750,967,0.0289504,0,78,78
9750,968,0.0189567,0,68,68
9750,969,0.00896301,0,58,58
9750,970,-0.00103068,0,48,48
9750,971,-0.0110244,0,38,38
9750,972,-0.0210181,0,28,28
9750,973,-0.0310119,0,18,18
9750,974,-0.0410056,0,8,8
