time,particle_id,x,y,mesh_index,mesh_index_original
34280,3418,0.0457863,0,95,95
34280,3419,0.0358088,0,85,85
34280,3420,0.0258313,0,75,75
34280,3421,0.0158536,0,65,65
34280,3422,0.00587597,0,55,55
34280,3423,-0.00410176,0,45,45
34280,3424,-0.0140795,0,35,35
34280,3425,-0.0240574,0,25,25
34280,3426,-0.0340353,0,15,15
34280,3427,-0.0440132,0,5,5
