time,particle_id,x,y,mesh_index,mesh_index_original
29350,2925,0.0468152,0,96,96
29350,2926,0.0368344,0,86,86
29350,2927,0.0268536,0,76,76
29350,2928,0.0168728,0,66,66
29350,2929,0.00689192,0,56,56
29350,2930,-0.00308901,0,46,46
29350,2931,-0.01307,0,36,36
29350,2932,-0.023051,0,26,26
29350,2933,-0.0330321,0,16,16
29350,2934,-0.0430132,0,6,6
