time,particle_id,x,y,mesh_index,mesh_index_original
61290,6119,0.04263,0,92,92
61290,6120,0.0326702,0,82,82
61290,6121,0.0227103,0,72,72
61290,6122,0.0127503,0,62,62
61290,6123,0.00279017,0,52,52
61290,6124,-0.00717002,0,42,42
61290,6125,-0.0171303,0,32,32
61290,6126,-0.0270907,0,22,22
61290,6127,-0.0370512,0,12,12
61290,6128,-0.0470118,0,2,2
