time,particle_id,x,y,mesh_index,mesh_index_original
63440,6334,0.042617,0,92,92
63440,6335,0.0326586,0,82,82
63440,6336,0.0227001,0,72,72
63440,6337,0.0127415,0,62,62
63440,6338,0.00278282,0,52,52
63440,6339,-0.00717598,0,42,42
63440,6340,-0.0171349,0,32,32
63440,6341,-0.0270939,0,22,22
63440,6342,-0.037053,0,12,12
63440,6343,-0.0470122,0,2,2
