time,particle_id,x,y,mesh_index,mesh_index_original
21880,2178,0.0468623,0,96,96
21880,2179,0.0368767,0,86,86
21880,2180,0.026891,0,76,76
21880,2181,0.0169053,0,66,66
21880,2182,0.00691949,0,56,56
21880,2183,-0.00306631,0,46,46
21880,2184,-0.0130521,0,36,36
21880,2185,-0.023038,0,26,26
21880,2186,-0.0330239,0,16,16
21880,2187,-0.0430098,0,6,6
