time,particle_id,x,y,mesh_index,mesh_index_original
1920,182,0.0489882,0,98,98
1920,183,0.0389894,0,88,88
1920,184,0.0289906,0,78,78
1920,185,0.0189918,0,68,68
1920,186,0.00899297,0,58,58
1920,187,-0.00100584,0,48,48
1920,188,-0.0110046,0,38,38
1920,189,-0.0210035,0,28,28
1920,190,-0.0310023,0,18,18
1920,191,-0.0410011,0,8,8
