time,particle_id,x,y,mesh_index,mesh_index_original
38490,3839,0.0457601,0,95,95
38490,3840,0.0357853,0,85,85
38490,3841,0.0258105,0,75,75
38490,3842,0.0158356,0,65,65
38490,3843,0.00586072,0,55,55
38490,3844,-0.00411427,0,45,45
38490,3845,-0.0140893,0,35,35
38490,3846,-0.0240644,0,25,25
38490,3847,-0.0340396,0,15,15
38490,3848,-0.0440148,0,5,5
