time,particle_id,x,y,mesh_index,mesh_index_original
73170,7307,0.0415631,0,91,91
73170,7308,0.0316111,0,81,81
73170,7309,0.0216589,0,71,71
73170,7310,0.0117067,0,61,61
73170,7311,0.0017543,0,51,51
73170,7312,-0.00819819,0,41,41
73170,7313,-0.0181508,0,31,31
73170,7314,-0.0281035,0,21,21
73170,7315,-0.0380564,0,11,11
73170,7316,-0.0480094,0,1,1
