time,particle_id,x,y,mesh_index,mesh_index_original
95090,9498,0.0493825,0,99,99
95090,9499,0.039445,0,89,89
95090,9500,0.0295073,0,79,79
95090,9501,0.0195694,0,69,69
95090,9502,0.00963138,0,59,59
95090,9503,-0.000306793,0,49,49
95090,9504,-0.0102451,0,39,39
95090,9505,-0.0201836,0,29,29
95090,9506,-0.0301222,0,19,19
95090,9507,-0.040061,0,9,9
