time,particle_id,x,y,mesh_index,mesh_index_original
90700,9059,0.049411,0,99,99
90700,9060,0.0394705,0,89,89
90700,9061,0.02953,0,79,79
90700,9062,0.0195892,0,69,69
90700,9063,0.00964836,0,59,59
90700,9064,-0.000292659,0,49,49
90700,9065,-0.0102338,0,39,39
90700,9066,-0.0201751,0,29,29
90700,9067,-0.0301166,0,19,19
90700,9068,-0.0400582,0,9,9
