time,particle_id,x,y,mesh_index,mesh_index_original
71870,7177,0.0415709,0,91,91
71870,7178,0.031618,0,81,81
71870,7179,0.021665,0,71,71
71870,7180,0.0117119,0,61,61
71870,7181,0.00175866,0,51,51
71870,7182,-0.00819468,0,41,41
71870,7183,-0.0181481,0,31,31
71870,7184,-0.0281017,0,21,21
71870,7185,-0.0380554,0,11,11
71870,7186,-0.0480092,0,1,1
