time,particle_id,x,y,mesh_index,mesh_index_original
40510,4041,0.0447501,0,94,94
40510,4042,0.0347767,0,84,84
40510,4043,0.0248032,0,74,74
40510,4044,0.0148297,0,64,64
40510,4045,0.00485604,0,54,54
40510,4046,-0.00511764,0,44,44
40510,4047,-0.0150914,0,34,34
40510,4048,-0.0250652,0,24,24
40510,4049,-0.0350391,0,14,14
40510,4050,-0.045013,0,4,4
