time,particle_id,x,y,mesh_index,mesh_index_original
49990,4989,0.0446916,0,94,94
49990,4990,0.0347244,0,84,84
49990,4991,0.0247571,0,74,74
49990,4992,0.0147898,0,64,64
49990,4993,0.00482234,0,54,54
49990,4994,-0.00514518,0,44,44
49990,4995,-0.0151128,0,34,34
49990,4996,-0.0250804,0,24,24
49990,4997,-0.0350482,0,14,14
49990,4998,-0.045016,0,4,4
