time,particle_id,x,y,mesh_index,mesh_index_original
51460,5136,0.0436859,0,93,93
51460,5137,0.0337197,0,83,83
51460,5138,0.0237534,0,73,73
51460,5139,0.013787,0,63,63
51460,5140,0.00382047,0,53,53
51460,5141,-0.0061461,0,43,43
51460,5142,-0.0161128,0,33,33
51460,5143,-0.0260795,0,23,23
51460,5144,-0.0360463,0,13,13
51460,5145,-0.0460132,0,3,3
