time,particle_id,x,y,mesh_index,mesh_index_original
95880,9577,0.0493774,0,99,99
95880,9578,0.0394404,0,89,89
95880,9579,0.0295032,0,79,79
95880,9580,0.0195658,0,69,69
95880,9581,0.00962832,0,59,59
95880,9582,-0.000309336,0,49,49
95880,9583,-0.0102471,0,39,39
95880,9584,-0.0201851,0,29,29
95880,9585,-0.0301233,0,19,19
95880,9586,-0.0400615,0,9,9
