time,particle_id,x,y,mesh_index,mesh_index_original
68840,6874,0.0425844,0,92,92
68840,6875,0.0326296,0,82,82
68840,6876,0.0226746,0,72,72
68840,6877,0.0127195,0,62,62
68840,6878,0.00276435,0,52,52
68840,6879,-0.00719094,0,42,42
68840,6880,-0.0171463,0,32,32
68840,6881,-0.0271019,0,22,22
68840,6882,-0.0370575,0,12,12
68840,6883,-0.0470133,0,2,2
