time,particle_id,x,y,mesh_index,mesh_index_original
72150,7205,0.0415692,0,91,91
72150,7206,0.0316165,0,81,81
72150,7207,0.0216637,0,71,71
72150,7208,0.0117108,0,61,61
72150,7209,0.00175772,0,51,51
72150,7210,-0.00819543,0,41,41
72150,7211,-0.0181487,0,31,31
72150,7212,-0.0281021,0,21,21
72150,7213,-0.0380556,0,11,11
72150,7214,-0.0480093,0,1,1
