time,particle_id,x,y,mesh_index,mesh_index_original
78950,7885,0.0415286,0,91,91
78950,7886,0.0315804,0,81,81
78950,7887,0.021632,0,71,71
78950,7888,0.0116835,0,61,61
78950,7889,0.00173492,0,51,51
78950,7890,-0.00821382,0,41,41
78950,7891,-0.0181627,0,31,31
78950,7892,-0.0281117,0,21,21
78950,7893,-0.0380609,0,11,11
78950,7894,-0.0480101,0,1,1
