time,particle_id,x,y,mesh_index,mesh_index_original
38830,3873,0.0457579,0,95,95
38830,3874,0.0357834,0,85,85
38830,3875,0.0258088,0,75,75
38830,3876,0.0158342,0,65,65
38830,3877,0.00585949,0,55,55
38830,3878,-0.00411528,0,45,45
38830,3879,-0.0140901,0,35,35
38830,3880,-0.024065,0,25,25
38830,3881,-0.0340399,0,15,15
38830,3882,-0.044015,0,5,5
