time,particle_id,x,y,mesh_index,mesh_index_original
53870,5377,0.0436712,0,93,93
53870,5378,0.0337065,0,83,83
53870,5379,0.0237418,0,73,73
53870,5380,0.013777,0,63,63
53870,5381,0.00381206,0,53,53
53870,5382,-0.00615294,0,43,43
53870,5383,-0.016118,0,33,33
53870,5384,-0.0260832,0,23,23
53870,5385,-0.0360485,0,13,13
53870,5386,-0.0460138,0,3,3
