time,particle_id,x,y,mesh_index,mesh_index_original
57470,5737,0.0436492,0,93,93
57470,5738,0.0336869,0,83,83
57470,5739,0.0237246,0,73,73
57470,5740,0.0137621,0,63,63
57470,5741,0.0037995,0,53,53
57470,5742,-0.00616316,0,43,43
57470,5743,-0.0161259,0,33,33
57470,5744,-0.0260888,0,23,23
57470,5745,-0.0360517,0,13,13
57470,5746,-0.0460148,0,3,3
