time,particle_id,x,y,mesh_index,mesh_index_original
83560,8346,0.0405067,0,90,90
83560,8347,0.0305614,0,80,80
83560,8348,0.020616,0,70,70
83560,8349,0.0106705,0,60,60
83560,8350,0.000724905,0,50,50
83560,8351,-0.00922087,0,40,40
83560,8352,-0.0191668,0,30,30
83560,8353,-0.0291128,0,20,20
83560,8354,-0.039059,0,10,10
83560,8355,-0.0490054,0,0,0
