time,particle_id,x,y,mesh_index,mesh_index_original
43650,4355,0.0447307,0,94,94
43650,4356,0.0347594,0,84,84
43650,4357,0.0247879,0,74,74
43650,4358,0.0148164,0,64,64
43650,4359,0.00484488,0,54,54
43650,4360,-0.00512676,0,44,44
43650,4361,-0.0150985,0,34,34
43650,4362,-0.0250702,0,24,24
43650,4363,-0.0350421,0,14,14
43650,4364,-0.045014,0,4,4
