time,particle_id,x,y,mesh_index,mesh_index_original
32610,3251,0.0457968,0,95,95
32610,3252,0.0358182,0,85,85
32610,3253,0.0258395,0,75,75
32610,3254,0.0158608,0,65,65
32610,3255,0.00588202,0,55,55
32610,3256,-0.00409679,0,45,45
32610,3257,-0.0140757,0,35,35
32610,3258,-0.0240546,0,25,25
32610,3259,-0.0340335,0,15,15
32610,3260,-0.0440126,0,5,5
