time,particle_id,x,y,mesh_index,mesh_index_original
25470,2537,0.0468397,0,96,96
25470,2538,0.0368564,0,86,86
25470,2539,0.026873,0,76,76
25470,2540,0.0168897,0,66,66
25470,2541,0.00690624,0,56,56
25470,2542,-0.00307722,0,46,46
25470,2543,-0.0130607,0,36,36
25470,2544,-0.0230442,0,26,26
25470,2545,-0.0330278,0,16,16
25470,2546,-0.0430114,0,6,6
