time,particle_id,x,y,mesh_index,mesh_index_original
50130,5003,0.043694,0,93,93
50130,5004,0.0337269,0,83,83
50130,5005,0.0237597,0,73,73
50130,5006,0.0137925,0,63,63
50130,5007,0.00382511,0,53,53
50130,5008,-0.00614233,0,43,43
50130,5009,-0.0161098,0,33,33
50130,5010,-0.0260774,0,23,23
50130,5011,-0.0360451,0,13,13
50130,5012,-0.0460129,0,3,3
