time,particle_id,x,y,mesh_index,mesh_index_original
85080,8498,0.0404977,0,90,90
85080,8499,0.0305535,0,80,80
85080,8500,0.0206091,0,70,70
85080,8501,0.0106646,0,60,60
85080,8502,0.00071991,0,50,50
85080,8503,-0.00922488,0,40,40
85080,8504,-0.0191698,0,30,30
85080,8505,-0.0291149,0,20,20
85080,8506,-0.0390601,0,10,10
85080,8507,-0.0490055,0,0,0
