time,particle_id,x,y,mesh_index,mesh_index_original
91410,9130,0.0494064,0,99,99
91410,9131,0.0394664,0,89,89
91410,9132,0.0295263,0,79,79
91410,9133,0.019586,0,69,69
91410,9134,0.00964561,0,59,59
91410,9135,-0.000294946,0,49,49
91410,9136,-0.0102357,0,39,39
91410,9137,-0.0201765,0,29,29
91410,9138,-0.0301175,0,19,19
91410,9139,-0.0400587,0,9,9
