time,particle_id,x,y,mesh_index,mesh_index_original
33650,3355,0.0457903,0,95,95
33650,3356,0.0358123,0,85,85
33650,3357,0.0258344,0,75,75
33650,3358,0.0158563,0,65,65
33650,3359,0.00587825,0,55,55
33650,3360,-0.00409988,0,45,45
33650,3361,-0.0140781,0,35,35
33650,3362,-0.0240563,0,25,25
33650,3363,-0.0340346,0,15,15
33650,3364,-0.044013,0,5,5
