time,particle_id,x,y,mesh_index,mesh_index_original
26650,2655,0.0468322,0,96,96
26650,2656,0.0368497,0,86,86
26650,2657,0.0268671,0,76,76
26650,2658,0.0168845,0,66,66
26650,2659,0.00690188,0,56,56
26650,2660,-0.0030808,0,46,46
26650,2661,-0.0130635,0,36,36
26650,2662,-0.0230463,0,26,26
26650,2663,-0.0330291,0,16,16
26650,2664,-0.043012,0,6,6
