time,particle_id,x,y,mesh_index,mesh_index_original
82440,8234,0.0405133,0,90,90
82440,8235,0.0305673,0,80,80
82440,8236,0.0206212,0,70,70
82440,8237,0.010675,0,60,60
82440,8238,0.000728586,0,50,50
82440,8239,-0.00921791,0,40,40
82440,8240,-0.0191646,0,30,30
82440,8241,-0.0291113,0,20,20
82440,8242,-0.0390582,0,10,10
82440,8243,-0.0490053,0,0,0
