time,particle_id,x,y,mesh_index,mesh_index_original
49600,4950,0.044694,0,94,94
49600,4951,0.0347266,0,84,84
49600,4952,0.024759,0,74,74
49600,4953,0.0147914,0,64,64
49600,4954,0.00482372,0,54,54
49600,4955,-0.00514404,0,44,44
49600,4956,-0.0151119,0,34,34
49600,4957,-0.0250798,0,24,24
49600,4958,-0.0350478,0,14,14
49600,4959,-0.0450159,0,4,4
