time,particle_id,x,y,mesh_index,mesh_index_original
92790,9268,0.0493974,0,99,99
92790,9269,0.0394584,0,89,89
92790,9270,0.0295191,0,79,79
92790,9271,0.0195798,0,69,69
92790,9272,0.00964027,0,59,59
92790,9273,-0.000299389,0,49,49
92790,9274,-0.0102392,0,39,39
92790,9275,-0.0201792,0,29,29
92790,9276,-0.0301193,0,19,19
92790,9277,-0.0400596,0,9,9
