time,particle_id,x,y,mesh_index,mesh_index_original
79900,7980,0.041523,0,91,91
79900,7981,0.0315754,0,81,81
79900,7982,0.0216276,0,71,71
79900,7983,0.0116797,0,61,61
79900,7984,0.00173174,0,51,51
79900,7985,-0.00821639,0,41,41
79900,7986,-0.0181647,0,31,31
79900,7987,-0.0281131,0,21,21
79900,7988,-0.0380616,0,11,11
79900,7989,-0.0480103,0,1,1
