time,particle_id,x,y,mesh_index,mesh_index_original
91180,9107,0.0494079,0,99,99
91180,9108,0.0394677,0,89,89
91180,9109,0.0295275,0,79,79
91180,9110,0.0195871,0,69,69
91180,9111,0.0096465,0,59,59
91180,9112,-0.000294205,0,49,49
91180,9113,-0.0102351,0,39,39
91180,9114,-0.0201761,0,29,29
91180,9115,-0.0301172,0,19,19
91180,9116,-0.0400585,0,9,9
