time,particle_id,x,y,mesh_index,mesh_index_original
55640,5554,0.0436604,0,93,93
55640,5555,0.0336969,0,83,83
55640,5556,0.0237333,0,73,73
55640,5557,0.0137696,0,63,63
55640,5558,0.00380588,0,53,53
55640,5559,-0.00615797,0,43,43
55640,5560,-0.0161219,0,33,33
55640,5561,-0.0260859,0,23,23
55640,5562,-0.0360501,0,13,13
55640,5563,-0.0460143,0,3,3
