time,particle_id,x,y,mesh_index,mesh_index_original
1400,130,0.0489916,0,98,98
1400,131,0.0389924,0,88,88
1400,132,0.0289933,0,78,78
1400,133,0.0189941,0,68,68
1400,134,0.00899496,0,58,58
1400,135,-0.00100419,0,48,48
1400,136,-0.0110033,0,38,38
1400,137,-0.0210025,0,28,28
1400,138,-0.0310016,0,18,18
1400,139,-0.0410008,0,8,8
