time,particle_id,x,y,mesh_index,mesh_index_original
7490,739,0.0489523,0,98,98
7490,740,0.0389571,0,88,88
7490,741,0.028962,0,78,78
7490,742,0.0189668,0,68,68
7490,743,0.00897166,0,58,58
7490,744,-0.00102351,0,48,48
7490,745,-0.0110187,0,38,38
7490,746,-0.0210139,0,28,28
7490,747,-0.0310091,0,18,18
7490,748,-0.0410043,0,8,8
