time,particle_id,x,y,mesh_index,mesh_index_original
87610,8751,0.0404828,0,90,90
87610,8752,0.0305402,0,80,80
87610,8753,0.0205975,0,70,70
87610,8754,0.0106546,0,60,60
87610,8755,0.000711597,0,50,50
87610,8756,-0.00923155,0,40,40
87610,8757,-0.0191749,0,30,30
87610,8758,-0.0291183,0,20,20
87610,8759,-0.0390619,0,10,10
87610,8760,-0.0490056,0,0,0
