time,particle_id,x,y,mesh_index,mesh_index_original
76890,7679,0.0415409,0,91,91
76890,7680,0.0315913,0,81,81
76890,7681,0.0216416,0,71,71
76890,7682,0.0116918,0,61,61
76890,7683,0.00174183,0,51,51
76890,7684,-0.00820825,0,41,41
76890,7685,-0.0181585,0,31,31
76890,7686,-0.0281088,0,21,21
76890,7687,-0.0380593,0,11,11
76890,7688,-0.0480099,0,1,1
