time,particle_id,x,y,mesh_index,mesh_index_original
92690,9258,0.0493981,0,99,99
92690,9259,0.0394589,0,89,89
92690,9260,0.0295197,0,79,79
92690,9261,0.0195802,0,69,69
92690,9262,0.00964066,0,59,59
92690,9263,-0.000299067,0,49,49
92690,9264,-0.0102389,0,39,39
92690,9265,-0.020179,0,29,29
92690,9266,-0.0301192,0,19,19
92690,9267,-0.0400595,0,9,9
