time,particle_id,x,y,mesh_index,mesh_index_original
17010,1691,0.047892,0,97,97
17010,1692,0.0379031,0,87,87
17010,1693,0.0279142,0,77,77
17010,1694,0.0179253,0,67,67
17010,1695,0.00793636,0,57,57
17010,1696,-0.00205261,0,47,47
17010,1697,-0.0120416,0,37,37
17010,1698,-0.0220306,0,27,27
17010,1699,-0.0320197,0,17,17
17010,1700,-0.0420087,0,7,7
