time,particle_id,x,y,mesh_index,mesh_index_original
31200,3110,0.0458056,0,95,95
31200,3111,0.035826,0,85,85
31200,3112,0.0258464,0,75,75
31200,3113,0.0158668,0,65,65
31200,3114,0.00588713,0,55,55
31200,3115,-0.0040926,0,45,45
31200,3116,-0.0140724,0,35,35
31200,3117,-0.0240522,0,25,25
31200,3118,-0.0340321,0,15,15
31200,3119,-0.044012,0,5,5
