time,particle_id,x,y,mesh_index,mesh_index_original
2940,284,0.0489816,0,98,98
2940,285,0.0389835,0,88,88
2940,286,0.0289853,0,78,78
2940,287,0.0189872,0,68,68
2940,288,0.00898907,0,58,58
2940,289,-0.00100908,0,48,48
2940,290,-0.0110072,0,38,38
2940,291,-0.0210054,0,28,28
2940,292,-0.0310035,0,18,18
2940,293,-0.0410017,0,8,8
