time,particle_id,x,y,mesh_index,mesh_index_original
85840,8574,0.0404932,0,90,90
85840,8575,0.0305495,0,80,80
85840,8576,0.0206056,0,70,70
85840,8577,0.0106616,0,60,60
85840,8578,0.000717413,0,50,50
85840,8579,-0.00922689,0,40,40
85840,8580,-0.0191713,0,30,30
85840,8581,-0.0291159,0,20,20
85840,8582,-0.0390606,0,10,10
85840,8583,-0.0490055,0,0,0
