time,particle_id,x,y,mesh_index,mesh_index_original
80810,8071,0.0405229,0,90,90
80810,8072,0.0305758,0,80,80
80810,8073,0.0206287,0,70,70
80810,8074,0.0106814,0,60,60
80810,8075,0.000733944,0,50,50
80810,8076,-0.00921361,0,40,40
80810,8077,-0.0191613,0,30,30
80810,8078,-0.0291091,0,20,20
80810,8079,-0.0390571,0,10,10
80810,8080,-0.0490052,0,0,0
