time,particle_id,x,y,mesh_index,mesh_index_original
13040,1294,0.0479173,0,97,97
13040,1295,0.0379258,0,87,87
13040,1296,0.0279343,0,77,77
13040,1297,0.0179428,0,67,67
13040,1298,0.00795128,0,57,57
13040,1299,-0.00204027,0,47,47
13040,1300,-0.0120318,0,37,37
13040,1301,-0.0220234,0,27,27
13040,1302,-0.0320151,0,17,17
13040,1303,-0.0420067,0,7,7
