time,particle_id,x,y,mesh_index,mesh_index_original
64950,6485,0.0426079,0,92,92
64950,6486,0.0326505,0,82,82
64950,6487,0.022693,0,72,72
64950,6488,0.0127354,0,62,62
64950,6489,0.00277765,0,52,52
64950,6490,-0.00718016,0,42,42
64950,6491,-0.0171381,0,32,32
64950,6492,-0.0270961,0,22,22
64950,6493,-0.0370543,0,12,12
64950,6494,-0.0470125,0,2,2
