time,particle_id,x,y,mesh_index,mesh_index_original
43890,4379,0.0447293,0,94,94
43890,4380,0.034758,0,84,84
43890,4381,0.0247868,0,74,74
43890,4382,0.0148154,0,64,64
43890,4383,0.00484402,0,54,54
43890,4384,-0.00512746,0,44,44
43890,4385,-0.015099,0,34,34
43890,4386,-0.0250706,0,24,24
43890,4387,-0.0350423,0,14,14
43890,4388,-0.0450141,0,4,4
