time,particle_id,x,y,mesh_index,mesh_index_original
64360,6426,0.0426114,0,92,92
64360,6427,0.0326537,0,82,82
64360,6428,0.0226958,0,72,72
64360,6429,0.0127378,0,62,62
64360,6430,0.00277967,0,52,52
64360,6431,-0.00717853,0,42,42
64360,6432,-0.0171368,0,32,32
64360,6433,-0.0270952,0,22,22
64360,6434,-0.0370538,0,12,12
64360,6435,-0.0470124,0,2,2
