time,particle_id,x,y,mesh_index,mesh_index_original
49400,4930,0.0446952,0,94,94
49400,4931,0.0347277,0,84,84
49400,4932,0.02476,0,74,74
49400,4933,0.0147923,0,64,64
49400,4934,0.00482444,0,54,54
49400,4935,-0.00514346,0,44,44
49400,4936,-0.0151114,0,34,34
49400,4937,-0.0250795,0,24,24
49400,4938,-0.0350476,0,14,14
49400,4939,-0.0450159,0,4,4
