time,particle_id,x,y,mesh_index,mesh_index_original
84180,8408,0.040503,0,90,90
84180,8409,0.0305582,0,80,80
84180,8410,0.0206132,0,70,70
84180,8411,0.0106681,0,60,60
84180,8412,0.000722868,0,50,50
84180,8413,-0.00922251,0,40,40
84180,8414,-0.019168,0,30,30
84180,8415,-0.0291137,0,20,20
84180,8416,-0.0390595,0,10,10
84180,8417,-0.0490054,0,0,0
