time,particle_id,x,y,mesh_index,mesh_index_original
340,24,0.0489984,0,98,98
340,25,0.0389986,0,88,88
340,26,0.0289987,0,78,78
340,27,0.0189989,0,68,68
340,28,0.00899902,0,58,58
340,29,-0.00100082,0,48,48
340,30,-0.0110007,0,38,38
340,31,-0.0210005,0,28,28
340,32,-0.0310003,0,18,18
340,33,-0.0410002,0,8,8
