time,particle_id,x,y,mesh_index,mesh_index_original
38660,3856,0.045759,0,95,95
38660,3857,0.0357844,0,85,85
38660,3858,0.0258097,0,75,75
38660,3859,0.0158349,0,65,65
38660,3860,0.0058601,0,55,55
38660,3861,-0.00411477,0,45,45
38660,3862,-0.0140897,0,35,35
38660,3863,-0.0240647,0,25,25
38660,3864,-0.0340398,0,15,15
38660,3865,-0.0440149,0,5,5
