time,particle_id,x,y,mesh_index,mesh_index_original
35140,3504,0.045781,0,95,95
35140,3505,0.035804,0,85,85
35140,3506,0.025827,0,75,75
35140,3507,0.01585,0,65,65
35140,3508,0.00587285,0,55,55
35140,3509,-0.00410431,0,45,45
35140,3510,-0.0140815,0,35,35
35140,3511,-0.0240588,0,25,25
35140,3512,-0.0340361,0,15,15
35140,3513,-0.0440135,0,5,5
