time,particle_id,x,y,mesh_index,mesh_index_original
47490,4739,0.044707,0,94,94
47490,4740,0.0347382,0,84,84
47490,4741,0.0247693,0,74,74
47490,4742,0.0148003,0,64,64
47490,4743,0.00483122,0,54,54
47490,4744,-0.00513791,0,44,44
47490,4745,-0.0151071,0,34,34
47490,4746,-0.0250764,0,24,24
47490,4747,-0.0350458,0,14,14
47490,4748,-0.0450152,0,4,4
