time,particle_id,x,y,mesh_index,mesh_index_original
5990,589,0.0489619,0,98,98
5990,590,0.0389658,0,88,88
5990,591,0.0289697,0,78,78
5990,592,0.0189735,0,68,68
5990,593,0.0089774,0,58,58
5990,594,-0.00101875,0,48,48
5990,595,-0.0110149,0,38,38
5990,596,-0.0210111,0,28,28
5990,597,-0.0310073,0,18,18
5990,598,-0.0410034,0,8,8
