time,particle_id,x,y,mesh_index,mesh_index_original
33340,3324,0.0457922,0,95,95
33340,3325,0.0358141,0,85,85
33340,3326,0.0258359,0,75,75
33340,3327,0.0158577,0,65,65
33340,3328,0.00587938,0,55,55
33340,3329,-0.00409896,0,45,45
33340,3330,-0.0140774,0,35,35
33340,3331,-0.0240558,0,25,25
33340,3332,-0.0340343,0,15,15
33340,3333,-0.0440128,0,5,5
