time,particle_id,x,y,mesh_index,mesh_index_original
52210,5211,0.0436813,0,93,93
52210,5212,0.0337156,0,83,83
52210,5213,0.0237498,0,73,73
52210,5214,0.0137838,0,63,63
52210,5215,0.00381785,0,53,53
52210,5216,-0.00614823,0,43,43
52210,5217,-0.0161144,0,33,33
52210,5218,-0.0260806,0,23,23
52210,5219,-0.036047,0,13,13
52210,5220,-0.0460134,0,3,3
