time,particle_id,x,y,mesh_index,mesh_index_original
42020,4192,0.0447408,0,94,94
42020,4193,0.0347684,0,84,84
42020,4194,0.0247959,0,74,74
42020,4195,0.0148233,0,64,64
42020,4196,0.00485067,0,54,54
42020,4197,-0.00512202,0,44,44
42020,4198,-0.0150948,0,34,34
42020,4199,-0.0250676,0,24,24
42020,4200,-0.0350405,0,14,14
42020,4201,-0.0450135,0,4,4
