time,particle_id,x,y,mesh_index,mesh_index_original
22130,2203,0.0468608,0,96,96
22130,2204,0.0368753,0,86,86
22130,2205,0.0268897,0,76,76
22130,2206,0.0169042,0,66,66
22130,2207,0.00691857,0,56,56
22130,2208,-0.00306707,0,46,46
22130,2209,-0.0130527,0,36,36
22130,2210,-0.0230384,0,26,26
22130,2211,-0.0330242,0,16,16
22130,2212,-0.0430099,0,6,6
