time,particle_id,x,y,mesh_index,mesh_index_original
20630,2053,0.0468702,0,96,96
20630,2054,0.0368837,0,86,86
20630,2055,0.0268972,0,76,76
20630,2056,0.0169107,0,66,66
20630,2057,0.0069241,0,56,56
20630,2058,-0.00306251,0,46,46
20630,2059,-0.0130491,0,36,36
20630,2060,-0.0230358,0,26,26
20630,2061,-0.0330225,0,16,16
20630,2062,-0.0430093,0,6,6
