time,particle_id,x,y,mesh_index,mesh_index_original
43290,4319,0.044733,0,94,94
43290,4320,0.0347614,0,84,84
43290,4321,0.0247897,0,74,74
43290,4322,0.014818,0,64,64
43290,4323,0.00484616,0,54,54
43290,4324,-0.00512571,0,44,44
43290,4325,-0.0150977,0,34,34
43290,4326,-0.0250697,0,24,24
43290,4327,-0.0350417,0,14,14
43290,4328,-0.0450139,0,4,4
