time,particle_id,x,y,mesh_index,mesh_index_original
85320,8522,0.0404963,0,90,90
85320,8523,0.0305522,0,80,80
85320,8524,0.020608,0,70,70
85320,8525,0.0106636,0,60,60
85320,8526,0.000719121,0,50,50
85320,8527,-0.00922551,0,40,40
85320,8528,-0.0191703,0,30,30
85320,8529,-0.0291152,0,20,20
85320,8530,-0.0390603,0,10,10
85320,8531,-0.0490055,0,0,0
