time,particle_id,x,y,mesh_index,mesh_index_original
14670,1457,0.0479069,0,97,97
14670,1458,0.0379165,0,87,87
14670,1459,0.0279261,0,77,77
14670,1460,0.0179356,0,67,67
14670,1461,0.00794515,0,57,57
14670,1462,-0.00204534,0,47,47
14670,1463,-0.0120359,0,37,37
14670,1464,-0.0220264,0,27,27
14670,1465,-0.0320169,0,17,17
14670,1466,-0.0420075,0,7,7
