time,particle_id,x,y,mesh_index,mesh_index_original
96940,9683,0.0493705,0,99,99
96940,9684,0.0394342,0,89,89
96940,9685,0.0294977,0,79,79
96940,9686,0.019561,0,69,69
96940,9687,0.00962422,0,59,59
96940,9688,-0.000312748,0,49,49
96940,9689,-0.0102499,0,39,39
96940,9690,-0.0201872,0,29,29
96940,9691,-0.0301246,0,19,19
96940,9692,-0.0400622,0,9,9
