time,particle_id,x,y,mesh_index,mesh_index_original
39290,3919,0.0457551,0,95,95
39290,3920,0.0357808,0,85,85
39290,3921,0.0258066,0,75,75
39290,3922,0.0158322,0,65,65
39290,3923,0.00585782,0,55,55
39290,3924,-0.00411664,0,45,45
39290,3925,-0.0140912,0,35,35
39290,3926,-0.0240658,0,25,25
39290,3927,-0.0340404,0,15,15
39290,3928,-0.0440151,0,5,5
