time,particle_id,x,y,mesh_index,mesh_index_original
76350,7625,0.0415441,0,91,91
76350,7626,0.0315942,0,81,81
76350,7627,0.0216441,0,71,71
76350,7628,0.011694,0,61,61
76350,7629,0.00174364,0,51,51
76350,7630,-0.00820679,0,41,41
76350,7631,-0.0181574,0,31,31
76350,7632,-0.028108,0,21,21
76350,7633,-0.0380589,0,11,11
76350,7634,-0.0480098,0,1,1
