time,particle_id,x,y,mesh_index,mesh_index_original
68780,6868,0.0425848,0,92,92
68780,6869,0.0326299,0,82,82
68780,6870,0.0226749,0,72,72
68780,6871,0.0127198,0,62,62
68780,6872,0.00276455,0,52,52
68780,6873,-0.00719078,0,42,42
68780,6874,-0.0171462,0,32,32
68780,6875,-0.0271018,0,22,22
68780,6876,-0.0370575,0,12,12
68780,6877,-0.0470132,0,2,2
