time,particle_id,x,y,mesh_index,mesh_index_original
82330,8223,0.0405139,0,90,90
82330,8224,0.0305679,0,80,80
82330,8225,0.0206217,0,70,70
82330,8226,0.0106754,0,60,60
82330,8227,0.000728948,0,50,50
82330,8228,-0.00921762,0,40,40
82330,8229,-0.0191643,0,30,30
82330,8230,-0.0291112,0,20,20
82330,8231,-0.0390582,0,10,10
82330,8232,-0.0490053,0,0,0
