time,particle_id,x,y,mesh_index,mesh_index_original
72900,7280,0.0415647,0,91,91
72900,7281,0.0316125,0,81,81
72900,7282,0.0216602,0,71,71
72900,7283,0.0117078,0,61,61
72900,7284,0.00175521,0,51,51
72900,7285,-0.00819746,0,41,41
72900,7286,-0.0181503,0,31,31
72900,7287,-0.0281032,0,21,21
72900,7288,-0.0380562,0,11,11
72900,7289,-0.0480094,0,1,1
