time,particle_id,x,y,mesh_index,mesh_index_original
71470,7137,0.0415733,0,91,91
71470,7138,0.0316201,0,81,81
71470,7139,0.0216669,0,71,71
71470,7140,0.0117135,0,61,61
71470,7141,0.00176001,0,51,51
71470,7142,-0.00819359,0,41,41
71470,7143,-0.0181473,0,31,31
71470,7144,-0.0281011,0,21,21
71470,7145,-0.0380551,0,11,11
71470,7146,-0.0480092,0,1,1
