time,particle_id,x,y,mesh_index,mesh_index_original
22770,2267,0.0468567,0,96,96
22770,2268,0.0368716,0,86,86
22770,2269,0.0268865,0,76,76
22770,2270,0.0169014,0,66,66
22770,2271,0.0069162,0,56,56
22770,2272,-0.00306901,0,46,46
22770,2273,-0.0130543,0,36,36
22770,2274,-0.0230395,0,26,26
22770,2275,-0.0330249,0,16,16
22770,2276,-0.0430102,0,6,6
