time,particle_id,x,y,mesh_index,mesh_index_original
55610,5551,0.0436606,0,93,93
55610,5552,0.0336971,0,83,83
55610,5553,0.0237335,0,73,73
55610,5554,0.0137698,0,63,63
55610,5555,0.00380599,0,53,53
55610,5556,-0.00615788,0,43,43
55610,5557,-0.0161218,0,33,33
55610,5558,-0.0260859,0,23,23
55610,5559,-0.03605,0,13,13
55610,5560,-0.0460143,0,3,3
