time,particle_id,x,y,mesh_index,mesh_index_original
47880,4778,0.0447046,0,94,94
47880,4779,0.034736,0,84,84
47880,4780,0.0247674,0,74,74
47880,4781,0.0147986,0,64,64
47880,4782,0.00482984,0,54,54
47880,4783,-0.00513905,0,44,44
47880,4784,-0.015108,0,34,34
47880,4785,-0.0250771,0,24,24
47880,4786,-0.0350462,0,14,14
47880,4787,-0.0450154,0,4,4
