time,particle_id,x,y,mesh_index,mesh_index_original
98960,9885,0.0493575,0,99,99
98960,9886,0.0394224,0,89,89
98960,9887,0.0294872,0,79,79
98960,9888,0.0195519,0,69,69
98960,9889,0.00961641,0,59,59
98960,9890,-0.000319249,0,49,49
98960,9891,-0.0102551,0,39,39
98960,9892,-0.0201911,0,29,29
98960,9893,-0.0301272,0,19,19
98960,9894,-0.0400635,0,9,9
