time,particle_id,x,y,mesh_index,mesh_index_original
55760,5566,0.0436597,0,93,93
55760,5567,0.0336963,0,83,83
55760,5568,0.0237327,0,73,73
55760,5569,0.0137692,0,63,63
55760,5570,0.00380547,0,53,53
55760,5571,-0.00615831,0,43,43
55760,5572,-0.0161222,0,33,33
55760,5573,-0.0260861,0,23,23
55760,5574,-0.0360502,0,13,13
55760,5575,-0.0460143,0,3,3
