time,particle_id,x,y,mesh_index,mesh_index_original
66250,6615,0.0426,0,92,92
66250,6616,0.0326435,0,82,82
66250,6617,0.0226868,0,72,72
66250,6618,0.0127301,0,62,62
66250,6619,0.00277321,0,52,52
66250,6620,-0.00718377,0,42,42
66250,6621,-0.0171408,0,32,32
66250,6622,-0.027098,0,22,22
66250,6623,-0.0370553,0,12,12
66250,6624,-0.0470128,0,2,2
