time,particle_id,x,y,mesh_index,mesh_index_original
19380,1928,0.0478769,0,97,97
19380,1929,0.0378895,0,87,87
19380,1930,0.0279022,0,77,77
19380,1931,0.0179148,0,67,67
19380,1932,0.00792745,0,57,57
19380,1933,-0.00205997,0,47,47
19380,1934,-0.0120474,0,37,37
19380,1935,-0.0220349,0,27,27
19380,1936,-0.0320224,0,17,17
19380,1937,-0.0420099,0,7,7
