time,particle_id,x,y,mesh_index,mesh_index_original
78340,7824,0.0415323,0,91,91
78340,7825,0.0315836,0,81,81
78340,7826,0.0216349,0,71,71
78340,7827,0.011686,0,61,61
78340,7828,0.00173697,0,51,51
78340,7829,-0.00821218,0,41,41
78340,7830,-0.0181614,0,31,31
78340,7831,-0.0281109,0,21,21
78340,7832,-0.0380604,0,11,11
78340,7833,-0.0480101,0,1,1
