time,particle_id,x,y,mesh_index,mesh_index_original
73090,7299,0.0415636,0,91,91
73090,7300,0.0316115,0,81,81
73090,7301,0.0216593,0,71,71
73090,7302,0.011707,0,61,61
73090,7303,0.00175457,0,51,51
73090,7304,-0.00819798,0,41,41
73090,7305,-0.0181506,0,31,31
73090,7306,-0.0281034,0,21,21
73090,7307,-0.0380563,0,11,11
73090,7308,-0.0480094,0,1,1
