time,particle_id,x,y,mesh_index,mesh_index_original
7180,708,0.0489543,0,98,98
7180,709,0.0389589,0,88,88
7180,710,0.0289636,0,78,78
7180,711,0.0189682,0,68,68
7180,712,0.00897284,0,58,58
7180,713,-0.00102253,0,48,48
7180,714,-0.0110179,0,38,38
7180,715,-0.0210133,0,28,28
7180,716,-0.0310087,0,18,18
7180,717,-0.0410041,0,8,8
