time,particle_id,x,y,mesh_index,mesh_index_original
34210,3411,0.0457868,0,95,95
34210,3412,0.0358092,0,85,85
34210,3413,0.0258316,0,75,75
34210,3414,0.0158539,0,65,65
34210,3415,0.00587622,0,55,55
34210,3416,-0.00410155,0,45,45
34210,3417,-0.0140794,0,35,35
34210,3418,-0.0240573,0,25,25
34210,3419,-0.0340352,0,15,15
34210,3420,-0.0440132,0,5,5
