time,particle_id,x,y,mesh_index,mesh_index_original
96880,9677,0.0493709,0,99,99
96880,9678,0.0394345,0,89,89
96880,9679,0.029498,0,79,79
96880,9680,0.0195613,0,69,69
96880,9681,0.00962445,0,59,59
96880,9682,-0.000312555,0,49,49
96880,9683,-0.0102497,0,39,39
96880,9684,-0.020187,0,29,29
96880,9685,-0.0301245,0,19,19
96880,9686,-0.0400622,0,9,9
