time,particle_id,x,y,mesh_index,mesh_index_original
4830,473,0.0489694,0,98,98
4830,474,0.0389725,0,88,88
4830,475,0.0289756,0,78,78
4830,476,0.0189787,0,68,68
4830,477,0.00898184,0,58,58
4830,478,-0.00101507,0,48,48
4830,479,-0.011012,0,38,38
4830,480,-0.0210089,0,28,28
4830,481,-0.0310058,0,18,18
4830,482,-0.0410028,0,8,8
