time,particle_id,x,y,mesh_index,mesh_index_original
84760,8466,0.0404996,0,90,90
84760,8467,0.0305551,0,80,80
84760,8468,0.0206105,0,70,70
84760,8469,0.0106658,0,60,60
84760,8470,0.000720962,0,50,50
84760,8471,-0.00922404,0,40,40
84760,8472,-0.0191692,0,30,30
84760,8473,-0.0291145,0,20,20
84760,8474,-0.0390599,0,10,10
84760,8475,-0.0490054,0,0,0
