time,particle_id,x,y,mesh_index,mesh_index_original
27390,2729,0.0468276,0,96,96
27390,2730,0.0368455,0,86,86
27390,2731,0.0268634,0,76,76
27390,2732,0.0168813,0,66,66
27390,2733,0.00689915,0,56,56
27390,2734,-0.00308305,0,46,46
27390,2735,-0.0130653,0,36,36
27390,2736,-0.0230476,0,26,26
27390,2737,-0.0330299,0,16,16
27390,2738,-0.0430123,0,6,6
