time,particle_id,x,y,mesh_index,mesh_index_original
42960,4286,0.044735,0,94,94
42960,4287,0.0347632,0,84,84
42960,4288,0.0247913,0,74,74
42960,4289,0.0148193,0,64,64
42960,4290,0.00484733,0,54,54
42960,4291,-0.00512475,0,44,44
42960,4292,-0.0150969,0,34,34
42960,4293,-0.0250691,0,24,24
42960,4294,-0.0350414,0,14,14
42960,4295,-0.0450138,0,4,4
