time,particle_id,x,y,mesh_index,mesh_index_original
28740,2864,0.046819,0,96,96
28740,2865,0.0368379,0,86,86
28740,2866,0.0268567,0,76,76
28740,2867,0.0168755,0,66,66
28740,2868,0.00689417,0,56,56
28740,2869,-0.00308715,0,46,46
28740,2870,-0.0130685,0,36,36
28740,2871,-0.0230499,0,26,26
28740,2872,-0.0330314,0,16,16
28740,2873,-0.0430129,0,6,6
