time,particle_id,x,y,mesh_index,mesh_index_original
22400,2230,0.0468591,0,96,96
22400,2231,0.0368737,0,86,86
22400,2232,0.0268884,0,76,76
22400,2233,0.016903,0,66,66
22400,2234,0.00691757,0,56,56
22400,2235,-0.00306789,0,46,46
22400,2236,-0.0130534,0,36,36
22400,2237,-0.0230389,0,26,26
22400,2238,-0.0330245,0,16,16
22400,2239,-0.0430101,0,6,6
