time,particle_id,x,y,mesh_index,mesh_index_original
76490,7639,0.0415433,0,91,91
76490,7640,0.0315935,0,81,81
76490,7641,0.0216435,0,71,71
76490,7642,0.0116934,0,61,61
76490,7643,0.00174317,0,51,51
76490,7644,-0.00820717,0,41,41
76490,7645,-0.0181576,0,31,31
76490,7646,-0.0281082,0,21,21
76490,7647,-0.038059,0,11,11
76490,7648,-0.0480098,0,1,1
