time,particle_id,x,y,mesh_index,mesh_index_original
280,18,0.0489988,0,98,98
280,19,0.0389989,0,88,88
280,20,0.028999,0,78,78
280,21,0.0189991,0,68,68
280,22,0.00899925,0,58,58
280,23,-0.00100063,0,48,48
280,24,-0.0110005,0,38,38
280,25,-0.0210004,0,28,28
280,26,-0.0310003,0,18,18
280,27,-0.0410001,0,8,8
