time,particle_id,x,y,mesh_index,mesh_index_original
23570,2347,0.0468517,0,96,96
23570,2348,0.0368671,0,86,86
23570,2349,0.0268825,0,76,76
23570,2350,0.0168979,0,66,66
23570,2351,0.00691325,0,56,56
23570,2352,-0.00307144,0,46,46
23570,2353,-0.0130562,0,36,36
23570,2354,-0.0230409,0,26,26
23570,2355,-0.0330257,0,16,16
23570,2356,-0.0430106,0,6,6
