time,particle_id,x,y,mesh_index,mesh_index_original
14980,1488,0.0479049,0,97,97
14980,1489,0.0379147,0,87,87
14980,1490,0.0279245,0,77,77
14980,1491,0.0179343,0,67,67
14980,1492,0.00794399,0,57,57
14980,1493,-0.0020463,0,47,47
14980,1494,-0.0120366,0,37,37
14980,1495,-0.0220269,0,27,27
14980,1496,-0.0320173,0,17,17
14980,1497,-0.0420077,0,7,7
