time,particle_id,x,y,mesh_index,mesh_index_original
70610,7051,0.0415784,0,91,91
70610,7052,0.0316247,0,81,81
70610,7053,0.0216709,0,71,71
70610,7054,0.0117169,0,61,61
70610,7055,0.00176289,0,51,51
70610,7056,-0.00819127,0,41,41
70610,7057,-0.0181455,0,31,31
70610,7058,-0.0280999,0,21,21
70610,7059,-0.0380544,0,11,11
70610,7060,-0.0480091,0,1,1
