time,particle_id,x,y,mesh_index,mesh_index_original
20370,2027,0.0468719,0,96,96
20370,2028,0.0368852,0,86,86
20370,2029,0.0268985,0,76,76
20370,2030,0.0169118,0,66,66
20370,2031,0.00692506,0,56,56
20370,2032,-0.00306172,0,46,46
20370,2033,-0.0130485,0,36,36
20370,2034,-0.0230354,0,26,26
20370,2035,-0.0330222,0,16,16
20370,2036,-0.0430091,0,6,6
