time,particle_id,x,y,mesh_index,mesh_index_original
43770,4367,0.04473,0,94,94
43770,4368,0.0347587,0,84,84
43770,4369,0.0247874,0,74,74
43770,4370,0.0148159,0,64,64
43770,4371,0.00484445,0,54,54
43770,4372,-0.00512711,0,44,44
43770,4373,-0.0150987,0,34,34
43770,4374,-0.0250704,0,24,24
43770,4375,-0.0350422,0,14,14
43770,4376,-0.0450141,0,4,4
