time,particle_id,x,y,mesh_index,mesh_index_original
56210,5611,0.0436569,0,93,93
56210,5612,0.0336938,0,83,83
56210,5613,0.0237306,0,73,73
56210,5614,0.0137673,0,63,63
56210,5615,0.0038039,0,53,53
56210,5616,-0.00615958,0,43,43
56210,5617,-0.0161232,0,33,33
56210,5618,-0.0260868,0,23,23
56210,5619,-0.0360506,0,13,13
56210,5620,-0.0460144,0,3,3
