time,particle_id,x,y,mesh_index,mesh_index_original
26050,2595,0.046836,0,96,96
26050,2596,0.0368531,0,86,86
26050,2597,0.0268701,0,76,76
26050,2598,0.0168871,0,66,66
26050,2599,0.0069041,0,56,56
26050,2600,-0.00307898,0,46,46
26050,2601,-0.0130621,0,36,36
26050,2602,-0.0230453,0,26,26
26050,2603,-0.0330285,0,16,16
26050,2604,-0.0430117,0,6,6
