time,particle_id,x,y,mesh_index,mesh_index_original
99240,9913,0.0493556,0,99,99
99240,9914,0.0394208,0,89,89
99240,9915,0.0294858,0,79,79
99240,9916,0.0195506,0,69,69
99240,9917,0.00961533,0,59,59
99240,9918,-0.00032015,0,49,49
99240,9919,-0.0102558,0,39,39
99240,9920,-0.0201916,0,29,29
99240,9921,-0.0301276,0,19,19
99240,9922,-0.0400637,0,9,9
