time,particle_id,x,y,mesh_index,mesh_index_original
19340,1924,0.0478771,0,97,97
19340,1925,0.0378898,0,87,87
19340,1926,0.0279024,0,77,77
19340,1927,0.017915,0,67,67
19340,1928,0.0079276,0,57,57
19340,1929,-0.00205984,0,47,47
19340,1930,-0.0120473,0,37,37
19340,1931,-0.0220348,0,27,27
19340,1932,-0.0320224,0,17,17
19340,1933,-0.0420099,0,7,7
