time,particle_id,x,y,mesh_index,mesh_index_original
39900,3980,0.0457513,0,95,95
39900,3981,0.0357774,0,85,85
39900,3982,0.0258036,0,75,75
39900,3983,0.0158296,0,65,65
39900,3984,0.00585561,0,55,55
39900,3985,-0.00411846,0,45,45
39900,3986,-0.0140926,0,35,35
39900,3987,-0.0240668,0,25,25
39900,3988,-0.034041,0,15,15
39900,3989,-0.0440154,0,5,5
