time,particle_id,x,y,mesh_index,mesh_index_original
29340,2924,0.0468152,0,96,96
29340,2925,0.0368345,0,86,86
29340,2926,0.0268537,0,76,76
29340,2927,0.0168728,0,66,66
29340,2928,0.00689196,0,56,56
29340,2929,-0.00308898,0,46,46
29340,2930,-0.01307,0,36,36
29340,2931,-0.023051,0,26,26
29340,2932,-0.0330321,0,16,16
29340,2933,-0.0430132,0,6,6
