time,particle_id,x,y,mesh_index,mesh_index_original
57700,5760,0.0436478,0,93,93
57700,5761,0.0336857,0,83,83
57700,5762,0.0237234,0,73,73
57700,5763,0.0137611,0,63,63
57700,5764,0.0037987,0,53,53
57700,5765,-0.00616381,0,43,43
57700,5766,-0.0161264,0,33,33
57700,5767,-0.0260891,0,23,23
57700,5768,-0.0360519,0,13,13
57700,5769,-0.0460148,0,3,3
