time,particle_id,x,y,mesh_index,mesh_index_original
30570,3047,0.0458095,0,95,95
30570,3048,0.0358295,0,85,85
30570,3049,0.0258495,0,75,75
30570,3050,0.0158695,0,65,65
30570,3051,0.00588941,0,55,55
30570,3052,-0.00409073,0,45,45
30570,3053,-0.0140709,0,35,35
30570,3054,-0.0240512,0,25,25
30570,3055,-0.0340314,0,15,15
30570,3056,-0.0440118,0,5,5
