time,particle_id,x,y,mesh_index,mesh_index_original
25160,2506,0.0468416,0,96,96
25160,2507,0.0368581,0,86,86
25160,2508,0.0268746,0,76,76
25160,2509,0.016891,0,66,66
25160,2510,0.00690738,0,56,56
25160,2511,-0.00307628,0,46,46
25160,2512,-0.01306,0,36,36
25160,2513,-0.0230437,0,26,26
25160,2514,-0.0330275,0,16,16
25160,2515,-0.0430113,0,6,6
