time,particle_id,x,y,mesh_index,mesh_index_original
84540,8444,0.0405009,0,90,90
84540,8445,0.0305563,0,80,80
84540,8446,0.0206116,0,70,70
84540,8447,0.0106667,0,60,60
84540,8448,0.000721685,0,50,50
84540,8449,-0.00922346,0,40,40
84540,8450,-0.0191687,0,30,30
84540,8451,-0.0291142,0,20,20
84540,8452,-0.0390597,0,10,10
84540,8453,-0.0490054,0,0,0
