time,particle_id,x,y,mesh_index,mesh_index_original
77230,7713,0.0415389,0,91,91
77230,7714,0.0315895,0,81,81
77230,7715,0.02164,0,71,71
77230,7716,0.0116904,0,61,61
77230,7717,0.00174069,0,51,51
77230,7718,-0.00820917,0,41,41
77230,7719,-0.0181592,0,31,31
77230,7720,-0.0281093,0,21,21
77230,7721,-0.0380595,0,11,11
77230,7722,-0.0480099,0,1,1
