time,particle_id,x,y,mesh_index,mesh_index_original
81270,8117,0.0405202,0,90,90
81270,8118,0.0305734,0,80,80
81270,8119,0.0206266,0,70,70
81270,8120,0.0106796,0,60,60
81270,8121,0.000732432,0,50,50
81270,8122,-0.00921483,0,40,40
81270,8123,-0.0191622,0,30,30
81270,8124,-0.0291097,0,20,20
81270,8125,-0.0390574,0,10,10
81270,8126,-0.0490052,0,0,0
