time,particle_id,x,y,mesh_index,mesh_index_original
79540,7944,0.0415251,0,91,91
79540,7945,0.0315773,0,81,81
79540,7946,0.0216293,0,71,71
79540,7947,0.0116812,0,61,61
79540,7948,0.00173295,0,51,51
79540,7949,-0.00821542,0,41,41
79540,7950,-0.0181639,0,31,31
79540,7951,-0.0281125,0,21,21
79540,7952,-0.0380613,0,11,11
79540,7953,-0.0480102,0,1,1
