time,particle_id,x,y,mesh_index,mesh_index_original
6780,668,0.0489568,0,98,98
6780,669,0.0389612,0,88,88
6780,670,0.0289656,0,78,78
6780,671,0.01897,0,68,68
6780,672,0.00897437,0,58,58
6780,673,-0.00102126,0,48,48
6780,674,-0.0110169,0,38,38
6780,675,-0.0210126,0,28,28
6780,676,-0.0310082,0,18,18
6780,677,-0.0410039,0,8,8
