time,particle_id,x,y,mesh_index,mesh_index_original
45110,4501,0.0447217,0,94,94
45110,4502,0.0347513,0,84,84
45110,4503,0.0247808,0,74,74
45110,4504,0.0148103,0,64,64
45110,4505,0.00483969,0,54,54
45110,4506,-0.005131,0,44,44
45110,4507,-0.0151018,0,34,34
45110,4508,-0.0250726,0,24,24
45110,4509,-0.0350435,0,14,14
45110,4510,-0.0450145,0,4,4
