time,particle_id,x,y,mesh_index,mesh_index_original
41230,4113,0.0447457,0,94,94
41230,4114,0.0347727,0,84,84
41230,4115,0.0247997,0,74,74
41230,4116,0.0148266,0,64,64
41230,4117,0.00485348,0,54,54
41230,4118,-0.00511973,0,44,44
41230,4119,-0.015093,0,34,34
41230,4120,-0.0250663,0,24,24
41230,4121,-0.0350398,0,14,14
41230,4122,-0.0450132,0,4,4
