time,particle_id,x,y,mesh_index,mesh_index_original
62860,6276,0.0426205,0,92,92
62860,6277,0.0326617,0,82,82
62860,6278,0.0227028,0,72,72
62860,6279,0.0127439,0,62,62
62860,6280,0.0027848,0,52,52
62860,6281,-0.00717437,0,42,42
62860,6282,-0.0171336,0,32,32
62860,6283,-0.027093,0,22,22
62860,6284,-0.0370525,0,12,12
62860,6285,-0.0470121,0,2,2
