time,particle_id,x,y,mesh_index,mesh_index_original
29830,2973,0.0468122,0,96,96
29830,2974,0.0368317,0,86,86
29830,2975,0.0268512,0,76,76
29830,2976,0.0168707,0,66,66
29830,2977,0.00689015,0,56,56
29830,2978,-0.00309047,0,46,46
29830,2979,-0.0130711,0,36,36
29830,2980,-0.0230518,0,26,26
29830,2981,-0.0330326,0,16,16
29830,2982,-0.0430134,0,6,6
