time,particle_id,x,y,mesh_index,mesh_index_original
18630,1853,0.0478816,0,97,97
18630,1854,0.0378938,0,87,87
18630,1855,0.027906,0,77,77
18630,1856,0.0179182,0,67,67
18630,1857,0.00793027,0,57,57
18630,1858,-0.00205764,0,47,47
18630,1859,-0.0120456,0,37,37
18630,1860,-0.0220335,0,27,27
18630,1861,-0.0320215,0,17,17
18630,1862,-0.0420096,0,7,7
