time,particle_id,x,y,mesh_index,mesh_index_original
86140,8604,0.0404915,0,90,90
86140,8605,0.0305479,0,80,80
86140,8606,0.0206042,0,70,70
86140,8607,0.0106604,0,60,60
86140,8608,0.000716427,0,50,50
86140,8609,-0.00922768,0,40,40
86140,8610,-0.0191719,0,30,30
86140,8611,-0.0291163,0,20,20
86140,8612,-0.0390608,0,10,10
86140,8613,-0.0490055,0,0,0
