time,particle_id,x,y,mesh_index,mesh_index_original
32240,3214,0.0457991,0,95,95
32240,3215,0.0358202,0,85,85
32240,3216,0.0258413,0,75,75
32240,3217,0.0158624,0,65,65
32240,3218,0.00588336,0,55,55
32240,3219,-0.00409569,0,45,45
32240,3220,-0.0140748,0,35,35
32240,3221,-0.024054,0,25,25
32240,3222,-0.0340332,0,15,15
32240,3223,-0.0440124,0,5,5
