time,particle_id,x,y,mesh_index,mesh_index_original
44360,4426,0.0447263,0,94,94
44360,4427,0.0347555,0,84,84
44360,4428,0.0247845,0,74,74
44360,4429,0.0148135,0,64,64
44360,4430,0.00484235,0,54,54
44360,4431,-0.00512882,0,44,44
44360,4432,-0.0151001,0,34,34
44360,4433,-0.0250714,0,24,24
44360,4434,-0.0350428,0,14,14
44360,4435,-0.0450142,0,4,4
