time,particle_id,x,y,mesh_index,mesh_index_original
6450,635,0.048959,0,98,98
6450,636,0.0389631,0,88,88
6450,637,0.0289673,0,78,78
6450,638,0.0189715,0,68,68
6450,639,0.00897564,0,58,58
6450,640,-0.00102021,0,48,48
6450,641,-0.0110161,0,38,38
6450,642,-0.0210119,0,28,28
6450,643,-0.0310078,0,18,18
6450,644,-0.0410037,0,8,8
