time,particle_id,x,y,mesh_index,mesh_index_original
63550,6345,0.0426163,0,92,92
63550,6346,0.032658,0,82,82
63550,6347,0.0226996,0,72,72
63550,6348,0.0127411,0,62,62
63550,6349,0.00278244,0,52,52
63550,6350,-0.00717628,0,42,42
63550,6351,-0.0171351,0,32,32
63550,6352,-0.027094,0,22,22
63550,6353,-0.0370531,0,12,12
63550,6354,-0.0470122,0,2,2
