time,particle_id,x,y,mesh_index,mesh_index_original
48690,4859,0.0446996,0,94,94
48690,4860,0.0347316,0,84,84
48690,4861,0.0247634,0,74,74
48690,4862,0.0147952,0,64,64
48690,4863,0.00482696,0,54,54
48690,4864,-0.0051414,0,44,44
48690,4865,-0.0151098,0,34,34
48690,4866,-0.0250784,0,24,24
48690,4867,-0.035047,0,14,14
48690,4868,-0.0450156,0,4,4
