time,particle_id,x,y,mesh_index,mesh_index_original
80920,8082,0.0405222,0,90,90
80920,8083,0.0305753,0,80,80
80920,8084,0.0206282,0,70,70
80920,8085,0.0106809,0,60,60
80920,8086,0.000733582,0,50,50
80920,8087,-0.0092139,0,40,40
80920,8088,-0.0191615,0,30,30
80920,8089,-0.0291093,0,20,20
80920,8090,-0.0390572,0,10,10
80920,8091,-0.0490052,0,0,0
