time,particle_id,x,y,mesh_index,mesh_index_original
77450,7735,0.0415376,0,91,91
77450,7736,0.0315884,0,81,81
77450,7737,0.021639,0,71,71
77450,7738,0.0116895,0,61,61
77450,7739,0.00173995,0,51,51
77450,7740,-0.00820977,0,41,41
77450,7741,-0.0181596,0,31,31
77450,7742,-0.0281096,0,21,21
77450,7743,-0.0380597,0,11,11
77450,7744,-0.0480099,0,1,1
