time,particle_id,x,y,mesh_index,mesh_index_original
13200,1310,0.0479163,0,97,97
13200,1311,0.0379249,0,87,87
13200,1312,0.0279335,0,77,77
13200,1313,0.0179421,0,67,67
13200,1314,0.00795068,0,57,57
13200,1315,-0.00204077,0,47,47
13200,1316,-0.0120322,0,37,37
13200,1317,-0.0220237,0,27,27
13200,1318,-0.0320152,0,17,17
13200,1319,-0.0420068,0,7,7
