time,particle_id,x,y,mesh_index,mesh_index_original
77570,7747,0.0415369,0,91,91
77570,7748,0.0315877,0,81,81
77570,7749,0.0216385,0,71,71
77570,7750,0.0116891,0,61,61
77570,7751,0.00173955,0,51,51
77570,7752,-0.00821009,0,41,41
77570,7753,-0.0181599,0,31,31
77570,7754,-0.0281098,0,21,21
77570,7755,-0.0380598,0,11,11
77570,7756,-0.04801,0,1,1
