time,particle_id,x,y,mesh_index,mesh_index_original
54860,5476,0.0436652,0,93,93
54860,5477,0.0337012,0,83,83
54860,5478,0.0237371,0,73,73
54860,5479,0.0137729,0,63,63
54860,5480,0.00380861,0,53,53
54860,5481,-0.00615575,0,43,43
54860,5482,-0.0161202,0,33,33
54860,5483,-0.0260847,0,23,23
54860,5484,-0.0360494,0,13,13
54860,5485,-0.0460141,0,3,3
