time,particle_id,x,y,mesh_index,mesh_index_original
89040,8894,0.0404744,0,90,90
89040,8895,0.0305327,0,80,80
89040,8896,0.0205909,0,70,70
89040,8897,0.010649,0,60,60
89040,8898,0.000706899,0,50,50
89040,8899,-0.00923533,0,40,40
89040,8900,-0.0191777,0,30,30
89040,8901,-0.0291202,0,20,20
89040,8902,-0.0390629,0,10,10
89040,8903,-0.0490057,0,0,0
