time,particle_id,x,y,mesh_index,mesh_index_original
16870,1677,0.0478929,0,97,97
16870,1678,0.0379039,0,87,87
16870,1679,0.0279149,0,77,77
16870,1680,0.0179259,0,67,67
16870,1681,0.00793689,0,57,57
16870,1682,-0.00205217,0,47,47
16870,1683,-0.0120413,0,37,37
16870,1684,-0.0220304,0,27,27
16870,1685,-0.0320195,0,17,17
16870,1686,-0.0420087,0,7,7
