time,particle_id,x,y,mesh_index,mesh_index_original
63870,6377,0.0426144,0,92,92
63870,6378,0.0326563,0,82,82
63870,6379,0.0226981,0,72,72
63870,6380,0.0127398,0,62,62
63870,6381,0.00278135,0,52,52
63870,6382,-0.00717717,0,42,42
63870,6383,-0.0171358,0,32,32
63870,6384,-0.0270945,0,22,22
63870,6385,-0.0370534,0,12,12
63870,6386,-0.0470123,0,2,2
