time,particle_id,x,y,mesh_index,mesh_index_original
9630,953,0.0489385,0,98,98
9630,954,0.0389447,0,88,88
9630,955,0.028951,0,78,78
9630,956,0.0189572,0,68,68
9630,957,0.00896347,0,58,58
9630,958,-0.0010303,0,48,48
9630,959,-0.0110241,0,38,38
9630,960,-0.0210179,0,28,28
9630,961,-0.0310117,0,18,18
9630,962,-0.0410055,0,8,8
