time,particle_id,x,y,mesh_index,mesh_index_original
25850,2575,0.0468373,0,96,96
25850,2576,0.0368542,0,86,86
25850,2577,0.0268711,0,76,76
25850,2578,0.016888,0,66,66
25850,2579,0.00690484,0,56,56
25850,2580,-0.00307837,0,46,46
25850,2581,-0.0130616,0,36,36
25850,2582,-0.0230449,0,26,26
25850,2583,-0.0330282,0,16,16
25850,2584,-0.0430116,0,6,6
