time,particle_id,x,y,mesh_index,mesh_index_original
59320,5922,0.043638,0,93,93
59320,5923,0.0336769,0,83,83
59320,5924,0.0237157,0,73,73
59320,5925,0.0137544,0,63,63
59320,5926,0.00379305,0,53,53
59320,5927,-0.00616841,0,43,43
59320,5928,-0.01613,0,33,33
59320,5929,-0.0260916,0,23,23
59320,5930,-0.0360534,0,13,13
59320,5931,-0.0460152,0,3,3
