time,particle_id,x,y,mesh_index,mesh_index_original
85030,8493,0.040498,0,90,90
85030,8494,0.0305537,0,80,80
85030,8495,0.0206093,0,70,70
85030,8496,0.0106648,0,60,60
85030,8497,0.000720074,0,50,50
85030,8498,-0.00922475,0,40,40
85030,8499,-0.0191697,0,30,30
85030,8500,-0.0291148,0,20,20
85030,8501,-0.0390601,0,10,10
85030,8502,-0.0490055,0,0,0
