time,particle_id,x,y,mesh_index,mesh_index_original
5890,579,0.0489626,0,98,98
5890,580,0.0389664,0,88,88
5890,581,0.0289702,0,78,78
5890,582,0.018974,0,68,68
5890,583,0.00897778,0,58,58
5890,584,-0.00101844,0,48,48
5890,585,-0.0110147,0,38,38
5890,586,-0.0210109,0,28,28
5890,587,-0.0310071,0,18,18
5890,588,-0.0410034,0,8,8
