time,particle_id,x,y,mesh_index,mesh_index_original
3050,295,0.0489809,0,98,98
3050,296,0.0389829,0,88,88
3050,297,0.0289848,0,78,78
3050,298,0.0189867,0,68,68
3050,299,0.00898865,0,58,58
3050,300,-0.00100942,0,48,48
3050,301,-0.0110075,0,38,38
3050,302,-0.0210056,0,28,28
3050,303,-0.0310036,0,18,18
3050,304,-0.0410017,0,8,8
