time,particle_id,x,y,mesh_index,mesh_index_original
92750,9264,0.0493977,0,99,99
92750,9265,0.0394586,0,89,89
92750,9266,0.0295194,0,79,79
92750,9267,0.01958,0,69,69
92750,9268,0.00964043,0,59,59
92750,9269,-0.00029926,0,49,49
92750,9270,-0.0102391,0,39,39
92750,9271,-0.0201791,0,29,29
92750,9272,-0.0301192,0,19,19
92750,9273,-0.0400595,0,9,9
