time,particle_id,x,y,mesh_index,mesh_index_original
23590,2349,0.0468515,0,96,96
23590,2350,0.036867,0,86,86
23590,2351,0.0268824,0,76,76
23590,2352,0.0168978,0,66,66
23590,2353,0.00691318,0,56,56
23590,2354,-0.0030715,0,46,46
23590,2355,-0.0130562,0,36,36
23590,2356,-0.023041,0,26,26
23590,2357,-0.0330258,0,16,16
23590,2358,-0.0430106,0,6,6
