time,particle_id,x,y,mesh_index,mesh_index_original
59850,5975,0.0436347,0,93,93
59850,5976,0.033674,0,83,83
59850,5977,0.0237131,0,73,73
59850,5978,0.0137522,0,63,63
59850,5979,0.0037912,0,53,53
59850,5980,-0.00616991,0,43,43
59850,5981,-0.0161311,0,33,33
59850,5982,-0.0260924,0,23,23
59850,5983,-0.0360539,0,13,13
59850,5984,-0.0460154,0,3,3
