time,particle_id,x,y,mesh_index,mesh_index_original
82670,8257,0.0405119,0,90,90
82670,8258,0.0305661,0,80,80
82670,8259,0.0206201,0,70,70
82670,8260,0.010674,0,60,60
82670,8261,0.00072783,0,50,50
82670,8262,-0.00921852,0,40,40
82670,8263,-0.019165,0,30,30
82670,8264,-0.0291116,0,20,20
82670,8265,-0.0390584,0,10,10
82670,8266,-0.0490053,0,0,0
