time,particle_id,x,y,mesh_index,mesh_index_original
86740,8664,0.0404879,0,90,90
86740,8665,0.0305448,0,80,80
86740,8666,0.0206015,0,70,70
86740,8667,0.010658,0,60,60
86740,8668,0.000714455,0,50,50
86740,8669,-0.00922926,0,40,40
86740,8670,-0.0191731,0,30,30
86740,8671,-0.0291171,0,20,20
86740,8672,-0.0390613,0,10,10
86740,8673,-0.0490056,0,0,0
