time,particle_id,x,y,mesh_index,mesh_index_original
23810,2371,0.0468502,0,96,96
23810,2372,0.0368658,0,86,86
23810,2373,0.0268813,0,76,76
23810,2374,0.0168969,0,66,66
23810,2375,0.00691236,0,56,56
23810,2376,-0.00307217,0,46,46
23810,2377,-0.0130567,0,36,36
23810,2378,-0.0230414,0,26,26
23810,2379,-0.033026,0,16,16
23810,2380,-0.0430107,0,6,6
