time,particle_id,x,y,mesh_index,mesh_index_original
89720,8962,0.0404704,0,90,90
89720,8963,0.0305291,0,80,80
89720,8964,0.0205878,0,70,70
89720,8965,0.0106463,0,60,60
89720,8966,0.000704665,0,50,50
89720,8967,-0.00923712,0,40,40
89720,8968,-0.0191791,0,30,30
89720,8969,-0.0291211,0,20,20
89720,8970,-0.0390634,0,10,10
89720,8971,-0.0490058,0,0,0
