time,particle_id,x,y,mesh_index,mesh_index_original
31990,3189,0.0458006,0,95,95
31990,3190,0.0358216,0,85,85
31990,3191,0.0258425,0,75,75
31990,3192,0.0158634,0,65,65
31990,3193,0.00588427,0,55,55
31990,3194,-0.00409495,0,45,45
31990,3195,-0.0140742,0,35,35
31990,3196,-0.0240535,0,25,25
31990,3197,-0.0340329,0,15,15
31990,3198,-0.0440123,0,5,5
