time,particle_id,x,y,mesh_index,mesh_index_original
80980,8088,0.0405219,0,90,90
80980,8089,0.0305749,0,80,80
80980,8090,0.0206279,0,70,70
80980,8091,0.0106807,0,60,60
80980,8092,0.000733385,0,50,50
80980,8093,-0.00921406,0,40,40
80980,8094,-0.0191616,0,30,30
80980,8095,-0.0291094,0,20,20
80980,8096,-0.0390572,0,10,10
80980,8097,-0.0490052,0,0,0
