time,particle_id,x,y,mesh_index,mesh_index_original
43660,4356,0.0447307,0,94,94
43660,4357,0.0347593,0,84,84
43660,4358,0.0247879,0,74,74
43660,4359,0.0148164,0,64,64
43660,4360,0.00484484,0,54,54
43660,4361,-0.00512679,0,44,44
43660,4362,-0.0150985,0,34,34
43660,4363,-0.0250703,0,24,24
43660,4364,-0.0350421,0,14,14
43660,4365,-0.045014,0,4,4
