time,particle_id,x,y,mesh_index,mesh_index_original
76010,7591,0.0415462,0,91,91
76010,7592,0.031596,0,81,81
76010,7593,0.0216457,0,71,71
76010,7594,0.0116953,0,61,61
76010,7595,0.00174478,0,51,51
76010,7596,-0.00820587,0,41,41
76010,7597,-0.0181567,0,31,31
76010,7598,-0.0281076,0,21,21
76010,7599,-0.0380586,0,11,11
76010,7600,-0.0480098,0,1,1
