time,particle_id,x,y,mesh_index,mesh_index_original
40670,4057,0.0447491,0,94,94
40670,4058,0.0347758,0,84,84
40670,4059,0.0248024,0,74,74
40670,4060,0.014829,0,64,64
40670,4061,0.00485547,0,54,54
40670,4062,-0.0051181,0,44,44
40670,4063,-0.0150917,0,34,34
40670,4064,-0.0250654,0,24,24
40670,4065,-0.0350392,0,14,14
40670,4066,-0.0450131,0,4,4
