time,particle_id,x,y,mesh_index,mesh_index_original
75570,7547,0.0415488,0,91,91
75570,7548,0.0315983,0,81,81
75570,7549,0.0216478,0,71,71
75570,7550,0.0116971,0,61,61
75570,7551,0.00174626,0,51,51
75570,7552,-0.00820468,0,41,41
75570,7553,-0.0181557,0,31,31
75570,7554,-0.0281069,0,21,21
75570,7555,-0.0380583,0,11,11
75570,7556,-0.0480097,0,1,1
