time,particle_id,x,y,mesh_index,mesh_index_original
40410,4031,0.0447507,0,94,94
40410,4032,0.0347772,0,84,84
40410,4033,0.0248037,0,74,74
40410,4034,0.0148301,0,64,64
40410,4035,0.0048564,0,54,54
40410,4036,-0.00511735,0,44,44
40410,4037,-0.0150912,0,34,34
40410,4038,-0.025065,0,24,24
40410,4039,-0.035039,0,14,14
40410,4040,-0.045013,0,4,4
