time,particle_id,x,y,mesh_index,mesh_index_original
33620,3352,0.0457905,0,95,95
33620,3353,0.0358125,0,85,85
33620,3354,0.0258345,0,75,75
33620,3355,0.0158565,0,65,65
33620,3356,0.00587836,0,55,55
33620,3357,-0.00409979,0,45,45
33620,3358,-0.014078,0,35,35
33620,3359,-0.0240563,0,25,25
33620,3360,-0.0340346,0,15,15
33620,3361,-0.044013,0,5,5
