time,particle_id,x,y,mesh_index,mesh_index_original
45430,4533,0.0447197,0,94,94
45430,4534,0.0347496,0,84,84
45430,4535,0.0247793,0,74,74
45430,4536,0.014809,0,64,64
45430,4537,0.00483855,0,54,54
45430,4538,-0.00513193,0,44,44
45430,4539,-0.0151025,0,34,34
45430,4540,-0.0250731,0,24,24
45430,4541,-0.0350438,0,14,14
45430,4542,-0.0450146,0,4,4
