time,particle_id,x,y,mesh_index,mesh_index_original
48160,4806,0.0447029,0,94,94
48160,4807,0.0347345,0,84,84
48160,4808,0.024766,0,74,74
48160,4809,0.0147975,0,64,64
48160,4810,0.00482884,0,54,54
48160,4811,-0.00513986,0,44,44
48160,4812,-0.0151086,0,34,34
48160,4813,-0.0250775,0,24,24
48160,4814,-0.0350464,0,14,14
48160,4815,-0.0450155,0,4,4
