time,particle_id,x,y,mesh_index,mesh_index_original
87590,8749,0.0404829,0,90,90
87590,8750,0.0305403,0,80,80
87590,8751,0.0205976,0,70,70
87590,8752,0.0106547,0,60,60
87590,8753,0.000711663,0,50,50
87590,8754,-0.0092315,0,40,40
87590,8755,-0.0191748,0,30,30
87590,8756,-0.0291183,0,20,20
87590,8757,-0.0390619,0,10,10
87590,8758,-0.0490056,0,0,0
