time,particle_id,x,y,mesh_index,mesh_index_original
86520,8642,0.0404892,0,90,90
86520,8643,0.0305459,0,80,80
86520,8644,0.0206025,0,70,70
86520,8645,0.0106589,0,60,60
86520,8646,0.000715178,0,50,50
86520,8647,-0.00922868,0,40,40
86520,8648,-0.0191727,0,30,30
86520,8649,-0.0291168,0,20,20
86520,8650,-0.0390611,0,10,10
86520,8651,-0.0490055,0,0,0
