time,particle_id,x,y,mesh_index,mesh_index_original
20720,2062,0.0468697,0,96,96
20720,2063,0.0368832,0,86,86
20720,2064,0.0268968,0,76,76
20720,2065,0.0169103,0,66,66
20720,2066,0.00692377,0,56,56
20720,2067,-0.00306278,0,46,46
20720,2068,-0.0130494,0,36,36
20720,2069,-0.023036,0,26,26
20720,2070,-0.0330226,0,16,16
20720,2071,-0.0430093,0,6,6
