time,particle_id,x,y,mesh_index,mesh_index_original
27000,2690,0.04683,0,96,96
27000,2691,0.0368477,0,86,86
27000,2692,0.0268654,0,76,76
27000,2693,0.016883,0,66,66
27000,2694,0.00690059,0,56,56
27000,2695,-0.00308187,0,46,46
27000,2696,-0.0130644,0,36,36
27000,2697,-0.0230469,0,26,26
27000,2698,-0.0330295,0,16,16
27000,2699,-0.0430121,0,6,6
