time,particle_id,x,y,mesh_index,mesh_index_original
51660,5156,0.0436847,0,93,93
51660,5157,0.0337186,0,83,83
51660,5158,0.0237524,0,73,73
51660,5159,0.0137861,0,63,63
51660,5160,0.00381977,0,53,53
51660,5161,-0.00614667,0,43,43
51660,5162,-0.0161132,0,33,33
51660,5163,-0.0260798,0,23,23
51660,5164,-0.0360465,0,13,13
51660,5165,-0.0460133,0,3,3
