time,particle_id,x,y,mesh_index,mesh_index_original
10100,1000,0.0479361,0,97,97
10100,1001,0.0379427,0,87,87
10100,1002,0.0279492,0,77,77
10100,1003,0.0179558,0,67,67
10100,1004,0.00796233,0,57,57
10100,1005,-0.00203114,0,47,47
10100,1006,-0.0120246,0,37,37
10100,1007,-0.0220181,0,27,27
10100,1008,-0.0320116,0,17,17
10100,1009,-0.0420052,0,7,7
