time,particle_id,x,y,mesh_index,mesh_index_original
8120,802,0.0489482,0,98,98
8120,803,0.0389535,0,88,88
8120,804,0.0289587,0,78,78
8120,805,0.018964,0,68,68
8120,806,0.00896925,0,58,58
8120,807,-0.00102551,0,48,48
8120,808,-0.0110203,0,38,38
8120,809,-0.0210151,0,28,28
8120,810,-0.0310099,0,18,18
8120,811,-0.0410047,0,8,8
