time,particle_id,x,y,mesh_index,mesh_index_original
37240,3714,0.0457679,0,95,95
37240,3715,0.0357923,0,85,85
37240,3716,0.0258167,0,75,75
37240,3717,0.015841,0,65,65
37240,3718,0.00586525,0,55,55
37240,3719,-0.00411055,0,45,45
37240,3720,-0.0140864,0,35,35
37240,3721,-0.0240623,0,25,25
37240,3722,-0.0340383,0,15,15
37240,3723,-0.0440143,0,5,5
