time,particle_id,x,y,mesh_index,mesh_index_original
28940,2884,0.0468178,0,96,96
28940,2885,0.0368368,0,86,86
28940,2886,0.0268557,0,76,76
28940,2887,0.0168746,0,66,66
28940,2888,0.00689343,0,56,56
28940,2889,-0.00308776,0,46,46
28940,2890,-0.013069,0,36,36
28940,2891,-0.0230503,0,26,26
28940,2892,-0.0330316,0,16,16
28940,2893,-0.043013,0,6,6
