time,particle_id,x,y,mesh_index,mesh_index_original
48780,4868,0.0446991,0,94,94
48780,4869,0.0347311,0,84,84
48780,4870,0.024763,0,74,74
48780,4871,0.0147949,0,64,64
48780,4872,0.00482664,0,54,54
48780,4873,-0.00514166,0,44,44
48780,4874,-0.01511,0,34,34
48780,4875,-0.0250785,0,24,24
48780,4876,-0.035047,0,14,14
48780,4877,-0.0450157,0,4,4
