time,particle_id,x,y,mesh_index,mesh_index_original
57250,5715,0.0436506,0,93,93
57250,5716,0.0336881,0,83,83
57250,5717,0.0237256,0,73,73
57250,5718,0.013763,0,63,63
57250,5719,0.00380027,0,53,53
57250,5720,-0.00616254,0,43,43
57250,5721,-0.0161254,0,33,33
57250,5722,-0.0260884,0,23,23
57250,5723,-0.0360515,0,13,13
57250,5724,-0.0460147,0,3,3
