time,particle_id,x,y,mesh_index,mesh_index_original
37810,3771,0.0457643,0,95,95
37810,3772,0.0357891,0,85,85
37810,3773,0.0258139,0,75,75
37810,3774,0.0158385,0,65,65
37810,3775,0.00586318,0,55,55
37810,3776,-0.00411225,0,45,45
37810,3777,-0.0140877,0,35,35
37810,3778,-0.0240633,0,25,25
37810,3779,-0.0340389,0,15,15
37810,3780,-0.0440146,0,5,5
