time,particle_id,x,y,mesh_index,mesh_index_original
47340,4724,0.044708,0,94,94
47340,4725,0.034739,0,84,84
47340,4726,0.02477,0,74,74
47340,4727,0.0148009,0,64,64
47340,4728,0.00483176,0,54,54
47340,4729,-0.00513748,0,44,44
47340,4730,-0.0151068,0,34,34
47340,4731,-0.0250762,0,24,24
47340,4732,-0.0350456,0,14,14
47340,4733,-0.0450152,0,4,4
