time,particle_id,x,y,mesh_index,mesh_index_original
46320,4622,0.0447143,0,94,94
46320,4623,0.0347446,0,84,84
46320,4624,0.024775,0,74,74
46320,4625,0.0148052,0,64,64
46320,4626,0.00483538,0,54,54
46320,4627,-0.00513452,0,44,44
46320,4628,-0.0151045,0,34,34
46320,4629,-0.0250745,0,24,24
46320,4630,-0.0350447,0,14,14
46320,4631,-0.0450149,0,4,4
