time,particle_id,x,y,mesh_index,mesh_index_original
80800,8070,0.0405229,0,90,90
80800,8071,0.0305759,0,80,80
80800,8072,0.0206287,0,70,70
80800,8073,0.0106814,0,60,60
80800,8074,0.000733977,0,50,50
80800,8075,-0.00921359,0,40,40
80800,8076,-0.0191613,0,30,30
80800,8077,-0.0291091,0,20,20
80800,8078,-0.0390571,0,10,10
80800,8079,-0.0490052,0,0,0
