time,particle_id,x,y,mesh_index,mesh_index_original
13350,1325,0.0479153,0,97,97
13350,1326,0.0379241,0,87,87
13350,1327,0.0279328,0,77,77
13350,1328,0.0179414,0,67,67
13350,1329,0.00795011,0,57,57
13350,1330,-0.00204124,0,47,47
13350,1331,-0.0120326,0,37,37
13350,1332,-0.022024,0,27,27
13350,1333,-0.0320154,0,17,17
13350,1334,-0.0420068,0,7,7
