time,particle_id,x,y,mesh_index,mesh_index_original
22290,2219,0.0468598,0,96,96
22290,2220,0.0368744,0,86,86
22290,2221,0.0268889,0,76,76
22290,2222,0.0169035,0,66,66
22290,2223,0.00691797,0,56,56
22290,2224,-0.00306755,0,46,46
22290,2225,-0.0130531,0,36,36
22290,2226,-0.0230387,0,26,26
22290,2227,-0.0330243,0,16,16
22290,2228,-0.04301,0,6,6
