time,particle_id,x,y,mesh_index,mesh_index_original
21130,2103,0.0468671,0,96,96
21130,2104,0.0368809,0,86,86
21130,2105,0.0268947,0,76,76
21130,2106,0.0169085,0,66,66
21130,2107,0.00692226,0,56,56
21130,2108,-0.00306403,0,46,46
21130,2109,-0.0130503,0,36,36
21130,2110,-0.0230367,0,26,26
21130,2111,-0.0330231,0,16,16
21130,2112,-0.0430095,0,6,6
