time,particle_id,x,y,mesh_index,mesh_index_original
87350,8725,0.0404843,0,90,90
87350,8726,0.0305416,0,80,80
87350,8727,0.0205987,0,70,70
87350,8728,0.0106556,0,60,60
87350,8729,0.000712451,0,50,50
87350,8730,-0.00923087,0,40,40
87350,8731,-0.0191743,0,30,30
87350,8732,-0.0291179,0,20,20
87350,8733,-0.0390617,0,10,10
87350,8734,-0.0490056,0,0,0
