time,particle_id,x,y,mesh_index,mesh_index_original
76210,7611,0.041545,0,91,91
76210,7612,0.0315949,0,81,81
76210,7613,0.0216448,0,71,71
76210,7614,0.0116945,0,61,61
76210,7615,0.00174411,0,51,51
76210,7616,-0.00820641,0,41,41
76210,7617,-0.0181571,0,31,31
76210,7618,-0.0281078,0,21,21
76210,7619,-0.0380587,0,11,11
76210,7620,-0.0480098,0,1,1
