time,particle_id,x,y,mesh_index,mesh_index_original
83990,8389,0.0405041,0,90,90
83990,8390,0.0305592,0,80,80
83990,8391,0.0206141,0,70,70
83990,8392,0.0106689,0,60,60
83990,8393,0.000723492,0,50,50
83990,8394,-0.009222,0,40,40
83990,8395,-0.0191676,0,30,30
83990,8396,-0.0291134,0,20,20
83990,8397,-0.0390593,0,10,10
83990,8398,-0.0490054,0,0,0
