time,particle_id,x,y,mesh_index,mesh_index_original
96550,9644,0.0493731,0,99,99
96550,9645,0.0394365,0,89,89
96550,9646,0.0294997,0,79,79
96550,9647,0.0195628,0,69,69
96550,9648,0.00962573,0,59,59
96550,9649,-0.000311493,0,49,49
96550,9650,-0.0102489,0,39,39
96550,9651,-0.0201864,0,29,29
96550,9652,-0.0301241,0,19,19
96550,9653,-0.040062,0,9,9
