time,particle_id,x,y,mesh_index,mesh_index_original
58820,5872,0.043641,0,93,93
58820,5873,0.0336796,0,83,83
58820,5874,0.0237181,0,73,73
58820,5875,0.0137565,0,63,63
58820,5876,0.0037948,0,53,53
58820,5877,-0.00616699,0,43,43
58820,5878,-0.0161289,0,33,33
58820,5879,-0.0260909,0,23,23
58820,5880,-0.0360529,0,13,13
58820,5881,-0.0460151,0,3,3
