time,particle_id,x,y,mesh_index,mesh_index_original
8350,825,0.0489467,0,98,98
8350,826,0.0389521,0,88,88
8350,827,0.0289576,0,78,78
8350,828,0.018963,0,68,68
8350,829,0.00896837,0,58,58
8350,830,-0.00102624,0,48,48
8350,831,-0.0110209,0,38,38
8350,832,-0.0210155,0,28,28
8350,833,-0.0310101,0,18,18
8350,834,-0.0410048,0,8,8
