time,particle_id,x,y,mesh_index,mesh_index_original
40060,3996,0.0457503,0,95,95
40060,3997,0.0357765,0,85,85
40060,3998,0.0258028,0,75,75
40060,3999,0.0158289,0,65,65
40060,4000,0.00485764,0,54,54
40060,4001,-0.00511633,0,44,44
40060,4002,-0.0150904,0,34,34
40060,4003,-0.0250645,0,24,24
40060,4004,-0.0350386,0,14,14
40060,4005,-0.0450129,0,4,4
