time,particle_id,x,y,mesh_index,mesh_index_original
10790,1069,0.0479317,0,97,97
10790,1070,0.0379387,0,87,87
10790,1071,0.0279457,0,77,77
10790,1072,0.0179527,0,67,67
10790,1073,0.00795974,0,57,57
10790,1074,-0.00203328,0,47,47
10790,1075,-0.0120263,0,37,37
10790,1076,-0.0220194,0,27,27
10790,1077,-0.0320124,0,17,17
10790,1078,-0.0420055,0,7,7
