time,particle_id,x,y,mesh_index,mesh_index_original
78000,7790,0.0415343,0,91,91
78000,7791,0.0315854,0,81,81
78000,7792,0.0216365,0,71,71
78000,7793,0.0116873,0,61,61
78000,7794,0.00173811,0,51,51
78000,7795,-0.00821126,0,41,41
78000,7796,-0.0181607,0,31,31
78000,7797,-0.0281104,0,21,21
78000,7798,-0.0380601,0,11,11
78000,7799,-0.04801,0,1,1
