time,particle_id,x,y,mesh_index,mesh_index_original
36250,3615,0.045774,0,95,95
36250,3616,0.0357978,0,85,85
36250,3617,0.0258215,0,75,75
36250,3618,0.0158452,0,65,65
36250,3619,0.00586883,0,55,55
36250,3620,-0.00410761,0,45,45
36250,3621,-0.0140841,0,35,35
36250,3622,-0.0240607,0,25,25
36250,3623,-0.0340373,0,15,15
36250,3624,-0.044014,0,5,5
