time,particle_id,x,y,mesh_index,mesh_index_original
87430,8733,0.0404839,0,90,90
87430,8734,0.0305411,0,80,80
87430,8735,0.0205983,0,70,70
87430,8736,0.0106553,0,60,60
87430,8737,0.000712188,0,50,50
87430,8738,-0.00923108,0,40,40
87430,8739,-0.0191745,0,30,30
87430,8740,-0.029118,0,20,20
87430,8741,-0.0390618,0,10,10
87430,8742,-0.0490056,0,0,0
