time,particle_id,x,y,mesh_index,mesh_index_original
54410,5431,0.0436679,0,93,93
54410,5432,0.0337036,0,83,83
54410,5433,0.0237392,0,73,73
54410,5434,0.0137747,0,63,63
54410,5435,0.00381017,0,53,53
54410,5436,-0.00615448,0,43,43
54410,5437,-0.0161192,0,33,33
54410,5438,-0.026084,0,23,23
54410,5439,-0.036049,0,13,13
54410,5440,-0.046014,0,3,3
