time,particle_id,x,y,mesh_index,mesh_index_original
4010,391,0.0489747,0,98,98
4010,392,0.0389773,0,88,88
4010,393,0.0289799,0,78,78
4010,394,0.0189824,0,68,68
4010,395,0.00898497,0,58,58
4010,396,-0.00101247,0,48,48
4010,397,-0.0110099,0,38,38
4010,398,-0.0210074,0,28,28
4010,399,-0.0310048,0,18,18
4010,400,-0.0410023,0,8,8
