time,particle_id,x,y,mesh_index,mesh_index_original
93690,9358,0.0493916,0,99,99
93690,9359,0.0394531,0,89,89
93690,9360,0.0295145,0,79,79
93690,9361,0.0195757,0,69,69
93690,9362,0.00963679,0,59,59
93690,9363,-0.000302286,0,49,49
93690,9364,-0.0102415,0,39,39
93690,9365,-0.0201809,0,29,29
93690,9366,-0.0301204,0,19,19
93690,9367,-0.0400601,0,9,9
