time,particle_id,x,y,mesh_index,mesh_index_original
15560,1546,0.0479012,0,97,97
15560,1547,0.0379114,0,87,87
15560,1548,0.0279216,0,77,77
15560,1549,0.0179317,0,67,67
15560,1550,0.00794181,0,57,57
15560,1551,-0.0020481,0,47,47
15560,1552,-0.012038,0,37,37
15560,1553,-0.022028,0,27,27
15560,1554,-0.032018,0,17,17
15560,1555,-0.042008,0,7,7
