time,particle_id,x,y,mesh_index,mesh_index_original
91840,9173,0.0494036,0,99,99
91840,9174,0.0394639,0,89,89
91840,9175,0.0295241,0,79,79
91840,9176,0.0195841,0,69,69
91840,9177,0.00964395,0,59,59
91840,9178,-0.00029633,0,49,49
91840,9179,-0.0102368,0,39,39
91840,9180,-0.0201773,0,29,29
91840,9181,-0.0301181,0,19,19
91840,9182,-0.040059,0,9,9
