time,particle_id,x,y,mesh_index,mesh_index_original
81310,8121,0.0405199,0,90,90
81310,8122,0.0305732,0,80,80
81310,8123,0.0206264,0,70,70
81310,8124,0.0106794,0,60,60
81310,8125,0.0007323,0,50,50
81310,8126,-0.00921493,0,40,40
81310,8127,-0.0191623,0,30,30
81310,8128,-0.0291098,0,20,20
81310,8129,-0.0390574,0,10,10
81310,8130,-0.0490052,0,0,0
