time,particle_id,x,y,mesh_index,mesh_index_original
56170,5607,0.0436572,0,93,93
56170,5608,0.033694,0,83,83
56170,5609,0.0237308,0,73,73
56170,5610,0.0137675,0,63,63
56170,5611,0.00380404,0,53,53
56170,5612,-0.00615947,0,43,43
56170,5613,-0.0161231,0,33,33
56170,5614,-0.0260868,0,23,23
56170,5615,-0.0360505,0,13,13
56170,5616,-0.0460144,0,3,3
