time,particle_id,x,y,mesh_index,mesh_index_original
33650,3355,0.0457903,0,4,4
33650,3356,0.0358123,0,4,4
33650,3357,0.0258344,0,3,3
33650,3358,0.0158563,0,3,3
33650,3359,0.00587824,0,2,2
33650,3360,-0.0040999,0,2,2
33650,3361,-0.0140781,0,1,1
33650,3362,-0.0240563,0,1,1
33650,3363,-0.0340346,0,0,0
33650,3364,-0.044013,0,0,0
