time,particle_id,x,y,mesh_index,mesh_index_original
20870,2077,0.0468687,0,4,4
20870,2078,0.0368824,0,4,4
20870,2079,0.026896,0,3,3
20870,2080,0.0169096,0,3,3
20870,2081,0.00692321,0,2,2
20870,2082,-0.00306325,0,2,2
20870,2083,-0.0130497,0,1,1
20870,2084,-0.0230363,0,1,1
20870,2085,-0.0330228,0,0,0
20870,2086,-0.0430094,0,0,0
