time,particle_id,x,y,mesh_index,mesh_index_original
20980,2088,0.046868,0,4,4
20980,2089,0.0368818,0,4,4
20980,2090,0.0268955,0,3,3
20980,2091,0.0169092,0,3,3
20980,2092,0.00692281,0,2,2
20980,2093,-0.00306358,0,2,2
20980,2094,-0.01305,0,1,1
20980,2095,-0.0230364,0,1,1
20980,2096,-0.0330229,0,0,0
20980,2097,-0.0430094,0,0,0
