time,particle_id,x,y,mesh_index,mesh_index_original
86460,8636,0.0404895,0,4,4
86460,8637,0.0305462,0,4,4
86460,8638,0.0206027,0,3,3
86460,8639,0.0106591,0,3,3
86460,8640,0.000715307,0,2,2
86460,8641,-0.00922853,0,2,2
86460,8642,-0.0191726,0,1,1
86460,8643,-0.0291168,0,1,1
86460,8644,-0.0390611,0,0,0
86460,8645,-0.0490056,0,0,0
