time,particle_id,x,y,mesh_index,mesh_index_original
52890,5279,0.0436772,0,4,4
52890,5280,0.0337119,0,4,4
52890,5281,0.0237465,0,3,3
52890,5282,0.013781,0,3,3
52890,5283,0.00381544,0,2,2
52890,5284,-0.00615018,0,2,2
52890,5285,-0.0161159,0,1,1
52890,5286,-0.0260817,0,1,1
52890,5287,-0.0360476,0,0,0
52890,5288,-0.0460136,0,0,0
