time,particle_id,x,y,mesh_index,mesh_index_original
60500,6040,0.0426347,0,4,4
60500,6041,0.0326744,0,4,4
60500,6042,0.022714,0,3,3
60500,6043,0.0127535,0,3,3
60500,6044,0.00279283,0,2,2
60500,6045,-0.00716785,0,2,2
60500,6046,-0.0171287,0,1,1
60500,6047,-0.0270896,0,1,1
60500,6048,-0.0370506,0,0,0
60500,6049,-0.0470117,0,0,0
