time,particle_id,x,y,mesh_index,mesh_index_original
79270,7917,0.0415267,0,4,4
79270,7918,0.0315787,0,4,4
79270,7919,0.0216305,0,3,3
79270,7920,0.0116822,0,3,3
79270,7921,0.00173379,0,2,2
79270,7922,-0.00821471,0,2,2
79270,7923,-0.0181634,0,1,1
79270,7924,-0.0281122,0,1,1
79270,7925,-0.0380612,0,0,0
79270,7926,-0.0480102,0,0,0
