time,particle_id,x,y,mesh_index,mesh_index_original
77890,7779,0.0415349,0,4,4
77890,7780,0.031586,0,4,4
77890,7781,0.0216369,0,3,3
77890,7782,0.0116878,0,3,3
77890,7783,0.00173842,0,2,2
77890,7784,-0.00821098,0,2,2
77890,7785,-0.0181606,0,1,1
77890,7786,-0.0281102,0,1,1
77890,7787,-0.0380601,0,0,0
77890,7788,-0.04801,0,0,0
