time,particle_id,x,y,mesh_index,mesh_index_original
11700,1160,0.0479259,0,4,4
11700,1161,0.0379335,0,4,4
11700,1162,0.0279411,0,3,3
11700,1163,0.0179487,0,3,3
11700,1164,0.00795632,0,2,2
11700,1165,-0.00203612,0,2,2
11700,1166,-0.0120286,0,1,1
11700,1167,-0.022021,0,1,1
11700,1168,-0.0320135,0,0,0
11700,1169,-0.042006,0,0,0
