time,particle_id,x,y,mesh_index,mesh_index_original
37180,3708,0.0457682,0,4,4
37180,3709,0.0357926,0,4,4
37180,3710,0.025817,0,3,3
37180,3711,0.0158412,0,3,3
37180,3712,0.00586545,0,2,2
37180,3713,-0.0041104,0,2,2
37180,3714,-0.0140863,0,1,1
37180,3715,-0.0240623,0,1,1
37180,3716,-0.0340383,0,0,0
37180,3717,-0.0440144,0,0,0
