time,particle_id,x,y,mesh_index,mesh_index_original
91250,9114,0.0494074,0,4,4
91250,9115,0.0394673,0,4,4
91250,9116,0.0295271,0,3,3
91250,9117,0.0195867,0,3,3
91250,9118,0.00964623,0,2,2
91250,9119,-0.000294503,0,2,2
91250,9120,-0.0102352,0,1,1
91250,9121,-0.0201763,0,1,1
91250,9122,-0.0301173,0,0,0
91250,9123,-0.0400587,0,0,0
