time,particle_id,x,y,mesh_index,mesh_index_original
99750,9964,0.0493523,0,4,4
99750,9965,0.0394178,0,4,4
99750,9966,0.0294832,0,3,3
99750,9967,0.0195483,0,3,3
99750,9968,0.00961335,0,2,2
99750,9969,-0.000321872,0,2,2
99750,9970,-0.0102571,0,1,1
99750,9971,-0.0201927,0,1,1
99750,9972,-0.0301282,0,0,0
99750,9973,-0.0400641,0,0,0
