time,particle_id,x,y,mesh_index,mesh_index_original
47060,4696,0.0447097,0,4,4
47060,4697,0.0347405,0,4,4
47060,4698,0.0247713,0,3,3
47060,4699,0.0148021,0,3,3
47060,4700,0.00483273,0,2,2
47060,4701,-0.00513669,0,2,2
47060,4702,-0.0151062,0,1,1
47060,4703,-0.0250758,0,1,1
47060,4704,-0.0350454,0,0,0
47060,4705,-0.0450151,0,0,0
