time,particle_id,x,y,mesh_index,mesh_index_original
77710,7761,0.041536,0,4,4
77710,7762,0.031587,0,4,4
77710,7763,0.0216378,0,3,3
77710,7764,0.0116885,0,3,3
77710,7765,0.00173902,0,2,2
77710,7766,-0.00821049,0,2,2
77710,7767,-0.0181602,0,1,1
77710,7768,-0.02811,0,1,1
77710,7769,-0.03806,0,0,0
77710,7770,-0.04801,0,0,0
