time,particle_id,x,y,mesh_index,mesh_index_original
21830,2173,0.0468627,0,4,4
21830,2174,0.036877,0,4,4
21830,2175,0.0268912,0,3,3
21830,2176,0.0169055,0,3,3
21830,2177,0.00691967,0,2,2
21830,2178,-0.00306617,0,2,2
21830,2179,-0.013052,0,1,1
21830,2180,-0.0230379,0,1,1
21830,2181,-0.0330238,0,0,0
21830,2182,-0.0430098,0,0,0
