time,particle_id,x,y,mesh_index,mesh_index_original
62950,6285,0.0426199,0,4,4
62950,6286,0.0326612,0,4,4
62950,6287,0.0227024,0,3,3
62950,6288,0.0127435,0,3,3
62950,6289,0.00278445,0,2,2
62950,6290,-0.00717464,0,2,2
62950,6291,-0.0171339,0,1,1
62950,6292,-0.0270932,0,1,1
62950,6293,-0.0370526,0,0,0
62950,6294,-0.0470121,0,0,0
