time,particle_id,x,y,mesh_index,mesh_index_original
18950,1885,0.0478796,0,4,4
18950,1886,0.037892,0,4,4
18950,1887,0.0279044,0,3,3
18950,1888,0.0179167,0,3,3
18950,1889,0.00792907,0,2,2
18950,1890,-0.00205864,0,2,2
18950,1891,-0.0120464,0,1,1
18950,1892,-0.0220341,0,1,1
18950,1893,-0.0320219,0,0,0
18950,1894,-0.0420097,0,0,0
