time,particle_id,x,y,mesh_index,mesh_index_original
94160,9405,0.0493886,0,4,4
94160,9406,0.0394503,0,4,4
94160,9407,0.0295121,0,3,3
94160,9408,0.0195735,0,3,3
94160,9409,0.00963497,0,2,2
94160,9410,-0.000303875,0,2,2
94160,9411,-0.0102427,0,1,1
94160,9412,-0.0201819,0,1,1
94160,9413,-0.030121,0,0,0
94160,9414,-0.0400605,0,0,0
