time,particle_id,x,y,mesh_index,mesh_index_original
730,63,0.0489959,0,4,4
730,64,0.0389963,0,4,4
730,65,0.0289967,0,3,3
730,66,0.0189971,0,3,3
730,67,0.00899753,0,2,2
730,68,-0.00100205,0,2,2
730,69,-0.0110016,0,1,1
730,70,-0.0210012,0,1,1
730,71,-0.0310008,0,0,0
730,72,-0.0410004,0,0,0
