time,particle_id,x,y,mesh_index,mesh_index_original
79420,7932,0.0415258,0,4,4
79420,7933,0.0315779,0,4,4
79420,7934,0.0216298,0,3,3
79420,7935,0.0116816,0,3,3
79420,7936,0.00173329,0,2,2
79420,7937,-0.00821511,0,2,2
79420,7938,-0.0181637,0,1,1
79420,7939,-0.0281124,0,1,1
79420,7940,-0.0380613,0,0,0
79420,7941,-0.0480102,0,0,0
