time,particle_id,x,y,mesh_index,mesh_index_original
80460,8036,0.0405249,0,4,4
80460,8037,0.0305777,0,4,4
80460,8038,0.0206302,0,3,3
80460,8039,0.0106827,0,3,3
80460,8040,0.000735031,0,2,2
80460,8041,-0.00921269,0,2,2
80460,8042,-0.0191607,0,1,1
80460,8043,-0.0291087,0,1,1
80460,8044,-0.0390569,0,0,0
80460,8045,-0.0490052,0,0,0
