time,particle_id,x,y,mesh_index,mesh_index_original
97290,9718,0.0493683,0,4,4
97290,9719,0.0394321,0,4,4
97290,9720,0.0294959,0,3,3
97290,9721,0.0195594,0,3,3
97290,9722,0.00962287,0,2,2
97290,9723,-0.000313953,0,2,2
97290,9724,-0.0102508,0,1,1
97290,9725,-0.0201879,0,1,1
97290,9726,-0.0301251,0,0,0
97290,9727,-0.0400625,0,0,0
