time,particle_id,x,y,mesh_index,mesh_index_original
59380,5928,0.0436376,0,4,4
59380,5929,0.0336765,0,4,4
59380,5930,0.0237154,0,3,3
59380,5931,0.0137541,0,3,3
59380,5932,0.0037928,0,2,2
59380,5933,-0.00616861,0,2,2
59380,5934,-0.0161301,0,1,1
59380,5935,-0.0260917,0,1,1
59380,5936,-0.0360535,0,0,0
59380,5937,-0.0460153,0,0,0
