time,particle_id,x,y,mesh_index,mesh_index_original
42390,4229,0.0447385,0,4,4
42390,4230,0.0347663,0,4,4
42390,4231,0.024794,0,3,3
42390,4232,0.0148217,0,3,3
42390,4233,0.00484933,0,2,2
42390,4234,-0.00512312,0,2,2
42390,4235,-0.0150956,0,1,1
42390,4236,-0.0250682,0,1,1
42390,4237,-0.0350409,0,0,0
42390,4238,-0.0450136,0,0,0
