time,particle_id,x,y,mesh_index,mesh_index_original
92490,9238,0.0493994,0,4,4
92490,9239,0.03946,0,4,4
92490,9240,0.0295207,0,3,3
92490,9241,0.0195811,0,3,3
92490,9242,0.00964143,0,2,2
92490,9243,-0.000298497,0,2,2
92490,9244,-0.0102384,0,1,1
92490,9245,-0.0201787,0,1,1
92490,9246,-0.0301189,0,0,0
92490,9247,-0.0400595,0,0,0
