time,particle_id,x,y,mesh_index,mesh_index_original
46140,4604,0.0447153,0,4,4
46140,4605,0.0347456,0,4,4
46140,4606,0.0247758,0,3,3
46140,4607,0.0148059,0,3,3
46140,4608,0.004836,0,2,2
46140,4609,-0.00513402,0,2,2
46140,4610,-0.0151041,0,1,1
46140,4611,-0.0250743,0,1,1
46140,4612,-0.0350445,0,0,0
46140,4613,-0.0450148,0,0,0
