time,particle_id,x,y,mesh_index,mesh_index_original
95230,9512,0.0493816,0,4,4
95230,9513,0.0394441,0,4,4
95230,9514,0.0295065,0,3,3
95230,9515,0.0195687,0,3,3
95230,9516,0.00963083,0,2,2
95230,9517,-0.00030732,0,2,2
95230,9518,-0.0102455,0,1,1
95230,9519,-0.0201839,0,1,1
95230,9520,-0.0301224,0,0,0
95230,9521,-0.0400612,0,0,0
