time,particle_id,x,y,mesh_index,mesh_index_original
90320,9021,0.0494134,0,4,4
90320,9022,0.0394727,0,4,4
90320,9023,0.0295319,0,3,3
90320,9024,0.0195909,0,3,3
90320,9025,0.00964983,0,2,2
90320,9026,-0.000291508,0,2,2
90320,9027,-0.0102328,0,1,1
90320,9028,-0.0201745,0,1,1
90320,9029,-0.0301161,0,0,0
90320,9030,-0.0400581,0,0,0
