time,particle_id,x,y,mesh_index,mesh_index_original
11860,1176,0.0479249,0,4,4
11860,1177,0.0379326,0,4,4
11860,1178,0.0279403,0,3,3
11860,1179,0.017948,0,3,3
11860,1180,0.00795572,0,2,2
11860,1181,-0.00203661,0,2,2
11860,1182,-0.0120289,0,1,1
11860,1183,-0.0220213,0,1,1
11860,1184,-0.0320137,0,0,0
11860,1185,-0.0420061,0,0,0
