time,particle_id,x,y,mesh_index,mesh_index_original
44930,4483,0.0447228,0,4,4
44930,4484,0.0347523,0,4,4
44930,4485,0.0247817,0,3,3
44930,4486,0.014811,0,3,3
44930,4487,0.0048403,0,2,2
44930,4488,-0.0051305,0,2,2
44930,4489,-0.0151014,0,1,1
44930,4490,-0.0250723,0,1,1
44930,4491,-0.0350434,0,0,0
44930,4492,-0.0450145,0,0,0
