time,particle_id,x,y,mesh_index,mesh_index_original
70230,7013,0.0415806,0,4,4
70230,7014,0.0316267,0,4,4
70230,7015,0.0216726,0,3,3
70230,7016,0.0117184,0,3,3
70230,7017,0.00176411,0,2,2
70230,7018,-0.00819025,0,2,2
70230,7019,-0.0181448,0,1,1
70230,7020,-0.0280994,0,1,1
70230,7021,-0.0380542,0,0,0
70230,7022,-0.048009,0,0,0
