time,particle_id,x,y,mesh_index,mesh_index_original
19820,1972,0.0478741,0,4,4
19820,1973,0.037887,0,4,4
19820,1974,0.0279,0,3,3
19820,1975,0.0179129,0,3,3
19820,1976,0.0079258,0,2,2
19820,1977,-0.00206134,0,2,2
19820,1978,-0.0120485,0,1,1
19820,1979,-0.0220357,0,1,1
19820,1980,-0.0320229,0,0,0
19820,1981,-0.0420102,0,0,0
