time,particle_id,x,y,mesh_index,mesh_index_original
67880,6778,0.0425902,0,4,4
67880,6779,0.0326347,0,4,4
67880,6780,0.0226791,0,3,3
67880,6781,0.0127234,0,3,3
67880,6782,0.00276758,0,2,2
67880,6783,-0.00718831,0,2,2
67880,6784,-0.0171444,0,1,1
67880,6785,-0.0271005,0,1,1
67880,6786,-0.0370568,0,0,0
67880,6787,-0.0470131,0,0,0
