time,particle_id,x,y,mesh_index,mesh_index_original
25420,2532,0.04684,0,4,4
25420,2533,0.0368566,0,4,4
25420,2534,0.0268733,0,3,3
25420,2535,0.0168899,0,3,3
25420,2536,0.00690642,0,2,2
25420,2537,-0.00307708,0,2,2
25420,2538,-0.0130606,0,1,1
25420,2539,-0.0230442,0,1,1
25420,2540,-0.0330278,0,0,0
25420,2541,-0.0430114,0,0,0
