time,particle_id,x,y,mesh_index,mesh_index_original
43740,4364,0.0447302,0,4,4
43740,4365,0.0347589,0,4,4
43740,4366,0.0247875,0,3,3
43740,4367,0.014816,0,3,3
43740,4368,0.00484453,0,2,2
43740,4369,-0.00512704,0,2,2
43740,4370,-0.0150987,0,1,1
43740,4371,-0.0250704,0,1,1
43740,4372,-0.0350422,0,0,0
43740,4373,-0.0450141,0,0,0
