time,particle_id,x,y,mesh_index,mesh_index_original
18760,1866,0.0478808,0,4,4
18760,1867,0.0378931,0,4,4
18760,1868,0.0279054,0,3,3
18760,1869,0.0179176,0,3,3
18760,1870,0.00792979,0,2,2
18760,1871,-0.00205805,0,2,2
18760,1872,-0.0120459,0,1,1
18760,1873,-0.0220338,0,1,1
18760,1874,-0.0320217,0,0,0
18760,1875,-0.0420096,0,0,0
