time,particle_id,x,y,mesh_index,mesh_index_original
52450,5235,0.0436798,0,4,4
52450,5236,0.0337143,0,4,4
52450,5237,0.0237486,0,3,3
52450,5238,0.0137828,0,3,3
52450,5239,0.00381698,0,2,2
52450,5240,-0.00614894,0,2,2
52450,5241,-0.016115,0,1,1
52450,5242,-0.026081,0,1,1
52450,5243,-0.0360472,0,0,0
52450,5244,-0.0460135,0,0,0
