time,particle_id,x,y,mesh_index,mesh_index_original
30870,3077,0.0458076,0,4,4
30870,3078,0.0358279,0,4,4
30870,3079,0.0258481,0,3,3
30870,3080,0.0158682,0,3,3
30870,3081,0.00588831,0,2,2
30870,3082,-0.00409164,0,2,2
30870,3083,-0.0140716,0,1,1
30870,3084,-0.0240517,0,1,1
30870,3085,-0.0340318,0,0,0
30870,3086,-0.0440119,0,0,0
