time,particle_id,x,y,mesh_index,mesh_index_original
18550,1845,0.0478822,0,4,4
18550,1846,0.0378943,0,4,4
18550,1847,0.0279064,0,3,3
18550,1848,0.0179185,0,3,3
18550,1849,0.00793057,0,2,2
18550,1850,-0.0020574,0,2,2
18550,1851,-0.0120454,0,1,1
18550,1852,-0.0220334,0,1,1
18550,1853,-0.0320214,0,0,0
18550,1854,-0.0420095,0,0,0
