time,particle_id,x,y,mesh_index,mesh_index_original
21070,2097,0.0468675,0,4,4
21070,2098,0.0368813,0,4,4
21070,2099,0.026895,0,3,3
21070,2100,0.0169088,0,3,3
21070,2101,0.00692248,0,2,2
21070,2102,-0.00306386,0,2,2
21070,2103,-0.0130502,0,1,1
21070,2104,-0.0230366,0,1,1
21070,2105,-0.033023,0,0,0
21070,2106,-0.0430095,0,0,0
