time,particle_id,x,y,mesh_index,mesh_index_original
87170,8707,0.0404853,0,4,4
87170,8708,0.0305425,0,4,4
87170,8709,0.0205994,0,3,3
87170,8710,0.0106563,0,3,3
87170,8711,0.000712974,0,2,2
87170,8712,-0.0092304,0,2,2
87170,8713,-0.019174,0,1,1
87170,8714,-0.0291177,0,1,1
87170,8715,-0.0390616,0,0,0
87170,8716,-0.0490056,0,0,0
