time,particle_id,x,y,mesh_index,mesh_index_original
16010,1591,0.0478984,0,4,4
16010,1592,0.0379088,0,4,4
16010,1593,0.0279193,0,3,3
16010,1594,0.0179297,0,3,3
16010,1595,0.00794012,0,2,2
16010,1596,-0.00204951,0,2,2
16010,1597,-0.0120391,0,1,1
16010,1598,-0.0220288,0,1,1
16010,1599,-0.0320185,0,0,0
16010,1600,-0.0420082,0,0,0
