time,particle_id,x,y,mesh_index,mesh_index_original
21840,2174,0.0468626,0,4,4
21840,2175,0.0368769,0,4,4
21840,2176,0.0268912,0,3,3
21840,2177,0.0169054,0,3,3
21840,2178,0.00691963,0,2,2
21840,2179,-0.0030662,0,2,2
21840,2180,-0.013052,0,1,1
21840,2181,-0.0230379,0,1,1
21840,2182,-0.0330239,0,0,0
21840,2183,-0.0430098,0,0,0
