time,particle_id,x,y,mesh_index,mesh_index_original
18170,1807,0.0478846,0,4,4
18170,1808,0.0378965,0,4,4
18170,1809,0.0279083,0,3,3
18170,1810,0.0179202,0,3,3
18170,1811,0.007932,0,2,2
18170,1812,-0.00205622,0,2,2
18170,1813,-0.0120444,0,1,1
18170,1814,-0.0220327,0,1,1
18170,1815,-0.032021,0,0,0
18170,1816,-0.0420093,0,0,0
