time,particle_id,x,y,mesh_index,mesh_index_original
67050,6695,0.0425952,0,4,4
67050,6696,0.0326392,0,4,4
67050,6697,0.022683,0,3,3
67050,6698,0.0127268,0,3,3
67050,6699,0.00277042,0,2,2
67050,6700,-0.00718601,0,2,2
67050,6701,-0.0171426,0,1,1
67050,6702,-0.0270992,0,1,1
67050,6703,-0.0370561,0,0,0
67050,6704,-0.0470129,0,0,0
