time,particle_id,x,y,mesh_index,mesh_index_original
89640,8954,0.0404708,0,4,4
89640,8955,0.0305296,0,4,4
89640,8956,0.0205881,0,3,3
89640,8957,0.0106466,0,3,3
89640,8958,0.000704857,0,2,2
89640,8959,-0.00923692,0,2,2
89640,8960,-0.019179,0,1,1
89640,8961,-0.029121,0,1,1
89640,8962,-0.0390634,0,0,0
89640,8963,-0.0490058,0,0,0
