time,particle_id,x,y,mesh_index,mesh_index_original
34520,3442,0.0457848,0,4,4
34520,3443,0.0358075,0,4,4
34520,3444,0.0258301,0,3,3
34520,3445,0.0158526,0,3,3
34520,3446,0.00587509,0,2,2
34520,3447,-0.00410249,0,2,2
34520,3448,-0.0140801,0,1,1
34520,3449,-0.0240578,0,1,1
34520,3450,-0.0340355,0,0,0
34520,3451,-0.0440133,0,0,0
