time,particle_id,x,y,mesh_index,mesh_index_original
69640,6954,0.0425795,0,4,4
69640,6955,0.0326252,0,4,4
69640,6956,0.0226708,0,3,3
69640,6957,0.0127163,0,3,3
69640,6958,0.00276156,0,2,2
69640,6959,-0.00719318,0,2,2
69640,6960,-0.0171481,0,1,1
69640,6961,-0.0271031,0,1,1
69640,6962,-0.0370582,0,0,0
69640,6963,-0.0470134,0,0,0
