time,particle_id,x,y,mesh_index,mesh_index_original
28540,2844,0.0468203,0,4,4
28540,2845,0.036839,0,4,4
28540,2846,0.0268577,0,3,3
28540,2847,0.0168763,0,3,3
28540,2848,0.0068949,0,2,2
28540,2849,-0.00308656,0,2,2
28540,2850,-0.0130681,0,1,1
28540,2851,-0.0230496,0,1,1
28540,2852,-0.0330312,0,0,0
28540,2853,-0.0430128,0,0,0
