time,particle_id,x,y,mesh_index,mesh_index_original
90870,9076,0.0494099,0,4,4
90870,9077,0.0394695,0,4,4
90870,9078,0.0295291,0,3,3
90870,9079,0.0195884,0,3,3
90870,9080,0.0096477,0,2,2
90870,9081,-0.000293279,0,2,2
90870,9082,-0.0102343,0,1,1
90870,9083,-0.0201755,0,1,1
90870,9084,-0.0301168,0,0,0
90870,9085,-0.0400584,0,0,0
