time,particle_id,x,y,mesh_index,mesh_index_original
17410,1731,0.0478894,0,4,4
17410,1732,0.0379008,0,4,4
17410,1733,0.0279122,0,3,3
17410,1734,0.0179235,0,3,3
17410,1735,0.00793486,0,2,2
17410,1736,-0.00205386,0,2,2
17410,1737,-0.0120426,0,1,1
17410,1738,-0.0220313,0,1,1
17410,1739,-0.0320201,0,0,0
17410,1740,-0.0420089,0,0,0
