time,particle_id,x,y,mesh_index,mesh_index_original
65220,6512,0.0426062,0,4,4
65220,6513,0.032649,0,4,4
65220,6514,0.0226917,0,3,3
65220,6515,0.0127342,0,3,3
65220,6516,0.00277668,0,2,2
65220,6517,-0.00718093,0,2,2
65220,6518,-0.0171387,0,1,1
65220,6519,-0.0270965,0,1,1
65220,6520,-0.0370545,0,0,0
65220,6521,-0.0470126,0,0,0
