time,particle_id,x,y,mesh_index,mesh_index_original
19690,1959,0.0478749,0,4,4
19690,1960,0.0378878,0,4,4
19690,1961,0.0279006,0,3,3
19690,1962,0.0179135,0,3,3
19690,1963,0.00792629,0,2,2
19690,1964,-0.00206094,0,2,2
19690,1965,-0.0120482,0,1,1
19690,1966,-0.0220355,0,1,1
19690,1967,-0.0320228,0,0,0
19690,1968,-0.0420101,0,0,0
