time,particle_id,x,y,mesh_index,mesh_index_original
98730,9862,0.0493589,0,4,4
98730,9863,0.0394237,0,4,4
98730,9864,0.0294884,0,3,3
98730,9865,0.0195529,0,3,3
98730,9866,0.0096173,0,2,2
98730,9867,-0.000318588,0,2,2
98730,9868,-0.0102545,0,1,1
98730,9869,-0.0201907,0,1,1
98730,9870,-0.0301269,0,0,0
98730,9871,-0.0400635,0,0,0
