time,particle_id,x,y,mesh_index,mesh_index_original
63680,6358,0.0426155,0,4,4
63680,6359,0.0326573,0,4,4
63680,6360,0.0226989,0,3,3
63680,6361,0.0127405,0,3,3
63680,6362,0.00278195,0,2,2
63680,6363,-0.00717667,0,2,2
63680,6364,-0.0171354,0,1,1
63680,6365,-0.0270943,0,1,1
63680,6366,-0.0370532,0,0,0
63680,6367,-0.0470123,0,0,0
