time,particle_id,x,y,mesh_index,mesh_index_original
79670,7957,0.0415243,0,4,4
79670,7958,0.0315766,0,4,4
79670,7959,0.0216286,0,3,3
79670,7960,0.0116806,0,3,3
79670,7961,0.00173245,0,2,2
79670,7962,-0.00821579,0,2,2
79670,7963,-0.0181642,0,1,1
79670,7964,-0.0281128,0,1,1
79670,7965,-0.0380615,0,0,0
79670,7966,-0.0480102,0,0,0
