time,particle_id,x,y,mesh_index,mesh_index_original
20340,2024,0.0468721,0,4,4
20340,2025,0.0368854,0,4,4
20340,2026,0.0268987,0,3,3
20340,2027,0.0169119,0,3,3
20340,2028,0.00692517,0,2,2
20340,2029,-0.00306164,0,2,2
20340,2030,-0.0130485,0,1,1
20340,2031,-0.0230353,0,1,1
20340,2032,-0.0330222,0,0,0
20340,2033,-0.0430092,0,0,0
