time,particle_id,x,y,mesh_index,mesh_index_original
17820,1772,0.0478868,0,4,4
17820,1773,0.0378985,0,4,4
17820,1774,0.0279101,0,3,3
17820,1775,0.0179217,0,3,3
17820,1776,0.00793332,0,2,2
17820,1777,-0.00205513,0,2,2
17820,1778,-0.0120436,0,1,1
17820,1779,-0.0220321,0,1,1
17820,1780,-0.0320206,0,0,0
17820,1781,-0.0420092,0,0,0
