time,particle_id,x,y,mesh_index,mesh_index_original
72000,7190,0.04157,0,4,4
72000,7191,0.0316173,0,4,4
72000,7192,0.0216643,0,3,3
72000,7193,0.0117114,0,3,3
72000,7194,0.00175817,0,2,2
72000,7195,-0.00819504,0,2,2
72000,7196,-0.0181485,0,1,1
72000,7197,-0.0281019,0,1,1
72000,7198,-0.0380556,0,0,0
72000,7199,-0.0480093,0,0,0
