time,particle_id,x,y,mesh_index,mesh_index_original
86520,8642,0.0404891,0,4,4
86520,8643,0.0305459,0,4,4
86520,8644,0.0206024,0,3,3
86520,8645,0.0106589,0,3,3
86520,8646,0.00071511,0,2,2
86520,8647,-0.00922869,0,2,2
86520,8648,-0.0191728,0,1,1
86520,8649,-0.0291168,0,1,1
86520,8650,-0.0390612,0,0,0
86520,8651,-0.0490056,0,0,0
