time,particle_id,x,y,mesh_index,mesh_index_original
54060,5396,0.04367,0,4,4
54060,5397,0.0337055,0,4,4
54060,5398,0.0237409,0,3,3
54060,5399,0.0137762,0,3,3
54060,5400,0.00381136,0,2,2
54060,5401,-0.00615351,0,2,2
54060,5402,-0.0161185,0,1,1
54060,5403,-0.0260835,0,1,1
54060,5404,-0.0360487,0,0,0
54060,5405,-0.0460139,0,0,0
