time,particle_id,x,y,mesh_index,mesh_index_original
20310,2021,0.0468723,0,4,4
20310,2022,0.0368856,0,4,4
20310,2023,0.0268988,0,3,3
20310,2024,0.0169121,0,3,3
20310,2025,0.00692528,0,2,2
20310,2026,-0.00306154,0,2,2
20310,2027,-0.0130484,0,1,1
20310,2028,-0.0230353,0,1,1
20310,2029,-0.0330222,0,0,0
20310,2030,-0.0430091,0,0,0
