time,particle_id,x,y,mesh_index,mesh_index_original
35010,3491,0.0457818,0,4,4
35010,3492,0.0358047,0,4,4
35010,3493,0.0258276,0,3,3
35010,3494,0.0158505,0,3,3
35010,3495,0.00587331,0,2,2
35010,3496,-0.00410394,0,2,2
35010,3497,-0.0140812,0,1,1
35010,3498,-0.0240586,0,1,1
35010,3499,-0.034036,0,0,0
35010,3500,-0.0440135,0,0,0
