time,particle_id,x,y,mesh_index,mesh_index_original
86060,8596,0.0404919,0,4,4
86060,8597,0.0305483,0,4,4
86060,8598,0.0206045,0,3,3
86060,8599,0.0106607,0,3,3
86060,8600,0.000716622,0,2,2
86060,8601,-0.00922747,0,2,2
86060,8602,-0.0191718,0,1,1
86060,8603,-0.0291162,0,1,1
86060,8604,-0.0390609,0,0,0
86060,8605,-0.0490055,0,0,0
