time,particle_id,x,y,mesh_index,mesh_index_original
78460,7836,0.0415315,0,4,4
78460,7837,0.031583,0,4,4
78460,7838,0.0216343,0,3,3
78460,7839,0.0116855,0,3,3
78460,7840,0.00173651,0,2,2
78460,7841,-0.00821252,0,2,2
78460,7842,-0.0181618,0,1,1
78460,7843,-0.028111,0,1,1
78460,7844,-0.0380605,0,0,0
78460,7845,-0.0480101,0,0,0
