time,particle_id,x,y,mesh_index,mesh_index_original
97530,9742,0.0493667,0,4,4
97530,9743,0.0394307,0,4,4
97530,9744,0.0294946,0,3,3
97530,9745,0.0195583,0,3,3
97530,9746,0.00962194,0,2,2
97530,9747,-0.000314725,0,2,2
97530,9748,-0.0102514,0,1,1
97530,9749,-0.0201884,0,1,1
97530,9750,-0.0301254,0,0,0
97530,9751,-0.0400627,0,0,0
