time,particle_id,x,y,mesh_index,mesh_index_original
39810,3971,0.0457518,0,4,4
39810,3972,0.0357779,0,4,4
39810,3973,0.025804,0,3,3
39810,3974,0.01583,0,3,3
39810,3975,0.00585592,0,2,2
39810,3976,-0.00411821,0,2,2
39810,3977,-0.0140924,0,1,1
39810,3978,-0.0240667,0,1,1
39810,3979,-0.034041,0,0,0
39810,3980,-0.0440154,0,0,0
