time,particle_id,x,y,mesh_index,mesh_index_original
25440,2534,0.0468399,0,4,4
25440,2535,0.0368565,0,4,4
25440,2536,0.0268732,0,3,3
25440,2537,0.0168898,0,3,3
25440,2538,0.00690634,0,2,2
25440,2539,-0.00307714,0,2,2
25440,2540,-0.0130606,0,1,1
25440,2541,-0.0230442,0,1,1
25440,2542,-0.0330278,0,0,0
25440,2543,-0.0430115,0,0,0
