time,particle_id,x,y,mesh_index,mesh_index_original
83030,8293,0.0405097,0,4,4
83030,8294,0.0305642,0,4,4
83030,8295,0.0206184,0,3,3
83030,8296,0.0106726,0,3,3
83030,8297,0.000726582,0,2,2
83030,8298,-0.00921948,0,2,2
83030,8299,-0.0191658,0,1,1
83030,8300,-0.0291121,0,1,1
83030,8301,-0.0390587,0,0,0
83030,8302,-0.0490053,0,0,0
