time,particle_id,x,y,mesh_index,mesh_index_original
60860,6076,0.0426325,0,4,4
60860,6077,0.0326725,0,4,4
60860,6078,0.0227123,0,3,3
60860,6079,0.012752,0,3,3
60860,6080,0.0027916,0,2,2
60860,6081,-0.00716885,0,2,2
60860,6082,-0.0171294,0,1,1
60860,6083,-0.0270901,0,1,1
60860,6084,-0.0370509,0,0,0
60860,6085,-0.0470117,0,0,0
