time,particle_id,x,y,mesh_index,mesh_index_original
81970,8187,0.040516,0,4,4
81970,8188,0.0305698,0,4,4
81970,8189,0.0206233,0,3,3
81970,8190,0.0106768,0,3,3
81970,8191,0.000730066,0,2,2
81970,8192,-0.00921668,0,2,2
81970,8193,-0.0191637,0,1,1
81970,8194,-0.0291107,0,1,1
81970,8195,-0.039058,0,0,0
81970,8196,-0.0490053,0,0,0
