time,particle_id,x,y,mesh_index,mesh_index_original
46480,4638,0.0447132,0,4,4
46480,4639,0.0347437,0,4,4
46480,4640,0.0247742,0,3,3
46480,4641,0.0148045,0,3,3
46480,4642,0.00483479,0,2,2
46480,4643,-0.00513501,0,2,2
46480,4644,-0.0151049,0,1,1
46480,4645,-0.0250748,0,1,1
46480,4646,-0.0350449,0,0,0
46480,4647,-0.045015,0,0,0
