time,particle_id,x,y,mesh_index,mesh_index_original
88120,8802,0.0404797,0,4,4
88120,8803,0.0305375,0,4,4
88120,8804,0.0205951,0,3,3
88120,8805,0.0106526,0,3,3
88120,8806,0.000709852,0,2,2
88120,8807,-0.00923291,0,2,2
88120,8808,-0.0191759,0,1,1
88120,8809,-0.029119,0,1,1
88120,8810,-0.0390623,0,0,0
88120,8811,-0.0490057,0,0,0
