time,particle_id,x,y,mesh_index,mesh_index_original
47660,4756,0.044706,0,4,4
47660,4757,0.0347372,0,4,4
47660,4758,0.0247684,0,3,3
47660,4759,0.0147996,0,3,3
47660,4760,0.00483059,0,2,2
47660,4761,-0.00513843,0,2,2
47660,4762,-0.0151075,0,1,1
47660,4763,-0.0250767,0,1,1
47660,4764,-0.035046,0,0,0
47660,4765,-0.0450153,0,0,0
