time,particle_id,x,y,mesh_index,mesh_index_original
26230,2613,0.0468349,0,4,4
26230,2614,0.0368521,0,4,4
26230,2615,0.0268692,0,3,3
26230,2616,0.0168863,0,3,3
26230,2617,0.00690343,0,2,2
26230,2618,-0.00307954,0,2,2
26230,2619,-0.0130625,0,1,1
26230,2620,-0.0230456,0,1,1
26230,2621,-0.0330287,0,0,0
26230,2622,-0.0430118,0,0,0
