time,particle_id,x,y,mesh_index,mesh_index_original
7990,789,0.048949,0,4,4
7990,790,0.0389542,0,4,4
7990,791,0.0289594,0,3,3
7990,792,0.0189646,0,3,3
7990,793,0.00896975,0,2,2
7990,794,-0.0010251,0,2,2
7990,795,-0.01102,0,1,1
7990,796,-0.0210148,0,1,1
7990,797,-0.0310097,0,0,0
7990,798,-0.0410046,0,0,0
