time,particle_id,x,y,mesh_index,mesh_index_original
52360,5226,0.0436804,0,4,4
52360,5227,0.0337148,0,4,4
52360,5228,0.023749,0,3,3
52360,5229,0.0137832,0,3,3
52360,5230,0.00381729,0,2,2
52360,5231,-0.00614868,0,2,2
52360,5232,-0.0161148,0,1,1
52360,5233,-0.0260809,0,1,1
52360,5234,-0.0360472,0,0,0
52360,5235,-0.0460135,0,0,0
