time,particle_id,x,y,mesh_index,mesh_index_original
33370,3327,0.045792,0,4,4
33370,3328,0.0358139,0,4,4
33370,3329,0.0258357,0,3,3
33370,3330,0.0158575,0,3,3
33370,3331,0.00587925,0,2,2
33370,3332,-0.00409907,0,2,2
33370,3333,-0.0140774,0,1,1
33370,3334,-0.0240559,0,1,1
33370,3335,-0.0340343,0,0,0
33370,3336,-0.0440129,0,0,0
