time,particle_id,x,y,mesh_index,mesh_index_original
23030,2293,0.0468551,0,4,4
23030,2294,0.0368702,0,4,4
23030,2295,0.0268852,0,3,3
23030,2296,0.0169002,0,3,3
23030,2297,0.00691524,0,2,2
23030,2298,-0.00306981,0,2,2
23030,2299,-0.0130549,0,1,1
23030,2300,-0.02304,0,1,1
23030,2301,-0.0330252,0,0,0
23030,2302,-0.0430104,0,0,0
