time,particle_id,x,y,mesh_index,mesh_index_original
97900,9779,0.0493643,0,4,4
97900,9780,0.0394285,0,4,4
97900,9781,0.0294927,0,3,3
97900,9782,0.0195566,0,3,3
97900,9783,0.00962051,0,2,2
97900,9784,-0.000315916,0,2,2
97900,9785,-0.0102523,0,1,1
97900,9786,-0.0201891,0,1,1
97900,9787,-0.0301258,0,0,0
97900,9788,-0.0400629,0,0,0
