time,particle_id,x,y,mesh_index,mesh_index_original
44790,4469,0.0447237,0,4,4
44790,4470,0.0347531,0,4,4
44790,4471,0.0247824,0,3,3
44790,4472,0.0148116,0,3,3
44790,4473,0.0048408,0,2,2
44790,4474,-0.00513009,0,2,2
44790,4475,-0.0151011,0,1,1
44790,4476,-0.0250721,0,1,1
44790,4477,-0.0350432,0,0,0
44790,4478,-0.0450144,0,0,0
