time,particle_id,x,y,mesh_index,mesh_index_original
35360,3526,0.0457796,0,4,4
35360,3527,0.0358028,0,4,4
35360,3528,0.0258259,0,3,3
35360,3529,0.015849,0,3,3
35360,3530,0.00587204,0,2,2
35360,3531,-0.00410499,0,2,2
35360,3532,-0.0140821,0,1,1
35360,3533,-0.0240592,0,1,1
35360,3534,-0.0340364,0,0,0
35360,3535,-0.0440136,0,0,0
