time,particle_id,x,y,mesh_index,mesh_index_original
17460,1736,0.0478891,0,4,4
17460,1737,0.0379005,0,4,4
17460,1738,0.0279119,0,3,3
17460,1739,0.0179233,0,3,3
17460,1740,0.00793467,0,2,2
17460,1741,-0.00205401,0,2,2
17460,1742,-0.0120427,0,1,1
17460,1743,-0.0220314,0,1,1
17460,1744,-0.0320202,0,0,0
17460,1745,-0.042009,0,0,0
