time,particle_id,x,y,mesh_index,mesh_index_original
2030,193,0.0489875,0,4,4
2030,194,0.0389888,0,4,4
2030,195,0.02899,0,3,3
2030,196,0.0189913,0,3,3
2030,197,0.00899256,0,2,2
2030,198,-0.00100618,0,2,2
2030,199,-0.0110049,0,1,1
2030,200,-0.0210037,0,1,1
2030,201,-0.0310024,0,0,0
2030,202,-0.0410011,0,0,0
