time,particle_id,x,y,mesh_index,mesh_index_original
85740,8564,0.0404937,0,4,4
85740,8565,0.03055,0,4,4
85740,8566,0.020606,0,3,3
85740,8567,0.010662,0,3,3
85740,8568,0.000717674,0,2,2
85740,8569,-0.00922663,0,2,2
85740,8570,-0.0191712,0,1,1
85740,8571,-0.0291158,0,1,1
85740,8572,-0.0390606,0,0,0
85740,8573,-0.0490055,0,0,0
