time,particle_id,x,y,mesh_index,mesh_index_original
79230,7913,0.0415269,0,4,4
79230,7914,0.0315789,0,4,4
79230,7915,0.0216307,0,3,3
79230,7916,0.0116824,0,3,3
79230,7917,0.00173392,0,2,2
79230,7918,-0.0082146,0,2,2
79230,7919,-0.0181633,0,1,1
79230,7920,-0.0281121,0,1,1
79230,7921,-0.0380611,0,0,0
79230,7922,-0.0480102,0,0,0
