time,particle_id,x,y,mesh_index,mesh_index_original
21250,2115,0.0468663,0,4,4
21250,2116,0.0368802,0,4,4
21250,2117,0.0268941,0,3,3
21250,2118,0.016908,0,3,3
21250,2119,0.00692181,0,2,2
21250,2120,-0.0030644,0,2,2
21250,2121,-0.0130506,0,1,1
21250,2122,-0.0230369,0,1,1
21250,2123,-0.0330232,0,0,0
21250,2124,-0.0430096,0,0,0
