time,particle_id,x,y,mesh_index,mesh_index_original
11520,1142,0.047927,0,4,4
11520,1143,0.0379345,0,4,4
11520,1144,0.027942,0,3,3
11520,1145,0.0179495,0,3,3
11520,1146,0.007957,0,2,2
11520,1147,-0.00203556,0,2,2
11520,1148,-0.0120281,0,1,1
11520,1149,-0.0220207,0,1,1
11520,1150,-0.0320133,0,0,0
11520,1151,-0.0420059,0,0,0
