time,particle_id,x,y,mesh_index,mesh_index_original
93460,9335,0.0493931,0,4,4
93460,9336,0.0394544,0,4,4
93460,9337,0.0295157,0,3,3
93460,9338,0.0195767,0,3,3
93460,9339,0.00963768,0,2,2
93460,9340,-0.000301621,0,2,2
93460,9341,-0.0102409,0,1,1
93460,9342,-0.0201805,0,1,1
93460,9343,-0.0301201,0,0,0
93460,9344,-0.0400601,0,0,0
