time,particle_id,x,y,mesh_index,mesh_index_original
31610,3151,0.045803,0,4,4
31610,3152,0.0358237,0,4,4
31610,3153,0.0258444,0,3,3
31610,3154,0.015865,0,3,3
31610,3155,0.00588563,0,2,2
31610,3156,-0.00409384,0,2,2
31610,3157,-0.0140733,0,1,1
31610,3158,-0.0240529,0,1,1
31610,3159,-0.0340325,0,0,0
31610,3160,-0.0440122,0,0,0
