time,particle_id,x,y,mesh_index,mesh_index_original
62220,6212,0.0426243,0,4,4
62220,6213,0.0326651,0,4,4
62220,6214,0.0227058,0,3,3
62220,6215,0.0127465,0,3,3
62220,6216,0.00278695,0,2,2
62220,6217,-0.00717262,0,2,2
62220,6218,-0.0171323,0,1,1
62220,6219,-0.0270921,0,1,1
62220,6220,-0.037052,0,0,0
62220,6221,-0.047012,0,0,0
