time,particle_id,x,y,mesh_index,mesh_index_original
81560,8146,0.0405184,0,4,4
81560,8147,0.0305719,0,4,4
81560,8148,0.0206252,0,3,3
81560,8149,0.0106784,0,3,3
81560,8150,0.000731414,0,2,2
81560,8151,-0.0092156,0,2,2
81560,8152,-0.0191629,0,1,1
81560,8153,-0.0291101,0,1,1
81560,8154,-0.0390577,0,0,0
81560,8155,-0.0490052,0,0,0
