time,particle_id,x,y,mesh_index,mesh_index_original
25490,2539,0.0468396,0,4,4
25490,2540,0.0368563,0,4,4
25490,2541,0.0268729,0,3,3
25490,2542,0.0168896,0,3,3
25490,2543,0.00690616,0,2,2
25490,2544,-0.00307729,0,2,2
25490,2545,-0.0130608,0,1,1
25490,2546,-0.0230443,0,1,1
25490,2547,-0.0330279,0,0,0
25490,2548,-0.0430115,0,0,0
