time,particle_id,x,y,mesh_index,mesh_index_original
30550,3045,0.0458096,0,4,4
30550,3046,0.0358296,0,4,4
30550,3047,0.0258496,0,3,3
30550,3048,0.0158696,0,3,3
30550,3049,0.00588947,0,2,2
30550,3050,-0.00409068,0,2,2
30550,3051,-0.0140709,0,1,1
30550,3052,-0.0240511,0,1,1
30550,3053,-0.0340314,0,0,0
30550,3054,-0.0440118,0,0,0
