time,particle_id,x,y,mesh_index,mesh_index_original
91400,9129,0.0494064,0,4,4
91400,9130,0.0394664,0,4,4
91400,9131,0.0295263,0,3,3
91400,9132,0.019586,0,3,3
91400,9133,0.00964565,0,2,2
91400,9134,-0.000294986,0,2,2
91400,9135,-0.0102356,0,1,1
91400,9136,-0.0201766,0,1,1
91400,9137,-0.0301175,0,0,0
91400,9138,-0.0400588,0,0,0
