time,particle_id,x,y,mesh_index,mesh_index_original
21960,2186,0.0468618,0,4,4
21960,2187,0.0368762,0,4,4
21960,2188,0.0268906,0,3,3
21960,2189,0.0169049,0,3,3
21960,2190,0.00691919,0,2,2
21960,2191,-0.00306656,0,2,2
21960,2192,-0.0130523,0,1,1
21960,2193,-0.0230382,0,1,1
21960,2194,-0.033024,0,0,0
21960,2195,-0.0430099,0,0,0
