time,particle_id,x,y,mesh_index,mesh_index_original
38420,3832,0.0457605,0,4,4
38420,3833,0.0357857,0,4,4
38420,3834,0.0258108,0,3,3
38420,3835,0.0158359,0,3,3
38420,3836,0.00586096,0,2,2
38420,3837,-0.00411408,0,2,2
38420,3838,-0.0140892,0,1,1
38420,3839,-0.0240643,0,1,1
38420,3840,-0.0340395,0,0,0
38420,3841,-0.0440148,0,0,0
