time,particle_id,x,y,mesh_index,mesh_index_original
15440,1534,0.047902,0,4,4
15440,1535,0.0379121,0,4,4
15440,1536,0.0279222,0,3,3
15440,1537,0.0179322,0,3,3
15440,1538,0.00794226,0,2,2
15440,1539,-0.00204774,0,2,2
15440,1540,-0.0120377,0,1,1
15440,1541,-0.0220278,0,1,1
15440,1542,-0.0320178,0,0,0
15440,1543,-0.0420079,0,0,0
