time,particle_id,x,y,mesh_index,mesh_index_original
92500,9239,0.0493993,0,4,4
92500,9240,0.03946,0,4,4
92500,9241,0.0295206,0,3,3
92500,9242,0.019581,0,3,3
92500,9243,0.0096414,0,2,2
92500,9244,-0.000298529,0,2,2
92500,9245,-0.0102385,0,1,1
92500,9246,-0.0201787,0,1,1
92500,9247,-0.0301189,0,0,0
92500,9248,-0.0400595,0,0,0
