time,particle_id,x,y,mesh_index,mesh_index_original
62340,6224,0.0426236,0,4,4
62340,6225,0.0326645,0,4,4
62340,6226,0.0227053,0,3,3
62340,6227,0.012746,0,3,3
62340,6228,0.00278654,0,2,2
62340,6229,-0.00717295,0,2,2
62340,6230,-0.0171326,0,1,1
62340,6231,-0.0270923,0,1,1
62340,6232,-0.0370521,0,0,0
62340,6233,-0.047012,0,0,0
