time,particle_id,x,y,mesh_index,mesh_index_original
95490,9538,0.0493799,0,4,4
95490,9539,0.0394426,0,4,4
95490,9540,0.0295052,0,3,3
95490,9541,0.0195675,0,3,3
95490,9542,0.00962983,0,2,2
95490,9543,-0.000308157,0,2,2
95490,9544,-0.0102461,0,1,1
95490,9545,-0.0201844,0,1,1
95490,9546,-0.0301228,0,0,0
95490,9547,-0.0400614,0,0,0
