time,particle_id,x,y,mesh_index,mesh_index_original
36470,3637,0.0457727,0,4,4
36470,3638,0.0357966,0,4,4
36470,3639,0.0258205,0,3,3
36470,3640,0.0158443,0,3,3
36470,3641,0.00586802,0,2,2
36470,3642,-0.00410828,0,2,2
36470,3643,-0.0140846,0,1,1
36470,3644,-0.0240611,0,1,1
36470,3645,-0.0340375,0,0,0
36470,3646,-0.0440141,0,0,0
