time,particle_id,x,y,mesh_index,mesh_index_original
58480,5838,0.043643,0,4,4
58480,5839,0.0336814,0,4,4
58480,5840,0.0237197,0,3,3
58480,5841,0.0137579,0,3,3
58480,5842,0.00379594,0,2,2
58480,5843,-0.00616605,0,2,2
58480,5844,-0.0161282,0,1,1
58480,5845,-0.0260904,0,1,1
58480,5846,-0.0360527,0,0,0
58480,5847,-0.046015,0,0,0
