time,particle_id,x,y,mesh_index,mesh_index_original
35710,3561,0.0457774,0,4,4
35710,3562,0.0358008,0,4,4
35710,3563,0.0258242,0,3,3
35710,3564,0.0158475,0,3,3
35710,3565,0.00587078,0,2,2
35710,3566,-0.00410603,0,2,2
35710,3567,-0.0140829,0,1,1
35710,3568,-0.0240598,0,1,1
35710,3569,-0.0340368,0,0,0
35710,3570,-0.0440138,0,0,0
