time,particle_id,x,y,mesh_index,mesh_index_original
94100,9399,0.0493889,0,4,4
94100,9400,0.0394507,0,4,4
94100,9401,0.0295124,0,3,3
94100,9402,0.0195738,0,3,3
94100,9403,0.00963521,0,2,2
94100,9404,-0.000303681,0,2,2
94100,9405,-0.0102426,0,1,1
94100,9406,-0.0201818,0,1,1
94100,9407,-0.030121,0,0,0
94100,9408,-0.0400605,0,0,0
