time,particle_id,x,y,mesh_index,mesh_index_original
14800,1470,0.0479061,0,4,4
14800,1471,0.0379158,0,4,4
14800,1472,0.0279254,0,3,3
14800,1473,0.017935,0,3,3
14800,1474,0.00794467,0,2,2
14800,1475,-0.00204575,0,2,2
14800,1476,-0.0120362,0,1,1
14800,1477,-0.0220266,0,1,1
14800,1478,-0.0320171,0,0,0
14800,1479,-0.0420076,0,0,0
