time,particle_id,x,y,mesh_index,mesh_index_original
17580,1748,0.0478883,0,4,4
17580,1749,0.0378998,0,4,4
17580,1750,0.0279113,0,3,3
17580,1751,0.0179228,0,3,3
17580,1752,0.00793422,0,2,2
17580,1753,-0.00205439,0,2,2
17580,1754,-0.012043,0,1,1
17580,1755,-0.0220317,0,1,1
17580,1756,-0.0320203,0,0,0
17580,1757,-0.042009,0,0,0
