time,particle_id,x,y,mesh_index,mesh_index_original
66160,6606,0.0426005,0,4,4
66160,6607,0.032644,0,4,4
66160,6608,0.0226872,0,3,3
66160,6609,0.0127304,0,3,3
66160,6610,0.00277347,0,2,2
66160,6611,-0.00718354,0,2,2
66160,6612,-0.0171407,0,1,1
66160,6613,-0.0270979,0,1,1
66160,6614,-0.0370553,0,0,0
66160,6615,-0.0470128,0,0,0
