time,particle_id,x,y,mesh_index,mesh_index_original
92730,9262,0.0493978,0,4,4
92730,9263,0.0394586,0,4,4
92730,9264,0.0295195,0,3,3
92730,9265,0.01958,0,3,3
92730,9266,0.00964051,0,2,2
92730,9267,-0.00029927,0,2,2
92730,9268,-0.010239,0,1,1
92730,9269,-0.0201791,0,1,1
92730,9270,-0.0301192,0,0,0
92730,9271,-0.0400596,0,0,0
