time,particle_id,x,y,mesh_index,mesh_index_original
78430,7833,0.0415317,0,4,4
78430,7834,0.0315832,0,4,4
78430,7835,0.0216344,0,3,3
78430,7836,0.0116856,0,3,3
78430,7837,0.00173661,0,2,2
78430,7838,-0.00821244,0,2,2
78430,7839,-0.0181617,0,1,1
78430,7840,-0.028111,0,1,1
78430,7841,-0.0380605,0,0,0
78430,7842,-0.0480101,0,0,0
