time,particle_id,x,y,mesh_index,mesh_index_original
59940,5984,0.0436341,0,4,4
59940,5985,0.0336735,0,4,4
59940,5986,0.0237127,0,3,3
59940,5987,0.0137518,0,3,3
59940,5988,0.00379085,0,2,2
59940,5989,-0.0061702,0,2,2
59940,5990,-0.0161314,0,1,1
59940,5991,-0.0260926,0,1,1
59940,5992,-0.036054,0,0,0
59940,5993,-0.0460154,0,0,0
