time,particle_id,x,y,mesh_index,mesh_index_original
15550,1545,0.0479013,0,4,4
15550,1546,0.0379115,0,4,4
15550,1547,0.0279216,0,3,3
15550,1548,0.0179317,0,3,3
15550,1549,0.00794185,0,2,2
15550,1550,-0.00204808,0,2,2
15550,1551,-0.012038,0,1,1
15550,1552,-0.022028,0,1,1
15550,1553,-0.032018,0,0,0
15550,1554,-0.042008,0,0,0
