time,particle_id,x,y,mesh_index,mesh_index_original
98450,9834,0.0493608,0,4,4
98450,9835,0.0394253,0,4,4
98450,9836,0.0294899,0,3,3
98450,9837,0.0195541,0,3,3
98450,9838,0.00961838,0,2,2
98450,9839,-0.000317687,0,2,2
98450,9840,-0.0102538,0,1,1
98450,9841,-0.0201902,0,1,1
98450,9842,-0.0301265,0,0,0
98450,9843,-0.0400633,0,0,0
