time,particle_id,x,y,mesh_index,mesh_index_original
75760,7566,0.0415476,0,4,4
75760,7567,0.0315973,0,4,4
75760,7568,0.0216468,0,3,3
75760,7569,0.0116963,0,3,3
75760,7570,0.00174556,0,2,2
75760,7571,-0.00820521,0,2,2
75760,7572,-0.0181562,0,1,1
75760,7573,-0.0281072,0,1,1
75760,7574,-0.0380585,0,0,0
75760,7575,-0.0480097,0,0,0
