time,particle_id,x,y,mesh_index,mesh_index_original
82090,8199,0.0405153,0,4,4
82090,8200,0.0305691,0,4,4
82090,8201,0.0206227,0,3,3
82090,8202,0.0106763,0,3,3
82090,8203,0.000729672,0,2,2
82090,8204,-0.009217,0,2,2
82090,8205,-0.0191639,0,1,1
82090,8206,-0.0291109,0,1,1
82090,8207,-0.0390581,0,0,0
82090,8208,-0.0490053,0,0,0
