time,particle_id,x,y,mesh_index,mesh_index_original
92340,9223,0.0494004,0,4,4
92340,9224,0.0394609,0,4,4
92340,9225,0.0295215,0,3,3
92340,9226,0.0195817,0,3,3
92340,9227,0.00964201,0,2,2
92340,9228,-0.000298014,0,2,2
92340,9229,-0.010238,0,1,1
92340,9230,-0.0201784,0,1,1
92340,9231,-0.0301187,0,0,0
92340,9232,-0.0400594,0,0,0
