time,particle_id,x,y,mesh_index,mesh_index_original
23460,2336,0.0468524,0,4,4
23460,2337,0.0368677,0,4,4
23460,2338,0.0268831,0,3,3
23460,2339,0.0168984,0,3,3
23460,2340,0.00691365,0,2,2
23460,2341,-0.00307112,0,2,2
23460,2342,-0.0130559,0,1,1
23460,2343,-0.0230408,0,1,1
23460,2344,-0.0330256,0,0,0
23460,2345,-0.0430106,0,0,0
