time,particle_id,x,y,mesh_index,mesh_index_original
65470,6537,0.0426047,0,4,4
65470,6538,0.0326477,0,4,4
65470,6539,0.0226905,0,3,3
65470,6540,0.0127332,0,3,3
65470,6541,0.00277583,0,2,2
65470,6542,-0.00718163,0,2,2
65470,6543,-0.0171392,0,1,1
65470,6544,-0.0270969,0,1,1
65470,6545,-0.0370547,0,0,0
65470,6546,-0.0470126,0,0,0
