time,particle_id,x,y,mesh_index,mesh_index_original
92150,9204,0.0494016,0,4,4
92150,9205,0.039462,0,4,4
92150,9206,0.0295225,0,3,3
92150,9207,0.0195826,0,3,3
92150,9208,0.00964275,0,2,2
92150,9209,-0.000297402,0,2,2
92150,9210,-0.0102376,0,1,1
92150,9211,-0.020178,0,1,1
92150,9212,-0.0301185,0,0,0
92150,9213,-0.0400592,0,0,0
