time,particle_id,x,y,mesh_index,mesh_index_original
26900,2680,0.0468306,0,4,4
26900,2681,0.0368483,0,4,4
26900,2682,0.0268659,0,3,3
26900,2683,0.0168834,0,3,3
26900,2684,0.00690096,0,2,2
26900,2685,-0.00308158,0,2,2
26900,2686,-0.0130641,0,1,1
26900,2687,-0.0230468,0,1,1
26900,2688,-0.0330294,0,0,0
26900,2689,-0.0430121,0,0,0
