time,particle_id,x,y,mesh_index,mesh_index_original
33440,3334,0.0457916,0,4,4
33440,3335,0.0358135,0,4,4
33440,3336,0.0258354,0,3,3
33440,3337,0.0158572,0,3,3
33440,3338,0.005879,0,2,2
33440,3339,-0.00409928,0,2,2
33440,3340,-0.0140776,0,1,1
33440,3341,-0.024056,0,1,1
33440,3342,-0.0340344,0,0,0
33440,3343,-0.0440129,0,0,0
