time,particle_id,x,y,mesh_index,mesh_index_original
68590,6849,0.0425859,0,4,4
68590,6850,0.0326309,0,4,4
68590,6851,0.0226757,0,3,3
68590,6852,0.0127205,0,3,3
68590,6853,0.00276515,0,2,2
68590,6854,-0.00719027,0,2,2
68590,6855,-0.0171459,0,1,1
68590,6856,-0.0271015,0,1,1
68590,6857,-0.0370573,0,0,0
68590,6858,-0.0470132,0,0,0
