time,particle_id,x,y,mesh_index,mesh_index_original
62940,6284,0.04262,0,4,4
62940,6285,0.0326613,0,4,4
62940,6286,0.0227024,0,3,3
62940,6287,0.0127435,0,3,3
62940,6288,0.00278448,0,2,2
62940,6289,-0.00717461,0,2,2
62940,6290,-0.0171339,0,1,1
62940,6291,-0.0270932,0,1,1
62940,6292,-0.0370526,0,0,0
62940,6293,-0.0470121,0,0,0
