time,particle_id,x,y,mesh_index,mesh_index_original
78730,7863,0.0415299,0,4,4
78730,7864,0.0315816,0,4,4
78730,7865,0.021633,0,3,3
78730,7866,0.0116844,0,3,3
78730,7867,0.0017356,0,2,2
78730,7868,-0.00821325,0,2,2
78730,7869,-0.0181623,0,1,1
78730,7870,-0.0281114,0,1,1
78730,7871,-0.0380608,0,0,0
78730,7872,-0.0480101,0,0,0
