time,particle_id,x,y,mesh_index,mesh_index_original
72310,7221,0.0415682,0,4,4
72310,7222,0.0316156,0,4,4
72310,7223,0.0216629,0,3,3
72310,7224,0.0117101,0,3,3
72310,7225,0.00175713,0,2,2
72310,7226,-0.00819588,0,2,2
72310,7227,-0.0181491,0,1,1
72310,7228,-0.0281023,0,1,1
72310,7229,-0.0380558,0,0,0
72310,7230,-0.0480093,0,0,0
