time,particle_id,x,y,mesh_index,mesh_index_original
72800,7270,0.0415653,0,4,4
72800,7271,0.031613,0,4,4
72800,7272,0.0216606,0,3,3
72800,7273,0.0117082,0,3,3
72800,7274,0.00175549,0,2,2
72800,7275,-0.00819721,0,2,2
72800,7276,-0.0181501,0,1,1
72800,7277,-0.028103,0,1,1
72800,7278,-0.0380562,0,0,0
72800,7279,-0.0480094,0,0,0
