time,particle_id,x,y,mesh_index,mesh_index_original
880,78,0.0489949,0,4,4
880,79,0.0389954,0,4,4
880,80,0.0289959,0,3,3
880,81,0.0189964,0,3,3
880,82,0.00899696,0,2,2
880,83,-0.00100253,0,2,2
880,84,-0.011002,0,1,1
880,85,-0.0210015,0,1,1
880,86,-0.031001,0,0,0
880,87,-0.0410005,0,0,0
