time,particle_id,x,y,mesh_index,mesh_index_original
20230,2013,0.0468728,0,4,4
20230,2014,0.036886,0,4,4
20230,2015,0.0268992,0,3,3
20230,2016,0.0169124,0,3,3
20230,2017,0.00692558,0,2,2
20230,2018,-0.0030613,0,2,2
20230,2019,-0.0130482,0,1,1
20230,2020,-0.0230351,0,1,1
20230,2021,-0.0330221,0,0,0
20230,2022,-0.0430091,0,0,0
