time,particle_id,x,y,mesh_index,mesh_index_original
31810,3171,0.0458018,0,4,4
31810,3172,0.0358226,0,4,4
31810,3173,0.0258434,0,3,3
31810,3174,0.0158642,0,3,3
31810,3175,0.00588491,0,2,2
31810,3176,-0.00409443,0,2,2
31810,3177,-0.0140738,0,1,1
31810,3178,-0.0240533,0,1,1
31810,3179,-0.0340327,0,0,0
31810,3180,-0.0440123,0,0,0
