time,particle_id,x,y,mesh_index,mesh_index_original
53360,5326,0.0436743,0,4,4
53360,5327,0.0337093,0,4,4
53360,5328,0.0237442,0,3,3
53360,5329,0.0137791,0,3,3
53360,5330,0.0038138,0,2,2
53360,5331,-0.00615152,0,2,2
53360,5332,-0.016117,0,1,1
53360,5333,-0.0260824,0,1,1
53360,5334,-0.0360481,0,0,0
53360,5335,-0.0460137,0,0,0
