time,particle_id,x,y,mesh_index,mesh_index_original
40580,4048,0.0447497,0,4,4
40580,4049,0.0347763,0,4,4
40580,4050,0.0248028,0,3,3
40580,4051,0.0148293,0,3,3
40580,4052,0.00485577,0,2,2
40580,4053,-0.00511786,0,2,2
40580,4054,-0.0150916,0,1,1
40580,4055,-0.0250653,0,1,1
40580,4056,-0.0350392,0,0,0
40580,4057,-0.0450131,0,0,0
