time,particle_id,x,y,mesh_index,mesh_index_original
61780,6168,0.042627,0,4,4
61780,6169,0.0326675,0,4,4
61780,6170,0.0227079,0,3,3
61780,6171,0.0127483,0,3,3
61780,6172,0.00278845,0,2,2
61780,6173,-0.0071714,0,2,2
61780,6174,-0.0171314,0,1,1
61780,6175,-0.0270915,0,1,1
61780,6176,-0.0370517,0,0,0
61780,6177,-0.0470119,0,0,0
