time,particle_id,x,y,mesh_index,mesh_index_original
67950,6785,0.0425897,0,4,4
67950,6786,0.0326343,0,4,4
67950,6787,0.0226788,0,3,3
67950,6788,0.0127231,0,3,3
67950,6789,0.00276734,0,2,2
67950,6790,-0.0071885,0,2,2
67950,6791,-0.0171445,0,1,1
67950,6792,-0.0271006,0,1,1
67950,6793,-0.0370568,0,0,0
67950,6794,-0.0470131,0,0,0
