time,particle_id,x,y,mesh_index,mesh_index_original
81310,8121,0.0405199,0,4,4
81310,8122,0.0305732,0,4,4
81310,8123,0.0206263,0,3,3
81310,8124,0.0106794,0,3,3
81310,8125,0.000732236,0,2,2
81310,8126,-0.00921494,0,2,2
81310,8127,-0.0191624,0,1,1
81310,8128,-0.0291098,0,1,1
81310,8129,-0.0390575,0,0,0
81310,8130,-0.0490052,0,0,0
