time,particle_id,x,y,mesh_index,mesh_index_original
6210,611,0.0489605,0,4,4
6210,612,0.0389645,0,4,4
6210,613,0.0289686,0,3,3
6210,614,0.0189726,0,3,3
6210,615,0.00897656,0,2,2
6210,616,-0.00101945,0,2,2
6210,617,-0.0110155,0,1,1
6210,618,-0.0210115,0,1,1
6210,619,-0.0310075,0,0,0
6210,620,-0.0410036,0,0,0
