time,particle_id,x,y,mesh_index,mesh_index_original
98800,9869,0.0493585,0,4,4
98800,9870,0.0394233,0,4,4
98800,9871,0.0294881,0,3,3
98800,9872,0.0195526,0,3,3
98800,9873,0.00961703,0,2,2
98800,9874,-0.000318814,0,2,2
98800,9875,-0.0102547,0,1,1
98800,9876,-0.0201908,0,1,1
98800,9877,-0.030127,0,0,0
98800,9878,-0.0400635,0,0,0
