time,particle_id,x,y,mesh_index,mesh_index_original
73870,7377,0.0415589,0,4,4
73870,7378,0.0316074,0,4,4
73870,7379,0.0216556,0,3,3
73870,7380,0.0117039,0,3,3
73870,7381,0.0017519,0,2,2
73870,7382,-0.0082001,0,2,2
73870,7383,-0.0181523,0,1,1
73870,7384,-0.0281046,0,1,1
73870,7385,-0.038057,0,0,0
73870,7386,-0.0480095,0,0,0
