time,particle_id,x,y,mesh_index,mesh_index_original
46290,4619,0.0447144,0,4,4
46290,4620,0.0347448,0,4,4
46290,4621,0.0247751,0,3,3
46290,4622,0.0148053,0,3,3
46290,4623,0.00483547,0,2,2
46290,4624,-0.00513445,0,2,2
46290,4625,-0.0151044,0,1,1
46290,4626,-0.0250745,0,1,1
46290,4627,-0.0350447,0,0,0
46290,4628,-0.0450149,0,0,0
