time,particle_id,x,y,mesh_index,mesh_index_original
80110,8001,0.0405269,0,4,4
80110,8002,0.0305795,0,4,4
80110,8003,0.0206318,0,3,3
80110,8004,0.0106841,0,3,3
80110,8005,0.000736181,0,2,2
80110,8006,-0.00921177,0,2,2
80110,8007,-0.01916,0,1,1
80110,8008,-0.0291082,0,1,1
80110,8009,-0.0390567,0,0,0
80110,8010,-0.0490052,0,0,0
