time,particle_id,x,y,mesh_index,mesh_index_original
26160,2606,0.0468353,0,4,4
26160,2607,0.0368525,0,4,4
26160,2608,0.0268696,0,3,3
26160,2609,0.0168866,0,3,3
26160,2610,0.00690369,0,2,2
26160,2611,-0.00307933,0,2,2
26160,2612,-0.0130624,0,1,1
26160,2613,-0.0230455,0,1,1
26160,2614,-0.0330286,0,0,0
26160,2615,-0.0430118,0,0,0
