time,particle_id,x,y,mesh_index,mesh_index_original
39800,3970,0.0457519,0,4,4
39800,3971,0.035778,0,4,4
39800,3972,0.025804,0,3,3
39800,3973,0.01583,0,3,3
39800,3974,0.00585596,0,2,2
39800,3975,-0.00411818,0,2,2
39800,3976,-0.0140924,0,1,1
39800,3977,-0.0240666,0,1,1
39800,3978,-0.034041,0,0,0
39800,3979,-0.0440154,0,0,0
