time,particle_id,x,y,mesh_index,mesh_index_original
73960,7386,0.0415584,0,4,4
73960,7387,0.0316069,0,4,4
73960,7388,0.0216552,0,3,3
73960,7389,0.0117035,0,3,3
73960,7390,0.0017516,0,2,2
73960,7391,-0.00820034,0,2,2
73960,7392,-0.0181525,0,1,1
73960,7393,-0.0281047,0,1,1
73960,7394,-0.0380571,0,0,0
73960,7395,-0.0480095,0,0,0
