time,particle_id,x,y,mesh_index,mesh_index_original
93080,9297,0.0493956,0,4,4
93080,9298,0.0394566,0,4,4
93080,9299,0.0295176,0,3,3
93080,9300,0.0195784,0,3,3
93080,9301,0.00963915,0,2,2
93080,9302,-0.000300397,0,2,2
93080,9303,-0.0102399,0,1,1
93080,9304,-0.0201798,0,1,1
93080,9305,-0.0301197,0,0,0
93080,9306,-0.0400598,0,0,0
