time,particle_id,x,y,mesh_index,mesh_index_original
5820,572,0.0489631,0,4,4
5820,573,0.0389668,0,4,4
5820,574,0.0289706,0,3,3
5820,575,0.0189743,0,3,3
5820,576,0.00897806,0,2,2
5820,577,-0.00101821,0,2,2
5820,578,-0.0110145,0,1,1
5820,579,-0.0210108,0,1,1
5820,580,-0.031007,0,0,0
5820,581,-0.0410033,0,0,0
