time,particle_id,x,y,mesh_index,mesh_index_original
53990,5389,0.0436704,0,4,4
53990,5390,0.0337059,0,4,4
53990,5391,0.0237412,0,3,3
53990,5392,0.0137765,0,3,3
53990,5393,0.00381161,0,2,2
53990,5394,-0.00615331,0,2,2
53990,5395,-0.0161183,0,1,1
53990,5396,-0.0260834,0,1,1
53990,5397,-0.0360486,0,0,0
53990,5398,-0.0460139,0,0,0
