time,particle_id,x,y,mesh_index,mesh_index_original
35290,3519,0.04578,0,4,4
35290,3520,0.0358032,0,4,4
35290,3521,0.0258263,0,3,3
35290,3522,0.0158493,0,3,3
35290,3523,0.0058723,0,2,2
35290,3524,-0.00410478,0,2,2
35290,3525,-0.0140819,0,1,1
35290,3526,-0.0240591,0,1,1
35290,3527,-0.0340363,0,0,0
35290,3528,-0.0440136,0,0,0
