time,particle_id,x,y,mesh_index,mesh_index_original
55530,5543,0.043661,0,4,4
55530,5544,0.0336975,0,4,4
55530,5545,0.0237338,0,3,3
55530,5546,0.0137701,0,3,3
55530,5547,0.00380623,0,2,2
55530,5548,-0.00615768,0,2,2
55530,5549,-0.0161217,0,1,1
55530,5550,-0.0260858,0,1,1
55530,5551,-0.03605,0,0,0
55530,5552,-0.0460143,0,0,0
