time,particle_id,x,y,mesh_index,mesh_index_original
32030,3193,0.0458004,0,4,4
32030,3194,0.0358214,0,4,4
32030,3195,0.0258423,0,3,3
32030,3196,0.0158632,0,3,3
32030,3197,0.00588411,0,2,2
32030,3198,-0.00409509,0,2,2
32030,3199,-0.0140743,0,1,1
32030,3200,-0.0240536,0,1,1
32030,3201,-0.034033,0,0,0
32030,3202,-0.0440124,0,0,0
