time,particle_id,x,y,mesh_index,mesh_index_original
43760,4366,0.04473,0,4,4
43760,4367,0.0347587,0,4,4
43760,4368,0.0247874,0,3,3
43760,4369,0.014816,0,3,3
43760,4370,0.00484446,0,2,2
43760,4371,-0.0051271,0,2,2
43760,4372,-0.0150987,0,1,1
43760,4373,-0.0250704,0,1,1
43760,4374,-0.0350422,0,0,0
43760,4375,-0.0450141,0,0,0
