time,particle_id,x,y,mesh_index,mesh_index_original
44880,4478,0.0447231,0,4,4
44880,4479,0.0347526,0,4,4
44880,4480,0.0247819,0,3,3
44880,4481,0.0148112,0,3,3
44880,4482,0.00484048,0,2,2
44880,4483,-0.00513036,0,2,2
44880,4484,-0.0151013,0,1,1
44880,4485,-0.0250722,0,1,1
44880,4486,-0.0350433,0,0,0
44880,4487,-0.0450144,0,0,0
