time,particle_id,x,y,mesh_index,mesh_index_original
50870,5077,0.0436895,0,4,4
50870,5078,0.0337229,0,4,4
50870,5079,0.0237562,0,3,3
50870,5080,0.0137894,0,3,3
50870,5081,0.00382249,0,2,2
50870,5082,-0.00614445,0,2,2
50870,5083,-0.0161115,0,1,1
50870,5084,-0.0260786,0,1,1
50870,5085,-0.0360458,0,0,0
50870,5086,-0.0460131,0,0,0
