time,particle_id,x,y,mesh_index,mesh_index_original
50640,5054,0.0436909,0,4,4
50640,5055,0.0337241,0,4,4
50640,5056,0.0237573,0,3,3
50640,5057,0.0137903,0,3,3
50640,5058,0.0038233,0,2,2
50640,5059,-0.0061438,0,2,2
50640,5060,-0.016111,0,1,1
50640,5061,-0.0260782,0,1,1
50640,5062,-0.0360456,0,0,0
50640,5063,-0.046013,0,0,0
