time,particle_id,x,y,mesh_index,mesh_index_original
68680,6858,0.0425853,0,4,4
68680,6859,0.0326304,0,4,4
68680,6860,0.0226753,0,3,3
68680,6861,0.0127202,0,3,3
68680,6862,0.00276485,0,2,2
68680,6863,-0.00719052,0,2,2
68680,6864,-0.0171461,0,1,1
68680,6865,-0.0271017,0,1,1
68680,6866,-0.0370574,0,0,0
68680,6867,-0.0470133,0,0,0
