time,particle_id,x,y,mesh_index,mesh_index_original
22350,2225,0.0468594,0,4,4
22350,2226,0.036874,0,4,4
22350,2227,0.0268886,0,3,3
22350,2228,0.0169032,0,3,3
22350,2229,0.00691775,0,2,2
22350,2230,-0.00306775,0,2,2
22350,2231,-0.0130533,0,1,1
22350,2232,-0.0230388,0,1,1
22350,2233,-0.0330244,0,0,0
22350,2234,-0.0430101,0,0,0
