time,particle_id,x,y,mesh_index,mesh_index_original
67270,6717,0.0425938,0,4,4
67270,6718,0.032638,0,4,4
67270,6719,0.022682,0,3,3
67270,6720,0.0127259,0,3,3
67270,6721,0.00276967,0,2,2
67270,6722,-0.00718662,0,2,2
67270,6723,-0.0171431,0,1,1
67270,6724,-0.0270996,0,1,1
67270,6725,-0.0370562,0,0,0
67270,6726,-0.047013,0,0,0
