time,particle_id,x,y,mesh_index,mesh_index_original
98860,9875,0.0493581,0,4,4
98860,9876,0.0394229,0,4,4
98860,9877,0.0294878,0,3,3
98860,9878,0.0195523,0,3,3
98860,9879,0.0096168,0,2,2
98860,9880,-0.000319007,0,2,2
98860,9881,-0.0102548,0,1,1
98860,9882,-0.0201909,0,1,1
98860,9883,-0.0301271,0,0,0
98860,9884,-0.0400635,0,0,0
