time,particle_id,x,y,mesh_index,mesh_index_original
57540,5744,0.0436488,0,4,4
57540,5745,0.0336865,0,4,4
57540,5746,0.0237242,0,3,3
57540,5747,0.0137618,0,3,3
57540,5748,0.00379922,0,2,2
57540,5749,-0.00616338,0,2,2
57540,5750,-0.0161261,0,1,1
57540,5751,-0.0260889,0,1,1
57540,5752,-0.0360518,0,0,0
57540,5753,-0.0460148,0,0,0
