time,particle_id,x,y,mesh_index,mesh_index_original
85220,8512,0.0404968,0,4,4
85220,8513,0.0305527,0,4,4
85220,8514,0.0206084,0,3,3
85220,8515,0.010664,0,3,3
85220,8516,0.000719383,0,2,2
85220,8517,-0.00922526,0,2,2
85220,8518,-0.0191702,0,1,1
85220,8519,-0.0291151,0,1,1
85220,8520,-0.0390603,0,0,0
85220,8521,-0.0490055,0,0,0
