time,particle_id,x,y,mesh_index,mesh_index_original
55320,5522,0.0436623,0,4,4
55320,5523,0.0336986,0,4,4
55320,5524,0.0237348,0,3,3
55320,5525,0.0137709,0,3,3
55320,5526,0.00380697,0,2,2
55320,5527,-0.00615708,0,2,2
55320,5528,-0.0161212,0,1,1
55320,5529,-0.0260855,0,1,1
55320,5530,-0.0360498,0,0,0
55320,5531,-0.0460142,0,0,0
