time,particle_id,x,y,mesh_index,mesh_index_original
20170,2007,0.0468731,0,4,4
20170,2008,0.0368863,0,4,4
20170,2009,0.0268995,0,3,3
20170,2010,0.0169127,0,3,3
20170,2011,0.0069258,0,2,2
20170,2012,-0.00306112,0,2,2
20170,2013,-0.0130481,0,1,1
20170,2014,-0.023035,0,1,1
20170,2015,-0.033022,0,0,0
20170,2016,-0.0430091,0,0,0
