time,particle_id,x,y,mesh_index,mesh_index_original
96410,9630,0.049374,0,4,4
96410,9631,0.0394372,0,4,4
96410,9632,0.0295004,0,3,3
96410,9633,0.0195634,0,3,3
96410,9634,0.00962627,0,2,2
96410,9635,-0.000311119,0,2,2
96410,9636,-0.0102485,0,1,1
96410,9637,-0.0201862,0,1,1
96410,9638,-0.0301239,0,0,0
96410,9639,-0.040062,0,0,0
