time,particle_id,x,y,mesh_index,mesh_index_original
69920,6982,0.0425779,0,4,4
69920,6983,0.0326237,0,4,4
69920,6984,0.0226695,0,3,3
69920,6985,0.0127151,0,3,3
69920,6986,0.00276061,0,2,2
69920,6987,-0.00719396,0,2,2
69920,6988,-0.0171487,0,1,1
69920,6989,-0.0271035,0,1,1
69920,6990,-0.0370585,0,0,0
69920,6991,-0.0470135,0,0,0
