time,particle_id,x,y,mesh_index,mesh_index_original
72090,7199,0.0415695,0,4,4
72090,7200,0.0316168,0,4,4
72090,7201,0.0216639,0,3,3
72090,7202,0.011711,0,3,3
72090,7203,0.00175787,0,2,2
72090,7204,-0.00819529,0,2,2
72090,7205,-0.0181486,0,1,1
72090,7206,-0.028102,0,1,1
72090,7207,-0.0380556,0,0,0
72090,7208,-0.0480093,0,0,0
