time,particle_id,x,y,mesh_index,mesh_index_original
95710,9560,0.0493785,0,4,4
95710,9561,0.0394413,0,4,4
95710,9562,0.029504,0,3,3
95710,9563,0.0195665,0,3,3
95710,9564,0.00962898,0,2,2
95710,9565,-0.000308866,0,2,2
95710,9566,-0.0102467,0,1,1
95710,9567,-0.0201849,0,1,1
95710,9568,-0.030123,0,0,0
95710,9569,-0.0400615,0,0,0
