time,particle_id,x,y,mesh_index,mesh_index_original
20140,2004,0.0468733,0,4,4
20140,2005,0.0368865,0,4,4
20140,2006,0.0268997,0,3,3
20140,2007,0.0169128,0,3,3
20140,2008,0.00692591,0,2,2
20140,2009,-0.00306103,0,2,2
20140,2010,-0.013048,0,1,1
20140,2011,-0.023035,0,1,1
20140,2012,-0.033022,0,0,0
20140,2013,-0.0430091,0,0,0
