time,particle_id,x,y,mesh_index,mesh_index_original
41810,4171,0.0447421,0,4,4
41810,4172,0.0347695,0,4,4
41810,4173,0.0247969,0,3,3
41810,4174,0.0148242,0,3,3
41810,4175,0.0048514,0,2,2
41810,4176,-0.00512143,0,2,2
41810,4177,-0.0150943,0,1,1
41810,4178,-0.0250673,0,1,1
41810,4179,-0.0350403,0,0,0
41810,4180,-0.0450134,0,0,0
