time,particle_id,x,y,mesh_index,mesh_index_original
38570,3847,0.0457595,0,4,4
38570,3848,0.0357848,0,4,4
38570,3849,0.0258101,0,3,3
38570,3850,0.0158353,0,3,3
38570,3851,0.00586041,0,2,2
38570,3852,-0.00411453,0,2,2
38570,3853,-0.0140895,0,1,1
38570,3854,-0.0240646,0,1,1
38570,3855,-0.0340397,0,0,0
38570,3856,-0.0440149,0,0,0
