time,particle_id,x,y,mesh_index,mesh_index_original
42610,4251,0.0447371,0,4,4
42610,4252,0.0347651,0,4,4
42610,4253,0.024793,0,3,3
42610,4254,0.0148208,0,3,3
42610,4255,0.00484855,0,2,2
42610,4256,-0.00512376,0,2,2
42610,4257,-0.0150961,0,1,1
42610,4258,-0.0250686,0,1,1
42610,4259,-0.0350411,0,0,0
42610,4260,-0.0450137,0,0,0
