time,particle_id,x,y,mesh_index,mesh_index_original
68390,6829,0.0425871,0,4,4
68390,6830,0.032632,0,4,4
68390,6831,0.0226767,0,3,3
68390,6832,0.0127213,0,3,3
68390,6833,0.00276584,0,2,2
68390,6834,-0.00718972,0,2,2
68390,6835,-0.0171454,0,1,1
68390,6836,-0.0271012,0,1,1
68390,6837,-0.0370572,0,0,0
68390,6838,-0.0470132,0,0,0
