time,particle_id,x,y,mesh_index,mesh_index_original
85130,8503,0.0404973,0,4,4
85130,8504,0.0305532,0,4,4
85130,8505,0.0206088,0,3,3
85130,8506,0.0106644,0,3,3
85130,8507,0.000719679,0,2,2
85130,8508,-0.00922502,0,2,2
85130,8509,-0.01917,0,1,1
85130,8510,-0.029115,0,1,1
85130,8511,-0.0390602,0,0,0
85130,8512,-0.0490055,0,0,0
