time,particle_id,x,y,mesh_index,mesh_index_original
44470,4437,0.0447257,0,4,4
44470,4438,0.0347548,0,4,4
44470,4439,0.0247839,0,3,3
44470,4440,0.014813,0,3,3
44470,4441,0.00484194,0,2,2
44470,4442,-0.00512916,0,2,2
44470,4443,-0.0151003,0,1,1
44470,4444,-0.0250716,0,1,1
44470,4445,-0.0350429,0,0,0
44470,4446,-0.0450143,0,0,0
