time,particle_id,x,y,mesh_index,mesh_index_original
6760,666,0.048957,0,4,4
6760,667,0.0389614,0,4,4
6760,668,0.0289657,0,3,3
6760,669,0.0189701,0,3,3
6760,670,0.00897446,0,2,2
6760,671,-0.0010212,0,2,2
6760,672,-0.0110169,0,1,1
6760,673,-0.0210125,0,1,1
6760,674,-0.0310082,0,0,0
6760,675,-0.0410039,0,0,0
