time,particle_id,x,y,mesh_index,mesh_index_original
81770,8167,0.0405172,0,4,4
81770,8168,0.0305708,0,4,4
81770,8169,0.0206242,0,3,3
81770,8170,0.0106776,0,3,3
81770,8171,0.000730724,0,2,2
81770,8172,-0.00921615,0,2,2
81770,8173,-0.0191633,0,1,1
81770,8174,-0.0291104,0,1,1
81770,8175,-0.0390578,0,0,0
81770,8176,-0.0490053,0,0,0
