time,particle_id,x,y,mesh_index,mesh_index_original
35130,3503,0.045781,0,4,4
35130,3504,0.0358041,0,4,4
35130,3505,0.0258271,0,3,3
35130,3506,0.01585,0,3,3
35130,3507,0.00587288,0,2,2
35130,3508,-0.0041043,0,2,2
35130,3509,-0.0140815,0,1,1
35130,3510,-0.0240588,0,1,1
35130,3511,-0.0340362,0,0,0
35130,3512,-0.0440136,0,0,0
