time,particle_id,x,y,mesh_index,mesh_index_original
62000,6190,0.0426256,0,4,4
62000,6191,0.0326663,0,4,4
62000,6192,0.0227069,0,3,3
62000,6193,0.0127474,0,3,3
62000,6194,0.0027877,0,2,2
62000,6195,-0.00717201,0,2,2
62000,6196,-0.0171319,0,1,1
62000,6197,-0.0270918,0,1,1
62000,6198,-0.0370518,0,0,0
62000,6199,-0.047012,0,0,0
