time,particle_id,x,y,mesh_index,mesh_index_original
52880,5278,0.0436772,0,4,4
52880,5279,0.0337119,0,4,4
52880,5280,0.0237465,0,3,3
52880,5281,0.0137811,0,3,3
52880,5282,0.00381548,0,2,2
52880,5283,-0.00615016,0,2,2
52880,5284,-0.0161159,0,1,1
52880,5285,-0.0260817,0,1,1
52880,5286,-0.0360476,0,0,0
52880,5287,-0.0460136,0,0,0
