time,particle_id,x,y,mesh_index,mesh_index_original
9880,978,0.0489369,0,4,4
9880,979,0.0389433,0,4,4
9880,980,0.0289497,0,3,3
9880,981,0.0189561,0,3,3
9880,982,0.00896252,0,2,2
9880,983,-0.0010311,0,2,2
9880,984,-0.0110247,0,1,1
9880,985,-0.0210184,0,1,1
9880,986,-0.031012,0,0,0
9880,987,-0.0410057,0,0,0
