time,particle_id,x,y,mesh_index,mesh_index_original
29820,2972,0.0468122,0,4,4
29820,2973,0.0368318,0,4,4
29820,2974,0.0268513,0,3,3
29820,2975,0.0168707,0,3,3
29820,2976,0.00689018,0,2,2
29820,2977,-0.00309045,0,2,2
29820,2978,-0.0130711,0,1,1
29820,2979,-0.0230518,0,1,1
29820,2980,-0.0330326,0,0,0
29820,2981,-0.0430134,0,0,0
