time,particle_id,x,y,mesh_index,mesh_index_original
92040,9193,0.0494023,0,4,4
92040,9194,0.0394627,0,4,4
92040,9195,0.029523,0,3,3
92040,9196,0.0195831,0,3,3
92040,9197,0.00964318,0,2,2
92040,9198,-0.000297048,0,2,2
92040,9199,-0.0102373,0,1,1
92040,9200,-0.0201778,0,1,1
92040,9201,-0.0301183,0,0,0
92040,9202,-0.0400592,0,0,0
