time,particle_id,x,y,mesh_index,mesh_index_original
10580,1048,0.047933,0,4,4
10580,1049,0.0379399,0,4,4
10580,1050,0.0279468,0,3,3
10580,1051,0.0179537,0,3,3
10580,1052,0.00796053,0,2,2
10580,1053,-0.00203263,0,2,2
10580,1054,-0.0120258,0,1,1
10580,1055,-0.022019,0,1,1
10580,1056,-0.0320122,0,0,0
10580,1057,-0.0420054,0,0,0
