time,particle_id,x,y,mesh_index,mesh_index_original
31250,3115,0.0458052,0,4,4
31250,3116,0.0358257,0,4,4
31250,3117,0.0258462,0,3,3
31250,3118,0.0158666,0,3,3
31250,3119,0.00588694,0,2,2
31250,3120,-0.00409277,0,2,2
31250,3121,-0.0140725,0,1,1
31250,3122,-0.0240523,0,1,1
31250,3123,-0.0340322,0,0,0
31250,3124,-0.0440121,0,0,0
