time,particle_id,x,y,mesh_index,mesh_index_original
50070,4997,0.0446911,0,4,4
50070,4998,0.0347239,0,4,4
50070,4999,0.0247567,0,3,3
50070,5000,0.0137927,0,3,3
50070,5001,0.00382528,0,2,2
50070,5002,-0.00614218,0,2,2
50070,5003,-0.0161097,0,1,1
50070,5004,-0.0260774,0,1,1
50070,5005,-0.0360451,0,0,0
50070,5006,-0.0460129,0,0,0
