time,particle_id,x,y,mesh_index,mesh_index_original
47910,4781,0.0447044,0,4,4
47910,4782,0.0347359,0,4,4
47910,4783,0.0247672,0,3,3
47910,4784,0.0147985,0,3,3
47910,4785,0.00482971,0,2,2
47910,4786,-0.00513916,0,2,2
47910,4787,-0.0151081,0,1,1
47910,4788,-0.0250771,0,1,1
47910,4789,-0.0350462,0,0,0
47910,4790,-0.0450154,0,0,0
