time,particle_id,x,y,mesh_index,mesh_index_original
49620,4952,0.0446939,0,4,4
49620,4953,0.0347264,0,4,4
49620,4954,0.0247589,0,3,3
49620,4955,0.0147913,0,3,3
49620,4956,0.00482363,0,2,2
49620,4957,-0.00514413,0,2,2
49620,4958,-0.015112,0,1,1
49620,4959,-0.0250799,0,1,1
49620,4960,-0.0350479,0,0,0
49620,4961,-0.045016,0,0,0
