time,particle_id,x,y,mesh_index,mesh_index_original
94710,9460,0.049385,0,4,4
94710,9461,0.0394471,0,4,4
94710,9462,0.0295092,0,3,3
94710,9463,0.019571,0,3,3
94710,9464,0.00963285,0,2,2
94710,9465,-0.000305646,0,2,2
94710,9466,-0.0102441,0,1,1
94710,9467,-0.0201829,0,1,1
94710,9468,-0.0301218,0,0,0
94710,9469,-0.0400609,0,0,0
