time,particle_id,x,y,mesh_index,mesh_index_original
43480,4338,0.0447318,0,4,4
43480,4339,0.0347603,0,4,4
43480,4340,0.0247887,0,3,3
43480,4341,0.0148171,0,3,3
43480,4342,0.00484546,0,2,2
43480,4343,-0.00512629,0,2,2
43480,4344,-0.0150981,0,1,1
43480,4345,-0.02507,0,1,1
43480,4346,-0.035042,0,0,0
43480,4347,-0.045014,0,0,0
