time,particle_id,x,y,mesh_index,mesh_index_original
78910,7881,0.0415288,0,4,4
78910,7882,0.0315806,0,4,4
78910,7883,0.0216322,0,3,3
78910,7884,0.0116837,0,3,3
78910,7885,0.001735,0,2,2
78910,7886,-0.00821373,0,2,2
78910,7887,-0.0181627,0,1,1
78910,7888,-0.0281117,0,1,1
78910,7889,-0.0380609,0,0,0
78910,7890,-0.0480101,0,0,0
