time,particle_id,x,y,mesh_index,mesh_index_original
48400,4830,0.0447014,0,4,4
48400,4831,0.0347332,0,4,4
48400,4832,0.0247648,0,3,3
48400,4833,0.0147964,0,3,3
48400,4834,0.00482796,0,2,2
48400,4835,-0.00514058,0,2,2
48400,4836,-0.0151092,0,1,1
48400,4837,-0.0250779,0,1,1
48400,4838,-0.0350467,0,0,0
48400,4839,-0.0450156,0,0,0
