time,particle_id,x,y,mesh_index,mesh_index_original
68340,6824,0.0425874,0,4,4
68340,6825,0.0326322,0,4,4
68340,6826,0.0226769,0,3,3
68340,6827,0.0127215,0,3,3
68340,6828,0.00276601,0,2,2
68340,6829,-0.00718958,0,2,2
68340,6830,-0.0171453,0,1,1
68340,6831,-0.0271012,0,1,1
68340,6832,-0.0370571,0,0,0
68340,6833,-0.0470132,0,0,0
