time,particle_id,x,y,mesh_index,mesh_index_original
40840,4074,0.0447481,0,4,4
40840,4075,0.0347749,0,4,4
40840,4076,0.0248016,0,3,3
40840,4077,0.0148282,0,3,3
40840,4078,0.00485485,0,2,2
40840,4079,-0.00511862,0,2,2
40840,4080,-0.0150921,0,1,1
40840,4081,-0.0250657,0,1,1
40840,4082,-0.0350394,0,0,0
40840,4083,-0.0450131,0,0,0
