time,particle_id,x,y,mesh_index,mesh_index_original
31060,3096,0.0458064,0,4,4
31060,3097,0.0358268,0,4,4
31060,3098,0.0258471,0,3,3
31060,3099,0.0158674,0,3,3
31060,3100,0.00588763,0,2,2
31060,3101,-0.0040922,0,2,2
31060,3102,-0.0140721,0,1,1
31060,3103,-0.024052,0,1,1
31060,3104,-0.034032,0,0,0
31060,3105,-0.044012,0,0,0
