time,particle_id,x,y,mesh_index,mesh_index_original
6900,680,0.0489561,0,4,4
6900,681,0.0389605,0,4,4
6900,682,0.028965,0,3,3
6900,683,0.0189695,0,3,3
6900,684,0.00897392,0,2,2
6900,685,-0.00102164,0,2,2
6900,686,-0.0110172,0,1,1
6900,687,-0.0210128,0,1,1
6900,688,-0.0310084,0,0,0
6900,689,-0.041004,0,0,0
