time,particle_id,x,y,mesh_index,mesh_index_original
810,71,0.0489954,0,4,4
810,72,0.0389958,0,4,4
810,73,0.0289963,0,3,3
810,74,0.0189968,0,3,3
810,75,0.00899723,0,2,2
810,76,-0.00100231,0,2,2
810,77,-0.0110018,0,1,1
810,78,-0.0210014,0,1,1
810,79,-0.0310009,0,0,0
810,80,-0.0410004,0,0,0
