time,particle_id,x,y,mesh_index,mesh_index_original
78670,7857,0.0415303,0,4,4
78670,7858,0.0315819,0,4,4
78670,7859,0.0216333,0,3,3
78670,7860,0.0116847,0,3,3
78670,7861,0.0017358,0,2,2
78670,7862,-0.00821308,0,2,2
78670,7863,-0.0181622,0,1,1
78670,7864,-0.0281113,0,1,1
78670,7865,-0.0380607,0,0,0
78670,7866,-0.0480101,0,0,0
