time,particle_id,x,y,mesh_index,mesh_index_original
68520,6842,0.0425863,0,4,4
68520,6843,0.0326313,0,4,4
68520,6844,0.0226761,0,3,3
68520,6845,0.0127208,0,3,3
68520,6846,0.00276539,0,2,2
68520,6847,-0.00719008,0,2,2
68520,6848,-0.0171457,0,1,1
68520,6849,-0.0271014,0,1,1
68520,6850,-0.0370573,0,0,0
68520,6851,-0.0470132,0,0,0
