time,particle_id,x,y,mesh_index,mesh_index_original
40080,3998,0.0457501,0,4,4
40080,3999,0.0357764,0,4,4
40080,4000,0.0248053,0,3,3
40080,4001,0.0148314,0,3,3
40080,4002,0.00485755,0,2,2
40080,4003,-0.00511641,0,2,2
40080,4004,-0.0150904,0,1,1
40080,4005,-0.0250645,0,1,1
40080,4006,-0.0350387,0,0,0
40080,4007,-0.0450129,0,0,0
