time,particle_id,x,y,mesh_index,mesh_index_original
26360,2626,0.0468341,0,4,4
26360,2627,0.0368513,0,4,4
26360,2628,0.0268686,0,3,3
26360,2629,0.0168858,0,3,3
26360,2630,0.00690295,0,2,2
26360,2631,-0.00307994,0,2,2
26360,2632,-0.0130628,0,1,1
26360,2633,-0.0230458,0,1,1
26360,2634,-0.0330288,0,0,0
26360,2635,-0.0430119,0,0,0
