time,particle_id,x,y,mesh_index,mesh_index_original
77370,7727,0.041538,0,4,4
77370,7728,0.0315888,0,4,4
77370,7729,0.0216393,0,3,3
77370,7730,0.0116899,0,3,3
77370,7731,0.00174016,0,2,2
77370,7732,-0.00820957,0,2,2
77370,7733,-0.0181595,0,1,1
77370,7734,-0.0281095,0,1,1
77370,7735,-0.0380597,0,0,0
77370,7736,-0.04801,0,0,0
