time,particle_id,x,y,mesh_index,mesh_index_original
40210,4011,0.044752,0,4,4
40210,4012,0.0347783,0,4,4
40210,4013,0.0248046,0,3,3
40210,4014,0.0148309,0,3,3
40210,4015,0.00485709,0,2,2
40210,4016,-0.00511678,0,2,2
40210,4017,-0.0150907,0,1,1
40210,4018,-0.0250647,0,1,1
40210,4019,-0.0350388,0,0,0
40210,4020,-0.0450129,0,0,0
