time,particle_id,x,y,mesh_index,mesh_index_original
50930,5083,0.0436891,0,4,4
50930,5084,0.0337225,0,4,4
50930,5085,0.0237559,0,3,3
50930,5086,0.0137891,0,3,3
50930,5087,0.00382228,0,2,2
50930,5088,-0.00614462,0,2,2
50930,5089,-0.0161116,0,1,1
50930,5090,-0.0260787,0,1,1
50930,5091,-0.0360459,0,0,0
50930,5092,-0.0460131,0,0,0
