time,particle_id,x,y,mesh_index,mesh_index_original
69990,6989,0.0425774,0,4,4
69990,6990,0.0326234,0,4,4
69990,6991,0.0226691,0,3,3
69990,6992,0.0127148,0,3,3
69990,6993,0.00276037,0,2,2
69990,6994,-0.00719415,0,2,2
69990,6995,-0.0171488,0,1,1
69990,6996,-0.0271036,0,1,1
69990,6997,-0.0370585,0,0,0
69990,6998,-0.0470135,0,0,0
