time,particle_id,x,y,mesh_index,mesh_index_original
57320,5722,0.0436501,0,4,4
57320,5723,0.0336877,0,4,4
57320,5724,0.0237252,0,3,3
57320,5725,0.0137627,0,3,3
57320,5726,0.00379999,0,2,2
57320,5727,-0.00616276,0,2,2
57320,5728,-0.0161256,0,1,1
57320,5729,-0.0260886,0,1,1
57320,5730,-0.0360516,0,0,0
57320,5731,-0.0460147,0,0,0
