time,particle_id,x,y,mesh_index,mesh_index_original
16610,1651,0.0478945,0,4,4
16610,1652,0.0379054,0,4,4
16610,1653,0.0279162,0,3,3
16610,1654,0.0179271,0,3,3
16610,1655,0.00793787,0,2,2
16610,1656,-0.00205137,0,2,2
16610,1657,-0.0120406,0,1,1
16610,1658,-0.0220299,0,1,1
16610,1659,-0.0320192,0,0,0
16610,1660,-0.0420085,0,0,0
