time,particle_id,x,y,mesh_index,mesh_index_original
77500,7740,0.0415372,0,4,4
77500,7741,0.0315881,0,4,4
77500,7742,0.0216387,0,3,3
77500,7743,0.0116893,0,3,3
77500,7744,0.00173973,0,2,2
77500,7745,-0.00820992,0,2,2
77500,7746,-0.0181598,0,1,1
77500,7747,-0.0281097,0,1,1
77500,7748,-0.0380598,0,0,0
77500,7749,-0.04801,0,0,0
