time,particle_id,x,y,mesh_index,mesh_index_original
39040,3894,0.0457566,0,4,4
39040,3895,0.0357822,0,4,4
39040,3896,0.0258078,0,3,3
39040,3897,0.0158333,0,3,3
39040,3898,0.00585871,0,2,2
39040,3899,-0.00411592,0,2,2
39040,3900,-0.0140906,0,1,1
39040,3901,-0.0240654,0,1,1
39040,3902,-0.0340402,0,0,0
39040,3903,-0.0440151,0,0,0
