time,particle_id,x,y,mesh_index,mesh_index_original
61040,6094,0.0426314,0,4,4
61040,6095,0.0326715,0,4,4
61040,6096,0.0227114,0,3,3
61040,6097,0.0127513,0,3,3
61040,6098,0.00279099,0,2,2
61040,6099,-0.00716935,0,2,2
61040,6100,-0.0171298,0,1,1
61040,6101,-0.0270904,0,1,1
61040,6102,-0.037051,0,0,0
61040,6103,-0.0470118,0,0,0
