time,particle_id,x,y,mesh_index,mesh_index_original
9070,897,0.0489421,0,4,4
9070,898,0.038948,0,4,4
9070,899,0.0289539,0,3,3
9070,900,0.0189597,0,3,3
9070,901,0.00896562,0,2,2
9070,902,-0.00102853,0,2,2
9070,903,-0.0110227,0,1,1
9070,904,-0.0210169,0,1,1
9070,905,-0.031011,0,0,0
9070,906,-0.0410052,0,0,0
