time,particle_id,x,y,mesh_index,mesh_index_original
72600,7250,0.0415665,0,4,4
72600,7251,0.0316141,0,4,4
72600,7252,0.0216615,0,3,3
72600,7253,0.011709,0,3,3
72600,7254,0.00175616,0,2,2
72600,7255,-0.00819667,0,2,2
72600,7256,-0.0181497,0,1,1
72600,7257,-0.0281028,0,1,1
72600,7258,-0.038056,0,0,0
72600,7259,-0.0480093,0,0,0
