time,particle_id,x,y,mesh_index,mesh_index_original
58040,5794,0.0436457,0,4,4
58040,5795,0.0336838,0,4,4
58040,5796,0.0237218,0,3,3
58040,5797,0.0137597,0,3,3
58040,5798,0.00379748,0,2,2
58040,5799,-0.0061648,0,2,2
58040,5800,-0.0161272,0,1,1
58040,5801,-0.0260897,0,1,1
58040,5802,-0.0360523,0,0,0
58040,5803,-0.0460149,0,0,0
