{
  "travel_time_s": 100.0,
  "velocity_m_per_s": 0.001,
  "q_in_m3_per_s": 5.000000000000001e-07,
  "injection_duration_s": 100000.0,
  "vref_m3": 0.05000000000000001,
  "water_kg": 50.00000000000001,
  "reactive_area_m2": 0.020000000000000004,
  "reactive_area_cm2": 200.00000000000003,
  "maximum_solution_gypsum_volume_m3": 0.00011085000000000001,
  "maximum_solution_gypsum_moles": 1.5000000000000002,
  "particle_time_share_s": 10.001000100010002,
  "nominal_particle_volume_m3": 5.0005000500050015e-06,
  "nominal_sum_particle_volume_m3": 0.050005000500050016,
  "nominal_sum_particle_ratio": 1.000100010001,
  "nominal_sum_particle_relative_error": 0.00010001000100012812,
  "a1_m3": 0.0,
  "k1_s_inv": 0.0,
  "a2_m3": 0.0,
  "k2_s_inv": 0.0,
  "linear_m3_per_s": 0.0,
  "rational_pinf_m3": -5.958490314589947e-05,
  "rational_weight": 0.9829208153779269,
  "rational_a10_s_inv": 0.00048424305570788604,
  "rational_a2_s_inv": 0.0001916340855748441,
  "rmse_m3": 2.908389895724257e-09,
  "r2": 0.9999998323551404,
  "phreeqc_input": "/home/zhouw/Documents/Codes/ReactiveSoluteTransport/Benchmark/gypsum_single_fracture_10cm_ap5mm/results_total_injection_reference_volume_precipitation_20260426_174012/phreeqc/tt_1e02/tt_1e02.pqi",
  "phreeqc_output": "/home/zhouw/Documents/Codes/ReactiveSoluteTransport/Benchmark/gypsum_single_fracture_10cm_ap5mm/results_total_injection_reference_volume_precipitation_20260426_174012/phreeqc/tt_1e02/tt_1e02.pqo",
  "phreeqc_selected_output": "/home/zhouw/Documents/Codes/ReactiveSoluteTransport/Benchmark/gypsum_single_fracture_10cm_ap5mm/results_total_injection_reference_volume_precipitation_20260426_174012/phreeqc/tt_1e02/tt_1e02.sel",
  "fit_curve_csv": "/home/zhouw/Documents/Codes/ReactiveSoluteTransport/Benchmark/gypsum_single_fracture_10cm_ap5mm/results_total_injection_reference_volume_precipitation_20260426_174012/phreeqc/tt_1e02/tt_1e02_volume_curve.csv",
  "a_ref_m2": 0.020000000000000004
}