time,particle_id,x,y,mesh_index,mesh_index_original
240,14,0.0489991,0,9,9
240,15,0.0389991,0,8,8
240,16,0.0289992,0,7,7
240,17,0.0189993,0,6,6
240,18,0.00899941,0,5,5
240,19,-0.0010005,0,4,4
240,20,-0.0110004,0,3,3
240,21,-0.0210003,0,2,2
240,22,-0.0310002,0,1,1
240,23,-0.0410001,0,0,0
