time,particle_id,x,y,mesh_index,mesh_index_original
50570,5047,0.0436914,0,9,9
50570,5048,0.0337245,0,8,8
50570,5049,0.0237576,0,7,7
50570,5050,0.0137906,0,6,6
50570,5051,0.00382357,0,5,5
50570,5052,-0.00614358,0,4,4
50570,5053,-0.0161108,0,3,3
50570,5054,-0.0260781,0,2,2
50570,5055,-0.0360455,0,1,1
50570,5056,-0.046013,0,0,0
