time,particle_id,x,y,mesh_index,mesh_index_original
98110,9800,0.049363,0,9,9
98110,9801,0.0394274,0,8,8
98110,9802,0.0294916,0,7,7
98110,9803,0.0195558,0,6,6
98110,9804,0.0096197,0,5,5
98110,9805,-0.000316511,0,4,4
98110,9806,-0.0102529,0,3,3
98110,9807,-0.0201894,0,2,2
98110,9808,-0.0301261,0,1,1
98110,9809,-0.040063,0,0,0
