time,particle_id,x,y,mesh_index,mesh_index_original
53250,5315,0.043675,0,9,9
53250,5316,0.0337099,0,8,8
53250,5317,0.0237448,0,7,7
53250,5318,0.0137795,0,6,6
53250,5319,0.00381422,0,5,5
53250,5320,-0.00615119,0,4,4
53250,5321,-0.0161167,0,3,3
53250,5322,-0.0260823,0,2,2
53250,5323,-0.0360479,0,1,1
53250,5324,-0.0460137,0,0,0
