time,particle_id,x,y,mesh_index,mesh_index_original
36590,3649,0.0457719,0,9,9
36590,3650,0.0357959,0,8,8
36590,3651,0.0258199,0,7,7
36590,3652,0.0158438,0,6,6
36590,3653,0.0058676,0,5,5
36590,3654,-0.00410862,0,4,4
36590,3655,-0.0140849,0,3,3
36590,3656,-0.0240612,0,2,2
36590,3657,-0.0340376,0,1,1
36590,3658,-0.0440141,0,0,0
