time,particle_id,x,y,mesh_index,mesh_index_original
75100,7500,0.0415516,0,9,9
75100,7501,0.0316008,0,8,8
75100,7502,0.02165,0,7,7
75100,7503,0.011699,0,6,6
75100,7504,0.00174783,0,5,5
75100,7505,-0.00820342,0,4,4
75100,7506,-0.0181548,0,3,3
75100,7507,-0.0281063,0,2,2
75100,7508,-0.0380579,0,1,1
75100,7509,-0.0480096,0,0,0
