time,particle_id,x,y,mesh_index,mesh_index_original
43730,4363,0.0447302,0,9,9
43730,4364,0.0347589,0,8,8
43730,4365,0.0247876,0,7,7
43730,4366,0.0148161,0,6,6
43730,4367,0.00484459,0,5,5
43730,4368,-0.005127,0,4,4
43730,4369,-0.0150987,0,3,3
43730,4370,-0.0250704,0,2,2
43730,4371,-0.0350422,0,1,1
43730,4372,-0.045014,0,0,0
