time,particle_id,x,y,mesh_index,mesh_index_original
40280,4018,0.0447515,0,9,9
40280,4019,0.034778,0,8,8
40280,4020,0.0248043,0,7,7
40280,4021,0.0148306,0,6,6
40280,4022,0.00485686,0,5,5
40280,4023,-0.00511697,0,4,4
40280,4024,-0.0150909,0,3,3
40280,4025,-0.0250648,0,2,2
40280,4026,-0.0350388,0,1,1
40280,4027,-0.0450129,0,0,0
