time,particle_id,x,y,mesh_index,mesh_index_original
45900,4580,0.0447168,0,9,9
45900,4581,0.034747,0,8,8
45900,4582,0.024777,0,7,7
45900,4583,0.014807,0,6,6
45900,4584,0.00483687,0,5,5
45900,4585,-0.0051333,0,4,4
45900,4586,-0.0151035,0,3,3
45900,4587,-0.0250739,0,2,2
45900,4588,-0.0350443,0,1,1
45900,4589,-0.0450147,0,0,0
