time,particle_id,x,y,mesh_index,mesh_index_original
54800,5470,0.0436655,0,9,9
54800,5471,0.0337015,0,8,8
54800,5472,0.0237373,0,7,7
54800,5473,0.0137731,0,6,6
54800,5474,0.00380881,0,5,5
54800,5475,-0.00615559,0,4,4
54800,5476,-0.0161201,0,3,3
54800,5477,-0.0260847,0,2,2
54800,5478,-0.0360493,0,1,1
54800,5479,-0.0460141,0,0,0
