time,particle_id,x,y,mesh_index,mesh_index_original
32430,3233,0.0457979,0,9,9
32430,3234,0.0358192,0,8,8
32430,3235,0.0258404,0,7,7
32430,3236,0.0158616,0,6,6
32430,3237,0.00588267,0,5,5
32430,3238,-0.00409626,0,4,4
32430,3239,-0.0140752,0,3,3
32430,3240,-0.0240543,0,2,2
32430,3241,-0.0340334,0,1,1
32430,3242,-0.0440125,0,0,0
