time,particle_id,x,y,mesh_index,mesh_index_original
17990,1789,0.0478857,0,9,9
17990,1790,0.0378975,0,8,8
17990,1791,0.0279093,0,7,7
17990,1792,0.017921,0,6,6
17990,1793,0.00793268,0,5,5
17990,1794,-0.00205565,0,4,4
17990,1795,-0.012044,0,3,3
17990,1796,-0.0220324,0,2,2
17990,1797,-0.0320208,0,1,1
17990,1798,-0.0420092,0,0,0
