time,particle_id,x,y,mesh_index,mesh_index_original
48620,4852,0.0447001,0,9,9
48620,4853,0.034732,0,8,8
48620,4854,0.0247638,0,7,7
48620,4855,0.0147955,0,6,6
48620,4856,0.0048272,0,5,5
48620,4857,-0.0051412,0,4,4
48620,4858,-0.0151097,0,3,3
48620,4859,-0.0250782,0,2,2
48620,4860,-0.0350469,0,1,1
48620,4861,-0.0450156,0,0,0
