time,particle_id,x,y,mesh_index,mesh_index_original
53300,5320,0.0436747,0,9,9
53300,5321,0.0337097,0,8,8
53300,5322,0.0237445,0,7,7
53300,5323,0.0137793,0,6,6
53300,5324,0.00381404,0,5,5
53300,5325,-0.00615133,0,4,4
53300,5326,-0.0161168,0,3,3
53300,5327,-0.0260823,0,2,2
53300,5328,-0.036048,0,1,1
53300,5329,-0.0460137,0,0,0
