time,particle_id,x,y,mesh_index,mesh_index_original
43520,4342,0.0447315,0,9,9
43520,4343,0.0347601,0,8,8
43520,4344,0.0247886,0,7,7
43520,4345,0.014817,0,6,6
43520,4346,0.00484534,0,5,5
43520,4347,-0.00512639,0,4,4
43520,4348,-0.0150982,0,3,3
43520,4349,-0.02507,0,2,2
43520,4350,-0.035042,0,1,1
43520,4351,-0.045014,0,0,0
