time,particle_id,x,y,mesh_index,mesh_index_original
37230,3713,0.0457679,0,9,9
37230,3714,0.0357924,0,8,8
37230,3715,0.0258167,0,7,7
37230,3716,0.015841,0,6,6
37230,3717,0.00586528,0,5,5
37230,3718,-0.00411052,0,4,4
37230,3719,-0.0140864,0,3,3
37230,3720,-0.0240623,0,2,2
37230,3721,-0.0340383,0,1,1
37230,3722,-0.0440143,0,0,0
