time,particle_id,x,y,mesh_index,mesh_index_original
5120,502,0.0489676,0,9,9
5120,503,0.0389709,0,8,8
5120,504,0.0289742,0,7,7
5120,505,0.0189775,0,6,6
5120,506,0.00898073,0,5,5
5120,507,-0.00101599,0,4,4
5120,508,-0.0110127,0,3,3
5120,509,-0.0210094,0,2,2
5120,510,-0.0310062,0,1,1
5120,511,-0.0410029,0,0,0
