time,particle_id,x,y,mesh_index,mesh_index_original
35090,3499,0.0457813,0,9,9
35090,3500,0.0358043,0,8,8
35090,3501,0.0258273,0,7,7
35090,3502,0.0158502,0,6,6
35090,3503,0.00587303,0,5,5
35090,3504,-0.00410416,0,4,4
35090,3505,-0.0140814,0,3,3
35090,3506,-0.0240587,0,2,2
35090,3507,-0.0340361,0,1,1
35090,3508,-0.0440135,0,0,0
