time,particle_id,x,y,mesh_index,mesh_index_original
46480,4638,0.0447133,0,9,9
46480,4639,0.0347438,0,8,8
46480,4640,0.0247742,0,7,7
46480,4641,0.0148045,0,6,6
46480,4642,0.00483481,0,5,5
46480,4643,-0.00513499,0,4,4
46480,4644,-0.0151049,0,3,3
46480,4645,-0.0250748,0,2,2
46480,4646,-0.0350448,0,1,1
46480,4647,-0.0450149,0,0,0
