time,particle_id,x,y,mesh_index,mesh_index_original
7750,765,0.0489506,0,9,9
7750,766,0.0389556,0,8,8
7750,767,0.0289607,0,7,7
7750,768,0.0189657,0,6,6
7750,769,0.00897067,0,5,5
7750,770,-0.00102433,0,4,4
7750,771,-0.0110193,0,3,3
7750,772,-0.0210144,0,2,2
7750,773,-0.0310094,0,1,1
7750,774,-0.0410045,0,0,0
