time,particle_id,x,y,mesh_index,mesh_index_original
85640,8554,0.0404944,0,9,9
85640,8555,0.0305505,0,8,8
85640,8556,0.0206065,0,7,7
85640,8557,0.0106624,0,6,6
85640,8558,0.000718071,0,5,5
85640,8559,-0.00922636,0,4,4
85640,8560,-0.0191709,0,3,3
85640,8561,-0.0291156,0,2,2
85640,8562,-0.0390605,0,1,1
85640,8563,-0.0490055,0,0,0
