time,particle_id,x,y,mesh_index,mesh_index_original
67050,6695,0.0425952,0,9,9
67050,6696,0.0326392,0,8,8
67050,6697,0.0226831,0,7,7
67050,6698,0.0127268,0,6,6
67050,6699,0.00277046,0,5,5
67050,6700,-0.00718599,0,4,4
67050,6701,-0.0171426,0,3,3
67050,6702,-0.0270992,0,2,2
67050,6703,-0.037056,0,1,1
67050,6704,-0.0470129,0,0,0
