time,particle_id,x,y,mesh_index,mesh_index_original
51180,5108,0.0436876,0,9,9
51180,5109,0.0337212,0,8,8
51180,5110,0.0237547,0,7,7
51180,5111,0.0137881,0,6,6
51180,5112,0.00382144,0,5,5
51180,5113,-0.00614531,0,4,4
51180,5114,-0.0161121,0,3,3
51180,5115,-0.0260791,0,2,2
51180,5116,-0.0360461,0,1,1
51180,5117,-0.0460132,0,0,0
