time,particle_id,x,y,mesh_index,mesh_index_original
71340,7124,0.041574,0,9,9
71340,7125,0.0316208,0,8,8
71340,7126,0.0216675,0,7,7
71340,7127,0.011714,0,6,6
71340,7128,0.00176044,0,5,5
71340,7129,-0.00819325,0,4,4
71340,7130,-0.018147,0,3,3
71340,7131,-0.028101,0,2,2
71340,7132,-0.038055,0,1,1
71340,7133,-0.0480092,0,0,0
