time,particle_id,x,y,mesh_index,mesh_index_original
71600,7150,0.0415725,0,9,9
71600,7151,0.0316194,0,8,8
71600,7152,0.0216663,0,7,7
71600,7153,0.011713,0,6,6
71600,7154,0.00175957,0,5,5
71600,7155,-0.00819395,0,4,4
71600,7156,-0.0181476,0,3,3
71600,7157,-0.0281013,0,2,2
71600,7158,-0.0380552,0,1,1
71600,7159,-0.0480092,0,0,0
