time,particle_id,x,y,mesh_index,mesh_index_original
38500,3840,0.04576,0,9,9
38500,3841,0.0357853,0,8,8
38500,3842,0.0258105,0,7,7
38500,3843,0.0158356,0,6,6
38500,3844,0.00586068,0,5,5
38500,3845,-0.0041143,0,4,4
38500,3846,-0.0140893,0,3,3
38500,3847,-0.0240644,0,2,2
38500,3848,-0.0340396,0,1,1
38500,3849,-0.0440148,0,0,0
