time,particle_id,x,y,mesh_index,mesh_index_original
47840,4774,0.0447049,0,9,9
47840,4775,0.0347363,0,8,8
47840,4776,0.0247676,0,7,7
47840,4777,0.0147988,0,6,6
47840,4778,0.00482998,0,5,5
47840,4779,-0.00513894,0,4,4
47840,4780,-0.0151079,0,3,3
47840,4781,-0.025077,0,2,2
47840,4782,-0.0350461,0,1,1
47840,4783,-0.0450154,0,0,0
