time,particle_id,x,y,mesh_index,mesh_index_original
12330,1223,0.0479219,0,9,9
12330,1224,0.0379299,0,8,8
12330,1225,0.0279379,0,7,7
12330,1226,0.017946,0,6,6
12330,1227,0.00795396,0,5,5
12330,1228,-0.00203806,0,4,4
12330,1229,-0.0120301,0,3,3
12330,1230,-0.0220222,0,2,2
12330,1231,-0.0320142,0,1,1
12330,1232,-0.0420063,0,0,0
