time,particle_id,x,y,mesh_index,mesh_index_original
18860,1876,0.0478802,0,9,9
18860,1877,0.0378925,0,8,8
18860,1878,0.0279049,0,7,7
18860,1879,0.0179171,0,6,6
18860,1880,0.00792941,0,5,5
18860,1881,-0.00205835,0,4,4
18860,1882,-0.0120461,0,3,3
18860,1883,-0.022034,0,2,2
18860,1884,-0.0320218,0,1,1
18860,1885,-0.0420097,0,0,0
