time,particle_id,x,y,mesh_index,mesh_index_original
22830,2273,0.0468564,0,9,9
22830,2274,0.0368713,0,8,8
22830,2275,0.0268862,0,7,7
22830,2276,0.0169011,0,6,6
22830,2277,0.00691598,0,5,5
22830,2278,-0.00306919,0,4,4
22830,2279,-0.0130544,0,3,3
22830,2280,-0.0230397,0,2,2
22830,2281,-0.0330249,0,1,1
22830,2282,-0.0430103,0,0,0
