time,particle_id,x,y,mesh_index,mesh_index_original
84810,8471,0.0404993,0,9,9
84810,8472,0.0305549,0,8,8
84810,8473,0.0206103,0,7,7
84810,8474,0.0106656,0,6,6
84810,8475,0.000720798,0,5,5
84810,8476,-0.00922417,0,4,4
84810,8477,-0.0191693,0,3,3
84810,8478,-0.0291145,0,2,2
84810,8479,-0.0390599,0,1,1
84810,8480,-0.0490054,0,0,0
