time,particle_id,x,y,mesh_index,mesh_index_original
84700,8460,0.0404999,0,9,9
84700,8461,0.0305555,0,8,8
84700,8462,0.0206108,0,7,7
84700,8463,0.0106661,0,6,6
84700,8464,0.00072116,0,5,5
84700,8465,-0.00922388,0,4,4
84700,8466,-0.0191691,0,3,3
84700,8467,-0.0291144,0,2,2
84700,8468,-0.0390598,0,1,1
84700,8469,-0.0490054,0,0,0
