time,particle_id,x,y,mesh_index,mesh_index_original
27460,2736,0.0468271,0,9,9
27460,2737,0.0368451,0,8,8
27460,2738,0.0268631,0,7,7
27460,2739,0.016881,0,6,6
27460,2740,0.0068989,0,5,5
27460,2741,-0.00308326,0,4,4
27460,2742,-0.0130655,0,3,3
27460,2743,-0.0230477,0,2,2
27460,2744,-0.03303,0,1,1
27460,2745,-0.0430123,0,0,0
