time,particle_id,x,y,mesh_index,mesh_index_original
97330,9722,0.049368,0,9,9
97330,9723,0.0394319,0,8,8
97330,9724,0.0294957,0,7,7
97330,9725,0.0195593,0,6,6
97330,9726,0.00962272,0,5,5
97330,9727,-0.000314,0,4,4
97330,9728,-0.0102509,0,3,3
97330,9729,-0.0201879,0,2,2
97330,9730,-0.0301251,0,1,1
97330,9731,-0.0400625,0,0,0
