time,particle_id,x,y,mesh_index,mesh_index_original
3330,323,0.0489791,0,9,9
3330,324,0.0389812,0,8,8
3330,325,0.0289834,0,7,7
3330,326,0.0189855,0,6,6
3330,327,0.00898758,0,5,5
3330,328,-0.00101031,0,4,4
3330,329,-0.0110082,0,3,3
3330,330,-0.0210061,0,2,2
3330,331,-0.031004,0,1,1
3330,332,-0.0410019,0,0,0
