time,particle_id,x,y,mesh_index,mesh_index_original
58560,5846,0.0436426,0,9,9
58560,5847,0.033681,0,8,8
58560,5848,0.0237193,0,7,7
58560,5849,0.0137576,0,6,6
58560,5850,0.0037957,0,5,5
58560,5851,-0.00616626,0,4,4
58560,5852,-0.0161283,0,3,3
58560,5853,-0.0260905,0,2,2
58560,5854,-0.0360527,0,1,1
58560,5855,-0.046015,0,0,0
