time,particle_id,x,y,mesh_index,mesh_index_original
91500,9139,0.0494058,0,9,9
91500,9140,0.0394659,0,8,8
91500,9141,0.0295258,0,7,7
91500,9142,0.0195856,0,6,6
91500,9143,0.00964527,0,5,5
91500,9144,-0.000295232,0,4,4
91500,9145,-0.0102359,0,3,3
91500,9146,-0.0201767,0,2,2
91500,9147,-0.0301176,0,1,1
91500,9148,-0.0400587,0,0,0
