time,particle_id,x,y,mesh_index,mesh_index_original
11100,1100,0.0479297,0,9,9
11100,1101,0.037937,0,8,8
11100,1102,0.0279442,0,7,7
11100,1103,0.0179514,0,6,6
11100,1104,0.00795858,0,5,5
11100,1105,-0.00203424,0,4,4
11100,1106,-0.0120271,0,3,3
11100,1107,-0.0220199,0,2,2
11100,1108,-0.0320128,0,1,1
11100,1109,-0.0420057,0,0,0
