time,particle_id,x,y,mesh_index,mesh_index_original
7700,760,0.0489509,0,9,9
7700,761,0.0389559,0,8,8
7700,762,0.0289609,0,7,7
7700,763,0.0189659,0,6,6
7700,764,0.00897086,0,5,5
7700,765,-0.00102417,0,4,4
7700,766,-0.0110192,0,3,3
7700,767,-0.0210143,0,2,2
7700,768,-0.0310093,0,1,1
7700,769,-0.0410044,0,0,0
