time,particle_id,x,y,mesh_index,mesh_index_original
77400,7730,0.0415379,0,9,9
77400,7731,0.0315886,0,8,8
77400,7732,0.0216392,0,7,7
77400,7733,0.0116897,0,6,6
77400,7734,0.00174012,0,5,5
77400,7735,-0.00820964,0,4,4
77400,7736,-0.0181595,0,3,3
77400,7737,-0.0281095,0,2,2
77400,7738,-0.0380597,0,1,1
77400,7739,-0.0480099,0,0,0
