time,particle_id,x,y,mesh_index,mesh_index_original
17890,1779,0.0478864,0,9,9
17890,1780,0.0378981,0,8,8
17890,1781,0.0279098,0,7,7
17890,1782,0.0179214,0,6,6
17890,1783,0.00793306,0,5,5
17890,1784,-0.00205534,0,4,4
17890,1785,-0.0120438,0,3,3
17890,1786,-0.0220322,0,2,2
17890,1787,-0.0320207,0,1,1
17890,1788,-0.0420092,0,0,0
