time,particle_id,x,y,mesh_index,mesh_index_original
52730,5263,0.0436782,0,9,9
52730,5264,0.0337128,0,8,8
52730,5265,0.0237473,0,7,7
52730,5266,0.0137817,0,6,6
52730,5267,0.00381603,0,5,5
52730,5268,-0.00614971,0,4,4
52730,5269,-0.0161155,0,3,3
52730,5270,-0.0260815,0,2,2
52730,5271,-0.0360475,0,1,1
52730,5272,-0.0460136,0,0,0
