time,particle_id,x,y,mesh_index,mesh_index_original
24770,2467,0.0468441,0,9,9
24770,2468,0.0368603,0,8,8
24770,2469,0.0268765,0,7,7
24770,2470,0.0168927,0,6,6
24770,2471,0.00690882,0,5,5
24770,2472,-0.00307509,0,4,4
24770,2473,-0.013059,0,3,3
24770,2474,-0.023043,0,2,2
24770,2475,-0.0330271,0,1,1
24770,2476,-0.0430111,0,0,0
