time,particle_id,x,y,mesh_index,mesh_index_original
18980,1888,0.0478794,0,9,9
18980,1889,0.0378918,0,8,8
18980,1890,0.0279042,0,7,7
18980,1891,0.0179166,0,6,6
18980,1892,0.00792896,0,5,5
18980,1893,-0.00205872,0,4,4
18980,1894,-0.0120464,0,3,3
18980,1895,-0.0220342,0,2,2
18980,1896,-0.0320219,0,1,1
18980,1897,-0.0420097,0,0,0
