time,particle_id,x,y,mesh_index,mesh_index_original
94660,9455,0.0493853,0,9,9
94660,9456,0.0394475,0,8,8
94660,9457,0.0295095,0,7,7
94660,9458,0.0195713,0,6,6
94660,9459,0.00963304,0,5,5
94660,9460,-0.000305406,0,4,4
94660,9461,-0.010244,0,3,3
94660,9462,-0.0201828,0,2,2
94660,9463,-0.0301217,0,1,1
94660,9464,-0.0400608,0,0,0
