time,particle_id,x,y,mesh_index,mesh_index_original
81220,8112,0.0405205,0,9,9
81220,8113,0.0305737,0,8,8
81220,8114,0.0206268,0,7,7
81220,8115,0.0106798,0,6,6
81220,8116,0.000732597,0,5,5
81220,8117,-0.0092147,0,4,4
81220,8118,-0.0191621,0,3,3
81220,8119,-0.0291097,0,2,2
81220,8120,-0.0390574,0,1,1
81220,8121,-0.0490052,0,0,0
