time,particle_id,x,y,mesh_index,mesh_index_original
68420,6832,0.0425869,0,9,9
68420,6833,0.0326318,0,8,8
68420,6834,0.0226766,0,7,7
68420,6835,0.0127212,0,6,6
68420,6836,0.00276578,0,5,5
68420,6837,-0.00718979,0,4,4
68420,6838,-0.0171455,0,3,3
68420,6839,-0.0271013,0,2,2
68420,6840,-0.0370572,0,1,1
68420,6841,-0.0470132,0,0,0
