time,particle_id,x,y,mesh_index,mesh_index_original
42460,4236,0.0447381,0,9,9
42460,4237,0.0347659,0,8,8
42460,4238,0.0247937,0,7,7
42460,4239,0.0148214,0,6,6
42460,4240,0.00484911,0,5,5
42460,4241,-0.00512331,0,4,4
42460,4242,-0.0150958,0,3,3
42460,4243,-0.0250683,0,2,2
42460,4244,-0.035041,0,1,1
42460,4245,-0.0450136,0,0,0
