time,particle_id,x,y,mesh_index,mesh_index_original
70860,7076,0.0415769,0,9,9
70860,7077,0.0316233,0,8,8
70860,7078,0.0216697,0,7,7
70860,7079,0.0117159,0,6,6
70860,7080,0.00176205,0,5,5
70860,7081,-0.00819195,0,4,4
70860,7082,-0.0181461,0,3,3
70860,7083,-0.0281003,0,2,2
70860,7084,-0.0380546,0,1,1
70860,7085,-0.0480091,0,0,0
