time,particle_id,x,y,mesh_index,mesh_index_original
27150,2705,0.0468291,0,9,9
27150,2706,0.0368469,0,8,8
27150,2707,0.0268646,0,7,7
27150,2708,0.0168824,0,6,6
27150,2709,0.00690004,0,5,5
27150,2710,-0.00308232,0,4,4
27150,2711,-0.0130647,0,3,3
27150,2712,-0.0230472,0,2,2
27150,2713,-0.0330297,0,1,1
27150,2714,-0.0430122,0,0,0
