time,particle_id,x,y,mesh_index,mesh_index_original
10750,1065,0.0479319,0,9,9
10750,1066,0.037939,0,8,8
10750,1067,0.027946,0,7,7
10750,1068,0.0179529,0,6,6
10750,1069,0.0079599,0,5,5
10750,1070,-0.00203315,0,4,4
10750,1071,-0.0120262,0,3,3
10750,1072,-0.0220193,0,2,2
10750,1073,-0.0320124,0,1,1
10750,1074,-0.0420055,0,0,0
