time,particle_id,x,y,mesh_index,mesh_index_original
23020,2292,0.0468552,0,9,9
23020,2293,0.0368702,0,8,8
23020,2294,0.0268853,0,7,7
23020,2295,0.0169003,0,6,6
23020,2296,0.00691528,0,5,5
23020,2297,-0.00306977,0,4,4
23020,2298,-0.0130549,0,3,3
23020,2299,-0.02304,0,2,2
23020,2300,-0.0330251,0,1,1
23020,2301,-0.0430103,0,0,0
