time,particle_id,x,y,mesh_index,mesh_index_original
64780,6468,0.0426089,0,9,9
64780,6469,0.0326514,0,8,8
64780,6470,0.0226938,0,7,7
64780,6471,0.0127361,0,6,6
64780,6472,0.00277823,0,5,5
64780,6473,-0.0071797,0,4,4
64780,6474,-0.0171377,0,3,3
64780,6475,-0.0270959,0,2,2
64780,6476,-0.0370541,0,1,1
64780,6477,-0.0470125,0,0,0
