time,particle_id,x,y,mesh_index,mesh_index_original
8930,883,0.048943,0,9,9
8930,884,0.0389488,0,8,8
8930,885,0.0289546,0,7,7
8930,886,0.0189604,0,6,6
8930,887,0.00896616,0,5,5
8930,888,-0.00102808,0,4,4
8930,889,-0.0110223,0,3,3
8930,890,-0.0210166,0,2,2
8930,891,-0.0310109,0,1,1
8930,892,-0.0410051,0,0,0
