time,particle_id,x,y,mesh_index,mesh_index_original
20330,2023,0.0468721,0,9,9
20330,2024,0.0368855,0,8,8
20330,2025,0.0268987,0,7,7
20330,2026,0.016912,0,6,6
20330,2027,0.00692521,0,5,5
20330,2028,-0.00306159,0,4,4
20330,2029,-0.0130484,0,3,3
20330,2030,-0.0230353,0,2,2
20330,2031,-0.0330222,0,1,1
20330,2032,-0.0430091,0,0,0
