time,particle_id,x,y,mesh_index,mesh_index_original
39590,3949,0.0457532,0,9,9
39590,3950,0.0357792,0,8,8
39590,3951,0.0258051,0,7,7
39590,3952,0.0158309,0,6,6
39590,3953,0.00585673,0,5,5
39590,3954,-0.00411754,0,4,4
39590,3955,-0.0140919,0,3,3
39590,3956,-0.0240663,0,2,2
39590,3957,-0.0340407,0,1,1
39590,3958,-0.0440153,0,0,0
