time,particle_id,x,y,mesh_index,mesh_index_original
39420,3932,0.0457543,0,9,9
39420,3933,0.0357801,0,8,8
39420,3934,0.0258059,0,7,7
39420,3935,0.0158317,0,6,6
39420,3936,0.00585735,0,5,5
39420,3937,-0.00411703,0,4,4
39420,3938,-0.0140915,0,3,3
39420,3939,-0.024066,0,2,2
39420,3940,-0.0340406,0,1,1
39420,3941,-0.0440152,0,0,0
