time,particle_id,x,y,mesh_index,mesh_index_original
6160,606,0.0489609,0,9,9
6160,607,0.0389648,0,8,8
6160,608,0.0289688,0,7,7
6160,609,0.0189728,0,6,6
6160,610,0.00897675,0,5,5
6160,611,-0.00101929,0,4,4
6160,612,-0.0110153,0,3,3
6160,613,-0.0210114,0,2,2
6160,614,-0.0310075,0,1,1
6160,615,-0.0410035,0,0,0
