time,particle_id,x,y,mesh_index,mesh_index_original
56520,5642,0.043655,0,9,9
56520,5643,0.0336921,0,8,8
56520,5644,0.0237291,0,7,7
56520,5645,0.013766,0,6,6
56520,5646,0.00380281,0,5,5
56520,5647,-0.00616047,0,4,4
56520,5648,-0.0161238,0,3,3
56520,5649,-0.0260873,0,2,2
56520,5650,-0.0360509,0,1,1
56520,5651,-0.0460145,0,0,0
