time,particle_id,x,y,mesh_index,mesh_index_original
62170,6207,0.0426247,0,9,9
62170,6208,0.0326654,0,8,8
62170,6209,0.0227061,0,7,7
62170,6210,0.0127467,0,6,6
62170,6211,0.00278716,0,5,5
62170,6212,-0.00717246,0,4,4
62170,6213,-0.0171322,0,3,3
62170,6214,-0.027092,0,2,2
62170,6215,-0.0370519,0,1,1
62170,6216,-0.047012,0,0,0
