time,particle_id,x,y,mesh_index,mesh_index_original
10050,995,0.0489358,0,9,9
10050,996,0.0389423,0,8,8
10050,997,0.0289488,0,7,7
10050,998,0.0189554,0,6,6
10050,999,0.00896187,0,5,5
10050,1000,-0.00203098,0,4,4
10050,1001,-0.0120245,0,3,3
10050,1002,-0.022018,0,2,2
10050,1003,-0.0320116,0,1,1
10050,1004,-0.0420051,0,0,0
