time,particle_id,x,y,mesh_index,mesh_index_original
55200,5510,0.0436631,0,9,9
55200,5511,0.0336993,0,8,8
55200,5512,0.0237354,0,7,7
55200,5513,0.0137715,0,6,6
55200,5514,0.00380741,0,5,5
55200,5515,-0.00615672,0,4,4
55200,5516,-0.016121,0,3,3
55200,5517,-0.0260853,0,2,2
55200,5518,-0.0360497,0,1,1
55200,5519,-0.0460142,0,0,0
