time,particle_id,x,y,mesh_index,mesh_index_original
99970,9986,0.0493509,0,9,9
99970,9987,0.0394166,0,8,8
99970,9988,0.029482,0,7,7
99970,9989,0.0195473,0,6,6
99970,9990,0.00961251,0,5,5
99970,9991,-0.000322497,0,4,4
99970,9992,-0.0102577,0,3,3
99970,9993,-0.020193,0,2,2
99970,9994,-0.0301285,0,1,1
99970,9995,-0.0400642,0,0,0
