time,particle_id,x,y,mesh_index,mesh_index_original
83000,8290,0.04051,0,9,9
83000,8291,0.0305644,0,8,8
83000,8292,0.0206186,0,7,7
83000,8293,0.0106728,0,6,6
83000,8294,0.000726747,0,5,5
83000,8295,-0.00921939,0,4,4
83000,8296,-0.0191657,0,3,3
83000,8297,-0.0291121,0,2,2
83000,8298,-0.0390586,0,1,1
83000,8299,-0.0490053,0,0,0
