time,particle_id,x,y,mesh_index,mesh_index_original
78690,7859,0.0415302,0,9,9
78690,7860,0.0315818,0,8,8
78690,7861,0.0216332,0,7,7
78690,7862,0.0116846,0,6,6
78690,7863,0.00173579,0,5,5
78690,7864,-0.00821313,0,4,4
78690,7865,-0.0181622,0,3,3
78690,7866,-0.0281114,0,2,2
78690,7867,-0.0380607,0,1,1
78690,7868,-0.0480101,0,0,0
