time,particle_id,x,y,mesh_index,mesh_index_original
26770,2667,0.0468315,0,9,9
26770,2668,0.036849,0,8,8
26770,2669,0.0268665,0,7,7
26770,2670,0.016884,0,6,6
26770,2671,0.00690144,0,5,5
26770,2672,-0.00308117,0,4,4
26770,2673,-0.0130638,0,3,3
26770,2674,-0.0230465,0,2,2
26770,2675,-0.0330293,0,1,1
26770,2676,-0.043012,0,0,0
