time,particle_id,x,y,mesh_index,mesh_index_original
61960,6186,0.0426259,0,9,9
61960,6187,0.0326666,0,8,8
61960,6188,0.0227071,0,7,7
61960,6189,0.0127475,0,6,6
61960,6190,0.00278788,0,5,5
61960,6191,-0.00717188,0,4,4
61960,6192,-0.0171317,0,3,3
61960,6193,-0.0270917,0,2,2
61960,6194,-0.0370518,0,1,1
61960,6195,-0.0470119,0,0,0
