time,particle_id,x,y,mesh_index,mesh_index_original
8180,808,0.0489478,0,9,9
8180,809,0.0389531,0,8,8
8180,810,0.0289584,0,7,7
8180,811,0.0189637,0,6,6
8180,812,0.00896903,0,5,5
8180,813,-0.0010257,0,4,4
8180,814,-0.0110204,0,3,3
8180,815,-0.0210152,0,2,2
8180,816,-0.0310099,0,1,1
8180,817,-0.0410047,0,0,0
