time,particle_id,x,y,mesh_index,mesh_index_original
75370,7527,0.04155,0,9,9
75370,7528,0.0315994,0,8,8
75370,7529,0.0216487,0,7,7
75370,7530,0.0116979,0,6,6
75370,7531,0.00174692,0,5,5
75370,7532,-0.00820415,0,4,4
75370,7533,-0.0181553,0,3,3
75370,7534,-0.0281067,0,2,2
75370,7535,-0.0380581,0,1,1
75370,7536,-0.0480097,0,0,0
