time,particle_id,x,y,mesh_index,mesh_index_original
67960,6786,0.0425897,0,9,9
67960,6787,0.0326343,0,8,8
67960,6788,0.0226788,0,7,7
67960,6789,0.0127231,0,6,6
67960,6790,0.00276735,0,5,5
67960,6791,-0.00718851,0,4,4
67960,6792,-0.0171445,0,3,3
67960,6793,-0.0271006,0,2,2
67960,6794,-0.0370568,0,1,1
67960,6795,-0.0470131,0,0,0
