time,particle_id,x,y,mesh_index,mesh_index_original
98350,9824,0.0493614,0,9,9
98350,9825,0.039426,0,8,8
98350,9826,0.0294904,0,7,7
98350,9827,0.0195547,0,6,6
98350,9828,0.00961877,0,5,5
98350,9829,-0.000317283,0,4,4
98350,9830,-0.0102535,0,3,3
98350,9831,-0.0201899,0,2,2
98350,9832,-0.0301264,0,1,1
98350,9833,-0.0400631,0,0,0
