time,particle_id,x,y,mesh_index,mesh_index_original
20160,2006,0.0468732,0,9,9
20160,2007,0.0368864,0,8,8
20160,2008,0.0268996,0,7,7
20160,2009,0.0169127,0,6,6
20160,2010,0.00692584,0,5,5
20160,2011,-0.00306108,0,4,4
20160,2012,-0.013048,0,3,3
20160,2013,-0.023035,0,2,2
20160,2014,-0.033022,0,1,1
20160,2015,-0.0430091,0,0,0
