time,particle_id,x,y,mesh_index,mesh_index_original
45100,4500,0.0447218,0,9,9
45100,4501,0.0347514,0,8,8
45100,4502,0.0247809,0,7,7
45100,4503,0.0148103,0,6,6
45100,4504,0.00483972,0,5,5
45100,4505,-0.00513098,0,4,4
45100,4506,-0.0151017,0,3,3
45100,4507,-0.0250726,0,2,2
45100,4508,-0.0350435,0,1,1
45100,4509,-0.0450145,0,0,0
