time,particle_id,x,y,mesh_index,mesh_index_original
30830,3073,0.0458079,0,9,9
30830,3074,0.0358281,0,8,8
30830,3075,0.0258483,0,7,7
30830,3076,0.0158684,0,6,6
30830,3077,0.00588847,0,5,5
30830,3078,-0.0040915,0,4,4
30830,3079,-0.0140715,0,3,3
30830,3080,-0.0240516,0,2,2
30830,3081,-0.0340317,0,1,1
30830,3082,-0.0440119,0,0,0
