time,particle_id,x,y,mesh_index,mesh_index_original
39630,3953,0.0457529,0,9,9
39630,3954,0.0357789,0,8,8
39630,3955,0.0258049,0,7,7
39630,3956,0.0158308,0,6,6
39630,3957,0.00585659,0,5,5
39630,3958,-0.00411766,0,4,4
39630,3959,-0.014092,0,3,3
39630,3960,-0.0240663,0,2,2
39630,3961,-0.0340408,0,1,1
39630,3962,-0.0440153,0,0,0
