time,particle_id,x,y,mesh_index,mesh_index_original
5270,517,0.0489666,0,9,9
5270,518,0.03897,0,8,8
5270,519,0.0289734,0,7,7
5270,520,0.0189768,0,6,6
5270,521,0.00898016,0,5,5
5270,522,-0.00101646,0,4,4
5270,523,-0.0110131,0,3,3
5270,524,-0.0210097,0,2,2
5270,525,-0.0310064,0,1,1
5270,526,-0.041003,0,0,0
