time,particle_id,x,y,mesh_index,mesh_index_original
23370,2327,0.0468529,0,9,9
23370,2328,0.0368683,0,8,8
23370,2329,0.0268835,0,7,7
23370,2330,0.0168988,0,6,6
23370,2331,0.00691399,0,5,5
23370,2332,-0.00307083,0,4,4
23370,2333,-0.0130557,0,3,3
23370,2334,-0.0230406,0,2,2
23370,2335,-0.0330255,0,1,1
23370,2336,-0.0430105,0,0,0
