time,particle_id,x,y,mesh_index,mesh_index_original
59880,5978,0.0436345,0,9,9
59880,5979,0.0336738,0,8,8
59880,5980,0.023713,0,7,7
59880,5981,0.0137521,0,6,6
59880,5982,0.00379109,0,5,5
59880,5983,-0.00617001,0,4,4
59880,5984,-0.0161312,0,3,3
59880,5985,-0.0260925,0,2,2
59880,5986,-0.0360539,0,1,1
59880,5987,-0.0460154,0,0,0
