time,particle_id,x,y,mesh_index,mesh_index_original
19300,1920,0.0478774,0,9,9
19300,1921,0.03789,0,8,8
19300,1922,0.0279026,0,7,7
19300,1923,0.0179152,0,6,6
19300,1924,0.00792776,0,5,5
19300,1925,-0.00205971,0,4,4
19300,1926,-0.0120472,0,3,3
19300,1927,-0.0220348,0,2,2
19300,1928,-0.0320223,0,1,1
19300,1929,-0.0420099,0,0,0
