time,particle_id,x,y,mesh_index,mesh_index_original
68830,6873,0.0425845,0,9,9
68830,6874,0.0326296,0,8,8
68830,6875,0.0226746,0,7,7
68830,6876,0.0127196,0,6,6
68830,6877,0.00276438,0,5,5
68830,6878,-0.00719092,0,4,4
68830,6879,-0.0171463,0,3,3
68830,6880,-0.0271019,0,2,2
68830,6881,-0.0370575,0,1,1
68830,6882,-0.0470133,0,0,0
