time,particle_id,x,y,mesh_index,mesh_index_original
75170,7507,0.0415512,0,9,9
75170,7508,0.0316005,0,8,8
75170,7509,0.0216496,0,7,7
75170,7510,0.0116987,0,6,6
75170,7511,0.00174759,0,5,5
75170,7512,-0.00820361,0,4,4
75170,7513,-0.0181549,0,3,3
75170,7514,-0.0281064,0,2,2
75170,7515,-0.038058,0,1,1
75170,7516,-0.0480097,0,0,0
