time,particle_id,x,y,mesh_index,mesh_index_original
11460,1136,0.0479274,0,9,9
11460,1137,0.0379349,0,8,8
11460,1138,0.0279424,0,7,7
11460,1139,0.0179498,0,6,6
11460,1140,0.00795723,0,5,5
11460,1141,-0.00203536,0,4,4
11460,1142,-0.012028,0,3,3
11460,1143,-0.0220206,0,2,2
11460,1144,-0.0320132,0,1,1
11460,1145,-0.0420059,0,0,0
