time,particle_id,x,y,mesh_index,mesh_index_original
56090,5599,0.0436577,0,9,9
56090,5600,0.0336945,0,8,8
56090,5601,0.0237312,0,7,7
56090,5602,0.0137678,0,6,6
56090,5603,0.00380431,0,5,5
56090,5604,-0.00615925,0,4,4
56090,5605,-0.0161229,0,3,3
56090,5606,-0.0260866,0,2,2
56090,5607,-0.0360505,0,1,1
56090,5608,-0.0460144,0,0,0
