time,particle_id,x,y,mesh_index,mesh_index_original
19210,1911,0.0478779,0,9,9
19210,1912,0.0378905,0,8,8
19210,1913,0.0279031,0,7,7
19210,1914,0.0179156,0,6,6
19210,1915,0.0079281,0,5,5
19210,1916,-0.00205943,0,4,4
19210,1917,-0.012047,0,3,3
19210,1918,-0.0220346,0,2,2
19210,1919,-0.0320222,0,1,1
19210,1920,-0.0420099,0,0,0
