time,particle_id,x,y,mesh_index,mesh_index_original
80720,8062,0.0405234,0,9,9
80720,8063,0.0305763,0,8,8
80720,8064,0.0206291,0,7,7
80720,8065,0.0106817,0,6,6
80720,8066,0.000734241,0,5,5
80720,8067,-0.00921338,0,4,4
80720,8068,-0.0191611,0,3,3
80720,8069,-0.029109,0,2,2
80720,8070,-0.039057,0,1,1
80720,8071,-0.0490052,0,0,0
