time,particle_id,x,y,mesh_index,mesh_index_original
44230,4413,0.0447272,0,9,9
44230,4414,0.0347562,0,8,8
44230,4415,0.0247851,0,7,7
44230,4416,0.014814,0,6,6
44230,4417,0.00484281,0,5,5
44230,4418,-0.00512845,0,4,4
44230,4419,-0.0150998,0,3,3
44230,4420,-0.0250712,0,2,2
44230,4421,-0.0350427,0,1,1
44230,4422,-0.0450142,0,0,0
