time,particle_id,x,y,mesh_index,mesh_index_original
35040,3494,0.0457816,0,9,9
35040,3495,0.0358046,0,8,8
35040,3496,0.0258275,0,7,7
35040,3497,0.0158504,0,6,6
35040,3498,0.00587322,0,5,5
35040,3499,-0.00410402,0,4,4
35040,3500,-0.0140813,0,3,3
35040,3501,-0.0240586,0,2,2
35040,3502,-0.034036,0,1,1
35040,3503,-0.0440135,0,0,0
