time,particle_id,x,y,mesh_index,mesh_index_original
51700,5160,0.0436845,0,9,9
51700,5161,0.0337184,0,8,8
51700,5162,0.0237522,0,7,7
51700,5163,0.013786,0,6,6
51700,5164,0.00381962,0,5,5
51700,5165,-0.00614679,0,4,4
51700,5166,-0.0161133,0,3,3
51700,5167,-0.0260799,0,2,2
51700,5168,-0.0360465,0,1,1
51700,5169,-0.0460133,0,0,0
