time,particle_id,x,y,mesh_index,mesh_index_original
88290,8819,0.0404788,0,9,9
88290,8820,0.0305366,0,8,8
88290,8821,0.0205944,0,7,7
88290,8822,0.0106519,0,6,6
88290,8823,0.000709364,0,5,5
88290,8824,-0.00923335,0,4,4
88290,8825,-0.0191762,0,3,3
88290,8826,-0.0291192,0,2,2
88290,8827,-0.0390624,0,1,1
88290,8828,-0.0490057,0,0,0
