time,particle_id,x,y,mesh_index,mesh_index_original
94880,9477,0.0493839,0,9,9
94880,9478,0.0394462,0,8,8
94880,9479,0.0295083,0,7,7
94880,9480,0.0195703,0,6,6
94880,9481,0.00963219,0,5,5
94880,9482,-0.000306114,0,4,4
94880,9483,-0.0102446,0,3,3
94880,9484,-0.0201832,0,2,2
94880,9485,-0.030122,0,1,1
94880,9486,-0.0400609,0,0,0
