time,particle_id,x,y,mesh_index,mesh_index_original
51280,5118,0.043687,0,9,9
51280,5119,0.0337207,0,8,8
51280,5120,0.0237542,0,7,7
51280,5121,0.0137877,0,6,6
51280,5122,0.00382109,0,5,5
51280,5123,-0.0061456,0,4,4
51280,5124,-0.0161124,0,3,3
51280,5125,-0.0260792,0,2,2
51280,5126,-0.0360462,0,1,1
51280,5127,-0.0460132,0,0,0
