time,particle_id,x,y,mesh_index,mesh_index_original
93800,9369,0.0493909,0,9,9
93800,9370,0.0394525,0,8,8
93800,9371,0.0295139,0,7,7
93800,9372,0.0195752,0,6,6
93800,9373,0.00963637,0,5,5
93800,9374,-0.000302637,0,4,4
93800,9375,-0.0102418,0,3,3
93800,9376,-0.0201811,0,2,2
93800,9377,-0.0301206,0,1,1
93800,9378,-0.0400602,0,0,0
