time,particle_id,x,y,mesh_index,mesh_index_original
37460,3736,0.0457665,0,9,9
37460,3737,0.0357911,0,8,8
37460,3738,0.0258156,0,7,7
37460,3739,0.01584,0,6,6
37460,3740,0.00586445,0,5,5
37460,3741,-0.00411121,0,4,4
37460,3742,-0.0140869,0,3,3
37460,3743,-0.0240627,0,2,2
37460,3744,-0.0340385,0,1,1
37460,3745,-0.0440144,0,0,0
