time,particle_id,x,y,mesh_index,mesh_index_original
82330,8223,0.0405139,0,9,9
82330,8224,0.0305679,0,8,8
82330,8225,0.0206217,0,7,7
82330,8226,0.0106754,0,6,6
82330,8227,0.000728949,0,5,5
82330,8228,-0.00921762,0,4,4
82330,8229,-0.0191643,0,3,3
82330,8230,-0.0291112,0,2,2
82330,8231,-0.0390582,0,1,1
82330,8232,-0.0490053,0,0,0
