time,particle_id,x,y,mesh_index,mesh_index_original
58730,5863,0.0436415,0,9,9
58730,5864,0.0336801,0,8,8
58730,5865,0.0237185,0,7,7
58730,5866,0.0137569,0,6,6
58730,5867,0.0037951,0,5,5
58730,5868,-0.00616674,0,4,4
58730,5869,-0.0161287,0,3,3
58730,5870,-0.0260907,0,2,2
58730,5871,-0.0360529,0,1,1
58730,5872,-0.0460151,0,0,0
