time,particle_id,x,y,mesh_index,mesh_index_original
93290,9318,0.0493942,0,9,9
93290,9319,0.0394555,0,8,8
93290,9320,0.0295166,0,7,7
93290,9321,0.0195775,0,6,6
93290,9322,0.00963834,0,5,5
93290,9323,-0.000300995,0,4,4
93290,9324,-0.0102405,0,3,3
93290,9325,-0.0201801,0,2,2
93290,9326,-0.0301199,0,1,1
93290,9327,-0.0400599,0,0,0
