time,particle_id,x,y,mesh_index,mesh_index_original
11000,1090,0.0479304,0,9,9
11000,1091,0.0379375,0,8,8
11000,1092,0.0279447,0,7,7
11000,1093,0.0179518,0,6,6
11000,1094,0.00795896,0,5,5
11000,1095,-0.00203393,0,4,4
11000,1096,-0.0120268,0,3,3
11000,1097,-0.0220197,0,2,2
11000,1098,-0.0320127,0,1,1
11000,1099,-0.0420056,0,0,0
