time,particle_id,x,y,mesh_index,mesh_index_original
47100,4700,0.0447094,0,9,9
47100,4701,0.0347403,0,8,8
47100,4702,0.0247712,0,7,7
47100,4703,0.0148019,0,6,6
47100,4704,0.00483261,0,5,5
47100,4705,-0.00513679,0,4,4
47100,4706,-0.0151063,0,3,3
47100,4707,-0.0250758,0,2,2
47100,4708,-0.0350454,0,1,1
47100,4709,-0.0450151,0,0,0
