time,particle_id,x,y,mesh_index,mesh_index_original
3300,320,0.0489793,0,9,9
3300,321,0.0389814,0,8,8
3300,322,0.0289835,0,7,7
3300,323,0.0189856,0,6,6
3300,324,0.0089877,0,5,5
3300,325,-0.00101021,0,4,4
3300,326,-0.0110081,0,3,3
3300,327,-0.021006,0,2,2
3300,328,-0.031004,0,1,1
3300,329,-0.0410019,0,0,0
