time,particle_id,x,y,mesh_index,mesh_index_original
49510,4941,0.0446946,0,9,9
49510,4942,0.034727,0,8,8
49510,4943,0.0247595,0,7,7
49510,4944,0.0147918,0,6,6
49510,4945,0.00482404,0,5,5
49510,4946,-0.00514379,0,4,4
49510,4947,-0.0151117,0,3,3
49510,4948,-0.0250797,0,2,2
49510,4949,-0.0350478,0,1,1
49510,4950,-0.0450159,0,0,0
