time,particle_id,x,y,mesh_index,mesh_index_original
78760,7866,0.0415298,0,9,9
78760,7867,0.0315814,0,8,8
78760,7868,0.0216329,0,7,7
78760,7869,0.0116843,0,6,6
78760,7870,0.00173556,0,5,5
78760,7871,-0.00821332,0,4,4
78760,7872,-0.0181623,0,3,3
78760,7873,-0.0281115,0,2,2
78760,7874,-0.0380607,0,1,1
78760,7875,-0.0480101,0,0,0
