time,particle_id,x,y,mesh_index,mesh_index_original
66490,6639,0.0425986,0,9,9
66490,6640,0.0326422,0,8,8
66490,6641,0.0226857,0,7,7
66490,6642,0.0127291,0,6,6
66490,6643,0.00277238,0,5,5
66490,6644,-0.00718444,0,4,4
66490,6645,-0.0171414,0,3,3
66490,6646,-0.0270984,0,2,2
66490,6647,-0.0370556,0,1,1
66490,6648,-0.0470128,0,0,0
