time,particle_id,x,y,mesh_index,mesh_index_original
3040,294,0.048981,0,9,9
3040,295,0.0389829,0,8,8
3040,296,0.0289848,0,7,7
3040,297,0.0189868,0,6,6
3040,298,0.00898869,0,5,5
3040,299,-0.00100939,0,4,4
3040,300,-0.0110075,0,3,3
3040,301,-0.0210055,0,2,2
3040,302,-0.0310036,0,1,1
3040,303,-0.0410017,0,0,0
