time,particle_id,x,y,mesh_index,mesh_index_original
1930,183,0.0489882,0,9,9
1930,184,0.0389894,0,8,8
1930,185,0.0289905,0,7,7
1930,186,0.0189917,0,6,6
1930,187,0.00899294,0,5,5
1930,188,-0.00100586,0,4,4
1930,189,-0.0110047,0,3,3
1930,190,-0.0210035,0,2,2
1930,191,-0.0310023,0,1,1
1930,192,-0.0410011,0,0,0
