time,particle_id,x,y,mesh_index,mesh_index_original
43500,4340,0.0447317,0,9,9
43500,4341,0.0347602,0,8,8
43500,4342,0.0247887,0,7,7
43500,4343,0.0148171,0,6,6
43500,4344,0.00484541,0,5,5
43500,4345,-0.00512633,0,4,4
43500,4346,-0.0150981,0,3,3
43500,4347,-0.02507,0,2,2
43500,4348,-0.035042,0,1,1
43500,4349,-0.045014,0,0,0
