time,particle_id,x,y,mesh_index,mesh_index_original
12900,1280,0.0479182,0,9,9
12900,1281,0.0379266,0,8,8
12900,1282,0.0279351,0,7,7
12900,1283,0.0179434,0,6,6
12900,1284,0.00795181,0,5,5
12900,1285,-0.00203983,0,4,4
12900,1286,-0.0120315,0,3,3
12900,1287,-0.0220232,0,2,2
12900,1288,-0.0320149,0,1,1
12900,1289,-0.0420066,0,0,0
