time,particle_id,x,y,mesh_index,mesh_index_original
95690,9558,0.0493786,0,9,9
95690,9559,0.0394415,0,8,8
95690,9560,0.0295042,0,7,7
95690,9561,0.0195667,0,6,6
95690,9562,0.00962906,0,5,5
95690,9563,-0.000308721,0,4,4
95690,9564,-0.0102467,0,3,3
95690,9565,-0.0201848,0,2,2
95690,9566,-0.030123,0,1,1
95690,9567,-0.0400614,0,0,0
