time,particle_id,x,y,mesh_index,mesh_index_original
45550,4545,0.044719,0,9,9
45550,4546,0.0347489,0,8,8
45550,4547,0.0247787,0,7,7
45550,4548,0.0148084,0,6,6
45550,4549,0.00483812,0,5,5
45550,4550,-0.00513228,0,4,4
45550,4551,-0.0151028,0,3,3
45550,4552,-0.0250733,0,2,2
45550,4553,-0.0350439,0,1,1
45550,4554,-0.0450146,0,0,0
