time,particle_id,x,y,mesh_index,mesh_index_original
15670,1557,0.0479005,0,9,9
15670,1558,0.0379108,0,8,8
15670,1559,0.027921,0,7,7
15670,1560,0.0179312,0,6,6
15670,1561,0.0079414,0,5,5
15670,1562,-0.00204844,0,4,4
15670,1563,-0.0120383,0,3,3
15670,1564,-0.0220282,0,2,2
15670,1565,-0.0320181,0,1,1
15670,1566,-0.042008,0,0,0
