time,particle_id,x,y,mesh_index,mesh_index_original
7690,759,0.048951,0,9,9
7690,760,0.038956,0,8,8
7690,761,0.028961,0,7,7
7690,762,0.0189659,0,6,6
7690,763,0.0089709,0,5,5
7690,764,-0.00102414,0,4,4
7690,765,-0.0110192,0,3,3
7690,766,-0.0210143,0,2,2
7690,767,-0.0310093,0,1,1
7690,768,-0.0410044,0,0,0
