time,particle_id,x,y,mesh_index,mesh_index_original
37990,3789,0.0457632,0,9,9
37990,3790,0.0357881,0,8,8
37990,3791,0.025813,0,7,7
37990,3792,0.0158378,0,6,6
37990,3793,0.00586253,0,5,5
37990,3794,-0.00411278,0,4,4
37990,3795,-0.0140882,0,3,3
37990,3796,-0.0240636,0,2,2
37990,3797,-0.0340391,0,1,1
37990,3798,-0.0440146,0,0,0
