time,particle_id,x,y,mesh_index,mesh_index_original
92940,9283,0.0493965,0,9,9
92940,9284,0.0394575,0,8,8
92940,9285,0.0295184,0,7,7
92940,9286,0.0195791,0,6,6
92940,9287,0.0096397,0,5,5
92940,9288,-0.000299868,0,4,4
92940,9289,-0.0102396,0,3,3
92940,9290,-0.0201795,0,2,2
92940,9291,-0.0301195,0,1,1
92940,9292,-0.0400597,0,0,0
