time,particle_id,x,y,mesh_index,mesh_index_original
4530,443,0.0489714,0,9,9
4530,444,0.0389743,0,8,8
4530,445,0.0289772,0,7,7
4530,446,0.0189801,0,6,6
4530,447,0.00898299,0,5,5
4530,448,-0.00101411,0,4,4
4530,449,-0.0110112,0,3,3
4530,450,-0.0210083,0,2,2
4530,451,-0.0310055,0,1,1
4530,452,-0.0410026,0,0,0
