time,particle_id,x,y,mesh_index,mesh_index_original
53570,5347,0.043673,0,9,9
53570,5348,0.0337082,0,8,8
53570,5349,0.0237432,0,7,7
53570,5350,0.0137782,0,6,6
53570,5351,0.0038131,0,5,5
53570,5352,-0.0061521,0,4,4
53570,5353,-0.0161174,0,3,3
53570,5354,-0.0260828,0,2,2
53570,5355,-0.0360482,0,1,1
53570,5356,-0.0460138,0,0,0
