time,particle_id,x,y,mesh_index,mesh_index_original
88150,8805,0.0404796,0,9,9
88150,8806,0.0305374,0,8,8
88150,8807,0.020595,0,7,7
88150,8808,0.0106525,0,6,6
88150,8809,0.000709824,0,5,5
88150,8810,-0.00923298,0,4,4
88150,8811,-0.0191759,0,3,3
88150,8812,-0.029119,0,2,2
88150,8813,-0.0390623,0,1,1
88150,8814,-0.0490057,0,0,0
