time,particle_id,x,y,mesh_index,mesh_index_original
99370,9926,0.0493548,0,9,9
99370,9927,0.03942,0,8,8
99370,9928,0.0294851,0,7,7
99370,9929,0.0195501,0,6,6
99370,9930,0.00961483,0,5,5
99370,9931,-0.000320566,0,4,4
99370,9932,-0.0102561,0,3,3
99370,9933,-0.0201918,0,2,2
99370,9934,-0.0301277,0,1,1
99370,9935,-0.0400638,0,0,0
