time,particle_id,x,y,mesh_index,mesh_index_original
94370,9426,0.0493872,0,9,9
94370,9427,0.0394492,0,8,8
94370,9428,0.029511,0,7,7
94370,9429,0.0195726,0,6,6
94370,9430,0.00963416,0,5,5
94370,9431,-0.000304472,0,4,4
94370,9432,-0.0102433,0,3,3
94370,9433,-0.0201822,0,2,2
94370,9434,-0.0301213,0,1,1
94370,9435,-0.0400606,0,0,0
