time,particle_id,x,y,mesh_index,mesh_index_original
46630,4653,0.0447123,0,9,9
46630,4654,0.0347429,0,8,8
46630,4655,0.0247735,0,7,7
46630,4656,0.0148039,0,6,6
46630,4657,0.00483428,0,5,5
46630,4658,-0.00513542,0,4,4
46630,4659,-0.0151052,0,3,3
46630,4660,-0.025075,0,2,2
46630,4661,-0.035045,0,1,1
46630,4662,-0.045015,0,0,0
