time,particle_id,x,y,mesh_index,mesh_index_original
37570,3747,0.0457658,0,9,9
37570,3748,0.0357905,0,8,8
37570,3749,0.025815,0,7,7
37570,3750,0.0158396,0,6,6
37570,3751,0.00586405,0,5,5
37570,3752,-0.00411153,0,4,4
37570,3753,-0.0140872,0,3,3
37570,3754,-0.0240629,0,2,2
37570,3755,-0.0340387,0,1,1
37570,3756,-0.0440145,0,0,0
