time,particle_id,x,y,mesh_index,mesh_index_original
91220,9111,0.0494076,0,9,9
91220,9112,0.0394675,0,8,8
91220,9113,0.0295273,0,7,7
91220,9114,0.0195869,0,6,6
91220,9115,0.00964635,0,5,5
91220,9116,-0.00029433,0,4,4
91220,9117,-0.0102352,0,3,3
91220,9118,-0.0201761,0,2,2
91220,9119,-0.0301173,0,1,1
91220,9120,-0.0400586,0,0,0
