time,particle_id,x,y,mesh_index,mesh_index_original
34540,3444,0.0457847,0,9,9
34540,3445,0.0358074,0,8,8
34540,3446,0.02583,0,7,7
34540,3447,0.0158525,0,6,6
34540,3448,0.00587503,0,5,5
34540,3449,-0.00410253,0,4,4
34540,3450,-0.0140801,0,3,3
34540,3451,-0.0240578,0,2,2
34540,3452,-0.0340355,0,1,1
34540,3453,-0.0440133,0,0,0
