time,particle_id,x,y,mesh_index,mesh_index_original
59020,5892,0.0436398,0,9,9
59020,5893,0.0336785,0,8,8
59020,5894,0.0237171,0,7,7
59020,5895,0.0137557,0,6,6
59020,5896,0.00379409,0,5,5
59020,5897,-0.00616756,0,4,4
59020,5898,-0.0161293,0,3,3
59020,5899,-0.0260912,0,2,2
59020,5900,-0.0360531,0,1,1
59020,5901,-0.0460152,0,0,0
