time,particle_id,x,y,mesh_index,mesh_index_original
39620,3952,0.045753,0,9,9
39620,3953,0.035779,0,8,8
39620,3954,0.0258049,0,7,7
39620,3955,0.0158308,0,6,6
39620,3956,0.00585662,0,5,5
39620,3957,-0.00411763,0,4,4
39620,3958,-0.0140919,0,3,3
39620,3959,-0.0240663,0,2,2
39620,3960,-0.0340408,0,1,1
39620,3961,-0.0440153,0,0,0
