time,particle_id,x,y,mesh_index,mesh_index_original
69350,6925,0.0425813,0,9,9
69350,6926,0.0326268,0,8,8
69350,6927,0.0226722,0,7,7
69350,6928,0.0127174,0,6,6
69350,6929,0.0027626,0,5,5
69350,6930,-0.00719236,0,4,4
69350,6931,-0.0171474,0,3,3
69350,6932,-0.0271026,0,2,2
69350,6933,-0.0370579,0,1,1
69350,6934,-0.0470134,0,0,0
