time,particle_id,x,y,mesh_index,mesh_index_original
59130,5903,0.0436391,0,9,9
59130,5904,0.0336779,0,8,8
59130,5905,0.0237166,0,7,7
59130,5906,0.0137552,0,6,6
59130,5907,0.00379371,0,5,5
59130,5908,-0.00616788,0,4,4
59130,5909,-0.0161296,0,3,3
59130,5910,-0.0260913,0,2,2
59130,5911,-0.0360532,0,1,1
59130,5912,-0.0460152,0,0,0
