time,particle_id,x,y,mesh_index,mesh_index_original
24390,2429,0.0468465,0,9,9
24390,2430,0.0368625,0,8,8
24390,2431,0.0268784,0,7,7
24390,2432,0.0168944,0,6,6
24390,2433,0.00691023,0,5,5
24390,2434,-0.00307393,0,4,4
24390,2435,-0.0130581,0,3,3
24390,2436,-0.0230424,0,2,2
24390,2437,-0.0330266,0,1,1
24390,2438,-0.043011,0,0,0
