time,particle_id,x,y,mesh_index,mesh_index_original
34090,3399,0.0457875,0,9,9
34090,3400,0.0358099,0,8,8
34090,3401,0.0258322,0,7,7
34090,3402,0.0158545,0,6,6
34090,3403,0.00587666,0,5,5
34090,3404,-0.00410119,0,4,4
34090,3405,-0.0140791,0,3,3
34090,3406,-0.0240571,0,2,2
34090,3407,-0.0340351,0,1,1
34090,3408,-0.0440131,0,0,0
