time,particle_id,x,y,mesh_index,mesh_index_original
52830,5273,0.0436776,0,9,9
52830,5274,0.0337122,0,8,8
52830,5275,0.0237468,0,7,7
52830,5276,0.0137813,0,6,6
52830,5277,0.00381568,0,5,5
52830,5278,-0.00615,0,4,4
52830,5279,-0.0161158,0,3,3
52830,5280,-0.0260816,0,2,2
52830,5281,-0.0360475,0,1,1
52830,5282,-0.0460136,0,0,0
