time,particle_id,x,y,mesh_index,mesh_index_original
39750,3965,0.0457522,0,9,9
39750,3966,0.0357783,0,8,8
39750,3967,0.0258043,0,7,7
39750,3968,0.0158303,0,6,6
39750,3969,0.00585615,0,5,5
39750,3970,-0.00411801,0,4,4
39750,3971,-0.0140922,0,3,3
39750,3972,-0.0240665,0,2,2
39750,3973,-0.0340409,0,1,1
39750,3974,-0.0440153,0,0,0
