time,particle_id,x,y,mesh_index,mesh_index_original
17610,1751,0.0478882,0,9,9
17610,1752,0.0378997,0,8,8
17610,1753,0.0279112,0,7,7
17610,1754,0.0179227,0,6,6
17610,1755,0.00793411,0,5,5
17610,1756,-0.00205447,0,4,4
17610,1757,-0.0120431,0,3,3
17610,1758,-0.0220317,0,2,2
17610,1759,-0.0320204,0,1,1
17610,1760,-0.042009,0,0,0
