time,particle_id,x,y,mesh_index,mesh_index_original
28930,2883,0.0468178,0,9,9
28930,2884,0.0368368,0,8,8
28930,2885,0.0268557,0,7,7
28930,2886,0.0168746,0,6,6
28930,2887,0.00689347,0,5,5
28930,2888,-0.00308773,0,4,4
28930,2889,-0.013069,0,3,3
28930,2890,-0.0230503,0,2,2
28930,2891,-0.0330316,0,1,1
28930,2892,-0.043013,0,0,0
