time,particle_id,x,y,mesh_index,mesh_index_original
89500,8940,0.0404717,0,9,9
89500,8941,0.0305303,0,8,8
89500,8942,0.0205888,0,7,7
89500,8943,0.0106472,0,6,6
89500,8944,0.000705388,0,5,5
89500,8945,-0.00923654,0,4,4
89500,8946,-0.0191786,0,3,3
89500,8947,-0.0291208,0,2,2
89500,8948,-0.0390632,0,1,1
89500,8949,-0.0490057,0,0,0
