time,particle_id,x,y,mesh_index,mesh_index_original
97360,9725,0.0493678,0,9,9
97360,9726,0.0394318,0,8,8
97360,9727,0.0294955,0,7,7
97360,9728,0.0195591,0,6,6
97360,9729,0.0096226,0,5,5
97360,9730,-0.000314097,0,4,4
97360,9731,-0.010251,0,3,3
97360,9732,-0.020188,0,2,2
97360,9733,-0.0301251,0,1,1
97360,9734,-0.0400625,0,0,0
