time,particle_id,x,y,mesh_index,mesh_index_original
43650,4355,0.0447307,0,9,9
43650,4356,0.0347594,0,8,8
43650,4357,0.0247879,0,7,7
43650,4358,0.0148164,0,6,6
43650,4359,0.00484487,0,5,5
43650,4360,-0.00512676,0,4,4
43650,4361,-0.0150985,0,3,3
43650,4362,-0.0250702,0,2,2
43650,4363,-0.0350421,0,1,1
43650,4364,-0.045014,0,0,0
