time,particle_id,x,y,mesh_index,mesh_index_original
22940,2284,0.0468557,0,9,9
22940,2285,0.0368707,0,8,8
22940,2286,0.0268857,0,7,7
22940,2287,0.0169006,0,6,6
22940,2288,0.00691558,0,5,5
22940,2289,-0.00306953,0,4,4
22940,2290,-0.0130547,0,3,3
22940,2291,-0.0230398,0,2,2
22940,2292,-0.0330251,0,1,1
22940,2293,-0.0430103,0,0,0
