time,particle_id,x,y,mesh_index,mesh_index_original
16740,1664,0.0478937,0,9,9
16740,1665,0.0379047,0,8,8
16740,1666,0.0279156,0,7,7
16740,1667,0.0179265,0,6,6
16740,1668,0.00793738,0,5,5
16740,1669,-0.00205176,0,4,4
16740,1670,-0.0120409,0,3,3
16740,1671,-0.0220301,0,2,2
16740,1672,-0.0320193,0,1,1
16740,1673,-0.0420086,0,0,0
