time,particle_id,x,y,mesh_index,mesh_index_original
12060,1196,0.0479236,0,9,9
12060,1197,0.0379315,0,8,8
12060,1198,0.0279393,0,7,7
12060,1199,0.0179471,0,6,6
12060,1200,0.00795497,0,5,5
12060,1201,-0.00203722,0,4,4
12060,1202,-0.0120294,0,3,3
12060,1203,-0.0220217,0,2,2
12060,1204,-0.0320139,0,1,1
12060,1205,-0.0420062,0,0,0
