time,particle_id,x,y,mesh_index,mesh_index_original
71460,7136,0.0415733,0,9,9
71460,7137,0.0316202,0,8,8
71460,7138,0.0216669,0,7,7
71460,7139,0.0117135,0,6,6
71460,7140,0.00176004,0,5,5
71460,7141,-0.00819357,0,4,4
71460,7142,-0.0181473,0,3,3
71460,7143,-0.0281011,0,2,2
71460,7144,-0.0380551,0,1,1
71460,7145,-0.0480092,0,0,0
