time,particle_id,x,y,mesh_index,mesh_index_original
75080,7498,0.0415517,0,9,9
75080,7499,0.0316009,0,8,8
75080,7500,0.02165,0,7,7
75080,7501,0.011699,0,6,6
75080,7502,0.0017479,0,5,5
75080,7503,-0.00820336,0,4,4
75080,7504,-0.0181547,0,3,3
75080,7505,-0.0281063,0,2,2
75080,7506,-0.0380579,0,1,1
75080,7507,-0.0480096,0,0,0
