time,particle_id,x,y,mesh_index,mesh_index_original
52840,5274,0.0436775,0,9,9
52840,5275,0.0337122,0,8,8
52840,5276,0.0237467,0,7,7
52840,5277,0.0137812,0,6,6
52840,5278,0.00381565,0,5,5
52840,5279,-0.00615002,0,4,4
52840,5280,-0.0161158,0,3,3
52840,5281,-0.0260816,0,2,2
52840,5282,-0.0360476,0,1,1
52840,5283,-0.0460136,0,0,0
