time,particle_id,x,y,mesh_index,mesh_index_original
36440,3634,0.0457729,0,9,9
36440,3635,0.0357968,0,8,8
36440,3636,0.0258206,0,7,7
36440,3637,0.0158444,0,6,6
36440,3638,0.00586814,0,5,5
36440,3639,-0.00410818,0,4,4
36440,3640,-0.0140846,0,3,3
36440,3641,-0.024061,0,2,2
36440,3642,-0.0340375,0,1,1
36440,3643,-0.044014,0,0,0
