time,particle_id,x,y,mesh_index,mesh_index_original
51760,5166,0.0436841,0,9,9
51760,5167,0.033718,0,8,8
51760,5168,0.0237519,0,7,7
51760,5169,0.0137857,0,6,6
51760,5170,0.00381941,0,5,5
51760,5171,-0.00614696,0,4,4
51760,5172,-0.0161134,0,3,3
51760,5173,-0.02608,0,2,2
51760,5174,-0.0360466,0,1,1
51760,5175,-0.0460133,0,0,0
