time,particle_id,x,y,mesh_index,mesh_index_original
69710,6961,0.0425792,0,9,9
69710,6962,0.0326249,0,8,8
69710,6963,0.0226705,0,7,7
69710,6964,0.012716,0,6,6
69710,6965,0.00276137,0,5,5
69710,6966,-0.00719336,0,4,4
69710,6967,-0.0171482,0,3,3
69710,6968,-0.0271032,0,2,2
69710,6969,-0.0370582,0,1,1
69710,6970,-0.0470134,0,0,0
