time,particle_id,x,y,mesh_index,mesh_index_original
81870,8177,0.0405166,0,9,9
81870,8178,0.0305703,0,8,8
81870,8179,0.0206238,0,7,7
81870,8180,0.0106772,0,6,6
81870,8181,0.000730461,0,5,5
81870,8182,-0.00921641,0,4,4
81870,8183,-0.0191634,0,3,3
81870,8184,-0.0291106,0,2,2
81870,8185,-0.0390578,0,1,1
81870,8186,-0.0490053,0,0,0
