time,particle_id,x,y,mesh_index,mesh_index_original
51010,5091,0.0436887,0,9,9
51010,5092,0.0337221,0,8,8
51010,5093,0.0237555,0,7,7
51010,5094,0.0137888,0,6,6
51010,5095,0.00382203,0,5,5
51010,5096,-0.00614483,0,4,4
51010,5097,-0.0161118,0,3,3
51010,5098,-0.0260788,0,2,2
51010,5099,-0.0360459,0,1,1
51010,5100,-0.0460131,0,0,0
