time,particle_id,x,y,mesh_index,mesh_index_original
3500,340,0.048978,0,9,9
3500,341,0.0389803,0,8,8
3500,342,0.0289825,0,7,7
3500,343,0.0189847,0,6,6
3500,344,0.00898693,0,5,5
3500,345,-0.00101085,0,4,4
3500,346,-0.0110086,0,3,3
3500,347,-0.0210064,0,2,2
3500,348,-0.0310042,0,1,1
3500,349,-0.041002,0,0,0
