time,particle_id,x,y,mesh_index,mesh_index_original
84620,8452,0.0405004,0,9,9
84620,8453,0.0305559,0,8,8
84620,8454,0.0206112,0,7,7
84620,8455,0.0106664,0,6,6
84620,8456,0.000721423,0,5,5
84620,8457,-0.00922367,0,4,4
84620,8458,-0.0191689,0,3,3
84620,8459,-0.0291143,0,2,2
84620,8460,-0.0390598,0,1,1
84620,8461,-0.0490054,0,0,0
