time,particle_id,x,y,mesh_index,mesh_index_original
30750,3065,0.0458084,0,9,9
30750,3066,0.0358285,0,8,8
30750,3067,0.0258487,0,7,7
30750,3068,0.0158687,0,6,6
30750,3069,0.00588876,0,5,5
30750,3070,-0.00409126,0,4,4
30750,3071,-0.0140713,0,3,3
30750,3072,-0.0240515,0,2,2
30750,3073,-0.0340316,0,1,1
30750,3074,-0.0440118,0,0,0
