time,particle_id,x,y,mesh_index,mesh_index_original
48770,4867,0.0446991,0,9,9
48770,4868,0.0347311,0,8,8
48770,4869,0.0247631,0,7,7
48770,4870,0.0147949,0,6,6
48770,4871,0.00482667,0,5,5
48770,4872,-0.00514164,0,4,4
48770,4873,-0.01511,0,3,3
48770,4874,-0.0250785,0,2,2
48770,4875,-0.035047,0,1,1
48770,4876,-0.0450157,0,0,0
