time,particle_id,x,y,mesh_index,mesh_index_original
40750,4065,0.0447486,0,9,9
40750,4066,0.0347754,0,8,8
40750,4067,0.024802,0,7,7
40750,4068,0.0148286,0,6,6
40750,4069,0.00485519,0,5,5
40750,4070,-0.00511834,0,4,4
40750,4071,-0.0150919,0,3,3
40750,4072,-0.0250656,0,2,2
40750,4073,-0.0350393,0,1,1
40750,4074,-0.0450131,0,0,0
