time,particle_id,x,y,mesh_index,mesh_index_original
38610,3851,0.0457593,0,9,9
38610,3852,0.0357846,0,8,8
38610,3853,0.0258099,0,7,7
38610,3854,0.0158351,0,6,6
38610,3855,0.00586028,0,5,5
38610,3856,-0.00411463,0,4,4
38610,3857,-0.0140896,0,3,3
38610,3858,-0.0240646,0,2,2
38610,3859,-0.0340397,0,1,1
38610,3860,-0.0440149,0,0,0
