time,particle_id,x,y,mesh_index,mesh_index_original
56770,5667,0.0436535,0,9,9
56770,5668,0.0336908,0,8,8
56770,5669,0.0237279,0,7,7
56770,5670,0.013765,0,6,6
56770,5671,0.00380194,0,5,5
56770,5672,-0.00616118,0,4,4
56770,5673,-0.0161244,0,3,3
56770,5674,-0.0260877,0,2,2
56770,5675,-0.0360511,0,1,1
56770,5676,-0.0460146,0,0,0
