time,particle_id,x,y,mesh_index,mesh_index_original
11340,1124,0.0479282,0,9,9
11340,1125,0.0379356,0,8,8
11340,1126,0.027943,0,7,7
11340,1127,0.0179503,0,6,6
11340,1128,0.00795768,0,5,5
11340,1129,-0.00203499,0,4,4
11340,1130,-0.0120277,0,3,3
11340,1131,-0.0220204,0,2,2
11340,1132,-0.0320131,0,1,1
11340,1133,-0.0420058,0,0,0
