time,particle_id,x,y,mesh_index,mesh_index_original
19560,1946,0.0478757,0,9,9
19560,1947,0.0378885,0,8,8
19560,1948,0.0279013,0,7,7
19560,1949,0.0179141,0,6,6
19560,1950,0.00792678,0,5,5
19560,1951,-0.00206052,0,4,4
19560,1952,-0.0120479,0,3,3
19560,1953,-0.0220352,0,2,2
19560,1954,-0.0320226,0,1,1
19560,1955,-0.04201,0,0,0
