time,particle_id,x,y,mesh_index,mesh_index_original
78030,7793,0.0415341,0,9,9
78030,7794,0.0315853,0,8,8
78030,7795,0.0216363,0,7,7
78030,7796,0.0116872,0,6,6
78030,7797,0.001738,0,5,5
78030,7798,-0.00821134,0,4,4
78030,7799,-0.0181608,0,3,3
78030,7800,-0.0281104,0,2,2
78030,7801,-0.0380602,0,1,1
78030,7802,-0.04801,0,0,0
