time,particle_id,x,y,mesh_index,mesh_index_original
69180,6908,0.0425824,0,9,9
69180,6909,0.0326277,0,8,8
69180,6910,0.022673,0,7,7
69180,6911,0.0127181,0,6,6
69180,6912,0.00276318,0,5,5
69180,6913,-0.00719189,0,4,4
69180,6914,-0.0171471,0,3,3
69180,6915,-0.0271024,0,2,2
69180,6916,-0.0370578,0,1,1
69180,6917,-0.0470133,0,0,0
