time,particle_id,x,y,mesh_index,mesh_index_original
99320,9921,0.0493551,0,9,9
99320,9922,0.0394203,0,8,8
99320,9923,0.0294854,0,7,7
99320,9924,0.0195503,0,6,6
99320,9925,0.00961502,0,5,5
99320,9926,-0.000320405,0,4,4
99320,9927,-0.010256,0,3,3
99320,9928,-0.0201917,0,2,2
99320,9929,-0.0301277,0,1,1
99320,9930,-0.0400637,0,0,0
