time,particle_id,x,y,mesh_index,mesh_index_original
47570,4747,0.0447065,0,9,9
47570,4748,0.0347377,0,8,8
47570,4749,0.0247689,0,7,7
47570,4750,0.0147999,0,6,6
47570,4751,0.00483094,0,5,5
47570,4752,-0.00513815,0,4,4
47570,4753,-0.0151073,0,3,3
47570,4754,-0.0250766,0,2,2
47570,4755,-0.0350459,0,1,1
47570,4756,-0.0450153,0,0,0
