time,particle_id,x,y,mesh_index,mesh_index_original
43740,4364,0.0447302,0,9,9
43740,4365,0.0347589,0,8,8
43740,4366,0.0247875,0,7,7
43740,4367,0.0148161,0,6,6
43740,4368,0.00484455,0,5,5
43740,4369,-0.00512702,0,4,4
43740,4370,-0.0150987,0,3,3
43740,4371,-0.0250704,0,2,2
43740,4372,-0.0350422,0,1,1
43740,4373,-0.0450141,0,0,0
