time,particle_id,x,y,mesh_index,mesh_index_original
44510,4441,0.0447254,0,9,9
44510,4442,0.0347546,0,8,8
44510,4443,0.0247838,0,7,7
44510,4444,0.0148128,0,6,6
44510,4445,0.00484182,0,5,5
44510,4446,-0.00512926,0,4,4
44510,4447,-0.0151004,0,3,3
44510,4448,-0.0250716,0,2,2
44510,4449,-0.0350429,0,1,1
44510,4450,-0.0450143,0,0,0
