time,particle_id,x,y,mesh_index,mesh_index_original
10230,1013,0.0479353,0,9,9
10230,1014,0.0379419,0,8,8
10230,1015,0.0279486,0,7,7
10230,1016,0.0179552,0,6,6
10230,1017,0.00796185,0,5,5
10230,1018,-0.00203154,0,4,4
10230,1019,-0.0120249,0,3,3
10230,1020,-0.0220184,0,2,2
10230,1021,-0.0320118,0,1,1
10230,1022,-0.0420052,0,0,0
