time,particle_id,x,y,mesh_index,mesh_index_original
60650,6055,0.0426338,0,9,9
60650,6056,0.0326736,0,8,8
60650,6057,0.0227133,0,7,7
60650,6058,0.0127529,0,6,6
60650,6059,0.00279236,0,5,5
60650,6060,-0.00716825,0,4,4
60650,6061,-0.017129,0,3,3
60650,6062,-0.0270898,0,2,2
60650,6063,-0.0370507,0,1,1
60650,6064,-0.0470117,0,0,0
