time,particle_id,x,y,mesh_index,mesh_index_original
16580,1648,0.0478947,0,9,9
16580,1649,0.0379056,0,8,8
16580,1650,0.0279164,0,7,7
16580,1651,0.0179272,0,6,6
16580,1652,0.00793798,0,5,5
16580,1653,-0.00205127,0,4,4
16580,1654,-0.0120405,0,3,3
16580,1655,-0.0220298,0,2,2
16580,1656,-0.0320192,0,1,1
16580,1657,-0.0420085,0,0,0
