time,particle_id,x,y,mesh_index,mesh_index_original
2470,237,0.0489847,0,9,9
2470,238,0.0389862,0,8,8
2470,239,0.0289878,0,7,7
2470,240,0.0189893,0,6,6
2470,241,0.00899087,0,5,5
2470,242,-0.00100758,0,4,4
2470,243,-0.011006,0,3,3
2470,244,-0.0210045,0,2,2
2470,245,-0.0310029,0,1,1
2470,246,-0.0410014,0,0,0
