time,particle_id,x,y,mesh_index,mesh_index_original
85800,8570,0.0404935,0,9,9
85800,8571,0.0305497,0,8,8
85800,8572,0.0206058,0,7,7
85800,8573,0.0106617,0,6,6
85800,8574,0.000717545,0,5,5
85800,8575,-0.00922678,0,4,4
85800,8576,-0.0191712,0,3,3
85800,8577,-0.0291159,0,2,2
85800,8578,-0.0390606,0,1,1
85800,8579,-0.0490055,0,0,0
