time,particle_id,x,y,mesh_index,mesh_index_original
83820,8372,0.0405051,0,9,9
83820,8373,0.0305601,0,8,8
83820,8374,0.0206149,0,7,7
83820,8375,0.0106695,0,6,6
83820,8376,0.000724052,0,5,5
83820,8377,-0.00922156,0,4,4
83820,8378,-0.0191673,0,3,3
83820,8379,-0.0291132,0,2,2
83820,8380,-0.0390592,0,1,1
83820,8381,-0.0490054,0,0,0
