time,particle_id,x,y,mesh_index,mesh_index_original
91290,9118,0.0494072,0,9,9
91290,9119,0.0394671,0,8,8
91290,9120,0.0295269,0,7,7
91290,9121,0.0195866,0,6,6
91290,9122,0.00964608,0,5,5
91290,9123,-0.000294556,0,4,4
91290,9124,-0.0102353,0,3,3
91290,9125,-0.0201763,0,2,2
91290,9126,-0.0301174,0,1,1
91290,9127,-0.0400586,0,0,0
