time,particle_id,x,y,mesh_index,mesh_index_original
39830,3973,0.0457517,0,9,9
39830,3974,0.0357778,0,8,8
39830,3975,0.0258039,0,7,7
39830,3976,0.0158299,0,6,6
39830,3977,0.00585586,0,5,5
39830,3978,-0.00411825,0,4,4
39830,3979,-0.0140924,0,3,3
39830,3980,-0.0240667,0,2,2
39830,3981,-0.034041,0,1,1
39830,3982,-0.0440154,0,0,0
