time,particle_id,x,y,mesh_index,mesh_index_original
68170,6807,0.0425885,0,9,9
68170,6808,0.0326332,0,8,8
68170,6809,0.0226778,0,7,7
68170,6810,0.0127223,0,6,6
68170,6811,0.00276663,0,5,5
68170,6812,-0.00718909,0,4,4
68170,6813,-0.0171449,0,3,3
68170,6814,-0.0271009,0,2,2
68170,6815,-0.037057,0,1,1
68170,6816,-0.0470131,0,0,0
