time,particle_id,x,y,mesh_index,mesh_index_original
70560,7046,0.0415787,0,9,9
70560,7047,0.0316249,0,8,8
70560,7048,0.0216711,0,7,7
70560,7049,0.0117171,0,6,6
70560,7050,0.00176306,0,5,5
70560,7051,-0.00819113,0,4,4
70560,7052,-0.0181454,0,3,3
70560,7053,-0.0280999,0,2,2
70560,7054,-0.0380544,0,1,1
70560,7055,-0.0480091,0,0,0
