time,particle_id,x,y,mesh_index,mesh_index_original
93030,9292,0.0493959,0,9,9
93030,9293,0.039457,0,8,8
93030,9294,0.0295179,0,7,7
93030,9295,0.0195787,0,6,6
93030,9296,0.00963935,0,5,5
93030,9297,-0.000300158,0,4,4
93030,9298,-0.0102398,0,3,3
93030,9299,-0.0201796,0,2,2
93030,9300,-0.0301196,0,1,1
93030,9301,-0.0400597,0,0,0
