time,particle_id,x,y,mesh_index,mesh_index_original
52230,5213,0.0436812,0,9,9
52230,5214,0.0337155,0,8,8
52230,5215,0.0237497,0,7,7
52230,5216,0.0137838,0,6,6
52230,5217,0.00381778,0,5,5
52230,5218,-0.00614829,0,4,4
52230,5219,-0.0161144,0,3,3
52230,5220,-0.0260807,0,2,2
52230,5221,-0.036047,0,1,1
52230,5222,-0.0460134,0,0,0
