time,particle_id,x,y,mesh_index,mesh_index_original
37350,3725,0.0457672,0,9,9
37350,3726,0.0357917,0,8,8
37350,3727,0.0258161,0,7,7
37350,3728,0.0158405,0,6,6
37350,3729,0.00586485,0,5,5
37350,3730,-0.00411088,0,4,4
37350,3731,-0.0140867,0,3,3
37350,3732,-0.0240625,0,2,2
37350,3733,-0.0340384,0,1,1
37350,3734,-0.0440144,0,0,0
