time,particle_id,x,y,mesh_index,mesh_index_original
45620,4552,0.0447186,0,9,9
45620,4553,0.0347485,0,8,8
45620,4554,0.0247784,0,7,7
45620,4555,0.0148082,0,6,6
45620,4556,0.00483787,0,5,5
45620,4557,-0.00513249,0,4,4
45620,4558,-0.0151029,0,3,3
45620,4559,-0.0250734,0,2,2
45620,4560,-0.035044,0,1,1
45620,4561,-0.0450147,0,0,0
