time,particle_id,x,y,mesh_index,mesh_index_original
3420,332,0.0489785,0,9,9
3420,333,0.0389807,0,8,8
3420,334,0.0289829,0,7,7
3420,335,0.0189851,0,6,6
3420,336,0.00898724,0,5,5
3420,337,-0.00101059,0,4,4
3420,338,-0.0110084,0,3,3
3420,339,-0.0210063,0,2,2
3420,340,-0.0310041,0,1,1
3420,341,-0.0410019,0,0,0
