time,particle_id,x,y,mesh_index,mesh_index_original
41320,4122,0.0447451,0,9,9
41320,4123,0.0347722,0,8,8
41320,4124,0.0247993,0,7,7
41320,4125,0.0148262,0,6,6
41320,4126,0.00485316,0,5,5
41320,4127,-0.00511999,0,4,4
41320,4128,-0.0150932,0,3,3
41320,4129,-0.0250665,0,2,2
41320,4130,-0.0350399,0,1,1
41320,4131,-0.0450133,0,0,0
