time,particle_id,x,y,mesh_index,mesh_index_original
90660,9055,0.0494112,0,9,9
90660,9056,0.0394708,0,8,8
90660,9057,0.0295302,0,7,7
90660,9058,0.0195894,0,6,6
90660,9059,0.00964852,0,5,5
90660,9060,-0.000292527,0,4,4
90660,9061,-0.0102337,0,3,3
90660,9062,-0.0201751,0,2,2
90660,9063,-0.0301166,0,1,1
90660,9064,-0.0400582,0,0,0
