time,particle_id,x,y,mesh_index,mesh_index_original
73600,7350,0.0415605,0,9,9
73600,7351,0.0316088,0,8,8
73600,7352,0.0216569,0,7,7
73600,7353,0.011705,0,6,6
73600,7354,0.00175286,0,5,5
73600,7355,-0.00819936,0,4,4
73600,7356,-0.0181517,0,3,3
73600,7357,-0.0281042,0,2,2
73600,7358,-0.0380567,0,1,1
73600,7359,-0.0480095,0,0,0
