time,particle_id,x,y,mesh_index,mesh_index_original
21410,2131,0.0468653,0,9,9
21410,2132,0.0368793,0,8,8
21410,2133,0.0268933,0,7,7
21410,2134,0.0169073,0,6,6
21410,2135,0.00692123,0,5,5
21410,2136,-0.00306488,0,4,4
21410,2137,-0.013051,0,3,3
21410,2138,-0.0230372,0,2,2
21410,2139,-0.0330234,0,1,1
21410,2140,-0.0430096,0,0,0
