time,particle_id,x,y,mesh_index,mesh_index_original
28600,2850,0.0468199,0,9,9
28600,2851,0.0368387,0,8,8
28600,2852,0.0268574,0,7,7
28600,2853,0.0168761,0,6,6
28600,2854,0.00689469,0,5,5
28600,2855,-0.00308673,0,4,4
28600,2856,-0.0130682,0,3,3
28600,2857,-0.0230497,0,2,2
28600,2858,-0.0330313,0,1,1
28600,2859,-0.0430129,0,0,0
