time,particle_id,x,y,mesh_index,mesh_index_original
36900,3680,0.04577,0,9,9
36900,3681,0.0357942,0,8,8
36900,3682,0.0258183,0,7,7
36900,3683,0.0158424,0,6,6
36900,3684,0.00586648,0,5,5
36900,3685,-0.00410954,0,4,4
36900,3686,-0.0140856,0,3,3
36900,3687,-0.0240618,0,2,2
36900,3688,-0.034038,0,1,1
36900,3689,-0.0440142,0,0,0
