time,particle_id,x,y,mesh_index,mesh_index_original
72070,7197,0.0415697,0,9,9
72070,7198,0.0316169,0,8,8
72070,7199,0.0216641,0,7,7
72070,7200,0.0117111,0,6,6
72070,7201,0.00175799,0,5,5
72070,7202,-0.00819522,0,4,4
72070,7203,-0.0181485,0,3,3
72070,7204,-0.028102,0,2,2
72070,7205,-0.0380556,0,1,1
72070,7206,-0.0480093,0,0,0
