time,particle_id,x,y,mesh_index,mesh_index_original
92500,9239,0.0493993,0,9,9
92500,9240,0.0394601,0,8,8
92500,9241,0.0295207,0,7,7
92500,9242,0.0195811,0,6,6
92500,9243,0.0096414,0,5,5
92500,9244,-0.000298452,0,4,4
92500,9245,-0.0102385,0,3,3
92500,9246,-0.0201786,0,2,2
92500,9247,-0.0301189,0,1,1
92500,9248,-0.0400594,0,0,0
