time,particle_id,x,y,mesh_index,mesh_index_original
38230,3813,0.0457617,0,9,9
38230,3814,0.0357868,0,8,8
38230,3815,0.0258118,0,7,7
38230,3816,0.0158368,0,6,6
38230,3817,0.00586166,0,5,5
38230,3818,-0.0041135,0,4,4
38230,3819,-0.0140887,0,3,3
38230,3820,-0.024064,0,2,2
38230,3821,-0.0340393,0,1,1
38230,3822,-0.0440147,0,0,0
