time,particle_id,x,y,mesh_index,mesh_index_original
89070,8897,0.0404742,0,9,9
89070,8898,0.0305326,0,8,8
89070,8899,0.0205908,0,7,7
89070,8900,0.0106489,0,6,6
89070,8901,0.000706801,0,5,5
89070,8902,-0.00923541,0,4,4
89070,8903,-0.0191778,0,3,3
89070,8904,-0.0291203,0,2,2
89070,8905,-0.0390629,0,1,1
89070,8906,-0.0490057,0,0,0
