time,particle_id,x,y,mesh_index,mesh_index_original
72860,7276,0.041565,0,9,9
72860,7277,0.0316127,0,8,8
72860,7278,0.0216604,0,7,7
72860,7279,0.0117079,0,6,6
72860,7280,0.00175534,0,5,5
72860,7281,-0.00819736,0,4,4
72860,7282,-0.0181502,0,3,3
72860,7283,-0.0281031,0,2,2
72860,7284,-0.0380562,0,1,1
72860,7285,-0.0480094,0,0,0
