time,particle_id,x,y,mesh_index,mesh_index_original
22340,2224,0.0468594,0,9,9
22340,2225,0.0368741,0,8,8
22340,2226,0.0268887,0,7,7
22340,2227,0.0169033,0,6,6
22340,2228,0.00691779,0,5,5
22340,2229,-0.0030677,0,4,4
22340,2230,-0.0130532,0,3,3
22340,2231,-0.0230388,0,2,2
22340,2232,-0.0330244,0,1,1
22340,2233,-0.04301,0,0,0
