time,particle_id,x,y,mesh_index,mesh_index_original
91880,9177,0.0494033,0,9,9
91880,9178,0.0394637,0,8,8
91880,9179,0.0295239,0,7,7
91880,9180,0.0195839,0,6,6
91880,9181,0.0096438,0,5,5
91880,9182,-0.000296455,0,4,4
91880,9183,-0.0102369,0,3,3
91880,9184,-0.0201774,0,2,2
91880,9185,-0.0301181,0,1,1
91880,9186,-0.040059,0,0,0
