time,particle_id,x,y,mesh_index,mesh_index_original
100000,9989,0.0493507,0,9,9
100000,9990,0.0394164,0,8,8
100000,9991,0.0294819,0,7,7
100000,9992,0.0195472,0,6,6
100000,9993,0.00961239,0,5,5
100000,9994,-0.000322593,0,4,4
100000,9995,-0.0102577,0,3,3
100000,9996,-0.0201931,0,2,2
100000,9997,-0.0301285,0,1,1
100000,9998,-0.0400642,0,0,0
