time,particle_id,x,y,mesh_index,mesh_index_original
70690,7059,0.0415779,0,9,9
70690,7060,0.0316243,0,8,8
70690,7061,0.0216705,0,7,7
70690,7062,0.0117166,0,6,6
70690,7063,0.00176262,0,5,5
70690,7064,-0.00819149,0,4,4
70690,7065,-0.0181457,0,3,3
70690,7066,-0.0281,0,2,2
70690,7067,-0.0380545,0,1,1
70690,7068,-0.0480091,0,0,0
