time,particle_id,x,y,mesh_index,mesh_index_original
28240,2814,0.0468222,0,9,9
28240,2815,0.0368407,0,8,8
28240,2816,0.0268592,0,7,7
28240,2817,0.0168776,0,6,6
28240,2818,0.00689602,0,5,5
28240,2819,-0.00308563,0,4,4
28240,2820,-0.0130673,0,3,3
28240,2821,-0.0230491,0,2,2
28240,2822,-0.0330309,0,1,1
28240,2823,-0.0430127,0,0,0
