time,particle_id,x,y,mesh_index,mesh_index_original
64090,6399,0.0426131,0,9,9
64090,6400,0.0326551,0,8,8
64090,6401,0.022697,0,7,7
64090,6402,0.0127389,0,6,6
64090,6403,0.00278059,0,5,5
64090,6404,-0.00717779,0,4,4
64090,6405,-0.0171363,0,3,3
64090,6406,-0.0270949,0,2,2
64090,6407,-0.0370535,0,1,1
64090,6408,-0.0470124,0,0,0
