time,particle_id,x,y,mesh_index,mesh_index_original
67560,6746,0.0425921,0,9,9
67560,6747,0.0326364,0,8,8
67560,6748,0.0226806,0,7,7
67560,6749,0.0127247,0,6,6
67560,6750,0.00276872,0,5,5
67560,6751,-0.0071874,0,4,4
67560,6752,-0.0171436,0,3,3
67560,6753,-0.0271,0,2,2
67560,6754,-0.0370564,0,1,1
67560,6755,-0.047013,0,0,0
