time,particle_id,x,y,mesh_index,mesh_index_original
29210,2911,0.0468161,0,9,9
29210,2912,0.0368352,0,8,8
29210,2913,0.0268543,0,7,7
29210,2914,0.0168734,0,6,6
29210,2915,0.00689244,0,5,5
29210,2916,-0.00308858,0,4,4
29210,2917,-0.0130696,0,3,3
29210,2918,-0.0230508,0,2,2
29210,2919,-0.0330319,0,1,1
29210,2920,-0.0430131,0,0,0
