time,particle_id,x,y,mesh_index,mesh_index_original
910,81,0.0489947,0,9,9
910,82,0.0389953,0,8,8
910,83,0.0289958,0,7,7
910,84,0.0189963,0,6,6
910,85,0.00899685,0,5,5
910,86,-0.00100262,0,4,4
910,87,-0.0110021,0,3,3
910,88,-0.0210016,0,2,2
910,89,-0.031001,0,1,1
910,90,-0.0410005,0,0,0
