time,particle_id,x,y,mesh_index,mesh_index_original
89850,8975,0.0404696,0,9,9
89850,8976,0.0305285,0,8,8
89850,8977,0.0205872,0,7,7
89850,8978,0.0106458,0,6,6
89850,8979,0.000704239,0,5,5
89850,8980,-0.00923746,0,4,4
89850,8981,-0.0191793,0,3,3
89850,8982,-0.0291213,0,2,2
89850,8983,-0.0390635,0,1,1
89850,8984,-0.0490058,0,0,0
