time,particle_id,x,y,mesh_index,mesh_index_original
25570,2547,0.0468391,0,9,9
25570,2548,0.0368558,0,8,8
25570,2549,0.0268725,0,7,7
25570,2550,0.0168892,0,6,6
25570,2551,0.00690587,0,5,5
25570,2552,-0.00307752,0,4,4
25570,2553,-0.013061,0,3,3
25570,2554,-0.0230444,0,2,2
25570,2555,-0.0330279,0,1,1
25570,2556,-0.0430115,0,0,0
