time,particle_id,x,y,mesh_index,mesh_index_original
76400,7630,0.0415439,0,9,9
76400,7631,0.0315939,0,8,8
76400,7632,0.0216439,0,7,7
76400,7633,0.0116937,0,6,6
76400,7634,0.00174347,0,5,5
76400,7635,-0.00820693,0,4,4
76400,7636,-0.0181575,0,3,3
76400,7637,-0.0281081,0,2,2
76400,7638,-0.0380589,0,1,1
76400,7639,-0.0480098,0,0,0
