time,particle_id,x,y,mesh_index,mesh_index_original
95270,9516,0.0493814,0,9,9
95270,9517,0.0394439,0,8,8
95270,9518,0.0295063,0,7,7
95270,9519,0.0195686,0,6,6
95270,9520,0.00963068,0,5,5
95270,9521,-0.000307369,0,4,4
95270,9522,-0.0102456,0,3,3
95270,9523,-0.0201839,0,2,2
95270,9524,-0.0301225,0,1,1
95270,9525,-0.0400612,0,0,0
