time,particle_id,x,y,mesh_index,mesh_index_original
65480,6538,0.0426047,0,9,9
65480,6539,0.0326476,0,8,8
65480,6540,0.0226905,0,7,7
65480,6541,0.0127332,0,6,6
65480,6542,0.00277583,0,5,5
65480,6543,-0.00718164,0,4,4
65480,6544,-0.0171392,0,3,3
65480,6545,-0.0270969,0,2,2
65480,6546,-0.0370547,0,1,1
65480,6547,-0.0470126,0,0,0
