time,particle_id,x,y,mesh_index,mesh_index_original
76950,7685,0.0415406,0,9,9
76950,7686,0.031591,0,8,8
76950,7687,0.0216413,0,7,7
76950,7688,0.0116915,0,6,6
76950,7689,0.00174163,0,5,5
76950,7690,-0.00820842,0,4,4
76950,7691,-0.0181586,0,3,3
76950,7692,-0.0281089,0,2,2
76950,7693,-0.0380593,0,1,1
76950,7694,-0.0480099,0,0,0
