time,particle_id,x,y,mesh_index,mesh_index_original
35770,3567,0.045777,0,9,9
35770,3568,0.0358005,0,8,8
35770,3569,0.0258239,0,7,7
35770,3570,0.0158473,0,6,6
35770,3571,0.00587057,0,5,5
35770,3572,-0.00410619,0,4,4
35770,3573,-0.014083,0,3,3
35770,3574,-0.0240599,0,2,2
35770,3575,-0.0340368,0,1,1
35770,3576,-0.0440138,0,0,0
