time,particle_id,x,y,mesh_index,mesh_index_original
78200,7810,0.0415331,0,9,9
78200,7811,0.0315844,0,8,8
78200,7812,0.0216355,0,7,7
78200,7813,0.0116865,0,6,6
78200,7814,0.00173743,0,5,5
78200,7815,-0.0082118,0,4,4
78200,7816,-0.0181612,0,3,3
78200,7817,-0.0281107,0,2,2
78200,7818,-0.0380603,0,1,1
78200,7819,-0.04801,0,0,0
