time,particle_id,x,y,mesh_index,mesh_index_original
24530,2443,0.0468456,0,9,9
24530,2444,0.0368617,0,8,8
24530,2445,0.0268777,0,7,7
24530,2446,0.0168937,0,6,6
24530,2447,0.00690971,0,5,5
24530,2448,-0.00307436,0,4,4
24530,2449,-0.0130585,0,3,3
24530,2450,-0.0230426,0,2,2
24530,2451,-0.0330268,0,1,1
24530,2452,-0.043011,0,0,0
