time,particle_id,x,y,mesh_index,mesh_index_original
43670,4357,0.0447306,0,9,9
43670,4358,0.0347593,0,8,8
43670,4359,0.0247878,0,7,7
43670,4360,0.0148164,0,6,6
43670,4361,0.0048448,0,5,5
43670,4362,-0.00512682,0,4,4
43670,4363,-0.0150985,0,3,3
43670,4364,-0.0250703,0,2,2
43670,4365,-0.0350421,0,1,1
43670,4366,-0.045014,0,0,0
