time,particle_id,x,y,mesh_index,mesh_index_original
58430,5833,0.0436434,0,9,9
58430,5834,0.0336817,0,8,8
58430,5835,0.0237199,0,7,7
58430,5836,0.0137581,0,6,6
58430,5837,0.00379615,0,5,5
58430,5838,-0.00616589,0,4,4
58430,5839,-0.016128,0,3,3
58430,5840,-0.0260903,0,2,2
58430,5841,-0.0360526,0,1,1
58430,5842,-0.046015,0,0,0
