time,particle_id,x,y,mesh_index,mesh_index_original
8220,812,0.0489476,0,9,9
8220,813,0.0389529,0,8,8
8220,814,0.0289582,0,7,7
8220,815,0.0189636,0,6,6
8220,816,0.00896887,0,5,5
8220,817,-0.00102582,0,4,4
8220,818,-0.0110205,0,3,3
8220,819,-0.0210153,0,2,2
8220,820,-0.03101,0,1,1
8220,821,-0.0410047,0,0,0
