time,particle_id,x,y,mesh_index,mesh_index_original
99770,9966,0.0493522,0,9,9
99770,9967,0.0394177,0,8,8
99770,9968,0.0294831,0,7,7
99770,9969,0.0195483,0,6,6
99770,9970,0.00961328,0,5,5
99770,9971,-0.000321853,0,4,4
99770,9972,-0.0102571,0,3,3
99770,9973,-0.0201926,0,2,2
99770,9974,-0.0301282,0,1,1
99770,9975,-0.040064,0,0,0
