time,particle_id,x,y,mesh_index,mesh_index_original
78560,7846,0.041531,0,9,9
78560,7847,0.0315825,0,8,8
78560,7848,0.0216339,0,7,7
78560,7849,0.0116851,0,6,6
78560,7850,0.00173623,0,5,5
78560,7851,-0.00821278,0,4,4
78560,7852,-0.0181619,0,3,3
78560,7853,-0.0281112,0,2,2
78560,7854,-0.0380606,0,1,1
78560,7855,-0.0480101,0,0,0
