time,particle_id,x,y,mesh_index,mesh_index_original
2310,221,0.0489857,0,9,9
2310,222,0.0389872,0,8,8
2310,223,0.0289886,0,7,7
2310,224,0.01899,0,6,6
2310,225,0.00899149,0,5,5
2310,226,-0.00100707,0,4,4
2310,227,-0.0110056,0,3,3
2310,228,-0.0210042,0,2,2
2310,229,-0.0310027,0,1,1
2310,230,-0.0410013,0,0,0
