time,particle_id,x,y,mesh_index,mesh_index_original
37530,3743,0.0457661,0,9,9
37530,3744,0.0357907,0,8,8
37530,3745,0.0258152,0,7,7
37530,3746,0.0158397,0,6,6
37530,3747,0.00586419,0,5,5
37530,3748,-0.00411142,0,4,4
37530,3749,-0.0140871,0,3,3
37530,3750,-0.0240628,0,2,2
37530,3751,-0.0340386,0,1,1
37530,3752,-0.0440145,0,0,0
