time,particle_id,x,y,mesh_index,mesh_index_original
79720,7962,0.0415241,0,9,9
79720,7963,0.0315763,0,8,8
79720,7964,0.0216285,0,7,7
79720,7965,0.0116805,0,6,6
79720,7966,0.00173234,0,5,5
79720,7967,-0.00821591,0,4,4
79720,7968,-0.0181643,0,3,3
79720,7969,-0.0281128,0,2,2
79720,7970,-0.0380615,0,1,1
79720,7971,-0.0480102,0,0,0
