time,particle_id,x,y,mesh_index,mesh_index_original
10540,1044,0.0479333,0,9,9
10540,1045,0.0379402,0,8,8
10540,1046,0.027947,0,7,7
10540,1047,0.0179539,0,6,6
10540,1048,0.00796068,0,5,5
10540,1049,-0.0020325,0,4,4
10540,1050,-0.0120257,0,3,3
10540,1051,-0.0220189,0,2,2
10540,1052,-0.0320121,0,1,1
10540,1053,-0.0420054,0,0,0
