time,particle_id,x,y,mesh_index,mesh_index_original
93430,9332,0.0493933,0,9,9
93430,9333,0.0394546,0,8,8
93430,9334,0.0295158,0,7,7
93430,9335,0.0195769,0,6,6
93430,9336,0.0096378,0,5,5
93430,9337,-0.000301446,0,4,4
93430,9338,-0.0102408,0,3,3
93430,9339,-0.0201804,0,2,2
93430,9340,-0.0301201,0,1,1
93430,9341,-0.04006,0,0,0
