time,particle_id,x,y,mesh_index,mesh_index_original
70350,7025,0.0415799,0,9,9
70350,7026,0.0316261,0,8,8
70350,7027,0.0216721,0,7,7
70350,7028,0.011718,0,6,6
70350,7029,0.00176376,0,5,5
70350,7030,-0.00819057,0,4,4
70350,7031,-0.018145,0,3,3
70350,7032,-0.0280996,0,2,2
70350,7033,-0.0380542,0,1,1
70350,7034,-0.048009,0,0,0
