time,particle_id,x,y,mesh_index,mesh_index_original
2250,215,0.0489861,0,9,9
2250,216,0.0389875,0,8,8
2250,217,0.0289889,0,7,7
2250,218,0.0189903,0,6,6
2250,219,0.00899172,0,5,5
2250,220,-0.00100688,0,4,4
2250,221,-0.0110055,0,3,3
2250,222,-0.0210041,0,2,2
2250,223,-0.0310027,0,1,1
2250,224,-0.0410013,0,0,0
