time,particle_id,x,y,mesh_index,mesh_index_original
30720,3062,0.0458086,0,9,9
30720,3063,0.0358287,0,8,8
30720,3064,0.0258488,0,7,7
30720,3065,0.0158689,0,6,6
30720,3066,0.00588887,0,5,5
30720,3067,-0.00409117,0,4,4
30720,3068,-0.0140713,0,3,3
30720,3069,-0.0240514,0,2,2
30720,3070,-0.0340316,0,1,1
30720,3071,-0.0440118,0,0,0
