time,particle_id,x,y,mesh_index,mesh_index_original
11020,1092,0.0479302,0,9,9
11020,1093,0.0379374,0,8,8
11020,1094,0.0279446,0,7,7
11020,1095,0.0179517,0,6,6
11020,1096,0.00795888,0,5,5
11020,1097,-0.00203399,0,4,4
11020,1098,-0.0120269,0,3,3
11020,1099,-0.0220198,0,2,2
11020,1100,-0.0320127,0,1,1
11020,1101,-0.0420056,0,0,0
