time,particle_id,x,y,mesh_index,mesh_index_original
57660,5756,0.0436481,0,9,9
57660,5757,0.0336859,0,8,8
57660,5758,0.0237236,0,7,7
57660,5759,0.0137613,0,6,6
57660,5760,0.00379883,0,5,5
57660,5761,-0.00616371,0,4,4
57660,5762,-0.0161263,0,3,3
57660,5763,-0.0260891,0,2,2
57660,5764,-0.0360519,0,1,1
57660,5765,-0.0460148,0,0,0
