time,particle_id,x,y,mesh_index,mesh_index_original
29710,2961,0.0468129,0,9,9
29710,2962,0.0368324,0,8,8
29710,2963,0.0268518,0,7,7
29710,2964,0.0168712,0,6,6
29710,2965,0.00689059,0,5,5
29710,2966,-0.0030901,0,4,4
29710,2967,-0.0130708,0,3,3
29710,2968,-0.0230516,0,2,2
29710,2969,-0.0330325,0,1,1
29710,2970,-0.0430134,0,0,0
