time,particle_id,x,y,mesh_index,mesh_index_original
25130,2503,0.0468418,0,9,9
25130,2504,0.0368583,0,8,8
25130,2505,0.0268747,0,7,7
25130,2506,0.0168911,0,6,6
25130,2507,0.0069075,0,5,5
25130,2508,-0.00307618,0,4,4
25130,2509,-0.0130599,0,3,3
25130,2510,-0.0230437,0,2,2
25130,2511,-0.0330275,0,1,1
25130,2512,-0.0430113,0,0,0
