time,particle_id,x,y,mesh_index,mesh_index_original
32920,3282,0.0457948,0,9,9
32920,3283,0.0358164,0,8,8
32920,3284,0.025838,0,7,7
32920,3285,0.0158595,0,6,6
32920,3286,0.0058809,0,5,5
32920,3287,-0.00409771,0,4,4
32920,3288,-0.0140764,0,3,3
32920,3289,-0.0240551,0,2,2
32920,3290,-0.0340339,0,1,1
32920,3291,-0.0440127,0,0,0
