time,particle_id,x,y,mesh_index,mesh_index_original
55800,5570,0.0436594,0,9,9
55800,5571,0.033696,0,8,8
55800,5572,0.0237326,0,7,7
55800,5573,0.013769,0,6,6
55800,5574,0.00380532,0,5,5
55800,5575,-0.00615843,0,4,4
55800,5576,-0.0161223,0,3,3
55800,5577,-0.0260862,0,2,2
55800,5578,-0.0360502,0,1,1
55800,5579,-0.0460143,0,0,0
