time,particle_id,x,y,mesh_index,mesh_index_original
77920,7782,0.0415348,0,9,9
77920,7783,0.0315859,0,8,8
77920,7784,0.0216368,0,7,7
77920,7785,0.0116877,0,6,6
77920,7786,0.00173837,0,5,5
77920,7787,-0.00821104,0,4,4
77920,7788,-0.0181606,0,3,3
77920,7789,-0.0281103,0,2,2
77920,7790,-0.0380601,0,1,1
77920,7791,-0.04801,0,0,0
