time,particle_id,x,y,mesh_index,mesh_index_original
55100,5500,0.0436637,0,9,9
55100,5501,0.0336998,0,8,8
55100,5502,0.0237359,0,7,7
55100,5503,0.0137719,0,6,6
55100,5504,0.00380776,0,5,5
55100,5505,-0.00615644,0,4,4
55100,5506,-0.0161207,0,3,3
55100,5507,-0.0260851,0,2,2
55100,5508,-0.0360496,0,1,1
55100,5509,-0.0460142,0,0,0
