time,particle_id,x,y,mesh_index,mesh_index_original
90970,9086,0.0494092,0,9,9
90970,9087,0.039469,0,8,8
90970,9088,0.0295286,0,7,7
90970,9089,0.019588,0,6,6
90970,9090,0.00964732,0,5,5
90970,9091,-0.000293525,0,4,4
90970,9092,-0.0102345,0,3,3
90970,9093,-0.0201757,0,2,2
90970,9094,-0.030117,0,1,1
90970,9095,-0.0400584,0,0,0
