time,particle_id,x,y,mesh_index,mesh_index_original
58700,5860,0.0436417,0,9,9
58700,5861,0.0336802,0,8,8
58700,5862,0.0237187,0,7,7
58700,5863,0.013757,0,6,6
58700,5864,0.00379521,0,5,5
58700,5865,-0.00616666,0,4,4
58700,5866,-0.0161286,0,3,3
58700,5867,-0.0260907,0,2,2
58700,5868,-0.0360528,0,1,1
58700,5869,-0.0460151,0,0,0
