time,particle_id,x,y,mesh_index,mesh_index_original
99080,9897,0.0493567,0,9,9
99080,9898,0.0394217,0,8,8
99080,9899,0.0294866,0,7,7
99080,9900,0.0195514,0,6,6
99080,9901,0.00961595,0,5,5
99080,9902,-0.000319632,0,4,4
99080,9903,-0.0102554,0,3,3
99080,9904,-0.0201913,0,2,2
99080,9905,-0.0301274,0,1,1
99080,9906,-0.0400636,0,0,0
