time,particle_id,x,y,mesh_index,mesh_index_original
44430,4433,0.0447259,0,9,9
44430,4434,0.0347551,0,8,8
44430,4435,0.0247841,0,7,7
44430,4436,0.0148132,0,6,6
44430,4437,0.0048421,0,5,5
44430,4438,-0.00512903,0,4,4
44430,4439,-0.0151002,0,3,3
44430,4440,-0.0250715,0,2,2
44430,4441,-0.0350429,0,1,1
44430,4442,-0.0450143,0,0,0
