time,particle_id,x,y,mesh_index,mesh_index_original
33440,3334,0.0457916,0,9,9
33440,3335,0.0358135,0,8,8
33440,3336,0.0258354,0,7,7
33440,3337,0.0158572,0,6,6
33440,3338,0.00587901,0,5,5
33440,3339,-0.00409926,0,4,4
33440,3340,-0.0140776,0,3,3
33440,3341,-0.024056,0,2,2
33440,3342,-0.0340344,0,1,1
33440,3343,-0.0440129,0,0,0
