time,particle_id,x,y,mesh_index,mesh_index_original
82490,8239,0.040513,0,9,9
82490,8240,0.030567,0,8,8
82490,8241,0.020621,0,7,7
82490,8242,0.0106748,0,6,6
82490,8243,0.000728423,0,5,5
82490,8244,-0.00921805,0,4,4
82490,8245,-0.0191647,0,3,3
82490,8246,-0.0291114,0,2,2
82490,8247,-0.0390583,0,1,1
82490,8248,-0.0490053,0,0,0
