time,particle_id,x,y,mesh_index,mesh_index_original
90640,9053,0.0494114,0,9,9
90640,9054,0.0394709,0,8,8
90640,9055,0.0295303,0,7,7
90640,9056,0.0195895,0,6,6
90640,9057,0.00964859,0,5,5
90640,9058,-0.000292463,0,4,4
90640,9059,-0.0102337,0,3,3
90640,9060,-0.020175,0,2,2
90640,9061,-0.0301165,0,1,1
90640,9062,-0.0400582,0,0,0
