time,particle_id,x,y,mesh_index,mesh_index_original
55460,5536,0.0436615,0,9,9
55460,5537,0.0336979,0,8,8
55460,5538,0.0237342,0,7,7
55460,5539,0.0137704,0,6,6
55460,5540,0.00380651,0,5,5
55460,5541,-0.00615746,0,4,4
55460,5542,-0.0161215,0,3,3
55460,5543,-0.0260857,0,2,2
55460,5544,-0.0360499,0,1,1
55460,5545,-0.0460143,0,0,0
