{
  "travel_time_s": 100000.0,
  "velocity_m_per_s": 1e-06,
  "q_in_m3_per_s": 5e-10,
  "injection_duration_s": 100000.0,
  "vref_m3": 5e-05,
  "water_kg": 0.05,
  "reactive_area_m2": 0.020000000000000004,
  "reactive_area_cm2": 200.00000000000003,
  "gypsum_volume_m3": 5e-05,
  "gypsum_moles": 0.6765899864682003,
  "particle_time_share_s": 10.001000100010002,
  "nominal_particle_volume_m3": 5.000500050005001e-09,
  "nominal_sum_particle_volume_m3": 5.000500050005001e-05,
  "nominal_sum_particle_ratio": 1.000100010001,
  "nominal_sum_particle_relative_error": 0.00010001000100008477,
  "a2_m3": 5.633450071382271e-08,
  "k2_s_inv": 0.0010795004371385512,
  "linear_m3_per_s": 1.1020259538958945e-39,
  "rmse_m3": 8.849013197923508e-10,
  "r2": 0.9986950526793354,
  "phreeqc_input": "/home/zhouw/Documents/Codes/ReactiveSoluteTransport/Benchmark/gypsum_single_fracture_10cm_ap5mm/results_total_injection_reference_volume_20260426_151851/phreeqc/tt_1e05/tt_1e05.pqi",
  "phreeqc_output": "/home/zhouw/Documents/Codes/ReactiveSoluteTransport/Benchmark/gypsum_single_fracture_10cm_ap5mm/results_total_injection_reference_volume_20260426_151851/phreeqc/tt_1e05/tt_1e05.pqo",
  "phreeqc_selected_output": "/home/zhouw/Documents/Codes/ReactiveSoluteTransport/Benchmark/gypsum_single_fracture_10cm_ap5mm/results_total_injection_reference_volume_20260426_151851/phreeqc/tt_1e05/tt_1e05.sel",
  "fit_curve_csv": "/home/zhouw/Documents/Codes/ReactiveSoluteTransport/Benchmark/gypsum_single_fracture_10cm_ap5mm/results_total_injection_reference_volume_20260426_151851/phreeqc/tt_1e05/tt_1e05_volume_curve.csv",
  "a_ref_m2": 0.020000000000000004
}