time,particle_id,x,y,mesh_index,mesh_index_original
90730,9063,0.0400096,0,9,9
90730,9064,0.0300086,0,8,8
90730,9065,0.0200075,0,7,7
90730,9066,0.0100064,0,6,6
90730,9067,5.36138e-06,0,5,5
90730,9068,-0.00999571,0,4,4
90730,9069,-0.0199968,0,3,3
90730,9070,-0.0299979,0,2,2
90730,9071,-0.0399989,0,1,1
