time,particle_id,x,y,mesh_index,mesh_index_original
88880,8878,0.0410096,0,9,9
88880,8879,0.0310085,0,8,8
88880,8880,0.0210075,0,7,7
88880,8881,0.0110064,0,6,6
88880,8882,0.00100536,0,5,5
88880,8883,-0.00899569,0,4,4
88880,8884,-0.0189967,0,3,3
88880,8885,-0.0289978,0,2,2
88880,8886,-0.0389988,0,1,1
88880,8887,-0.0489999,0,0,0
