time,particle_id,x,y,mesh_index,mesh_index_original
97880,9778,0.0400104,0,9,9
97880,9779,0.0300093,0,8,8
97880,9780,0.0200081,0,7,7
97880,9781,0.0100069,0,6,6
97880,9782,5.78434e-06,0,5,5
97880,9783,-0.00999537,0,4,4
97880,9784,-0.0199965,0,3,3
97880,9785,-0.0299977,0,2,2
97880,9786,-0.0399988,0,1,1
