time,particle_id,x,y,mesh_index,mesh_index_original
81390,8129,0.0410088,0,9,9
81390,8130,0.0310078,0,8,8
81390,8131,0.0210068,0,7,7
81390,8132,0.0110059,0,6,6
81390,8133,0.00100491,0,5,5
81390,8134,-0.00899606,0,4,4
81390,8135,-0.018997,0,3,3
81390,8136,-0.028998,0,2,2
81390,8137,-0.0389989,0,1,1
81390,8138,-0.0489999,0,0,0
