time,particle_id,x,y,mesh_index,mesh_index_original
10700,1060,0.0480012,0,9,9
10700,1061,0.0380011,0,8,8
10700,1062,0.028001,0,7,7
10700,1063,0.0180009,0,6,6
10700,1064,0.00800073,0,5,5
10700,1065,-0.0019994,0,4,4
10700,1066,-0.0119995,0,3,3
10700,1067,-0.0219996,0,2,2
10700,1068,-0.0319998,0,1,1
10700,1069,-0.0419999,0,0,0
