time,particle_id,x,y,mesh_index,mesh_index_original
66370,6627,0.0430073,0,9,9
66370,6628,0.0330065,0,8,8
66370,6629,0.0230057,0,7,7
66370,6630,0.0130049,0,6,6
66370,6631,0.00300416,0,5,5
66370,6632,-0.00699663,0,4,4
66370,6633,-0.0169974,0,3,3
66370,6634,-0.0269982,0,2,2
66370,6635,-0.036999,0,1,1
66370,6636,-0.0469998,0,0,0
