time,particle_id,x,y,mesh_index,mesh_index_original
12780,1268,0.0480015,0,9,9
12780,1269,0.0380013,0,8,8
12780,1270,0.0280012,0,7,7
12780,1271,0.018001,0,6,6
12780,1272,0.00800087,0,5,5
12780,1273,-0.00199928,0,4,4
12780,1274,-0.0119994,0,3,3
12780,1275,-0.0219996,0,2,2
12780,1276,-0.0319997,0,1,1
12780,1277,-0.0419999,0,0,0
