time,particle_id,x,y,mesh_index,mesh_index_original
87290,8719,0.0410094,0,9,9
87290,8720,0.0310084,0,8,8
87290,8721,0.0210073,0,7,7
87290,8722,0.0110063,0,6,6
87290,8723,0.00100526,0,5,5
87290,8724,-0.00899577,0,4,4
87290,8725,-0.0189968,0,3,3
87290,8726,-0.0289978,0,2,2
87290,8727,-0.0389989,0,1,1
87290,8728,-0.0489999,0,0,0
