time,particle_id,x,y,mesh_index,mesh_index_original
10340,1024,0.0480012,0,9,9
10340,1025,0.0380011,0,8,8
10340,1026,0.0280009,0,7,7
10340,1027,0.0180008,0,6,6
10340,1028,0.0080007,0,5,5
10340,1029,-0.00199942,0,4,4
10340,1030,-0.0119995,0,3,3
10340,1031,-0.0219997,0,2,2
10340,1032,-0.0319998,0,1,1
10340,1033,-0.0419999,0,0,0
