time,particle_id,x,y,mesh_index,mesh_index_original
73470,7337,0.042008,0,9,9
73470,7338,0.0320071,0,8,8
73470,7339,0.0220062,0,7,7
73470,7340,0.0120054,0,6,6
73470,7341,0.00200451,0,5,5
73470,7342,-0.00799635,0,4,4
73470,7343,-0.0179972,0,3,3
73470,7344,-0.0279981,0,2,2
73470,7345,-0.037999,0,1,1
73470,7346,-0.0479998,0,0,0
