time,particle_id,x,y,mesh_index,mesh_index_original
47650,4755,0.0450053,0,9,9
47650,4756,0.0350048,0,8,8
47650,4757,0.0250042,0,7,7
47650,4758,0.0150037,0,6,6
47650,4759,0.00500309,0,5,5
47650,4760,-0.00499747,0,4,4
47650,4761,-0.014998,0,3,3
47650,4762,-0.0249986,0,2,2
47650,4763,-0.0349992,0,1,1
47650,4764,-0.0449997,0,0,0
