time,particle_id,x,y,mesh_index,mesh_index_original
18830,1873,0.0480022,0,9,9
18830,1874,0.038002,0,8,8
18830,1875,0.0280017,0,7,7
18830,1876,0.0180015,0,6,6
18830,1877,0.00800129,0,5,5
18830,1878,-0.00199894,0,4,4
18830,1879,-0.0119992,0,3,3
18830,1880,-0.0219994,0,2,2
18830,1881,-0.0319996,0,1,1
18830,1882,-0.0419998,0,0,0
