time,particle_id,x,y,mesh_index,mesh_index_original
95020,9492,0.0400101,0,9,9
95020,9493,0.030009,0,8,8
95020,9494,0.0200079,0,7,7
95020,9495,0.0100067,0,6,6
95020,9496,5.61516e-06,0,5,5
95020,9497,-0.00999551,0,4,4
95020,9498,-0.0199966,0,3,3
95020,9499,-0.0299978,0,2,2
95020,9500,-0.0399989,0,1,1
