time,particle_id,x,y,mesh_index,mesh_index_original
69610,6951,0.0430076,0,9,9
69610,6952,0.0330068,0,8,8
69610,6953,0.023006,0,7,7
69610,6954,0.0130052,0,6,6
69610,6955,0.00300436,0,5,5
69610,6956,-0.00699646,0,4,4
69610,6957,-0.0169973,0,3,3
69610,6958,-0.0269981,0,2,2
69610,6959,-0.0369989,0,1,1
69610,6960,-0.0469998,0,0,0
