time,particle_id,x,y,mesh_index,mesh_index_original
25660,2556,0.0470029,0,9,9
25660,2557,0.0370026,0,8,8
25660,2558,0.0270023,0,7,7
25660,2559,0.017002,0,6,6
25660,2560,0.00700172,0,5,5
25660,2561,-0.00299858,0,4,4
25660,2562,-0.0129989,0,3,3
25660,2563,-0.0229992,0,2,2
25660,2564,-0.0329995,0,1,1
25660,2565,-0.0429998,0,0,0
