time,particle_id,x,y,mesh_index,mesh_index_original
44650,4455,0.045005,0,9,9
44650,4456,0.0350045,0,8,8
44650,4457,0.025004,0,7,7
44650,4458,0.0150034,0,6,6
44650,4459,0.0050029,0,5,5
44650,4460,-0.00499763,0,4,4
44650,4461,-0.0149982,0,3,3
44650,4462,-0.0249987,0,2,2
44650,4463,-0.0349992,0,1,1
44650,4464,-0.0449997,0,0,0
