time,particle_id,x,y,mesh_index,mesh_index_original
37240,3714,0.0460042,0,9,9
37240,3715,0.0360038,0,8,8
37240,3716,0.0260033,0,7,7
37240,3717,0.0160029,0,6,6
37240,3718,0.00600246,0,5,5
37240,3719,-0.00399798,0,4,4
37240,3720,-0.0139984,0,3,3
37240,3721,-0.0239989,0,2,2
37240,3722,-0.0339993,0,1,1
37240,3723,-0.0439997,0,0,0
