time,particle_id,x,y,mesh_index,mesh_index_original
99090,9899,0.0400105,0,9,9
99090,9900,0.0300094,0,8,8
99090,9901,0.0200082,0,7,7
99090,9902,0.010007,0,6,6
99090,9903,5.85592e-06,0,5,5
99090,9904,-0.00999532,0,4,4
99090,9905,-0.0199965,0,3,3
99090,9906,-0.0299977,0,2,2
99090,9907,-0.0399988,0,1,1
