time,particle_id,x,y,mesh_index,mesh_index_original
71100,7100,0.0420077,0,9,9
71100,7101,0.0320069,0,8,8
71100,7102,0.022006,0,7,7
71100,7103,0.0120052,0,6,6
71100,7104,0.00200437,0,5,5
71100,7105,-0.00799647,0,4,4
71100,7106,-0.0179973,0,3,3
71100,7107,-0.0279982,0,2,2
71100,7108,-0.037999,0,1,1
71100,7109,-0.0479998,0,0,0
