time,particle_id,x,y,mesh_index,mesh_index_original
82770,8267,0.0410089,0,9,9
82770,8268,0.0310079,0,8,8
82770,8269,0.0210069,0,7,7
82770,8270,0.011006,0,6,6
82770,8271,0.00100499,0,5,5
82770,8272,-0.00899599,0,4,4
82770,8273,-0.018997,0,3,3
82770,8274,-0.0289979,0,2,2
82770,8275,-0.0389989,0,1,1
82770,8276,-0.0489999,0,0,0
