time,particle_id,x,y,mesh_index,mesh_index_original
93130,9303,0.0400099,0,9,9
93130,9304,0.0300088,0,8,8
93130,9305,0.0200077,0,7,7
93130,9306,0.0100066,0,6,6
93130,9307,5.50335e-06,0,5,5
93130,9308,-0.0099956,0,4,4
93130,9309,-0.0199967,0,3,3
93130,9310,-0.0299978,0,2,2
93130,9311,-0.0399989,0,1,1
