time,particle_id,x,y,mesh_index,mesh_index_original
41690,4159,0.0450047,0,9,9
41690,4160,0.0350042,0,8,8
41690,4161,0.0250037,0,7,7
41690,4162,0.0150032,0,6,6
41690,4163,0.00500271,0,5,5
41690,4164,-0.00499779,0,4,4
41690,4165,-0.0149983,0,3,3
41690,4166,-0.0249988,0,2,2
41690,4167,-0.0349993,0,1,1
41690,4168,-0.0449998,0,0,0
