time,particle_id,x,y,mesh_index,mesh_index_original
54200,5410,0.044006,0,9,9
54200,5411,0.0340054,0,8,8
54200,5412,0.0240047,0,7,7
54200,5413,0.0140041,0,6,6
54200,5414,0.00400346,0,5,5
54200,5415,-0.00599718,0,4,4
54200,5416,-0.0159978,0,3,3
54200,5417,-0.0259985,0,2,2
54200,5418,-0.0359991,0,1,1
54200,5419,-0.0459997,0,0,0
