time,particle_id,x,y,mesh_index,mesh_index_original
29110,2901,0.0470033,0,9,9
29110,2902,0.037003,0,8,8
29110,2903,0.0270026,0,7,7
29110,2904,0.0170023,0,6,6
29110,2905,0.00700196,0,5,5
29110,2906,-0.00299839,0,4,4
29110,2907,-0.0129987,0,3,3
29110,2908,-0.0229991,0,2,2
29110,2909,-0.0329994,0,1,1
29110,2910,-0.0429998,0,0,0
