time,particle_id,x,y,mesh_index,mesh_index_original
92280,9218,0.0400098,0,9,9
92280,9219,0.0300087,0,8,8
92280,9220,0.0200076,0,7,7
92280,9221,0.0100065,0,6,6
92280,9222,5.45307e-06,0,5,5
92280,9223,-0.00999564,0,4,4
92280,9224,-0.0199967,0,3,3
92280,9225,-0.0299978,0,2,2
92280,9226,-0.0399989,0,1,1
