time,particle_id,x,y,mesh_index,mesh_index_original
73500,7340,0.042008,0,9,9
73500,7341,0.0320071,0,8,8
73500,7342,0.0220063,0,7,7
73500,7343,0.0120054,0,6,6
73500,7344,0.00200452,0,5,5
73500,7345,-0.00799635,0,4,4
73500,7346,-0.0179972,0,3,3
73500,7347,-0.0279981,0,2,2
73500,7348,-0.037999,0,1,1
73500,7349,-0.0479998,0,0,0
