time,particle_id,x,y,mesh_index,mesh_index_original
28160,2806,0.0470032,0,9,9
28160,2807,0.0370029,0,8,8
28160,2808,0.0270026,0,7,7
28160,2809,0.0170022,0,6,6
28160,2810,0.00700189,0,5,5
28160,2811,-0.00299844,0,4,4
28160,2812,-0.0129988,0,3,3
28160,2813,-0.0229991,0,2,2
28160,2814,-0.0329994,0,1,1
28160,2815,-0.0429998,0,0,0
