time,particle_id,x,y,mesh_index,mesh_index_original
4540,444,0.0490005,0,9,9
4540,445,0.0390005,0,8,8
4540,446,0.0290004,0,7,7
4540,447,0.0190004,0,6,6
4540,448,0.00900031,0,5,5
4540,449,-0.000999742,0,4,4
4540,450,-0.0109998,0,3,3
4540,451,-0.0209998,0,2,2
4540,452,-0.0309999,0,1,1
4540,453,-0.041,0,0,0
