time,particle_id,x,y,mesh_index,mesh_index_original
79190,7909,0.0420086,0,9,9
79190,7910,0.0320077,0,8,8
79190,7911,0.0220067,0,7,7
79190,7912,0.0120058,0,6,6
79190,7913,0.00200487,0,5,5
79190,7914,-0.00799607,0,4,4
79190,7915,-0.017997,0,3,3
79190,7916,-0.0279979,0,2,2
79190,7917,-0.0379989,0,1,1
79190,7918,-0.0479998,0,0,0
