time,particle_id,x,y,mesh_index,mesh_index_original
57100,5700,0.0440063,0,9,9
57100,5701,0.0340057,0,8,8
57100,5702,0.024005,0,7,7
57100,5703,0.0140043,0,6,6
57100,5704,0.00400364,0,5,5
57100,5705,-0.00599703,0,4,4
57100,5706,-0.0159977,0,3,3
57100,5707,-0.0259984,0,2,2
57100,5708,-0.0359991,0,1,1
57100,5709,-0.0459997,0,0,0
