time,particle_id,x,y,mesh_index,mesh_index_original
76750,7665,0.0420083,0,9,9
76750,7666,0.0320074,0,8,8
76750,7667,0.0220065,0,7,7
76750,7668,0.0120056,0,6,6
76750,7669,0.00200472,0,5,5
76750,7670,-0.00799619,0,4,4
76750,7671,-0.0179971,0,3,3
76750,7672,-0.027998,0,2,2
76750,7673,-0.0379989,0,1,1
76750,7674,-0.0479998,0,0,0
