time,particle_id,x,y,mesh_index,mesh_index_original
92370,9227,0.0400098,0,9,9
92370,9228,0.0300087,0,8,8
92370,9229,0.0200076,0,7,7
92370,9230,0.0100065,0,6,6
92370,9231,5.45839e-06,0,5,5
92370,9232,-0.00999563,0,4,4
92370,9233,-0.0199967,0,3,3
92370,9234,-0.0299978,0,2,2
92370,9235,-0.0399989,0,1,1
