time,particle_id,x,y,mesh_index,mesh_index_original
72670,7257,0.0420079,0,9,9
72670,7258,0.032007,0,8,8
72670,7259,0.0220062,0,7,7
72670,7260,0.0120053,0,6,6
72670,7261,0.00200446,0,5,5
72670,7262,-0.00799639,0,4,4
72670,7263,-0.0179973,0,3,3
72670,7264,-0.0279981,0,2,2
72670,7265,-0.037999,0,1,1
72670,7266,-0.0479998,0,0,0
