time,particle_id,x,y,mesh_index,mesh_index_original
2020,192,0.0490002,0,9,9
2020,193,0.0390002,0,8,8
2020,194,0.0290002,0,7,7
2020,195,0.0190002,0,6,6
2020,196,0.00900013,0,5,5
2020,197,-0.000999888,0,4,4
2020,198,-0.0109999,0,3,3
2020,199,-0.0209999,0,2,2
2020,200,-0.031,0,1,1
2020,201,-0.041,0,0,0
