time,particle_id,x,y,mesh_index,mesh_index_original
96820,9672,0.0400103,0,9,9
96820,9673,0.0300092,0,8,8
96820,9674,0.020008,0,7,7
96820,9675,0.0100069,0,6,6
96820,9676,5.72164e-06,0,5,5
96820,9677,-0.00999542,0,4,4
96820,9678,-0.0199966,0,3,3
96820,9679,-0.0299977,0,2,2
96820,9680,-0.0399989,0,1,1
