time,particle_id,x,y,mesh_index,mesh_index_original
87570,8747,0.0410094,0,9,9
87570,8748,0.0310084,0,8,8
87570,8749,0.0210073,0,7,7
87570,8750,0.0110063,0,6,6
87570,8751,0.00100528,0,5,5
87570,8752,-0.00899576,0,4,4
87570,8753,-0.0189968,0,3,3
87570,8754,-0.0289978,0,2,2
87570,8755,-0.0389989,0,1,1
87570,8756,-0.0489999,0,0,0
