time,particle_id,x,y,mesh_index,mesh_index_original
29000,2890,0.0470033,0,9,9
29000,2891,0.037003,0,8,8
29000,2892,0.0270026,0,7,7
29000,2893,0.0170023,0,6,6
29000,2894,0.00700195,0,5,5
29000,2895,-0.00299839,0,4,4
29000,2896,-0.0129987,0,3,3
29000,2897,-0.0229991,0,2,2
29000,2898,-0.0329994,0,1,1
29000,2899,-0.0429998,0,0,0
