time,particle_id,x,y,mesh_index,mesh_index_original
11580,1148,0.0480013,0,9,9
11580,1149,0.0380012,0,8,8
11580,1150,0.0280011,0,7,7
11580,1151,0.0180009,0,6,6
11580,1152,0.00800079,0,5,5
11580,1153,-0.00199935,0,4,4
11580,1154,-0.0119995,0,3,3
11580,1155,-0.0219996,0,2,2
11580,1156,-0.0319998,0,1,1
11580,1157,-0.0419999,0,0,0
