time,particle_id,x,y,mesh_index,mesh_index_original
8400,830,0.049001,0,9,9
8400,831,0.0390009,0,8,8
8400,832,0.0290008,0,7,7
8400,833,0.0190007,0,6,6
8400,834,0.00900058,0,5,5
8400,835,-0.000999518,0,4,4
8400,836,-0.0109996,0,3,3
8400,837,-0.0209997,0,2,2
8400,838,-0.0309998,0,1,1
8400,839,-0.0409999,0,0,0
