time,particle_id,x,y,mesh_index,mesh_index_original
17470,1737,0.048002,0,9,9
17470,1738,0.0380018,0,8,8
17470,1739,0.0280016,0,7,7
17470,1740,0.0180014,0,6,6
17470,1741,0.00800119,0,5,5
17470,1742,-0.00199901,0,4,4
17470,1743,-0.0119992,0,3,3
17470,1744,-0.0219994,0,2,2
17470,1745,-0.0319996,0,1,1
17470,1746,-0.0419998,0,0,0
