time,particle_id,x,y,mesh_index,mesh_index_original
93510,9341,0.0400099,0,9,9
93510,9342,0.0300088,0,8,8
93510,9343,0.0200077,0,7,7
93510,9344,0.0100066,0,6,6
93510,9345,5.52583e-06,0,5,5
93510,9346,-0.00999558,0,4,4
93510,9347,-0.0199967,0,3,3
93510,9348,-0.0299978,0,2,2
93510,9349,-0.0399989,0,1,1
