time,particle_id,x,y,mesh_index,mesh_index_original
28270,2817,0.0470032,0,9,9
28270,2818,0.0370029,0,8,8
28270,2819,0.0270026,0,7,7
28270,2820,0.0170022,0,6,6
28270,2821,0.0070019,0,5,5
28270,2822,-0.00299843,0,4,4
28270,2823,-0.0129988,0,3,3
28270,2824,-0.0229991,0,2,2
28270,2825,-0.0329994,0,1,1
28270,2826,-0.0429998,0,0,0
