time,particle_id,x,y,mesh_index,mesh_index_original
92870,9277,0.0400099,0,9,9
92870,9278,0.0300088,0,8,8
92870,9279,0.0200077,0,7,7
92870,9280,0.0100066,0,6,6
92870,9281,5.48797e-06,0,5,5
92870,9282,-0.00999561,0,4,4
92870,9283,-0.0199967,0,3,3
92870,9284,-0.0299978,0,2,2
92870,9285,-0.0399989,0,1,1
