time,particle_id,x,y,mesh_index,mesh_index_original
94300,9420,0.04001,0,9,9
94300,9421,0.0300089,0,8,8
94300,9422,0.0200078,0,7,7
94300,9423,0.0100067,0,6,6
94300,9424,5.57256e-06,0,5,5
94300,9425,-0.00999554,0,4,4
94300,9426,-0.0199967,0,3,3
94300,9427,-0.0299978,0,2,2
94300,9428,-0.0399989,0,1,1
