time,particle_id,x,y,mesh_index,mesh_index_original
59990,5989,0.0440067,0,9,9
59990,5990,0.034006,0,8,8
59990,5991,0.0240052,0,7,7
59990,5992,0.0140045,0,6,6
59990,5993,0.00400383,0,5,5
59990,5994,-0.00599688,0,4,4
59990,5995,-0.0159976,0,3,3
59990,5996,-0.0259983,0,2,2
59990,5997,-0.035999,0,1,1
59990,5998,-0.0459997,0,0,0
