time,particle_id,x,y,mesh_index,mesh_index_original
3870,377,0.0490004,0,9,9
3870,378,0.0390004,0,8,8
3870,379,0.0290004,0,7,7
3870,380,0.0190003,0,6,6
3870,381,0.00900026,0,5,5
3870,382,-0.000999781,0,4,4
3870,383,-0.0109998,0,3,3
3870,384,-0.0209999,0,2,2
3870,385,-0.0309999,0,1,1
3870,386,-0.041,0,0,0
