time,particle_id,x,y,mesh_index,mesh_index_original
60400,6030,0.0430066,0,9,9
60400,6031,0.0330059,0,8,8
60400,6032,0.0230052,0,7,7
60400,6033,0.0130045,0,6,6
60400,6034,0.00300378,0,5,5
60400,6035,-0.00699693,0,4,4
60400,6036,-0.0169976,0,3,3
60400,6037,-0.0269984,0,2,2
60400,6038,-0.0369991,0,1,1
60400,6039,-0.0469998,0,0,0
