time,particle_id,x,y,mesh_index,mesh_index_original
83040,8294,0.0410089,0,9,9
83040,8295,0.0310079,0,8,8
83040,8296,0.021007,0,7,7
83040,8297,0.011006,0,6,6
83040,8298,0.001005,0,5,5
83040,8299,-0.00899598,0,4,4
83040,8300,-0.018997,0,3,3
83040,8301,-0.0289979,0,2,2
83040,8302,-0.0389989,0,1,1
83040,8303,-0.0489999,0,0,0
