time,particle_id,x,y,mesh_index,mesh_index_original
75450,7535,0.0420082,0,9,9
75450,7536,0.0320073,0,8,8
75450,7537,0.0220064,0,7,7
75450,7538,0.0120055,0,6,6
75450,7539,0.00200464,0,5,5
75450,7540,-0.00799626,0,4,4
75450,7541,-0.0179971,0,3,3
75450,7542,-0.027998,0,2,2
75450,7543,-0.0379989,0,1,1
75450,7544,-0.0479998,0,0,0
