time,particle_id,x,y,mesh_index,mesh_index_original
43840,4374,0.0450049,0,9,9
43840,4375,0.0350044,0,8,8
43840,4376,0.0250039,0,7,7
43840,4377,0.0150034,0,6,6
43840,4378,0.00500285,0,5,5
43840,4379,-0.00499767,0,4,4
43840,4380,-0.0149982,0,3,3
43840,4381,-0.0249987,0,2,2
43840,4382,-0.0349992,0,1,1
43840,4383,-0.0449997,0,0,0
