time,particle_id,x,y,mesh_index,mesh_index_original
96810,9671,0.0400103,0,9,9
96810,9672,0.0300092,0,8,8
96810,9673,0.020008,0,7,7
96810,9674,0.0100069,0,6,6
96810,9675,5.72105e-06,0,5,5
96810,9676,-0.00999542,0,4,4
96810,9677,-0.0199966,0,3,3
96810,9678,-0.0299977,0,2,2
96810,9679,-0.0399989,0,1,1
