time,particle_id,x,y,mesh_index,mesh_index_original
18190,1809,0.0480021,0,9,9
18190,1810,0.0380019,0,8,8
18190,1811,0.0280017,0,7,7
18190,1812,0.0180015,0,6,6
18190,1813,0.00800124,0,5,5
18190,1814,-0.00199897,0,4,4
18190,1815,-0.0119992,0,3,3
18190,1816,-0.0219994,0,2,2
18190,1817,-0.0319996,0,1,1
18190,1818,-0.0419998,0,0,0
