time,particle_id,x,y,mesh_index,mesh_index_original
87710,8761,0.0410094,0,9,9
87710,8762,0.0310084,0,8,8
87710,8763,0.0210074,0,7,7
87710,8764,0.0110063,0,6,6
87710,8765,0.00100529,0,5,5
87710,8766,-0.00899575,0,4,4
87710,8767,-0.0189968,0,3,3
87710,8768,-0.0289978,0,2,2
87710,8769,-0.0389989,0,1,1
87710,8770,-0.0489999,0,0,0
