time,particle_id,x,y,mesh_index,mesh_index_original
26710,2661,0.0470031,0,9,9
26710,2662,0.0370027,0,8,8
26710,2663,0.0270024,0,7,7
26710,2664,0.0170021,0,6,6
26710,2665,0.0070018,0,5,5
26710,2666,-0.00299852,0,4,4
26710,2667,-0.0129988,0,3,3
26710,2668,-0.0229991,0,2,2
26710,2669,-0.0329995,0,1,1
26710,2670,-0.0429998,0,0,0
