time,particle_id,x,y,mesh_index,mesh_index_original
68900,6880,0.0430076,0,9,9
68900,6881,0.0330068,0,8,8
68900,6882,0.0230059,0,7,7
68900,6883,0.0130051,0,6,6
68900,6884,0.00300431,0,5,5
68900,6885,-0.0069965,0,4,4
68900,6886,-0.0169973,0,3,3
68900,6887,-0.0269981,0,2,2
68900,6888,-0.0369989,0,1,1
68900,6889,-0.0469998,0,0,0
