time,particle_id,x,y,mesh_index,mesh_index_original
90840,9074,0.0400097,0,9,9
90840,9075,0.0300086,0,8,8
90840,9076,0.0200075,0,7,7
90840,9077,0.0100064,0,6,6
90840,9078,5.36789e-06,0,5,5
90840,9079,-0.00999571,0,4,4
90840,9080,-0.0199968,0,3,3
90840,9081,-0.0299979,0,2,2
90840,9082,-0.0399989,0,1,1
