time,particle_id,x,y,mesh_index,mesh_index_original
78470,7837,0.0420085,0,9,9
78470,7838,0.0320076,0,8,8
78470,7839,0.0220067,0,7,7
78470,7840,0.0120057,0,6,6
78470,7841,0.00200482,0,5,5
78470,7842,-0.00799611,0,4,4
78470,7843,-0.017997,0,3,3
78470,7844,-0.027998,0,2,2
78470,7845,-0.0379989,0,1,1
78470,7846,-0.0479998,0,0,0
