time,particle_id,x,y,mesh_index,mesh_index_original
52240,5214,0.0440058,0,9,9
52240,5215,0.0340052,0,8,8
52240,5216,0.0240046,0,7,7
52240,5217,0.0140039,0,6,6
52240,5218,0.00400333,0,5,5
52240,5219,-0.00599729,0,4,4
52240,5220,-0.0159979,0,3,3
52240,5221,-0.0259985,0,2,2
52240,5222,-0.0359991,0,1,1
52240,5223,-0.0459998,0,0,0
