time,particle_id,x,y,mesh_index,mesh_index_original
82710,8261,0.0410089,0,9,9
82710,8262,0.0310079,0,8,8
82710,8263,0.0210069,0,7,7
82710,8264,0.011006,0,6,6
82710,8265,0.00100498,0,5,5
82710,8266,-0.00899599,0,4,4
82710,8267,-0.018997,0,3,3
82710,8268,-0.0289979,0,2,2
82710,8269,-0.0389989,0,1,1
82710,8270,-0.0489999,0,0,0
