time,particle_id,x,y,mesh_index,mesh_index_original
51120,5102,0.0440057,0,9,9
51120,5103,0.0340051,0,8,8
51120,5104,0.0240045,0,7,7
51120,5105,0.0140039,0,6,6
51120,5106,0.00400326,0,5,5
51120,5107,-0.00599734,0,4,4
51120,5108,-0.0159979,0,3,3
51120,5109,-0.0259986,0,2,2
51120,5110,-0.0359992,0,1,1
51120,5111,-0.0459998,0,0,0
