time,particle_id,x,y,mesh_index,mesh_index_original
34560,3446,0.0460039,0,9,9
34560,3447,0.0360035,0,8,8
34560,3448,0.0260031,0,7,7
34560,3449,0.0160027,0,6,6
34560,3450,0.00600228,0,5,5
34560,3451,-0.00399812,0,4,4
34560,3452,-0.0139985,0,3,3
34560,3453,-0.0239989,0,2,2
34560,3454,-0.0339993,0,1,1
34560,3455,-0.0439998,0,0,0
