time,particle_id,x,y,mesh_index,mesh_index_original
49360,4926,0.0450055,0,9,9
49360,4927,0.035005,0,8,8
49360,4928,0.0250044,0,7,7
49360,4929,0.0150038,0,6,6
49360,4930,0.00500321,0,5,5
49360,4931,-0.00499738,0,4,4
49360,4932,-0.014998,0,3,3
49360,4933,-0.0249985,0,2,2
49360,4934,-0.0349991,0,1,1
49360,4935,-0.0449997,0,0,0
