time,particle_id,x,y,mesh_index,mesh_index_original
63050,6295,0.0430069,0,9,9
63050,6296,0.0330062,0,8,8
63050,6297,0.0230054,0,7,7
63050,6298,0.0130047,0,6,6
63050,6299,0.00300395,0,5,5
63050,6300,-0.0069968,0,4,4
63050,6301,-0.0169975,0,3,3
63050,6302,-0.0269983,0,2,2
63050,6303,-0.036999,0,1,1
63050,6304,-0.0469998,0,0,0
