time,particle_id,x,y,mesh_index,mesh_index_original
1700,160,0.0490002,0,9,9
1700,161,0.0390002,0,8,8
1700,162,0.0290002,0,7,7
1700,163,0.0190001,0,6,6
1700,164,0.00900011,0,5,5
1700,165,-0.000999906,0,4,4
1700,166,-0.0109999,0,3,3
1700,167,-0.0209999,0,2,2
1700,168,-0.031,0,1,1
1700,169,-0.041,0,0,0
