time,particle_id,x,y,mesh_index,mesh_index_original
1780,168,0.0490002,0,9,9
1780,169,0.0390002,0,8,8
1780,170,0.0290002,0,7,7
1780,171,0.0190001,0,6,6
1780,172,0.00900012,0,5,5
1780,173,-0.000999902,0,4,4
1780,174,-0.0109999,0,3,3
1780,175,-0.0209999,0,2,2
1780,176,-0.031,0,1,1
1780,177,-0.041,0,0,0
