time,particle_id,x,y,mesh_index,mesh_index_original
65020,6492,0.0430071,0,9,9
65020,6493,0.0330064,0,8,8
65020,6494,0.0230056,0,7,7
65020,6495,0.0130048,0,6,6
65020,6496,0.00300407,0,5,5
65020,6497,-0.0069967,0,4,4
65020,6498,-0.0169975,0,3,3
65020,6499,-0.0269982,0,2,2
65020,6500,-0.036999,0,1,1
65020,6501,-0.0469998,0,0,0
