time,particle_id,x,y,mesh_index,mesh_index_original
65890,6579,0.0430072,0,9,9
65890,6580,0.0330065,0,8,8
65890,6581,0.0230057,0,7,7
65890,6582,0.0130049,0,6,6
65890,6583,0.00300413,0,5,5
65890,6584,-0.00699665,0,4,4
65890,6585,-0.0169974,0,3,3
65890,6586,-0.0269982,0,2,2
65890,6587,-0.036999,0,1,1
65890,6588,-0.0469998,0,0,0
