time,particle_id,x,y,mesh_index,mesh_index_original
71010,7091,0.0420077,0,9,9
71010,7092,0.0320069,0,8,8
71010,7093,0.022006,0,7,7
71010,7094,0.0120052,0,6,6
71010,7095,0.00200436,0,5,5
71010,7096,-0.00799648,0,4,4
71010,7097,-0.0179973,0,3,3
71010,7098,-0.0279982,0,2,2
71010,7099,-0.037999,0,1,1
71010,7100,-0.0479998,0,0,0
