time,particle_id,x,y,mesh_index,mesh_index_original
94080,9398,0.04001,0,9,9
94080,9399,0.0300089,0,8,8
94080,9400,0.0200078,0,7,7
94080,9401,0.0100067,0,6,6
94080,9402,5.55955e-06,0,5,5
94080,9403,-0.00999555,0,4,4
94080,9404,-0.0199967,0,3,3
94080,9405,-0.0299978,0,2,2
94080,9406,-0.0399989,0,1,1
