time,particle_id,x,y,mesh_index,mesh_index_original
72300,7220,0.0420079,0,9,9
72300,7221,0.032007,0,8,8
72300,7222,0.0220062,0,7,7
72300,7223,0.0120053,0,6,6
72300,7224,0.00200444,0,5,5
72300,7225,-0.00799641,0,4,4
72300,7226,-0.0179973,0,3,3
72300,7227,-0.0279981,0,2,2
72300,7228,-0.037999,0,1,1
72300,7229,-0.0479998,0,0,0
