time,particle_id,x,y,mesh_index,mesh_index_original
49190,4909,0.0450055,0,9,9
49190,4910,0.0350049,0,8,8
49190,4911,0.0250044,0,7,7
49190,4912,0.0150038,0,6,6
49190,4913,0.00500319,0,5,5
49190,4914,-0.00499739,0,4,4
49190,4915,-0.014998,0,3,3
49190,4916,-0.0249985,0,2,2
49190,4917,-0.0349991,0,1,1
49190,4918,-0.0449997,0,0,0
