time,particle_id,x,y,mesh_index,mesh_index_original
32990,3289,0.0460037,0,9,9
32990,3290,0.0360033,0,8,8
32990,3291,0.026003,0,7,7
32990,3292,0.0160026,0,6,6
32990,3293,0.00600218,0,5,5
32990,3294,-0.00399821,0,4,4
32990,3295,-0.0139986,0,3,3
32990,3296,-0.023999,0,2,2
32990,3297,-0.0339994,0,1,1
32990,3298,-0.0439998,0,0,0
