time,particle_id,x,y,mesh_index,mesh_index_original
77350,7725,0.0420084,0,9,9
77350,7726,0.0320075,0,8,8
77350,7727,0.0220066,0,7,7
77350,7728,0.0120057,0,6,6
77350,7729,0.00200475,0,5,5
77350,7730,-0.00799616,0,4,4
77350,7731,-0.0179971,0,3,3
77350,7732,-0.027998,0,2,2
77350,7733,-0.0379989,0,1,1
77350,7734,-0.0479998,0,0,0
