time,particle_id,x,y,mesh_index,mesh_index_original
96470,9637,0.0400103,0,9,9
96470,9638,0.0300091,0,8,8
96470,9639,0.020008,0,7,7
96470,9640,0.0100068,0,6,6
96470,9641,5.70093e-06,0,5,5
96470,9642,-0.00999544,0,4,4
96470,9643,-0.0199966,0,3,3
96470,9644,-0.0299977,0,2,2
96470,9645,-0.0399989,0,1,1
