time,particle_id,x,y,mesh_index,mesh_index_original
3570,347,0.0490004,0,9,9
3570,348,0.0390004,0,8,8
3570,349,0.0290003,0,7,7
3570,350,0.0190003,0,6,6
3570,351,0.00900024,0,5,5
3570,352,-0.000999798,0,4,4
3570,353,-0.0109998,0,3,3
3570,354,-0.0209999,0,2,2
3570,355,-0.0309999,0,1,1
3570,356,-0.041,0,0,0
