time,particle_id,x,y,mesh_index,mesh_index_original
99660,9956,0.0400106,0,9,9
99660,9957,0.0300094,0,8,8
99660,9958,0.0200082,0,7,7
99660,9959,0.0100071,0,6,6
99660,9960,5.88964e-06,0,5,5
99660,9961,-0.00999529,0,4,4
99660,9962,-0.0199965,0,3,3
99660,9963,-0.0299976,0,2,2
99660,9964,-0.0399988,0,1,1
