time,particle_id,x,y,mesh_index,mesh_index_original
67660,6756,0.0430074,0,9,9
67660,6757,0.0330066,0,8,8
67660,6758,0.0230058,0,7,7
67660,6759,0.013005,0,6,6
67660,6760,0.00300424,0,5,5
67660,6761,-0.00699656,0,4,4
67660,6762,-0.0169974,0,3,3
67660,6763,-0.0269982,0,2,2
67660,6764,-0.036999,0,1,1
67660,6765,-0.0469998,0,0,0
