time,particle_id,x,y,mesh_index,mesh_index_original
60830,6073,0.0430067,0,9,9
60830,6074,0.033006,0,8,8
60830,6075,0.0230052,0,7,7
60830,6076,0.0130045,0,6,6
60830,6077,0.00300381,0,5,5
60830,6078,-0.00699691,0,4,4
60830,6079,-0.0169976,0,3,3
60830,6080,-0.0269983,0,2,2
60830,6081,-0.0369991,0,1,1
60830,6082,-0.0469998,0,0,0
