time,particle_id,x,y,mesh_index,mesh_index_original
57860,5776,0.0440064,0,9,9
57860,5777,0.0340057,0,8,8
57860,5778,0.0240051,0,7,7
57860,5779,0.0140044,0,6,6
57860,5780,0.00400369,0,5,5
57860,5781,-0.00599699,0,4,4
57860,5782,-0.0159977,0,3,3
57860,5783,-0.0259984,0,2,2
57860,5784,-0.035999,0,1,1
57860,5785,-0.0459997,0,0,0
