time,particle_id,x,y,mesh_index,mesh_index_original
84620,8452,0.0410091,0,9,9
84620,8453,0.0310081,0,8,8
84620,8454,0.0210071,0,7,7
84620,8455,0.0110061,0,6,6
84620,8456,0.0010051,0,5,5
84620,8457,-0.0089959,0,4,4
84620,8458,-0.0189969,0,3,3
84620,8459,-0.0289979,0,2,2
84620,8460,-0.0389989,0,1,1
84620,8461,-0.0489999,0,0,0
