time,particle_id,x,y,mesh_index,mesh_index_original
71480,7138,0.0420078,0,9,9
71480,7139,0.0320069,0,8,8
71480,7140,0.0220061,0,7,7
71480,7141,0.0120052,0,6,6
71480,7142,0.00200439,0,5,5
71480,7143,-0.00799645,0,4,4
71480,7144,-0.0179973,0,3,3
71480,7145,-0.0279981,0,2,2
71480,7146,-0.037999,0,1,1
71480,7147,-0.0479998,0,0,0
