time,particle_id,x,y,mesh_index,mesh_index_original
11840,1174,0.0480014,0,9,9
11840,1175,0.0380012,0,8,8
11840,1176,0.0280011,0,7,7
11840,1177,0.0180009,0,6,6
11840,1178,0.00800081,0,5,5
11840,1179,-0.00199933,0,4,4
11840,1180,-0.0119995,0,3,3
11840,1181,-0.0219996,0,2,2
11840,1182,-0.0319997,0,1,1
11840,1183,-0.0419999,0,0,0
