time,particle_id,x,y,mesh_index,mesh_index_original
83910,8381,0.041009,0,9,9
83910,8382,0.031008,0,8,8
83910,8383,0.021007,0,7,7
83910,8384,0.011006,0,6,6
83910,8385,0.00100506,0,5,5
83910,8386,-0.00899593,0,4,4
83910,8387,-0.0189969,0,3,3
83910,8388,-0.0289979,0,2,2
83910,8389,-0.0389989,0,1,1
83910,8390,-0.0489999,0,0,0
