time,particle_id,x,y,mesh_index,mesh_index_original
38530,3843,0.0460044,0,9,9
38530,3844,0.0360039,0,8,8
38530,3845,0.0260035,0,7,7
38530,3846,0.016003,0,6,6
38530,3847,0.00600255,0,5,5
38530,3848,-0.00399791,0,4,4
38530,3849,-0.0139984,0,3,3
38530,3850,-0.0239988,0,2,2
38530,3851,-0.0339993,0,1,1
38530,3852,-0.0439997,0,0,0
