time,particle_id,x,y,mesh_index,mesh_index_original
92410,9231,0.0400098,0,9,9
92410,9232,0.0300087,0,8,8
92410,9233,0.0200076,0,7,7
92410,9234,0.0100066,0,6,6
92410,9235,5.46076e-06,0,5,5
92410,9236,-0.00999563,0,4,4
92410,9237,-0.0199967,0,3,3
92410,9238,-0.0299978,0,2,2
92410,9239,-0.0399989,0,1,1
