time,particle_id,x,y,mesh_index,mesh_index_original
84490,8439,0.0410091,0,9,9
84490,8440,0.0310081,0,8,8
84490,8441,0.0210071,0,7,7
84490,8442,0.0110061,0,6,6
84490,8443,0.00100509,0,5,5
84490,8444,-0.00899591,0,4,4
84490,8445,-0.0189969,0,3,3
84490,8446,-0.0289979,0,2,2
84490,8447,-0.0389989,0,1,1
84490,8448,-0.0489999,0,0,0
