time,particle_id,x,y,mesh_index,mesh_index_original
17210,1711,0.048002,0,9,9
17210,1712,0.0380018,0,8,8
17210,1713,0.0280016,0,7,7
17210,1714,0.0180014,0,6,6
17210,1715,0.00800117,0,5,5
17210,1716,-0.00199903,0,4,4
17210,1717,-0.0119992,0,3,3
17210,1718,-0.0219994,0,2,2
17210,1719,-0.0319996,0,1,1
17210,1720,-0.0419998,0,0,0
