time,particle_id,x,y,mesh_index,mesh_index_original
98550,9845,0.0400105,0,9,9
98550,9846,0.0300093,0,8,8
98550,9847,0.0200082,0,7,7
98550,9848,0.010007,0,6,6
98550,9849,5.82398e-06,0,5,5
98550,9850,-0.00999534,0,4,4
98550,9851,-0.0199965,0,3,3
98550,9852,-0.0299977,0,2,2
98550,9853,-0.0399988,0,1,1
