time,particle_id,x,y,mesh_index,mesh_index_original
39110,3901,0.0460044,0,9,9
39110,3902,0.036004,0,8,8
39110,3903,0.0260035,0,7,7
39110,3904,0.016003,0,6,6
39110,3905,0.00600259,0,5,5
39110,3906,-0.00399788,0,4,4
39110,3907,-0.0139983,0,3,3
39110,3908,-0.0239988,0,2,2
39110,3909,-0.0339993,0,1,1
39110,3910,-0.0439997,0,0,0
