time,particle_id,x,y,mesh_index,mesh_index_original
91720,9162,0.0400098,0,9,9
91720,9163,0.0300087,0,8,8
91720,9164,0.0200076,0,7,7
91720,9165,0.0100065,0,6,6
91720,9166,5.41994e-06,0,5,5
91720,9167,-0.00999566,0,4,4
91720,9168,-0.0199967,0,3,3
91720,9169,-0.0299978,0,2,2
91720,9170,-0.0399989,0,1,1
