time,particle_id,x,y,mesh_index,mesh_index_original
26740,2664,0.0470031,0,9,9
26740,2665,0.0370027,0,8,8
26740,2666,0.0270024,0,7,7
26740,2667,0.0170021,0,6,6
26740,2668,0.0070018,0,5,5
26740,2669,-0.00299852,0,4,4
26740,2670,-0.0129988,0,3,3
26740,2671,-0.0229991,0,2,2
26740,2672,-0.0329995,0,1,1
26740,2673,-0.0429998,0,0,0
