time,particle_id,x,y,mesh_index,mesh_index_original
24000,2390,0.0470027,0,9,9
24000,2391,0.0370025,0,8,8
24000,2392,0.0270022,0,7,7
24000,2393,0.0170019,0,6,6
24000,2394,0.00700161,0,5,5
24000,2395,-0.00299867,0,4,4
24000,2396,-0.012999,0,3,3
24000,2397,-0.0229992,0,2,2
24000,2398,-0.0329995,0,1,1
24000,2399,-0.0429998,0,0,0
