time,particle_id,x,y,mesh_index,mesh_index_original
92970,9287,0.0400099,0,9,9
92970,9288,0.0300088,0,8,8
92970,9289,0.0200077,0,7,7
92970,9290,0.0100066,0,6,6
92970,9291,5.49389e-06,0,5,5
92970,9292,-0.0099956,0,4,4
92970,9293,-0.0199967,0,3,3
92970,9294,-0.0299978,0,2,2
92970,9295,-0.0399989,0,1,1
