time,particle_id,x,y,mesh_index,mesh_index_original
74010,7391,0.042008,0,9,9
74010,7392,0.0320072,0,8,8
74010,7393,0.0220063,0,7,7
74010,7394,0.0120054,0,6,6
74010,7395,0.00200455,0,5,5
74010,7396,-0.00799633,0,4,4
74010,7397,-0.0179972,0,3,3
74010,7398,-0.0279981,0,2,2
74010,7399,-0.037999,0,1,1
74010,7400,-0.0479998,0,0,0
