time,particle_id,x,y,mesh_index,mesh_index_original
56060,5596,0.0440062,0,9,9
56060,5597,0.0340056,0,8,8
56060,5598,0.0240049,0,7,7
56060,5599,0.0140042,0,6,6
56060,5600,0.00400358,0,5,5
56060,5601,-0.00599709,0,4,4
56060,5602,-0.0159977,0,3,3
56060,5603,-0.0259984,0,2,2
56060,5604,-0.0359991,0,1,1
56060,5605,-0.0459997,0,0,0
