time,particle_id,x,y,mesh_index,mesh_index_original
58220,5812,0.0440065,0,9,9
58220,5813,0.0340058,0,8,8
58220,5814,0.0240051,0,7,7
58220,5815,0.0140044,0,6,6
58220,5816,0.00400371,0,5,5
58220,5817,-0.00599697,0,4,4
58220,5818,-0.0159977,0,3,3
58220,5819,-0.0259983,0,2,2
58220,5820,-0.035999,0,1,1
58220,5821,-0.0459997,0,0,0
