time,particle_id,x,y,mesh_index,mesh_index_original
22700,2260,0.0470026,0,9,9
22700,2261,0.0370023,0,8,8
22700,2262,0.0270021,0,7,7
22700,2263,0.0170018,0,6,6
22700,2264,0.00700152,0,5,5
22700,2265,-0.00299874,0,4,4
22700,2266,-0.012999,0,3,3
22700,2267,-0.0229993,0,2,2
22700,2268,-0.0329995,0,1,1
22700,2269,-0.0429998,0,0,0
