time,particle_id,x,y,mesh_index,mesh_index_original
34310,3421,0.0460039,0,9,9
34310,3422,0.0360035,0,8,8
34310,3423,0.0260031,0,7,7
34310,3424,0.0160027,0,6,6
34310,3425,0.00600227,0,5,5
34310,3426,-0.00399814,0,4,4
34310,3427,-0.0139985,0,3,3
34310,3428,-0.0239989,0,2,2
34310,3429,-0.0339994,0,1,1
34310,3430,-0.0439998,0,0,0
