time,particle_id,x,y,mesh_index,mesh_index_original
28100,2800,0.0470032,0,9,9
28100,2801,0.0370029,0,8,8
28100,2802,0.0270026,0,7,7
28100,2803,0.0170022,0,6,6
28100,2804,0.00700189,0,5,5
28100,2805,-0.00299844,0,4,4
28100,2806,-0.0129988,0,3,3
28100,2807,-0.0229991,0,2,2
28100,2808,-0.0329994,0,1,1
28100,2809,-0.0429998,0,0,0
