time,particle_id,x,y,mesh_index,mesh_index_original
86990,8689,0.0410094,0,9,9
86990,8690,0.0310083,0,8,8
86990,8691,0.0210073,0,7,7
86990,8692,0.0110063,0,6,6
86990,8693,0.00100524,0,5,5
86990,8694,-0.00899578,0,4,4
86990,8695,-0.0189968,0,3,3
86990,8696,-0.0289978,0,2,2
86990,8697,-0.0389989,0,1,1
86990,8698,-0.0489999,0,0,0
