time,particle_id,x,y,mesh_index,mesh_index_original
53780,5368,0.044006,0,9,9
53780,5369,0.0340053,0,8,8
53780,5370,0.0240047,0,7,7
53780,5371,0.0140041,0,6,6
53780,5372,0.00400343,0,5,5
53780,5373,-0.00599721,0,4,4
53780,5374,-0.0159978,0,3,3
53780,5375,-0.0259985,0,2,2
53780,5376,-0.0359991,0,1,1
53780,5377,-0.0459997,0,0,0
