time,particle_id,x,y,mesh_index,mesh_index_original
47130,4703,0.0450053,0,9,9
47130,4704,0.0350047,0,8,8
47130,4705,0.0250042,0,7,7
47130,4706,0.0150036,0,6,6
47130,4707,0.00500306,0,5,5
47130,4708,-0.0049975,0,4,4
47130,4709,-0.0149981,0,3,3
47130,4710,-0.0249986,0,2,2
47130,4711,-0.0349992,0,1,1
47130,4712,-0.0449997,0,0,0
