time,particle_id,x,y,mesh_index,mesh_index_original
37360,3726,0.0460042,0,9,9
37360,3727,0.0360038,0,8,8
37360,3728,0.0260034,0,7,7
37360,3729,0.0160029,0,6,6
37360,3730,0.00600247,0,5,5
37360,3731,-0.00399797,0,4,4
37360,3732,-0.0139984,0,3,3
37360,3733,-0.0239989,0,2,2
37360,3734,-0.0339993,0,1,1
37360,3735,-0.0439997,0,0,0
