time,particle_id,x,y,mesh_index,mesh_index_original
70860,7076,0.0420077,0,9,9
70860,7077,0.0320069,0,8,8
70860,7078,0.022006,0,7,7
70860,7079,0.0120052,0,6,6
70860,7080,0.00200435,0,5,5
70860,7081,-0.00799648,0,4,4
70860,7082,-0.0179973,0,3,3
70860,7083,-0.0279982,0,2,2
70860,7084,-0.037999,0,1,1
70860,7085,-0.0479998,0,0,0
