time,particle_id,x,y,mesh_index,mesh_index_original
66530,6643,0.0430073,0,9,9
66530,6644,0.0330065,0,8,8
66530,6645,0.0230057,0,7,7
66530,6646,0.013005,0,6,6
66530,6647,0.00300417,0,5,5
66530,6648,-0.00699662,0,4,4
66530,6649,-0.0169974,0,3,3
66530,6650,-0.0269982,0,2,2
66530,6651,-0.036999,0,1,1
66530,6652,-0.0469998,0,0,0
