time,particle_id,x,y,mesh_index,mesh_index_original
57600,5750,0.0440064,0,9,9
57600,5751,0.0340057,0,8,8
57600,5752,0.024005,0,7,7
57600,5753,0.0140044,0,6,6
57600,5754,0.00400367,0,5,5
57600,5755,-0.00599701,0,4,4
57600,5756,-0.0159977,0,3,3
57600,5757,-0.0259984,0,2,2
57600,5758,-0.035999,0,1,1
57600,5759,-0.0459997,0,0,0
