time,particle_id,x,y,mesh_index,mesh_index_original
22470,2237,0.0470026,0,9,9
22470,2238,0.0370023,0,8,8
22470,2239,0.027002,0,7,7
22470,2240,0.0170018,0,6,6
22470,2241,0.00700151,0,5,5
22470,2242,-0.00299876,0,4,4
22470,2243,-0.012999,0,3,3
22470,2244,-0.0229993,0,2,2
22470,2245,-0.0329995,0,1,1
22470,2246,-0.0429998,0,0,0
