time,particle_id,x,y,mesh_index,mesh_index_original
26640,2654,0.047003,0,9,9
26640,2655,0.0370027,0,8,8
26640,2656,0.0270024,0,7,7
26640,2657,0.0170021,0,6,6
26640,2658,0.00700179,0,5,5
26640,2659,-0.00299852,0,4,4
26640,2660,-0.0129988,0,3,3
26640,2661,-0.0229992,0,2,2
26640,2662,-0.0329995,0,1,1
26640,2663,-0.0429998,0,0,0
