time,particle_id,x,y,mesh_index,mesh_index_original
29730,2963,0.0470034,0,9,9
29730,2964,0.0370031,0,8,8
29730,2965,0.0270027,0,7,7
29730,2966,0.0170023,0,6,6
29730,2967,0.007002,0,5,5
29730,2968,-0.00299835,0,4,4
29730,2969,-0.0129987,0,3,3
29730,2970,-0.0229991,0,2,2
29730,2971,-0.0329994,0,1,1
29730,2972,-0.0429998,0,0,0
