time,particle_id,x,y,mesh_index,mesh_index_original
29760,2966,0.0470034,0,9,9
29760,2967,0.0370031,0,8,8
29760,2968,0.0270027,0,7,7
29760,2969,0.0170024,0,6,6
29760,2970,0.007002,0,5,5
29760,2971,-0.00299835,0,4,4
29760,2972,-0.0129987,0,3,3
29760,2973,-0.0229991,0,2,2
29760,2974,-0.0329994,0,1,1
29760,2975,-0.0429998,0,0,0
