time,particle_id,x,y,mesh_index,mesh_index_original
36280,3618,0.0460041,0,9,9
36280,3619,0.0360037,0,8,8
36280,3620,0.0260033,0,7,7
36280,3621,0.0160028,0,6,6
36280,3622,0.0060024,0,5,5
36280,3623,-0.00399803,0,4,4
36280,3624,-0.0139985,0,3,3
36280,3625,-0.0239989,0,2,2
36280,3626,-0.0339993,0,1,1
36280,3627,-0.0439997,0,0,0
