time,particle_id,x,y,mesh_index,mesh_index_original
92060,9196,0.0400098,0,9,9
92060,9197,0.0300087,0,8,8
92060,9198,0.0200076,0,7,7
92060,9199,0.0100065,0,6,6
92060,9200,5.44006e-06,0,5,5
92060,9201,-0.00999565,0,4,4
92060,9202,-0.0199967,0,3,3
92060,9203,-0.0299978,0,2,2
92060,9204,-0.0399989,0,1,1
