time,particle_id,x,y,mesh_index,mesh_index_original
8890,879,0.049001,0,9,9
8890,880,0.0390009,0,8,8
8890,881,0.0290008,0,7,7
8890,882,0.0190007,0,6,6
8890,883,0.00900061,0,5,5
8890,884,-0.00099949,0,4,4
8890,885,-0.0109996,0,3,3
8890,886,-0.0209997,0,2,2
8890,887,-0.0309998,0,1,1
8890,888,-0.0409999,0,0,0
