time,particle_id,x,y,mesh_index,mesh_index_original
91870,9177,0.0400098,0,9,9
91870,9178,0.0300087,0,8,8
91870,9179,0.0200076,0,7,7
91870,9180,0.0100065,0,6,6
91870,9181,5.42882e-06,0,5,5
91870,9182,-0.00999566,0,4,4
91870,9183,-0.0199967,0,3,3
91870,9184,-0.0299978,0,2,2
91870,9185,-0.0399989,0,1,1
