time,particle_id,x,y,mesh_index,mesh_index_original
56730,5663,0.0440063,0,9,9
56730,5664,0.0340056,0,8,8
56730,5665,0.024005,0,7,7
56730,5666,0.0140043,0,6,6
56730,5667,0.00400362,0,5,5
56730,5668,-0.00599705,0,4,4
56730,5669,-0.0159977,0,3,3
56730,5670,-0.0259984,0,2,2
56730,5671,-0.0359991,0,1,1
56730,5672,-0.0459997,0,0,0
