time,particle_id,x,y,mesh_index,mesh_index_original
3150,305,0.0490004,0,9,9
3150,306,0.0390003,0,8,8
3150,307,0.0290003,0,7,7
3150,308,0.0190002,0,6,6
3150,309,0.00900021,0,5,5
3150,310,-0.000999822,0,4,4
3150,311,-0.0109999,0,3,3
3150,312,-0.0209999,0,2,2
3150,313,-0.0309999,0,1,1
3150,314,-0.041,0,0,0
