time,particle_id,x,y,mesh_index,mesh_index_original
88720,8862,0.0410095,0,9,9
88720,8863,0.0310085,0,8,8
88720,8864,0.0210074,0,7,7
88720,8865,0.0110064,0,6,6
88720,8866,0.00100535,0,5,5
88720,8867,-0.0089957,0,4,4
88720,8868,-0.0189967,0,3,3
88720,8869,-0.0289978,0,2,2
88720,8870,-0.0389988,0,1,1
88720,8871,-0.0489999,0,0,0
