time,particle_id,x,y,mesh_index,mesh_index_original
4220,412,0.0490005,0,9,9
4220,413,0.0390004,0,8,8
4220,414,0.0290004,0,7,7
4220,415,0.0190003,0,6,6
4220,416,0.00900029,0,5,5
4220,417,-0.00099976,0,4,4
4220,418,-0.0109998,0,3,3
4220,419,-0.0209999,0,2,2
4220,420,-0.0309999,0,1,1
4220,421,-0.041,0,0,0
