time,particle_id,x,y,mesh_index,mesh_index_original
96080,9598,0.0400102,0,9,9
96080,9599,0.0300091,0,8,8
96080,9600,0.0200079,0,7,7
96080,9601,0.0100068,0,6,6
96080,9602,5.67786e-06,0,5,5
96080,9603,-0.00999546,0,4,4
96080,9604,-0.0199966,0,3,3
96080,9605,-0.0299977,0,2,2
96080,9606,-0.0399989,0,1,1
