time,particle_id,x,y,mesh_index,mesh_index_original
66150,6605,0.0430073,0,9,9
66150,6606,0.0330065,0,8,8
66150,6607,0.0230057,0,7,7
66150,6608,0.0130049,0,6,6
66150,6609,0.00300414,0,5,5
66150,6610,-0.00699664,0,4,4
66150,6611,-0.0169974,0,3,3
66150,6612,-0.0269982,0,2,2
66150,6613,-0.036999,0,1,1
66150,6614,-0.0469998,0,0,0
