time,particle_id,x,y,mesh_index,mesh_index_original
32020,3192,0.0460036,0,9,9
32020,3193,0.0360032,0,8,8
32020,3194,0.0260029,0,7,7
32020,3195,0.0160025,0,6,6
32020,3196,0.00600212,0,5,5
32020,3197,-0.00399826,0,4,4
32020,3198,-0.0139986,0,3,3
32020,3199,-0.023999,0,2,2
32020,3200,-0.0339994,0,1,1
32020,3201,-0.0439998,0,0,0
