time,particle_id,x,y,mesh_index,mesh_index_original
19100,1900,0.0480022,0,9,9
19100,1901,0.038002,0,8,8
19100,1902,0.0280018,0,7,7
19100,1903,0.0180015,0,6,6
19100,1904,0.0080013,0,5,5
19100,1905,-0.00199892,0,4,4
19100,1906,-0.0119991,0,3,3
19100,1907,-0.0219994,0,2,2
19100,1908,-0.0319996,0,1,1
19100,1909,-0.0419998,0,0,0
