time,particle_id,x,y,mesh_index,mesh_index_original
78910,7881,0.0420086,0,9,9
78910,7882,0.0320076,0,8,8
78910,7883,0.0220067,0,7,7
78910,7884,0.0120058,0,6,6
78910,7885,0.00200485,0,5,5
78910,7886,-0.00799608,0,4,4
78910,7887,-0.017997,0,3,3
78910,7888,-0.0279979,0,2,2
78910,7889,-0.0379989,0,1,1
78910,7890,-0.0479998,0,0,0
