time,particle_id,x,y,mesh_index,mesh_index_original
35100,3500,0.046004,0,9,9
35100,3501,0.0360036,0,8,8
35100,3502,0.0260031,0,7,7
35100,3503,0.0160027,0,6,6
35100,3504,0.00600232,0,5,5
35100,3505,-0.00399809,0,4,4
35100,3506,-0.0139985,0,3,3
35100,3507,-0.0239989,0,2,2
35100,3508,-0.0339993,0,1,1
35100,3509,-0.0439998,0,0,0
