time,particle_id,x,y,mesh_index,mesh_index_original
66510,6641,0.0430073,0,9,9
66510,6642,0.0330065,0,8,8
66510,6643,0.0230057,0,7,7
66510,6644,0.013005,0,6,6
66510,6645,0.00300416,0,5,5
66510,6646,-0.00699662,0,4,4
66510,6647,-0.0169974,0,3,3
66510,6648,-0.0269982,0,2,2
66510,6649,-0.036999,0,1,1
66510,6650,-0.0469998,0,0,0
