time,particle_id,x,y,mesh_index,mesh_index_original
27900,2780,0.0470032,0,9,9
27900,2781,0.0370029,0,8,8
27900,2782,0.0270025,0,7,7
27900,2783,0.0170022,0,6,6
27900,2784,0.00700188,0,5,5
27900,2785,-0.00299845,0,4,4
27900,2786,-0.0129988,0,3,3
27900,2787,-0.0229991,0,2,2
27900,2788,-0.0329994,0,1,1
27900,2789,-0.0429998,0,0,0
