time,particle_id,x,y,mesh_index,mesh_index_original
91130,9103,0.0400097,0,9,9
91130,9104,0.0300086,0,8,8
91130,9105,0.0200075,0,7,7
91130,9106,0.0100065,0,6,6
91130,9107,5.38504e-06,0,5,5
91130,9108,-0.00999569,0,4,4
91130,9109,-0.0199968,0,3,3
91130,9110,-0.0299978,0,2,2
91130,9111,-0.0399989,0,1,1
