time,particle_id,x,y,mesh_index,mesh_index_original
96630,9653,0.0400103,0,9,9
96630,9654,0.0300091,0,8,8
96630,9655,0.020008,0,7,7
96630,9656,0.0100069,0,6,6
96630,9657,5.7104e-06,0,5,5
96630,9658,-0.00999543,0,4,4
96630,9659,-0.0199966,0,3,3
96630,9660,-0.0299977,0,2,2
96630,9661,-0.0399989,0,1,1
