time,particle_id,x,y,mesh_index,mesh_index_original
34460,3436,0.0460039,0,9,9
34460,3437,0.0360035,0,8,8
34460,3438,0.0260031,0,7,7
34460,3439,0.0160027,0,6,6
34460,3440,0.00600228,0,5,5
34460,3441,-0.00399813,0,4,4
34460,3442,-0.0139985,0,3,3
34460,3443,-0.0239989,0,2,2
34460,3444,-0.0339993,0,1,1
34460,3445,-0.0439998,0,0,0
