time,particle_id,x,y,mesh_index,mesh_index_original
48890,4879,0.0450055,0,9,9
48890,4880,0.0350049,0,8,8
48890,4881,0.0250043,0,7,7
48890,4882,0.0150038,0,6,6
48890,4883,0.00500318,0,5,5
48890,4884,-0.0049974,0,4,4
48890,4885,-0.014998,0,3,3
48890,4886,-0.0249986,0,2,2
48890,4887,-0.0349991,0,1,1
48890,4888,-0.0449997,0,0,0
