time,particle_id,x,y,mesh_index,mesh_index_original
10860,1076,0.0480012,0,9,9
10860,1077,0.0380011,0,8,8
10860,1078,0.028001,0,7,7
10860,1079,0.0180009,0,6,6
10860,1080,0.00800074,0,5,5
10860,1081,-0.00199939,0,4,4
10860,1082,-0.0119995,0,3,3
10860,1083,-0.0219996,0,2,2
10860,1084,-0.0319998,0,1,1
10860,1085,-0.0419999,0,0,0
