time,particle_id,x,y,mesh_index,mesh_index_original
5400,530,0.0490006,0,9,9
5400,531,0.0390006,0,8,8
5400,532,0.0290005,0,7,7
5400,533,0.0190004,0,6,6
5400,534,0.00900037,0,5,5
5400,535,-0.000999692,0,4,4
5400,536,-0.0109998,0,3,3
5400,537,-0.0209998,0,2,2
5400,538,-0.0309999,0,1,1
5400,539,-0.0409999,0,0,0
