time,particle_id,x,y,mesh_index,mesh_index_original
26250,2615,0.047003,0,9,9
26250,2616,0.0370027,0,8,8
26250,2617,0.0270024,0,7,7
26250,2618,0.0170021,0,6,6
26250,2619,0.00700176,0,5,5
26250,2620,-0.00299855,0,4,4
26250,2621,-0.0129989,0,3,3
26250,2622,-0.0229992,0,2,2
26250,2623,-0.0329995,0,1,1
26250,2624,-0.0429998,0,0,0
