time,particle_id,x,y,mesh_index,mesh_index_original
57040,5694,0.0440063,0,9,9
57040,5695,0.0340057,0,8,8
57040,5696,0.024005,0,7,7
57040,5697,0.0140043,0,6,6
57040,5698,0.00400364,0,5,5
57040,5699,-0.00599704,0,4,4
57040,5700,-0.0159977,0,3,3
57040,5701,-0.0259984,0,2,2
57040,5702,-0.0359991,0,1,1
57040,5703,-0.0459997,0,0,0
