time,particle_id,x,y,mesh_index,mesh_index_original
11970,1187,0.0480014,0,9,9
11970,1188,0.0380012,0,8,8
11970,1189,0.0280011,0,7,7
11970,1190,0.018001,0,6,6
11970,1191,0.00800082,0,5,5
11970,1192,-0.00199933,0,4,4
11970,1193,-0.0119995,0,3,3
11970,1194,-0.0219996,0,2,2
11970,1195,-0.0319997,0,1,1
11970,1196,-0.0419999,0,0,0
