time,particle_id,x,y,mesh_index,mesh_index_original
75940,7584,0.0420083,0,9,9
75940,7585,0.0320074,0,8,8
75940,7586,0.0220065,0,7,7
75940,7587,0.0120056,0,6,6
75940,7588,0.00200467,0,5,5
75940,7589,-0.00799623,0,4,4
75940,7590,-0.0179971,0,3,3
75940,7591,-0.027998,0,2,2
75940,7592,-0.0379989,0,1,1
75940,7593,-0.0479998,0,0,0
