time,particle_id,x,y,mesh_index,mesh_index_original
12480,1238,0.0480014,0,9,9
12480,1239,0.0380013,0,8,8
12480,1240,0.0280011,0,7,7
12480,1241,0.018001,0,6,6
12480,1242,0.00800085,0,5,5
12480,1243,-0.0019993,0,4,4
12480,1244,-0.0119994,0,3,3
12480,1245,-0.0219996,0,2,2
12480,1246,-0.0319997,0,1,1
12480,1247,-0.0419999,0,0,0
