time,particle_id,x,y,mesh_index,mesh_index_original
38600,3850,0.0460044,0,9,9
38600,3851,0.0360039,0,8,8
38600,3852,0.0260035,0,7,7
38600,3853,0.016003,0,6,6
38600,3854,0.00600255,0,5,5
38600,3855,-0.0039979,0,4,4
38600,3856,-0.0139984,0,3,3
38600,3857,-0.0239988,0,2,2
38600,3858,-0.0339993,0,1,1
38600,3859,-0.0439997,0,0,0
