time,particle_id,x,y,mesh_index,mesh_index_original
64560,6446,0.0430071,0,9,9
64560,6447,0.0330063,0,8,8
64560,6448,0.0230056,0,7,7
64560,6449,0.0130048,0,6,6
64560,6450,0.00300404,0,5,5
64560,6451,-0.00699672,0,4,4
64560,6452,-0.0169975,0,3,3
64560,6453,-0.0269982,0,2,2
64560,6454,-0.036999,0,1,1
64560,6455,-0.0469998,0,0,0
