time,particle_id,x,y,mesh_index,mesh_index_original
65430,6533,0.0430072,0,9,9
65430,6534,0.0330064,0,8,8
65430,6535,0.0230056,0,7,7
65430,6536,0.0130049,0,6,6
65430,6537,0.0030041,0,5,5
65430,6538,-0.00699668,0,4,4
65430,6539,-0.0169974,0,3,3
65430,6540,-0.0269982,0,2,2
65430,6541,-0.036999,0,1,1
65430,6542,-0.0469998,0,0,0
