time,particle_id,x,y,mesh_index,mesh_index_original
91640,9154,0.0400097,0,9,9
91640,9155,0.0300087,0,8,8
91640,9156,0.0200076,0,7,7
91640,9157,0.0100065,0,6,6
91640,9158,5.41521e-06,0,5,5
91640,9159,-0.00999567,0,4,4
91640,9160,-0.0199968,0,3,3
91640,9161,-0.0299978,0,2,2
91640,9162,-0.0399989,0,1,1
