time,particle_id,x,y,mesh_index,mesh_index_original
79550,7945,0.0420086,0,9,9
79550,7946,0.0320077,0,8,8
79550,7947,0.0220068,0,7,7
79550,7948,0.0120058,0,6,6
79550,7949,0.00200489,0,5,5
79550,7950,-0.00799605,0,4,4
79550,7951,-0.017997,0,3,3
79550,7952,-0.0279979,0,2,2
79550,7953,-0.0379989,0,1,1
79550,7954,-0.0479998,0,0,0
