time,particle_id,x,y,mesh_index,mesh_index_original
230,13,0.049,0,9,9
230,14,0.039,0,8,8
230,15,0.029,0,7,7
230,16,0.019,0,6,6
230,17,0.00900001,0,5,5
230,18,-0.000999992,0,4,4
230,19,-0.011,0,3,3
230,20,-0.021,0,2,2
230,21,-0.031,0,1,1
230,22,-0.041,0,0,0
