time,particle_id,x,y,mesh_index,mesh_index_original
40490,4039,0.0450045,0,9,9
40490,4040,0.0350041,0,8,8
40490,4041,0.0250036,0,7,7
40490,4042,0.0150031,0,6,6
40490,4043,0.00500263,0,5,5
40490,4044,-0.00499785,0,4,4
40490,4045,-0.0149983,0,3,3
40490,4046,-0.0249988,0,2,2
40490,4047,-0.0349993,0,1,1
40490,4048,-0.0449998,0,0,0
