time,particle_id,x,y,mesh_index,mesh_index_original
90540,9044,0.0400096,0,9,9
90540,9045,0.0300086,0,8,8
90540,9046,0.0200075,0,7,7
90540,9047,0.0100064,0,6,6
90540,9048,5.35014e-06,0,5,5
90540,9049,-0.00999572,0,4,4
90540,9050,-0.0199968,0,3,3
90540,9051,-0.0299979,0,2,2
90540,9052,-0.0399989,0,1,1
