time,particle_id,x,y,mesh_index,mesh_index_original
76290,7619,0.0420083,0,9,9
76290,7620,0.0320074,0,8,8
76290,7621,0.0220065,0,7,7
76290,7622,0.0120056,0,6,6
76290,7623,0.00200469,0,5,5
76290,7624,-0.00799621,0,4,4
76290,7625,-0.0179971,0,3,3
76290,7626,-0.027998,0,2,2
76290,7627,-0.0379989,0,1,1
76290,7628,-0.0479998,0,0,0
