time,particle_id,x,y,mesh_index,mesh_index_original
26350,2625,0.047003,0,9,9
26350,2626,0.0370027,0,8,8
26350,2627,0.0270024,0,7,7
26350,2628,0.0170021,0,6,6
26350,2629,0.00700177,0,5,5
26350,2630,-0.00299854,0,4,4
26350,2631,-0.0129989,0,3,3
26350,2632,-0.0229992,0,2,2
26350,2633,-0.0329995,0,1,1
26350,2634,-0.0429998,0,0,0
