time,particle_id,x,y,mesh_index,mesh_index_original
27810,2771,0.0470032,0,9,9
27810,2772,0.0370029,0,8,8
27810,2773,0.0270025,0,7,7
27810,2774,0.0170022,0,6,6
27810,2775,0.00700187,0,5,5
27810,2776,-0.00299846,0,4,4
27810,2777,-0.0129988,0,3,3
27810,2778,-0.0229991,0,2,2
27810,2779,-0.0329994,0,1,1
27810,2780,-0.0429998,0,0,0
