time,particle_id,x,y,mesh_index,mesh_index_original
69370,6927,0.0430076,0,9,9
69370,6928,0.0330068,0,8,8
69370,6929,0.023006,0,7,7
69370,6930,0.0130052,0,6,6
69370,6931,0.00300434,0,5,5
69370,6932,-0.00699648,0,4,4
69370,6933,-0.0169973,0,3,3
69370,6934,-0.0269981,0,2,2
69370,6935,-0.0369989,0,1,1
69370,6936,-0.0469998,0,0,0
