time,particle_id,x,y,mesh_index,mesh_index_original
58040,5794,0.0440064,0,9,9
58040,5795,0.0340058,0,8,8
58040,5796,0.0240051,0,7,7
58040,5797,0.0140044,0,6,6
58040,5798,0.0040037,0,5,5
58040,5799,-0.00599698,0,4,4
58040,5800,-0.0159977,0,3,3
58040,5801,-0.0259984,0,2,2
58040,5802,-0.035999,0,1,1
58040,5803,-0.0459997,0,0,0
