time,particle_id,x,y,mesh_index,mesh_index_original
82760,8266,0.0410089,0,9,9
82760,8267,0.0310079,0,8,8
82760,8268,0.0210069,0,7,7
82760,8269,0.011006,0,6,6
82760,8270,0.00100499,0,5,5
82760,8271,-0.00899599,0,4,4
82760,8272,-0.018997,0,3,3
82760,8273,-0.0289979,0,2,2
82760,8274,-0.0389989,0,1,1
82760,8275,-0.0489999,0,0,0
