time,particle_id,x,y,mesh_index,mesh_index_original
73700,7360,0.042008,0,9,9
73700,7361,0.0320071,0,8,8
73700,7362,0.0220063,0,7,7
73700,7363,0.0120054,0,6,6
73700,7364,0.00200453,0,5,5
73700,7365,-0.00799634,0,4,4
73700,7366,-0.0179972,0,3,3
73700,7367,-0.0279981,0,2,2
73700,7368,-0.037999,0,1,1
73700,7369,-0.0479998,0,0,0
