time,particle_id,x,y,mesh_index,mesh_index_original
5870,577,0.0490007,0,9,9
5870,578,0.0390006,0,8,8
5870,579,0.0290005,0,7,7
5870,580,0.0190005,0,6,6
5870,581,0.0090004,0,5,5
5870,582,-0.000999665,0,4,4
5870,583,-0.0109997,0,3,3
5870,584,-0.0209998,0,2,2
5870,585,-0.0309999,0,1,1
5870,586,-0.0409999,0,0,0
