time,particle_id,x,y,mesh_index,mesh_index_original
95440,9534,0.0400102,0,9,9
95440,9535,0.030009,0,8,8
95440,9536,0.0200079,0,7,7
95440,9537,0.0100068,0,6,6
95440,9538,5.64e-06,0,5,5
95440,9539,-0.00999549,0,4,4
95440,9540,-0.0199966,0,3,3
95440,9541,-0.0299977,0,2,2
95440,9542,-0.0399989,0,1,1
