time,particle_id,x,y,mesh_index,mesh_index_original
170,7,0.049,0,9,9
170,8,0.039,0,8,8
170,9,0.029,0,7,7
170,10,0.019,0,6,6
170,11,0.00900001,0,5,5
170,12,-0.000999995,0,4,4
170,13,-0.011,0,3,3
170,14,-0.021,0,2,2
170,15,-0.031,0,1,1
170,16,-0.041,0,0,0
