time,particle_id,x,y,mesh_index,mesh_index_original
18550,1845,0.0480021,0,9,9
18550,1846,0.0380019,0,8,8
18550,1847,0.0280017,0,7,7
18550,1848,0.0180015,0,6,6
18550,1849,0.00800127,0,5,5
18550,1850,-0.00199895,0,4,4
18550,1851,-0.0119992,0,3,3
18550,1852,-0.0219994,0,2,2
18550,1853,-0.0319996,0,1,1
18550,1854,-0.0419998,0,0,0
