time,particle_id,x,y,mesh_index,mesh_index_original
48950,4885,0.0450055,0,9,9
48950,4886,0.0350049,0,8,8
48950,4887,0.0250043,0,7,7
48950,4888,0.0150038,0,6,6
48950,4889,0.00500318,0,5,5
48950,4890,-0.0049974,0,4,4
48950,4891,-0.014998,0,3,3
48950,4892,-0.0249986,0,2,2
48950,4893,-0.0349991,0,1,1
48950,4894,-0.0449997,0,0,0
