time,particle_id,x,y,mesh_index,mesh_index_original
3090,299,0.0490004,0,9,9
3090,300,0.0390003,0,8,8
3090,301,0.0290003,0,7,7
3090,302,0.0190002,0,6,6
3090,303,0.00900021,0,5,5
3090,304,-0.000999826,0,4,4
3090,305,-0.0109999,0,3,3
3090,306,-0.0209999,0,2,2
3090,307,-0.0309999,0,1,1
3090,308,-0.041,0,0,0
