time,particle_id,x,y,mesh_index,mesh_index_original
5440,534,0.0490006,0,9,9
5440,535,0.0390006,0,8,8
5440,536,0.0290005,0,7,7
5440,537,0.0190004,0,6,6
5440,538,0.00900037,0,5,5
5440,539,-0.00099969,0,4,4
5440,540,-0.0109998,0,3,3
5440,541,-0.0209998,0,2,2
5440,542,-0.0309999,0,1,1
5440,543,-0.0409999,0,0,0
