time,particle_id,x,y,mesh_index,mesh_index_original
96120,9602,0.0400102,0,9,9
96120,9603,0.0300091,0,8,8
96120,9604,0.020008,0,7,7
96120,9605,0.0100068,0,6,6
96120,9606,5.68023e-06,0,5,5
96120,9607,-0.00999546,0,4,4
96120,9608,-0.0199966,0,3,3
96120,9609,-0.0299977,0,2,2
96120,9610,-0.0399989,0,1,1
