time,particle_id,x,y,mesh_index,mesh_index_original
47230,4713,0.0450053,0,9,9
47230,4714,0.0350047,0,8,8
47230,4715,0.0250042,0,7,7
47230,4716,0.0150036,0,6,6
47230,4717,0.00500307,0,5,5
47230,4718,-0.00499749,0,4,4
47230,4719,-0.014998,0,3,3
47230,4720,-0.0249986,0,2,2
47230,4721,-0.0349992,0,1,1
47230,4722,-0.0449997,0,0,0
