time,particle_id,x,y,mesh_index,mesh_index_original
79130,7903,0.0420086,0,9,9
79130,7904,0.0320077,0,8,8
79130,7905,0.0220067,0,7,7
79130,7906,0.0120058,0,6,6
79130,7907,0.00200486,0,5,5
79130,7908,-0.00799607,0,4,4
79130,7909,-0.017997,0,3,3
79130,7910,-0.0279979,0,2,2
79130,7911,-0.0379989,0,1,1
79130,7912,-0.0479998,0,0,0
