time,particle_id,x,y,mesh_index,mesh_index_original
92460,9236,0.0400098,0,9,9
92460,9237,0.0300087,0,8,8
92460,9238,0.0200076,0,7,7
92460,9239,0.0100066,0,6,6
92460,9240,5.46372e-06,0,5,5
92460,9241,-0.00999563,0,4,4
92460,9242,-0.0199967,0,3,3
92460,9243,-0.0299978,0,2,2
92460,9244,-0.0399989,0,1,1
