time,particle_id,x,y,mesh_index,mesh_index_original
84820,8472,0.0410091,0,9,9
84820,8473,0.0310081,0,8,8
84820,8474,0.0210071,0,7,7
84820,8475,0.0110061,0,6,6
84820,8476,0.00100511,0,5,5
84820,8477,-0.00899589,0,4,4
84820,8478,-0.0189969,0,3,3
84820,8479,-0.0289979,0,2,2
84820,8480,-0.0389989,0,1,1
84820,8481,-0.0489999,0,0,0
