time,particle_id,x,y,mesh_index,mesh_index_original
1300,120,0.0490001,0,9,9
1300,121,0.0390001,0,8,8
1300,122,0.0290001,0,7,7
1300,123,0.0190001,0,6,6
1300,124,0.00900008,0,5,5
1300,125,-0.000999929,0,4,4
1300,126,-0.0109999,0,3,3
1300,127,-0.021,0,2,2
1300,128,-0.031,0,1,1
1300,129,-0.041,0,0,0
