time,particle_id,x,y,mesh_index,mesh_index_original
29930,2983,0.0470034,0,9,9
29930,2984,0.0370031,0,8,8
29930,2985,0.0270027,0,7,7
29930,2986,0.0170024,0,6,6
29930,2987,0.00700201,0,5,5
29930,2988,-0.00299834,0,4,4
29930,2989,-0.0129987,0,3,3
29930,2990,-0.022999,0,2,2
29930,2991,-0.0329994,0,1,1
29930,2992,-0.0429998,0,0,0
