time,particle_id,x,y,mesh_index,mesh_index_original
95280,9518,0.0400101,0,9,9
95280,9519,0.030009,0,8,8
95280,9520,0.0200079,0,7,7
95280,9521,0.0100068,0,6,6
95280,9522,5.63054e-06,0,5,5
95280,9523,-0.0099955,0,4,4
95280,9524,-0.0199966,0,3,3
95280,9525,-0.0299977,0,2,2
95280,9526,-0.0399989,0,1,1
