time,particle_id,x,y,mesh_index,mesh_index_original
70310,7021,0.0420076,0,9,9
70310,7022,0.0320068,0,8,8
70310,7023,0.022006,0,7,7
70310,7024,0.0120052,0,6,6
70310,7025,0.00200432,0,5,5
70310,7026,-0.00799651,0,4,4
70310,7027,-0.0179973,0,3,3
70310,7028,-0.0279982,0,2,2
70310,7029,-0.037999,0,1,1
70310,7030,-0.0479998,0,0,0
