time,particle_id,x,y,mesh_index,mesh_index_original
82020,8192,0.0410088,0,9,9
82020,8193,0.0310079,0,8,8
82020,8194,0.0210069,0,7,7
82020,8195,0.0110059,0,6,6
82020,8196,0.00100494,0,5,5
82020,8197,-0.00899603,0,4,4
82020,8198,-0.018997,0,3,3
82020,8199,-0.028998,0,2,2
82020,8200,-0.0389989,0,1,1
82020,8201,-0.0489999,0,0,0
