time,particle_id,x,y,mesh_index,mesh_index_original
29840,2974,0.0470034,0,9,9
29840,2975,0.0370031,0,8,8
29840,2976,0.0270027,0,7,7
29840,2977,0.0170024,0,6,6
29840,2978,0.00700201,0,5,5
29840,2979,-0.00299835,0,4,4
29840,2980,-0.0129987,0,3,3
29840,2981,-0.022999,0,2,2
29840,2982,-0.0329994,0,1,1
29840,2983,-0.0429998,0,0,0
