time,particle_id,x,y,mesh_index,mesh_index_original
47450,4735,0.0450053,0,9,9
47450,4736,0.0350048,0,8,8
47450,4737,0.0250042,0,7,7
47450,4738,0.0150036,0,6,6
47450,4739,0.00500308,0,5,5
47450,4740,-0.00499748,0,4,4
47450,4741,-0.014998,0,3,3
47450,4742,-0.0249986,0,2,2
47450,4743,-0.0349992,0,1,1
47450,4744,-0.0449997,0,0,0
