time,particle_id,x,y,mesh_index,mesh_index_original
28170,2807,0.0470032,0,9,9
28170,2808,0.0370029,0,8,8
28170,2809,0.0270026,0,7,7
28170,2810,0.0170022,0,6,6
28170,2811,0.00700189,0,5,5
28170,2812,-0.00299844,0,4,4
28170,2813,-0.0129988,0,3,3
28170,2814,-0.0229991,0,2,2
28170,2815,-0.0329994,0,1,1
28170,2816,-0.0429998,0,0,0
