time,particle_id,x,y,mesh_index,mesh_index_original
75510,7541,0.0420082,0,9,9
75510,7542,0.0320073,0,8,8
75510,7543,0.0220064,0,7,7
75510,7544,0.0120055,0,6,6
75510,7545,0.00200464,0,5,5
75510,7546,-0.00799625,0,4,4
75510,7547,-0.0179971,0,3,3
75510,7548,-0.027998,0,2,2
75510,7549,-0.0379989,0,1,1
75510,7550,-0.0479998,0,0,0
