time,particle_id,x,y,mesh_index,mesh_index_original
40200,4010,0.0450045,0,9,9
40200,4011,0.035004,0,8,8
40200,4012,0.0250036,0,7,7
40200,4013,0.0150031,0,6,6
40200,4014,0.00500261,0,5,5
40200,4015,-0.00499786,0,4,4
40200,4016,-0.0149983,0,3,3
40200,4017,-0.0249988,0,2,2
40200,4018,-0.0349993,0,1,1
40200,4019,-0.0449998,0,0,0
