time,particle_id,x,y,mesh_index,mesh_index_original
28190,2809,0.0470032,0,9,9
28190,2810,0.0370029,0,8,8
28190,2811,0.0270026,0,7,7
28190,2812,0.0170022,0,6,6
28190,2813,0.00700189,0,5,5
28190,2814,-0.00299844,0,4,4
28190,2815,-0.0129988,0,3,3
28190,2816,-0.0229991,0,2,2
28190,2817,-0.0329994,0,1,1
28190,2818,-0.0429998,0,0,0
