time,particle_id,x,y,mesh_index,mesh_index_original
72090,7199,0.0420078,0,9,9
72090,7200,0.032007,0,8,8
72090,7201,0.0220061,0,7,7
72090,7202,0.0120053,0,6,6
72090,7203,0.00200443,0,5,5
72090,7204,-0.00799642,0,4,4
72090,7205,-0.0179973,0,3,3
72090,7206,-0.0279981,0,2,2
72090,7207,-0.037999,0,1,1
72090,7208,-0.0479998,0,0,0
