time,particle_id,x,y,mesh_index,mesh_index_original
7210,711,0.0490008,0,9,9
7210,712,0.0390007,0,8,8
7210,713,0.0290007,0,7,7
7210,714,0.0190006,0,6,6
7210,715,0.0090005,0,5,5
7210,716,-0.000999587,0,4,4
7210,717,-0.0109997,0,3,3
7210,718,-0.0209998,0,2,2
7210,719,-0.0309998,0,1,1
7210,720,-0.0409999,0,0,0
