time,particle_id,x,y,mesh_index,mesh_index_original
63590,6349,0.043007,0,9,9
63590,6350,0.0330062,0,8,8
63590,6351,0.0230055,0,7,7
63590,6352,0.0130047,0,6,6
63590,6353,0.00300398,0,5,5
63590,6354,-0.00699677,0,4,4
63590,6355,-0.0169975,0,3,3
63590,6356,-0.0269983,0,2,2
63590,6357,-0.036999,0,1,1
63590,6358,-0.0469998,0,0,0
