time,particle_id,x,y,mesh_index,mesh_index_original
21090,2099,0.0470024,0,9,9
21090,2100,0.0370022,0,8,8
21090,2101,0.0270019,0,7,7
21090,2102,0.0170017,0,6,6
21090,2103,0.00700142,0,5,5
21090,2104,-0.00299883,0,4,4
21090,2105,-0.0129991,0,3,3
21090,2106,-0.0229993,0,2,2
21090,2107,-0.0329996,0,1,1
21090,2108,-0.0429998,0,0,0
