time,particle_id,x,y,mesh_index,mesh_index_original
31170,3107,0.0460035,0,9,9
31170,3108,0.0360032,0,8,8
31170,3109,0.0260028,0,7,7
31170,3110,0.0160024,0,6,6
31170,3111,0.00600206,0,5,5
31170,3112,-0.00399831,0,4,4
31170,3113,-0.0139987,0,3,3
31170,3114,-0.023999,0,2,2
31170,3115,-0.0339994,0,1,1
31170,3116,-0.0439998,0,0,0
