time,particle_id,x,y,mesh_index,mesh_index_original
30530,3043,0.0460035,0,9,9
30530,3044,0.0360031,0,8,8
30530,3045,0.0260027,0,7,7
30530,3046,0.0160024,0,6,6
30530,3047,0.00600202,0,5,5
30530,3048,-0.00399834,0,4,4
30530,3049,-0.0139987,0,3,3
30530,3050,-0.0239991,0,2,2
30530,3051,-0.0339994,0,1,1
30530,3052,-0.0439998,0,0,0
