time,particle_id,x,y,mesh_index,mesh_index_original
86610,8651,0.0410093,0,9,9
86610,8652,0.0310083,0,8,8
86610,8653,0.0210073,0,7,7
86610,8654,0.0110062,0,6,6
86610,8655,0.00100522,0,5,5
86610,8656,-0.0089958,0,4,4
86610,8657,-0.0189968,0,3,3
86610,8658,-0.0289979,0,2,2
86610,8659,-0.0389989,0,1,1
86610,8660,-0.0489999,0,0,0
