time,particle_id,x,y,mesh_index,mesh_index_original
39050,3895,0.0460044,0,9,9
39050,3896,0.036004,0,8,8
39050,3897,0.0260035,0,7,7
39050,3898,0.016003,0,6,6
39050,3899,0.00600258,0,5,5
39050,3900,-0.00399788,0,4,4
39050,3901,-0.0139983,0,3,3
39050,3902,-0.0239988,0,2,2
39050,3903,-0.0339993,0,1,1
39050,3904,-0.0439997,0,0,0
