time,particle_id,x,y,mesh_index,mesh_index_original
34390,3429,0.0460039,0,9,9
34390,3430,0.0360035,0,8,8
34390,3431,0.0260031,0,7,7
34390,3432,0.0160027,0,6,6
34390,3433,0.00600227,0,5,5
34390,3434,-0.00399813,0,4,4
34390,3435,-0.0139985,0,3,3
34390,3436,-0.0239989,0,2,2
34390,3437,-0.0339994,0,1,1
34390,3438,-0.0439998,0,0,0
