time,particle_id,x,y,mesh_index,mesh_index_original
98150,9805,0.0400104,0,9,9
98150,9806,0.0300093,0,8,8
98150,9807,0.0200081,0,7,7
98150,9808,0.010007,0,6,6
98150,9809,5.80031e-06,0,5,5
98150,9810,-0.00999536,0,4,4
98150,9811,-0.0199965,0,3,3
98150,9812,-0.0299977,0,2,2
98150,9813,-0.0399988,0,1,1
