time,particle_id,x,y,mesh_index,mesh_index_original
49260,4916,0.0450055,0,9,9
49260,4917,0.0350049,0,8,8
49260,4918,0.0250044,0,7,7
49260,4919,0.0150038,0,6,6
49260,4920,0.0050032,0,5,5
49260,4921,-0.00499738,0,4,4
49260,4922,-0.014998,0,3,3
49260,4923,-0.0249985,0,2,2
49260,4924,-0.0349991,0,1,1
49260,4925,-0.0449997,0,0,0
