time,particle_id,x,y,mesh_index,mesh_index_original
48760,4866,0.0450055,0,9,9
48760,4867,0.0350049,0,8,8
48760,4868,0.0250043,0,7,7
48760,4869,0.0150037,0,6,6
48760,4870,0.00500317,0,5,5
48760,4871,-0.00499741,0,4,4
48760,4872,-0.014998,0,3,3
48760,4873,-0.0249986,0,2,2
48760,4874,-0.0349991,0,1,1
48760,4875,-0.0449997,0,0,0
