time,particle_id,x,y,mesh_index,mesh_index_original
42670,4257,0.0450048,0,9,9
42670,4258,0.0350043,0,8,8
42670,4259,0.0250038,0,7,7
42670,4260,0.0150033,0,6,6
42670,4261,0.00500277,0,5,5
42670,4262,-0.00499773,0,4,4
42670,4263,-0.0149982,0,3,3
42670,4264,-0.0249987,0,2,2
42670,4265,-0.0349992,0,1,1
42670,4266,-0.0449997,0,0,0
