time,particle_id,x,y,mesh_index,mesh_index_original
81150,8105,0.0410087,0,9,9
81150,8106,0.0310078,0,8,8
81150,8107,0.0210068,0,7,7
81150,8108,0.0110058,0,6,6
81150,8109,0.00100489,0,5,5
81150,8110,-0.00899607,0,4,4
81150,8111,-0.018997,0,3,3
81150,8112,-0.028998,0,2,2
81150,8113,-0.0389989,0,1,1
81150,8114,-0.0489999,0,0,0
