time,particle_id,x,y,mesh_index,mesh_index_original
40750,4065,0.0450046,0,9,9
40750,4066,0.0350041,0,8,8
40750,4067,0.0250036,0,7,7
40750,4068,0.0150031,0,6,6
40750,4069,0.00500265,0,5,5
40750,4070,-0.00499784,0,4,4
40750,4071,-0.0149983,0,3,3
40750,4072,-0.0249988,0,2,2
40750,4073,-0.0349993,0,1,1
40750,4074,-0.0449998,0,0,0
