time,particle_id,x,y,mesh_index,mesh_index_original
94510,9441,0.0400101,0,9,9
94510,9442,0.0300089,0,8,8
94510,9443,0.0200078,0,7,7
94510,9444,0.0100067,0,6,6
94510,9445,5.58499e-06,0,5,5
94510,9446,-0.00999553,0,4,4
94510,9447,-0.0199966,0,3,3
94510,9448,-0.0299978,0,2,2
94510,9449,-0.0399989,0,1,1
