time,particle_id,x,y,mesh_index,mesh_index_original
47470,4737,0.0450053,0,9,9
47470,4738,0.0350048,0,8,8
47470,4739,0.0250042,0,7,7
47470,4740,0.0150036,0,6,6
47470,4741,0.00500308,0,5,5
47470,4742,-0.00499748,0,4,4
47470,4743,-0.014998,0,3,3
47470,4744,-0.0249986,0,2,2
47470,4745,-0.0349992,0,1,1
47470,4746,-0.0449997,0,0,0
