time,particle_id,x,y,mesh_index,mesh_index_original
42040,4194,0.0450047,0,9,9
42040,4195,0.0350042,0,8,8
42040,4196,0.0250037,0,7,7
42040,4197,0.0150032,0,6,6
42040,4198,0.00500273,0,5,5
42040,4199,-0.00499777,0,4,4
42040,4200,-0.0149983,0,3,3
42040,4201,-0.0249988,0,2,2
42040,4202,-0.0349993,0,1,1
42040,4203,-0.0449998,0,0,0
