time,particle_id,x,y,mesh_index,mesh_index_original
99790,9969,0.0400106,0,9,9
99790,9970,0.0300094,0,8,8
99790,9971,0.0200083,0,7,7
99790,9972,0.0100071,0,6,6
99790,9973,5.89733e-06,0,5,5
99790,9974,-0.00999528,0,4,4
99790,9975,-0.0199965,0,3,3
99790,9976,-0.0299976,0,2,2
99790,9977,-0.0399988,0,1,1
