time,particle_id,x,y,mesh_index,mesh_index_original
31810,3171,0.0460036,0,9,9
31810,3172,0.0360032,0,8,8
31810,3173,0.0260029,0,7,7
31810,3174,0.0160025,0,6,6
31810,3175,0.0060021,0,5,5
31810,3176,-0.00399827,0,4,4
31810,3177,-0.0139986,0,3,3
31810,3178,-0.023999,0,2,2
31810,3179,-0.0339994,0,1,1
31810,3180,-0.0439998,0,0,0
