time,particle_id,x,y,mesh_index,mesh_index_original
2320,222,0.0490003,0,9,9
2320,223,0.0390002,0,8,8
2320,224,0.0290002,0,7,7
2320,225,0.0190002,0,6,6
2320,226,0.00900016,0,5,5
2320,227,-0.00099987,0,4,4
2320,228,-0.0109999,0,3,3
2320,229,-0.0209999,0,2,2
2320,230,-0.0309999,0,1,1
2320,231,-0.041,0,0,0
