time,particle_id,x,y,mesh_index,mesh_index_original
69420,6932,0.0430076,0,9,9
69420,6933,0.0330068,0,8,8
69420,6934,0.023006,0,7,7
69420,6935,0.0130052,0,6,6
69420,6936,0.00300435,0,5,5
69420,6937,-0.00699647,0,4,4
69420,6938,-0.0169973,0,3,3
69420,6939,-0.0269981,0,2,2
69420,6940,-0.0369989,0,1,1
69420,6941,-0.0469998,0,0,0
