time,particle_id,x,y,mesh_index,mesh_index_original
77470,7737,0.0420084,0,9,9
77470,7738,0.0320075,0,8,8
77470,7739,0.0220066,0,7,7
77470,7740,0.0120057,0,6,6
77470,7741,0.00200476,0,5,5
77470,7742,-0.00799616,0,4,4
77470,7743,-0.0179971,0,3,3
77470,7744,-0.027998,0,2,2
77470,7745,-0.0379989,0,1,1
77470,7746,-0.0479998,0,0,0
