time,particle_id,x,y,mesh_index,mesh_index_original
52200,5210,0.0440058,0,9,9
52200,5211,0.0340052,0,8,8
52200,5212,0.0240046,0,7,7
52200,5213,0.0140039,0,6,6
52200,5214,0.00400333,0,5,5
52200,5215,-0.00599729,0,4,4
52200,5216,-0.0159979,0,3,3
52200,5217,-0.0259985,0,2,2
52200,5218,-0.0359991,0,1,1
52200,5219,-0.0459998,0,0,0
