time,particle_id,x,y,mesh_index,mesh_index_original
7950,785,0.0490009,0,9,9
7950,786,0.0390008,0,8,8
7950,787,0.0290007,0,7,7
7950,788,0.0190006,0,6,6
7950,789,0.00900055,0,5,5
7950,790,-0.000999544,0,4,4
7950,791,-0.0109996,0,3,3
7950,792,-0.0209997,0,2,2
7950,793,-0.0309998,0,1,1
7950,794,-0.0409999,0,0,0
