time,particle_id,x,y,mesh_index,mesh_index_original
70920,7082,0.0420077,0,9,9
70920,7083,0.0320069,0,8,8
70920,7084,0.022006,0,7,7
70920,7085,0.0120052,0,6,6
70920,7086,0.00200436,0,5,5
70920,7087,-0.00799648,0,4,4
70920,7088,-0.0179973,0,3,3
70920,7089,-0.0279982,0,2,2
70920,7090,-0.037999,0,1,1
70920,7091,-0.0479998,0,0,0
