time,particle_id,x,y,mesh_index,mesh_index_original
53500,5340,0.0440059,0,9,9
53500,5341,0.0340053,0,8,8
53500,5342,0.0240047,0,7,7
53500,5343,0.014004,0,6,6
53500,5344,0.00400341,0,5,5
53500,5345,-0.00599722,0,4,4
53500,5346,-0.0159979,0,3,3
53500,5347,-0.0259985,0,2,2
53500,5348,-0.0359991,0,1,1
53500,5349,-0.0459997,0,0,0
