time,particle_id,x,y,mesh_index,mesh_index_original
5490,539,0.0490006,0,9,9
5490,540,0.0390006,0,8,8
5490,541,0.0290005,0,7,7
5490,542,0.0190004,0,6,6
5490,543,0.00900038,0,5,5
5490,544,-0.000999687,0,4,4
5490,545,-0.0109998,0,3,3
5490,546,-0.0209998,0,2,2
5490,547,-0.0309999,0,1,1
5490,548,-0.0409999,0,0,0
