time,particle_id,x,y,mesh_index,mesh_index_original
61710,6161,0.0430068,0,9,9
61710,6162,0.033006,0,8,8
61710,6163,0.0230053,0,7,7
61710,6164,0.0130046,0,6,6
61710,6165,0.00300386,0,5,5
61710,6166,-0.00699687,0,4,4
61710,6167,-0.0169976,0,3,3
61710,6168,-0.0269983,0,2,2
61710,6169,-0.0369991,0,1,1
61710,6170,-0.0469998,0,0,0
