time,particle_id,x,y,mesh_index,mesh_index_original
32390,3229,0.0460037,0,9,9
32390,3230,0.0360033,0,8,8
32390,3231,0.0260029,0,7,7
32390,3232,0.0160025,0,6,6
32390,3233,0.00600214,0,5,5
32390,3234,-0.00399824,0,4,4
32390,3235,-0.0139986,0,3,3
32390,3236,-0.023999,0,2,2
32390,3237,-0.0339994,0,1,1
32390,3238,-0.0439998,0,0,0
