time,particle_id,x,y,mesh_index,mesh_index_original
15820,1572,0.0480018,0,9,9
15820,1573,0.0380016,0,8,8
15820,1574,0.0280015,0,7,7
15820,1575,0.0180013,0,6,6
15820,1576,0.00800108,0,5,5
15820,1577,-0.00199911,0,4,4
15820,1578,-0.0119993,0,3,3
15820,1579,-0.0219995,0,2,2
15820,1580,-0.0319997,0,1,1
15820,1581,-0.0419999,0,0,0
