time,particle_id,x,y,mesh_index,mesh_index_original
59680,5958,0.0440066,0,9,9
59680,5959,0.0340059,0,8,8
59680,5960,0.0240052,0,7,7
59680,5961,0.0140045,0,6,6
59680,5962,0.00400381,0,5,5
59680,5963,-0.0059969,0,4,4
59680,5964,-0.0159976,0,3,3
59680,5965,-0.0259983,0,2,2
59680,5966,-0.035999,0,1,1
59680,5967,-0.0459997,0,0,0
