time,particle_id,x,y,mesh_index,mesh_index_original
7430,733,0.0490009,0,9,9
7430,734,0.0390008,0,8,8
7430,735,0.0290007,0,7,7
7430,736,0.0190006,0,6,6
7430,737,0.00900051,0,5,5
7430,738,-0.000999574,0,4,4
7430,739,-0.0109997,0,3,3
7430,740,-0.0209997,0,2,2
7430,741,-0.0309998,0,1,1
7430,742,-0.0409999,0,0,0
