time,particle_id,x,y,mesh_index,mesh_index_original
47810,4771,0.0450054,0,9,9
47810,4772,0.0350048,0,8,8
47810,4773,0.0250042,0,7,7
47810,4774,0.0150037,0,6,6
47810,4775,0.0050031,0,5,5
47810,4776,-0.00499746,0,4,4
47810,4777,-0.014998,0,3,3
47810,4778,-0.0249986,0,2,2
47810,4779,-0.0349992,0,1,1
47810,4780,-0.0449997,0,0,0
