time,particle_id,x,y,mesh_index,mesh_index_original
71910,7181,0.0420078,0,9,9
71910,7182,0.032007,0,8,8
71910,7183,0.0220061,0,7,7
71910,7184,0.0120053,0,6,6
71910,7185,0.00200442,0,5,5
71910,7186,-0.00799643,0,4,4
71910,7187,-0.0179973,0,3,3
71910,7188,-0.0279981,0,2,2
71910,7189,-0.037999,0,1,1
71910,7190,-0.0479998,0,0,0
