time,particle_id,x,y,mesh_index,mesh_index_original
75670,7557,0.0420082,0,9,9
75670,7558,0.0320073,0,8,8
75670,7559,0.0220064,0,7,7
75670,7560,0.0120055,0,6,6
75670,7561,0.00200465,0,5,5
75670,7562,-0.00799624,0,4,4
75670,7563,-0.0179971,0,3,3
75670,7564,-0.027998,0,2,2
75670,7565,-0.0379989,0,1,1
75670,7566,-0.0479998,0,0,0
