time,particle_id,x,y,mesh_index,mesh_index_original
63160,6306,0.0430069,0,9,9
63160,6307,0.0330062,0,8,8
63160,6308,0.0230054,0,7,7
63160,6309,0.0130047,0,6,6
63160,6310,0.00300395,0,5,5
63160,6311,-0.00699679,0,4,4
63160,6312,-0.0169975,0,3,3
63160,6313,-0.0269983,0,2,2
63160,6314,-0.036999,0,1,1
63160,6315,-0.0469998,0,0,0
