time,particle_id,x,y,mesh_index,mesh_index_original
60170,6007,0.0430066,0,9,9
60170,6008,0.0330059,0,8,8
60170,6009,0.0230052,0,7,7
60170,6010,0.0130045,0,6,6
60170,6011,0.00300377,0,5,5
60170,6012,-0.00699694,0,4,4
60170,6013,-0.0169977,0,3,3
60170,6014,-0.0269984,0,2,2
60170,6015,-0.0369991,0,1,1
60170,6016,-0.0469998,0,0,0
