time,particle_id,x,y,mesh_index,mesh_index_original
45540,4544,0.0450051,0,9,9
45540,4545,0.0350046,0,8,8
45540,4546,0.025004,0,7,7
45540,4547,0.0150035,0,6,6
45540,4548,0.00500296,0,5,5
45540,4549,-0.00499758,0,4,4
45540,4550,-0.0149981,0,3,3
45540,4551,-0.0249987,0,2,2
45540,4552,-0.0349992,0,1,1
45540,4553,-0.0449997,0,0,0
