time,particle_id,x,y,mesh_index,mesh_index_original
23260,2316,0.0470027,0,9,9
23260,2317,0.0370024,0,8,8
23260,2318,0.0270021,0,7,7
23260,2319,0.0170018,0,6,6
23260,2320,0.00700156,0,5,5
23260,2321,-0.00299871,0,4,4
23260,2322,-0.012999,0,3,3
23260,2323,-0.0229993,0,2,2
23260,2324,-0.0329995,0,1,1
23260,2325,-0.0429998,0,0,0
