time,particle_id,x,y,mesh_index,mesh_index_original
3440,334,0.0490004,0,9,9
3440,335,0.0390004,0,8,8
3440,336,0.0290003,0,7,7
3440,337,0.0190003,0,6,6
3440,338,0.00900023,0,5,5
3440,339,-0.000999805,0,4,4
3440,340,-0.0109998,0,3,3
3440,341,-0.0209999,0,2,2
3440,342,-0.0309999,0,1,1
3440,343,-0.041,0,0,0
