time,particle_id,x,y,mesh_index,mesh_index_original
1110,101,0.0490001,0,9,9
1110,102,0.0390001,0,8,8
1110,103,0.0290001,0,7,7
1110,104,0.0190001,0,6,6
1110,105,0.00900007,0,5,5
1110,106,-0.000999941,0,4,4
1110,107,-0.011,0,3,3
1110,108,-0.021,0,2,2
1110,109,-0.031,0,1,1
1110,110,-0.041,0,0,0
