time,particle_id,x,y,mesh_index,mesh_index_original
55560,5546,0.0440062,0,9,9
55560,5547,0.0340055,0,8,8
55560,5548,0.0240049,0,7,7
55560,5549,0.0140042,0,6,6
55560,5550,0.00400354,0,5,5
55560,5551,-0.00599711,0,4,4
55560,5552,-0.0159978,0,3,3
55560,5553,-0.0259984,0,2,2
55560,5554,-0.0359991,0,1,1
55560,5555,-0.0459997,0,0,0
