time,particle_id,x,y,mesh_index,mesh_index_original
46810,4671,0.0450052,0,9,9
46810,4672,0.0350047,0,8,8
46810,4673,0.0250041,0,7,7
46810,4674,0.0150036,0,6,6
46810,4675,0.00500304,0,5,5
46810,4676,-0.00499751,0,4,4
46810,4677,-0.0149981,0,3,3
46810,4678,-0.0249986,0,2,2
46810,4679,-0.0349992,0,1,1
46810,4680,-0.0449997,0,0,0
