time,particle_id,x,y,mesh_index,mesh_index_original
59890,5979,0.0440066,0,9,9
59890,5980,0.0340059,0,8,8
59890,5981,0.0240052,0,7,7
59890,5982,0.0140045,0,6,6
59890,5983,0.00400382,0,5,5
59890,5984,-0.00599689,0,4,4
59890,5985,-0.0159976,0,3,3
59890,5986,-0.0259983,0,2,2
59890,5987,-0.035999,0,1,1
59890,5988,-0.0459997,0,0,0
