time,particle_id,x,y,mesh_index,mesh_index_original
59050,5895,0.0440066,0,9,9
59050,5896,0.0340059,0,8,8
59050,5897,0.0240052,0,7,7
59050,5898,0.0140045,0,6,6
59050,5899,0.00400377,0,5,5
59050,5900,-0.00599693,0,4,4
59050,5901,-0.0159976,0,3,3
59050,5902,-0.0259983,0,2,2
59050,5903,-0.035999,0,1,1
59050,5904,-0.0459997,0,0,0
