time,particle_id,x,y,mesh_index,mesh_index_original
78860,7876,0.0420086,0,9,9
78860,7877,0.0320076,0,8,8
78860,7878,0.0220067,0,7,7
78860,7879,0.0120058,0,6,6
78860,7880,0.00200485,0,5,5
78860,7881,-0.00799609,0,4,4
78860,7882,-0.017997,0,3,3
78860,7883,-0.0279979,0,2,2
78860,7884,-0.0379989,0,1,1
78860,7885,-0.0479998,0,0,0
