time,particle_id,x,y,mesh_index,mesh_index_original
57310,5721,0.0440064,0,9,9
57310,5722,0.0340057,0,8,8
57310,5723,0.024005,0,7,7
57310,5724,0.0140043,0,6,6
57310,5725,0.00400366,0,5,5
57310,5726,-0.00599702,0,4,4
57310,5727,-0.0159977,0,3,3
57310,5728,-0.0259984,0,2,2
57310,5729,-0.0359991,0,1,1
57310,5730,-0.0459997,0,0,0
