time,particle_id,x,y,mesh_index,mesh_index_original
34730,3463,0.0460039,0,9,9
34730,3464,0.0360035,0,8,8
34730,3465,0.0260031,0,7,7
34730,3466,0.0160027,0,6,6
34730,3467,0.00600229,0,5,5
34730,3468,-0.00399811,0,4,4
34730,3469,-0.0139985,0,3,3
34730,3470,-0.0239989,0,2,2
34730,3471,-0.0339993,0,1,1
34730,3472,-0.0439998,0,0,0
