time,particle_id,x,y,mesh_index,mesh_index_original
45790,4569,0.0450051,0,9,9
45790,4570,0.0350046,0,8,8
45790,4571,0.0250041,0,7,7
45790,4572,0.0150035,0,6,6
45790,4573,0.00500297,0,5,5
45790,4574,-0.00499757,0,4,4
45790,4575,-0.0149981,0,3,3
45790,4576,-0.0249986,0,2,2
45790,4577,-0.0349992,0,1,1
45790,4578,-0.0449997,0,0,0
