time,particle_id,x,y,mesh_index,mesh_index_original
75080,7498,0.0420082,0,9,9
75080,7499,0.0320073,0,8,8
75080,7500,0.0220064,0,7,7
75080,7501,0.0120055,0,6,6
75080,7502,0.00200461,0,5,5
75080,7503,-0.00799627,0,4,4
75080,7504,-0.0179972,0,3,3
75080,7505,-0.027998,0,2,2
75080,7506,-0.0379989,0,1,1
75080,7507,-0.0479998,0,0,0
