time,particle_id,x,y,mesh_index,mesh_index_original
63980,6388,0.043007,0,9,9
63980,6389,0.0330063,0,8,8
63980,6390,0.0230055,0,7,7
63980,6391,0.0130048,0,6,6
63980,6392,0.00300401,0,5,5
63980,6393,-0.00699675,0,4,4
63980,6394,-0.0169975,0,3,3
63980,6395,-0.0269983,0,2,2
63980,6396,-0.036999,0,1,1
63980,6397,-0.0469998,0,0,0
