time,particle_id,x,y,mesh_index,mesh_index_original
87340,8724,0.0410094,0,9,9
87340,8725,0.0310084,0,8,8
87340,8726,0.0210073,0,7,7
87340,8727,0.0110063,0,6,6
87340,8728,0.00100526,0,5,5
87340,8729,-0.00899577,0,4,4
87340,8730,-0.0189968,0,3,3
87340,8731,-0.0289978,0,2,2
87340,8732,-0.0389989,0,1,1
87340,8733,-0.0489999,0,0,0
