time,particle_id,x,y,mesh_index,mesh_index_original
57480,5738,0.0440064,0,9,9
57480,5739,0.0340057,0,8,8
57480,5740,0.024005,0,7,7
57480,5741,0.0140043,0,6,6
57480,5742,0.00400367,0,5,5
57480,5743,-0.00599701,0,4,4
57480,5744,-0.0159977,0,3,3
57480,5745,-0.0259984,0,2,2
57480,5746,-0.035999,0,1,1
57480,5747,-0.0459997,0,0,0
