time,particle_id,x,y,mesh_index,mesh_index_original
50840,5074,0.0440056,0,9,9
50840,5075,0.034005,0,8,8
50840,5076,0.0240044,0,7,7
50840,5077,0.0140038,0,6,6
50840,5078,0.00400324,0,5,5
50840,5079,-0.00599736,0,4,4
50840,5080,-0.015998,0,3,3
50840,5081,-0.0259986,0,2,2
50840,5082,-0.0359992,0,1,1
50840,5083,-0.0459998,0,0,0
