time,particle_id,x,y,mesh_index,mesh_index_original
52790,5269,0.0440059,0,9,9
52790,5270,0.0340052,0,8,8
52790,5271,0.0240046,0,7,7
52790,5272,0.014004,0,6,6
52790,5273,0.00400337,0,5,5
52790,5274,-0.00599726,0,4,4
52790,5275,-0.0159979,0,3,3
52790,5276,-0.0259985,0,2,2
52790,5277,-0.0359991,0,1,1
52790,5278,-0.0459998,0,0,0
