time,particle_id,x,y,mesh_index,mesh_index_original
10590,1049,0.0480012,0,9,9
10590,1050,0.0380011,0,8,8
10590,1051,0.028001,0,7,7
10590,1052,0.0180008,0,6,6
10590,1053,0.00800072,0,5,5
10590,1054,-0.0019994,0,4,4
10590,1055,-0.0119995,0,3,3
10590,1056,-0.0219997,0,2,2
10590,1057,-0.0319998,0,1,1
10590,1058,-0.0419999,0,0,0
