time,particle_id,x,y,mesh_index,mesh_index_original
64680,6458,0.0430071,0,9,9
64680,6459,0.0330063,0,8,8
64680,6460,0.0230056,0,7,7
64680,6461,0.0130048,0,6,6
64680,6462,0.00300405,0,5,5
64680,6463,-0.00699671,0,4,4
64680,6464,-0.0169975,0,3,3
64680,6465,-0.0269982,0,2,2
64680,6466,-0.036999,0,1,1
64680,6467,-0.0469998,0,0,0
