time,particle_id,x,y,mesh_index,mesh_index_original
13680,1358,0.0480016,0,9,9
13680,1359,0.0380014,0,8,8
13680,1360,0.0280013,0,7,7
13680,1361,0.0180011,0,6,6
13680,1362,0.00800093,0,5,5
13680,1363,-0.00199923,0,4,4
13680,1364,-0.0119994,0,3,3
13680,1365,-0.0219995,0,2,2
13680,1366,-0.0319997,0,1,1
13680,1367,-0.0419999,0,0,0
