time,particle_id,x,y,mesh_index,mesh_index_original
27320,2722,0.0470031,0,9,9
27320,2723,0.0370028,0,8,8
27320,2724,0.0270025,0,7,7
27320,2725,0.0170022,0,6,6
27320,2726,0.00700184,0,5,5
27320,2727,-0.00299849,0,4,4
27320,2728,-0.0129988,0,3,3
27320,2729,-0.0229991,0,2,2
27320,2730,-0.0329995,0,1,1
27320,2731,-0.0429998,0,0,0
