time,particle_id,x,y,mesh_index,mesh_index_original
7180,708,0.0490008,0,9,9
7180,709,0.0390007,0,8,8
7180,710,0.0290007,0,7,7
7180,711,0.0190006,0,6,6
7180,712,0.0090005,0,5,5
7180,713,-0.000999589,0,4,4
7180,714,-0.0109997,0,3,3
7180,715,-0.0209998,0,2,2
7180,716,-0.0309998,0,1,1
7180,717,-0.0409999,0,0,0
