time,particle_id,x,y,mesh_index,mesh_index_original
97490,9739,0.0400104,0,9,9
97490,9740,0.0300092,0,8,8
97490,9741,0.0200081,0,7,7
97490,9742,0.0100069,0,6,6
97490,9743,5.76127e-06,0,5,5
97490,9744,-0.00999539,0,4,4
97490,9745,-0.0199965,0,3,3
97490,9746,-0.0299977,0,2,2
97490,9747,-0.0399988,0,1,1
