time,particle_id,x,y,mesh_index,mesh_index_original
89300,8920,0.0410096,0,9,9
89300,8921,0.0310085,0,8,8
89300,8922,0.0210075,0,7,7
89300,8923,0.0110064,0,6,6
89300,8924,0.00100538,0,5,5
89300,8925,-0.00899567,0,4,4
89300,8926,-0.0189967,0,3,3
89300,8927,-0.0289978,0,2,2
89300,8928,-0.0389988,0,1,1
89300,8929,-0.0489999,0,0,0
