time,particle_id,x,y,mesh_index,mesh_index_original
78750,7865,0.0420086,0,9,9
78750,7866,0.0320076,0,8,8
78750,7867,0.0220067,0,7,7
78750,7868,0.0120058,0,6,6
78750,7869,0.00200484,0,5,5
78750,7870,-0.00799609,0,4,4
78750,7871,-0.017997,0,3,3
78750,7872,-0.027998,0,2,2
78750,7873,-0.0379989,0,1,1
78750,7874,-0.0479998,0,0,0
