time,particle_id,x,y,mesh_index,mesh_index_original
96910,9681,0.0400103,0,9,9
96910,9682,0.0300092,0,8,8
96910,9683,0.020008,0,7,7
96910,9684,0.0100069,0,6,6
96910,9685,5.72696e-06,0,5,5
96910,9686,-0.00999542,0,4,4
96910,9687,-0.0199966,0,3,3
96910,9688,-0.0299977,0,2,2
96910,9689,-0.0399989,0,1,1
