time,particle_id,x,y,mesh_index,mesh_index_original
1020,92,0.0490001,0,9,9
1020,93,0.0390001,0,8,8
1020,94,0.0290001,0,7,7
1020,95,0.0190001,0,6,6
1020,96,0.00900007,0,5,5
1020,97,-0.000999946,0,4,4
1020,98,-0.011,0,3,3
1020,99,-0.021,0,2,2
1020,100,-0.031,0,1,1
1020,101,-0.041,0,0,0
