time,particle_id,x,y,mesh_index,mesh_index_original
60090,5999,0.0440067,0,9,9
60090,6000,0.0330059,0,8,8
60090,6001,0.0230052,0,7,7
60090,6002,0.0130045,0,6,6
60090,6003,0.00300376,0,5,5
60090,6004,-0.00699695,0,4,4
60090,6005,-0.0169977,0,3,3
60090,6006,-0.0269984,0,2,2
60090,6007,-0.0369991,0,1,1
60090,6008,-0.0469998,0,0,0
