time,particle_id,x,y,mesh_index,mesh_index_original
87110,8701,0.0410094,0,9,9
87110,8702,0.0310083,0,8,8
87110,8703,0.0210073,0,7,7
87110,8704,0.0110063,0,6,6
87110,8705,0.00100525,0,5,5
87110,8706,-0.00899578,0,4,4
87110,8707,-0.0189968,0,3,3
87110,8708,-0.0289978,0,2,2
87110,8709,-0.0389989,0,1,1
87110,8710,-0.0489999,0,0,0
