time,particle_id,x,y,mesh_index,mesh_index_original
20610,2051,0.0470024,0,9,9
20610,2052,0.0370021,0,8,8
20610,2053,0.0270019,0,7,7
20610,2054,0.0170016,0,6,6
20610,2055,0.00700138,0,5,5
20610,2056,-0.00299886,0,4,4
20610,2057,-0.0129991,0,3,3
20610,2058,-0.0229993,0,2,2
20610,2059,-0.0329996,0,1,1
20610,2060,-0.0429998,0,0,0
