{
  "travel_time_s": 1000.0,
  "velocity_m_per_s": 0.0001,
  "q_in_m3_per_s": 5.000000000000001e-08,
  "injection_duration_s": 100000.0,
  "vref_m3": 0.005000000000000001,
  "water_kg": 5.000000000000001,
  "reactive_area_m2": 0.020000000000000004,
  "reactive_area_cm2": 200.00000000000003,
  "maximum_solution_gypsum_volume_m3": 1.1085000000000001e-05,
  "maximum_solution_gypsum_moles": 0.15000000000000002,
  "particle_time_share_s": 10.001000100010002,
  "nominal_particle_volume_m3": 5.000500050005002e-07,
  "nominal_sum_particle_volume_m3": 0.005000500050005002,
  "nominal_sum_particle_ratio": 1.000100010001,
  "nominal_sum_particle_relative_error": 0.00010001000100012812,
  "a1_m3": 0.0,
  "k1_s_inv": 0.0,
  "a2_m3": 0.0,
  "k2_s_inv": 0.0,
  "linear_m3_per_s": 0.0,
  "rational_pinf_m3": -5.874782752693047e-06,
  "rational_weight": 0.9770149403280367,
  "rational_a10_s_inv": 0.004939306432554904,
  "rational_a2_s_inv": 0.0014616076211552012,
  "rmse_m3": 1.4769322782391405e-09,
  "r2": 0.9999980348428238,
  "phreeqc_input": "/home/zhouw/Documents/Codes/ReactiveSoluteTransport/Benchmark/gypsum_single_fracture_10cm_ap5mm/results_total_injection_reference_volume_precipitation_20260426_174012/phreeqc/tt_1e03/tt_1e03.pqi",
  "phreeqc_output": "/home/zhouw/Documents/Codes/ReactiveSoluteTransport/Benchmark/gypsum_single_fracture_10cm_ap5mm/results_total_injection_reference_volume_precipitation_20260426_174012/phreeqc/tt_1e03/tt_1e03.pqo",
  "phreeqc_selected_output": "/home/zhouw/Documents/Codes/ReactiveSoluteTransport/Benchmark/gypsum_single_fracture_10cm_ap5mm/results_total_injection_reference_volume_precipitation_20260426_174012/phreeqc/tt_1e03/tt_1e03.sel",
  "fit_curve_csv": "/home/zhouw/Documents/Codes/ReactiveSoluteTransport/Benchmark/gypsum_single_fracture_10cm_ap5mm/results_total_injection_reference_volume_precipitation_20260426_174012/phreeqc/tt_1e03/tt_1e03_volume_curve.csv",
  "a_ref_m2": 0.020000000000000004
}