{
  "travel_time_s": 10000.0,
  "velocity_m_per_s": 1e-05,
  "q_in_m3_per_s": 5.000000000000001e-09,
  "injection_duration_s": 100000.0,
  "vref_m3": 0.0005000000000000001,
  "water_kg": 0.5000000000000001,
  "reactive_area_m2": 0.020000000000000004,
  "reactive_area_cm2": 200.00000000000003,
  "gypsum_volume_m3": 0.0005000000000000001,
  "gypsum_moles": 6.765899864682005,
  "particle_time_share_s": 10.001000100010002,
  "nominal_particle_volume_m3": 5.000500050005002e-08,
  "nominal_sum_particle_volume_m3": 0.0005000500050005002,
  "nominal_sum_particle_ratio": 1.000100010001,
  "nominal_sum_particle_relative_error": 0.00010001000100008474,
  "a2_m3": 5.5622e-07,
  "k2_s_inv": 0.0001,
  "linear_m3_per_s": 1e-10,
  "rmse_m3": 7.920502114330519e-06,
  "r2": -1142.5426852715175,
  "phreeqc_input": "/home/zhouw/Documents/Codes/ReactiveSoluteTransport/Benchmark/gypsum_single_fracture_10cm_ap5mm/results_total_injection_reference_volume_20260426_151504/phreeqc/tt_1e04/tt_1e04.pqi",
  "phreeqc_output": "/home/zhouw/Documents/Codes/ReactiveSoluteTransport/Benchmark/gypsum_single_fracture_10cm_ap5mm/results_total_injection_reference_volume_20260426_151504/phreeqc/tt_1e04/tt_1e04.pqo",
  "phreeqc_selected_output": "/home/zhouw/Documents/Codes/ReactiveSoluteTransport/Benchmark/gypsum_single_fracture_10cm_ap5mm/results_total_injection_reference_volume_20260426_151504/phreeqc/tt_1e04/tt_1e04.sel",
  "fit_curve_csv": "/home/zhouw/Documents/Codes/ReactiveSoluteTransport/Benchmark/gypsum_single_fracture_10cm_ap5mm/results_total_injection_reference_volume_20260426_151504/phreeqc/tt_1e04/tt_1e04_volume_curve.csv",
  "a_ref_m2": 0.020000000000000004
}