time,particle_id,x,y,mesh_index,mesh_index_original
62260,6216,0.0430068,0,46,46
62260,6217,0.0330061,0,41,41
62260,6218,0.0230054,0,36,36
62260,6219,0.0130046,0,31,31
62260,6220,0.0030039,0,26,26
62260,6221,-0.00699684,0,21,21
62260,6222,-0.0169976,0,16,16
62260,6223,-0.0269983,0,11,11
62260,6224,-0.036999,0,6,6
62260,6225,-0.0469998,0,1,1
