time,particle_id,x,y,mesh_index,mesh_index_original
20140,2004,0.0470023,0,48,48
20140,2005,0.0370021,0,43,43
20140,2006,0.0270018,0,38,38
20140,2007,0.0170016,0,33,33
20140,2008,0.00700135,0,28,28
20140,2009,-0.00299888,0,23,23
20140,2010,-0.0129991,0,18,18
20140,2011,-0.0229994,0,13,13
20140,2012,-0.0329996,0,8,8
20140,2013,-0.0429998,0,3,3
