time,particle_id,x,y,mesh_index,mesh_index_original
45320,4522,0.0450051,0,47,47
45320,4523,0.0350045,0,42,42
45320,4524,0.025004,0,37,37
45320,4525,0.0150035,0,32,32
45320,4526,0.00500294,0,27,27
45320,4527,-0.00499759,0,22,22
45320,4528,-0.0149981,0,17,17
45320,4529,-0.0249987,0,12,12
45320,4530,-0.0349992,0,7,7
45320,4531,-0.0449997,0,2,2
