time,particle_id,x,y,mesh_index,mesh_index_original
58760,5866,0.0440065,0,47,47
58760,5867,0.0340058,0,42,42
58760,5868,0.0240051,0,37,37
58760,5869,0.0140044,0,32,32
58760,5870,0.00400375,0,27,27
58760,5871,-0.00599695,0,22,22
58760,5872,-0.0159976,0,17,17
58760,5873,-0.0259983,0,12,12
58760,5874,-0.035999,0,7,7
58760,5875,-0.0459997,0,2,2
