time,particle_id,x,y,mesh_index,mesh_index_original
13040,1294,0.0480015,0,49,49
13040,1295,0.0380013,0,44,44
13040,1296,0.0280012,0,39,39
13040,1297,0.018001,0,34,34
13040,1298,0.00800089,0,29,29
13040,1299,-0.00199926,0,24,24
13040,1300,-0.0119994,0,19,19
13040,1301,-0.0219996,0,14,14
13040,1302,-0.0319997,0,9,9
13040,1303,-0.0419999,0,4,4
