time,particle_id,x,y,mesh_index,mesh_index_original
44170,4407,0.045005,0,47,47
44170,4408,0.0350044,0,42,42
44170,4409,0.0250039,0,37,37
44170,4410,0.0150034,0,32,32
44170,4411,0.00500287,0,27,27
44170,4412,-0.00499765,0,22,22
44170,4413,-0.0149982,0,17,17
44170,4414,-0.0249987,0,12,12
44170,4415,-0.0349992,0,7,7
44170,4416,-0.0449997,0,2,2
