time,particle_id,x,y,mesh_index,mesh_index_original
51620,5152,0.0440057,0,47,47
51620,5153,0.0340051,0,42,42
51620,5154,0.0240045,0,37,37
51620,5155,0.0140039,0,32,32
51620,5156,0.00400329,0,27,27
51620,5157,-0.00599732,0,22,22
51620,5158,-0.0159979,0,17,17
51620,5159,-0.0259985,0,12,12
51620,5160,-0.0359991,0,7,7
51620,5161,-0.0459998,0,2,2
