time,particle_id,x,y,mesh_index,mesh_index_original
46600,4650,0.0450052,0,47,47
46600,4651,0.0350047,0,42,42
46600,4652,0.0250041,0,37,37
46600,4653,0.0150036,0,32,32
46600,4654,0.00500303,0,27,27
46600,4655,-0.00499752,0,22,22
46600,4656,-0.0149981,0,17,17
46600,4657,-0.0249986,0,12,12
46600,4658,-0.0349992,0,7,7
46600,4659,-0.0449997,0,2,2
