time,particle_id,x,y,mesh_index,mesh_index_original
79350,7925,0.0420086,0,46,46
79350,7926,0.0320077,0,41,41
79350,7927,0.0220068,0,36,36
79350,7928,0.0120058,0,31,31
79350,7929,0.00200488,0,26,26
79350,7930,-0.00799606,0,21,21
79350,7931,-0.017997,0,16,16
79350,7932,-0.0279979,0,11,11
79350,7933,-0.0379989,0,6,6
79350,7934,-0.0479998,0,1,1
