time,particle_id,x,y,mesh_index,mesh_index_original
64620,6452,0.0430071,0,46,46
64620,6453,0.0330063,0,41,41
64620,6454,0.0230056,0,36,36
64620,6455,0.0130048,0,31,31
64620,6456,0.00300405,0,26,26
64620,6457,-0.00699672,0,21,21
64620,6458,-0.0169975,0,16,16
64620,6459,-0.0269982,0,11,11
64620,6460,-0.036999,0,6,6
64620,6461,-0.0469998,0,1,1
