time,particle_id,x,y,mesh_index,mesh_index_original
89260,8916,0.0410096,0,45,45
89260,8917,0.0310085,0,40,40
89260,8918,0.0210075,0,35,35
89260,8919,0.0110064,0,30,30
89260,8920,0.00100538,0,25,25
89260,8921,-0.00899567,0,20,20
89260,8922,-0.0189967,0,15,15
89260,8923,-0.0289978,0,10,10
89260,8924,-0.0389988,0,5,5
89260,8925,-0.0489999,0,0,0
