time,particle_id,x,y,mesh_index,mesh_index_original
51880,5178,0.0440058,0,47,47
51880,5179,0.0340051,0,42,42
51880,5180,0.0240045,0,37,37
51880,5181,0.0140039,0,32,32
51880,5182,0.00400331,0,27,27
51880,5183,-0.0059973,0,22,22
51880,5184,-0.0159979,0,17,17
51880,5185,-0.0259985,0,12,12
51880,5186,-0.0359991,0,7,7
51880,5187,-0.0459998,0,2,2
