time,particle_id,x,y,mesh_index,mesh_index_original
40310,4021,0.0450045,0,47,47
40310,4022,0.035004,0,42,42
40310,4023,0.0250036,0,37,37
40310,4024,0.0150031,0,32,32
40310,4025,0.00500262,0,27,27
40310,4026,-0.00499786,0,22,22
40310,4027,-0.0149983,0,17,17
40310,4028,-0.0249988,0,12,12
40310,4029,-0.0349993,0,7,7
40310,4030,-0.0449998,0,2,2
