time,particle_id,x,y,mesh_index,mesh_index_original
87760,8766,0.0410094,0,45,45
87760,8767,0.0310084,0,40,40
87760,8768,0.0210074,0,35,35
87760,8769,0.0110063,0,30,30
87760,8770,0.00100529,0,25,25
87760,8771,-0.00899575,0,20,20
87760,8772,-0.0189968,0,15,15
87760,8773,-0.0289978,0,10,10
87760,8774,-0.0389989,0,5,5
87760,8775,-0.0489999,0,0,0
