time,particle_id,x,y,mesh_index,mesh_index_original
73010,7291,0.0420079,0,46,46
73010,7292,0.0320071,0,41,41
73010,7293,0.0220062,0,36,36
73010,7294,0.0120053,0,31,31
73010,7295,0.00200449,0,26,26
73010,7296,-0.00799638,0,21,21
73010,7297,-0.0179972,0,16,16
73010,7298,-0.0279981,0,11,11
73010,7299,-0.037999,0,6,6
73010,7300,-0.0479998,0,1,1
