time,particle_id,x,y,mesh_index,mesh_index_original
69330,6923,0.0430076,0,46,46
69330,6924,0.0330068,0,41,41
69330,6925,0.023006,0,36,36
69330,6926,0.0130052,0,31,31
69330,6927,0.00300434,0,26,26
69330,6928,-0.00699648,0,21,21
69330,6929,-0.0169973,0,16,16
69330,6930,-0.0269981,0,11,11
69330,6931,-0.0369989,0,6,6
69330,6932,-0.0469998,0,1,1
