time,particle_id,x,y,mesh_index,mesh_index_original
31120,3102,0.0460035,0,48,48
31120,3103,0.0360032,0,43,43
31120,3104,0.0260028,0,38,38
31120,3105,0.0160024,0,33,33
31120,3106,0.00600206,0,28,28
31120,3107,-0.00399831,0,23,23
31120,3108,-0.0139987,0,18,18
31120,3109,-0.023999,0,13,13
31120,3110,-0.0339994,0,8,8
31120,3111,-0.0439998,0,3,3
