time,particle_id,x,y,mesh_index,mesh_index_original
80970,8087,0.0410087,0,45,45
80970,8088,0.0310077,0,40,40
80970,8089,0.0210068,0,35,35
80970,8090,0.0110058,0,30,30
80970,8091,0.00100488,0,25,25
80970,8092,-0.00899608,0,20,20
80970,8093,-0.018997,0,15,15
80970,8094,-0.028998,0,10,10
80970,8095,-0.0389989,0,5,5
80970,8096,-0.0489999,0,0,0
