time,particle_id,x,y,mesh_index,mesh_index_original
66320,6622,0.0430073,0,46,46
66320,6623,0.0330065,0,41,41
66320,6624,0.0230057,0,36,36
66320,6625,0.0130049,0,31,31
66320,6626,0.00300415,0,26,26
66320,6627,-0.00699663,0,21,21
66320,6628,-0.0169974,0,16,16
66320,6629,-0.0269982,0,11,11
66320,6630,-0.036999,0,6,6
66320,6631,-0.0469998,0,1,1
