time,particle_id,x,y,mesh_index,mesh_index_original
47520,4742,0.0450053,0,47,47
47520,4743,0.0350048,0,42,42
47520,4744,0.0250042,0,37,37
47520,4745,0.0150036,0,32,32
47520,4746,0.00500309,0,27,27
47520,4747,-0.00499747,0,22,22
47520,4748,-0.014998,0,17,17
47520,4749,-0.0249986,0,12,12
47520,4750,-0.0349992,0,7,7
47520,4751,-0.0449997,0,2,2
