time,particle_id,x,y,mesh_index,mesh_index_original
35160,3506,0.046004,0,48,48
35160,3507,0.0360036,0,43,43
35160,3508,0.0260032,0,38,38
35160,3509,0.0160027,0,33,33
35160,3510,0.00600232,0,28,28
35160,3511,-0.00399809,0,23,23
35160,3512,-0.0139985,0,18,18
35160,3513,-0.0239989,0,13,13
35160,3514,-0.0339993,0,8,8
35160,3515,-0.0439998,0,3,3
