time,particle_id,x,y,mesh_index,mesh_index_original
51930,5183,0.0440058,0,47,47
51930,5184,0.0340052,0,42,42
51930,5185,0.0240045,0,37,37
51930,5186,0.0140039,0,32,32
51930,5187,0.00400331,0,27,27
51930,5188,-0.0059973,0,22,22
51930,5189,-0.0159979,0,17,17
51930,5190,-0.0259985,0,12,12
51930,5191,-0.0359991,0,7,7
51930,5192,-0.0459998,0,2,2
