time,particle_id,x,y,mesh_index,mesh_index_original
55570,5547,0.0440062,0,47,47
55570,5548,0.0340055,0,42,42
55570,5549,0.0240049,0,37,37
55570,5550,0.0140042,0,32,32
55570,5551,0.00400354,0,27,27
55570,5552,-0.00599711,0,22,22
55570,5553,-0.0159978,0,17,17
55570,5554,-0.0259984,0,12,12
55570,5555,-0.0359991,0,7,7
55570,5556,-0.0459997,0,2,2
