time,particle_id,x,y,mesh_index,mesh_index_original
78060,7796,0.0420085,0,46,46
78060,7797,0.0320076,0,41,41
78060,7798,0.0220066,0,36,36
78060,7799,0.0120057,0,31,31
78060,7800,0.0020048,0,26,26
78060,7801,-0.00799613,0,21,21
78060,7802,-0.017997,0,16,16
78060,7803,-0.027998,0,11,11
78060,7804,-0.0379989,0,6,6
78060,7805,-0.0479998,0,1,1
