time,particle_id,x,y,mesh_index,mesh_index_original
22650,2255,0.0470026,0,48,48
22650,2256,0.0370023,0,43,43
22650,2257,0.0270021,0,38,38
22650,2258,0.0170018,0,33,33
22650,2259,0.00700152,0,28,28
22650,2260,-0.00299875,0,23,23
22650,2261,-0.012999,0,18,18
22650,2262,-0.0229993,0,13,13
22650,2263,-0.0329995,0,8,8
22650,2264,-0.0429998,0,3,3
