time,particle_id,x,y,mesh_index,mesh_index_original
2270,217,0.0490003,0,49,49
2270,218,0.0390002,0,44,44
2270,219,0.0290002,0,39,39
2270,220,0.0190002,0,34,34
2270,221,0.00900015,0,29,29
2270,222,-0.000999873,0,24,24
2270,223,-0.0109999,0,19,19
2270,224,-0.0209999,0,14,14
2270,225,-0.031,0,9,9
2270,226,-0.041,0,4,4
