time,particle_id,x,y,mesh_index,mesh_index_original
77050,7695,0.0420084,0,46,46
77050,7696,0.0320075,0,41,41
77050,7697,0.0220066,0,36,36
77050,7698,0.0120056,0,31,31
77050,7699,0.00200473,0,26,26
77050,7700,-0.00799618,0,21,21
77050,7701,-0.0179971,0,16,16
77050,7702,-0.027998,0,11,11
77050,7703,-0.0379989,0,6,6
77050,7704,-0.0479998,0,1,1
