time,particle_id,x,y,mesh_index,mesh_index_original
42940,4284,0.0450048,0,47,47
42940,4285,0.0350043,0,42,42
42940,4286,0.0250038,0,37,37
42940,4287,0.0150033,0,32,32
42940,4288,0.00500279,0,27,27
42940,4289,-0.00499772,0,22,22
42940,4290,-0.0149982,0,17,17
42940,4291,-0.0249987,0,12,12
42940,4292,-0.0349992,0,7,7
42940,4293,-0.0449997,0,2,2
