time,particle_id,x,y,mesh_index,mesh_index_original
33260,3316,0.0460038,0,48,48
33260,3317,0.0360034,0,43,43
33260,3318,0.026003,0,38,38
33260,3319,0.0160026,0,33,33
33260,3320,0.0060022,0,28,28
33260,3321,-0.00399819,0,23,23
33260,3322,-0.0139986,0,18,18
33260,3323,-0.023999,0,13,13
33260,3324,-0.0339994,0,8,8
33260,3325,-0.0439998,0,3,3
