time,particle_id,x,y,mesh_index,mesh_index_original
66470,6637,0.0430073,0,46,46
66470,6638,0.0330065,0,41,41
66470,6639,0.0230057,0,36,36
66470,6640,0.0130049,0,31,31
66470,6641,0.00300416,0,26,26
66470,6642,-0.00699662,0,21,21
66470,6643,-0.0169974,0,16,16
66470,6644,-0.0269982,0,11,11
66470,6645,-0.036999,0,6,6
66470,6646,-0.0469998,0,1,1
