time,particle_id,x,y,mesh_index,mesh_index_original
18590,1849,0.0480021,0,49,49
18590,1850,0.0380019,0,44,44
18590,1851,0.0280017,0,39,39
18590,1852,0.0180015,0,34,34
18590,1853,0.00800127,0,29,29
18590,1854,-0.00199895,0,24,24
18590,1855,-0.0119992,0,19,19
18590,1856,-0.0219994,0,14,14
18590,1857,-0.0319996,0,9,9
18590,1858,-0.0419998,0,4,4
