time,particle_id,x,y,mesh_index,mesh_index_original
75440,7534,0.0420082,0,46,46
75440,7535,0.0320073,0,41,41
75440,7536,0.0220064,0,36,36
75440,7537,0.0120055,0,31,31
75440,7538,0.00200464,0,26,26
75440,7539,-0.00799626,0,21,21
75440,7540,-0.0179971,0,16,16
75440,7541,-0.027998,0,11,11
75440,7542,-0.0379989,0,6,6
75440,7543,-0.0479998,0,1,1
