time,particle_id,x,y,mesh_index,mesh_index_original
4880,478,0.0490006,0,49,49
4880,479,0.0390005,0,44,44
4880,480,0.0290004,0,39,39
4880,481,0.0190004,0,34,34
4880,482,0.00900033,0,29,29
4880,483,-0.000999722,0,24,24
4880,484,-0.0109998,0,19,19
4880,485,-0.0209998,0,14,14
4880,486,-0.0309999,0,9,9
4880,487,-0.0409999,0,4,4
