time,particle_id,x,y,mesh_index,mesh_index_original
87100,8700,0.0410094,0,45,45
87100,8701,0.0310083,0,40,40
87100,8702,0.0210073,0,35,35
87100,8703,0.0110063,0,30,30
87100,8704,0.00100525,0,25,25
87100,8705,-0.00899578,0,20,20
87100,8706,-0.0189968,0,15,15
87100,8707,-0.0289978,0,10,10
87100,8708,-0.0389989,0,5,5
87100,8709,-0.0489999,0,0,0
