time,particle_id,x,y,mesh_index,mesh_index_original
5970,587,0.0490007,0,49,49
5970,588,0.0390006,0,44,44
5970,589,0.0290005,0,39,39
5970,590,0.0190005,0,34,34
5970,591,0.00900041,0,29,29
5970,592,-0.000999659,0,24,24
5970,593,-0.0109997,0,19,19
5970,594,-0.0209998,0,14,14
5970,595,-0.0309999,0,9,9
5970,596,-0.0409999,0,4,4
