time,particle_id,x,y,mesh_index,mesh_index_original
7410,731,0.0490009,0,49,49
7410,732,0.0390008,0,44,44
7410,733,0.0290007,0,39,39
7410,734,0.0190006,0,34,34
7410,735,0.00900051,0,29,29
7410,736,-0.000999575,0,24,24
7410,737,-0.0109997,0,19,19
7410,738,-0.0209997,0,14,14
7410,739,-0.0309998,0,9,9
7410,740,-0.0409999,0,4,4
