time,particle_id,x,y,mesh_index,mesh_index_original
85530,8543,0.0410092,0,45,45
85530,8544,0.0310082,0,40,40
85530,8545,0.0210072,0,35,35
85530,8546,0.0110062,0,30,30
85530,8547,0.00100515,0,25,25
85530,8548,-0.00899586,0,20,20
85530,8549,-0.0189969,0,15,15
85530,8550,-0.0289979,0,10,10
85530,8551,-0.0389989,0,5,5
85530,8552,-0.0489999,0,0,0
