time,particle_id,x,y,mesh_index,mesh_index_original
97600,9750,0.0400104,0,45,45
97600,9751,0.0300092,0,40,40
97600,9752,0.0200081,0,35,35
97600,9753,0.0100069,0,30,30
97600,9754,5.76784e-06,0,25,25
97600,9755,-0.00999539,0,20,20
97600,9756,-0.0199965,0,15,15
97600,9757,-0.0299977,0,10,10
97600,9758,-0.0399988,0,5,5
