time,particle_id,x,y,mesh_index,mesh_index_original
53310,5321,0.0440059,0,47,47
53310,5322,0.0340053,0,42,42
53310,5323,0.0240047,0,37,37
53310,5324,0.014004,0,32,32
53310,5325,0.0040034,0,27,27
53310,5326,-0.00599723,0,22,22
53310,5327,-0.0159979,0,17,17
53310,5328,-0.0259985,0,12,12
53310,5329,-0.0359991,0,7,7
53310,5330,-0.0459997,0,2,2
