time,particle_id,x,y,mesh_index,mesh_index_original
69930,6983,0.0430077,0,46,46
69930,6984,0.0330069,0,41,41
69930,6985,0.023006,0,36,36
69930,6986,0.0130052,0,31,31
69930,6987,0.00300438,0,26,26
69930,6988,-0.00699645,0,21,21
69930,6989,-0.0169973,0,16,16
69930,6990,-0.0269981,0,11,11
69930,6991,-0.0369989,0,6,6
69930,6992,-0.0469998,0,1,1
