time,particle_id,x,y,mesh_index,mesh_index_original
64340,6424,0.0430071,0,46,46
64340,6425,0.0330063,0,41,41
64340,6426,0.0230055,0,36,36
64340,6427,0.0130048,0,31,31
64340,6428,0.00300403,0,26,26
64340,6429,-0.00699673,0,21,21
64340,6430,-0.0169975,0,16,16
64340,6431,-0.0269983,0,11,11
64340,6432,-0.036999,0,6,6
64340,6433,-0.0469998,0,1,1
