time,particle_id,x,y,mesh_index,mesh_index_original
96890,9679,0.0400103,0,45,45
96890,9680,0.0300092,0,40,40
96890,9681,0.020008,0,35,35
96890,9682,0.0100069,0,30,30
96890,9683,5.72584e-06,0,25,25
96890,9684,-0.00999542,0,20,20
96890,9685,-0.0199966,0,15,15
96890,9686,-0.0299977,0,10,10
96890,9687,-0.0399989,0,5,5
