time,particle_id,x,y,mesh_index,mesh_index_original
37200,3710,0.0460042,0,48,48
37200,3711,0.0360038,0,43,43
37200,3712,0.0260033,0,38,38
37200,3713,0.0160029,0,33,33
37200,3714,0.00600246,0,28,28
37200,3715,-0.00399798,0,23,23
37200,3716,-0.0139984,0,18,18
37200,3717,-0.0239989,0,13,13
37200,3718,-0.0339993,0,8,8
37200,3719,-0.0439997,0,3,3
