time,particle_id,x,y,mesh_index,mesh_index_original
84030,8393,0.041009,0,45,45
84030,8394,0.031008,0,40,40
84030,8395,0.0210071,0,35,35
84030,8396,0.0110061,0,30,30
84030,8397,0.00100506,0,25,25
84030,8398,-0.00899593,0,20,20
84030,8399,-0.0189969,0,15,15
84030,8400,-0.0289979,0,10,10
84030,8401,-0.0389989,0,5,5
84030,8402,-0.0489999,0,0,0
