time,particle_id,x,y,mesh_index,mesh_index_original
40590,4049,0.0450046,0,47,47
40590,4050,0.0350041,0,42,42
40590,4051,0.0250036,0,37,37
40590,4052,0.0150031,0,32,32
40590,4053,0.00500264,0,27,27
40590,4054,-0.00499784,0,22,22
40590,4055,-0.0149983,0,17,17
40590,4056,-0.0249988,0,12,12
40590,4057,-0.0349993,0,7,7
40590,4058,-0.0449998,0,2,2
