time,particle_id,x,y,mesh_index,mesh_index_original
71010,7091,0.0420077,0,46,46
71010,7092,0.0320069,0,41,41
71010,7093,0.022006,0,36,36
71010,7094,0.0120052,0,31,31
71010,7095,0.00200436,0,26,26
71010,7096,-0.00799648,0,21,21
71010,7097,-0.0179973,0,16,16
71010,7098,-0.0279982,0,11,11
71010,7099,-0.037999,0,6,6
71010,7100,-0.0479998,0,1,1
