time,particle_id,x,y,mesh_index,mesh_index_original
81320,8122,0.0410087,0,45,45
81320,8123,0.0310078,0,40,40
81320,8124,0.0210068,0,35,35
81320,8125,0.0110059,0,30,30
81320,8126,0.0010049,0,25,25
81320,8127,-0.00899606,0,20,20
81320,8128,-0.018997,0,15,15
81320,8129,-0.028998,0,10,10
81320,8130,-0.0389989,0,5,5
81320,8131,-0.0489999,0,0,0
