time,particle_id,x,y,mesh_index,mesh_index_original
14470,1437,0.0480017,0,49,49
14470,1438,0.0380015,0,44,44
14470,1439,0.0280013,0,39,39
14470,1440,0.0180012,0,34,34
14470,1441,0.00800099,0,29,29
14470,1442,-0.00199918,0,24,24
14470,1443,-0.0119994,0,19,19
14470,1444,-0.0219995,0,14,14
14470,1445,-0.0319997,0,9,9
14470,1446,-0.0419999,0,4,4
