time,particle_id,x,y,mesh_index,mesh_index_original
86920,8682,0.0410093,0,45,45
86920,8683,0.0310083,0,40,40
86920,8684,0.0210073,0,35,35
86920,8685,0.0110063,0,30,30
86920,8686,0.00100524,0,25,25
86920,8687,-0.00899579,0,20,20
86920,8688,-0.0189968,0,15,15
86920,8689,-0.0289978,0,10,10
86920,8690,-0.0389989,0,5,5
86920,8691,-0.0489999,0,0,0
