time,particle_id,x,y,mesh_index,mesh_index_original
68490,6839,0.0430075,0,46,46
68490,6840,0.0330067,0,41,41
68490,6841,0.0230059,0,36,36
68490,6842,0.0130051,0,31,31
68490,6843,0.00300429,0,26,26
68490,6844,-0.00699652,0,21,21
68490,6845,-0.0169973,0,16,16
68490,6846,-0.0269981,0,11,11
68490,6847,-0.0369989,0,6,6
68490,6848,-0.0469998,0,1,1
