time,particle_id,x,y,mesh_index,mesh_index_original
47960,4786,0.0450054,0,47,47
47960,4787,0.0350048,0,42,42
47960,4788,0.0250042,0,37,37
47960,4789,0.0150037,0,32,32
47960,4790,0.00500311,0,27,27
47960,4791,-0.00499745,0,22,22
47960,4792,-0.014998,0,17,17
47960,4793,-0.0249986,0,12,12
47960,4794,-0.0349992,0,7,7
47960,4795,-0.0449997,0,2,2
