time,particle_id,x,y,mesh_index,mesh_index_original
81660,8156,0.0410088,0,45,45
81660,8157,0.0310078,0,40,40
81660,8158,0.0210069,0,35,35
81660,8159,0.0110059,0,30,30
81660,8160,0.00100492,0,25,25
81660,8161,-0.00899604,0,20,20
81660,8162,-0.018997,0,15,15
81660,8163,-0.028998,0,10,10
81660,8164,-0.0389989,0,5,5
81660,8165,-0.0489999,0,0,0
