time,particle_id,x,y,mesh_index,mesh_index_original
9510,941,0.0490011,0,49,49
9510,942,0.039001,0,44,44
9510,943,0.0290009,0,39,39
9510,944,0.0190008,0,34,34
9510,945,0.00900066,0,29,29
9510,946,-0.000999454,0,24,24
9510,947,-0.0109996,0,19,19
9510,948,-0.0209997,0,14,14
9510,949,-0.0309998,0,9,9
9510,950,-0.0409999,0,4,4
