time,particle_id,x,y,mesh_index,mesh_index_original
40940,4084,0.0450046,0,47,47
40940,4085,0.0350041,0,42,42
40940,4086,0.0250036,0,37,37
40940,4087,0.0150031,0,32,32
40940,4088,0.00500266,0,27,27
40940,4089,-0.00499783,0,22,22
40940,4090,-0.0149983,0,17,17
40940,4091,-0.0249988,0,12,12
40940,4092,-0.0349993,0,7,7
40940,4093,-0.0449998,0,2,2
