time,particle_id,x,y,mesh_index,mesh_index_original
8290,819,0.049001,0,49,49
8290,820,0.0390009,0,44,44
8290,821,0.0290008,0,39,39
8290,822,0.0190007,0,34,34
8290,823,0.00900057,0,29,29
8290,824,-0.000999524,0,24,24
8290,825,-0.0109996,0,19,19
8290,826,-0.0209997,0,14,14
8290,827,-0.0309998,0,9,9
8290,828,-0.0409999,0,4,4
