time,particle_id,x,y,mesh_index,mesh_index_original
28260,2816,0.0470032,0,48,48
28260,2817,0.0370029,0,43,43
28260,2818,0.0270026,0,38,38
28260,2819,0.0170022,0,33,33
28260,2820,0.0070019,0,28,28
28260,2821,-0.00299843,0,23,23
28260,2822,-0.0129988,0,18,18
28260,2823,-0.0229991,0,13,13
28260,2824,-0.0329994,0,8,8
28260,2825,-0.0429998,0,3,3
