time,particle_id,x,y,mesh_index,mesh_index_original
3120,302,0.0490004,0,49,49
3120,303,0.0390003,0,44,44
3120,304,0.0290003,0,39,39
3120,305,0.0190002,0,34,34
3120,306,0.00900021,0,29,29
3120,307,-0.000999824,0,24,24
3120,308,-0.0109999,0,19,19
3120,309,-0.0209999,0,14,14
3120,310,-0.0309999,0,9,9
3120,311,-0.041,0,4,4
