time,particle_id,x,y,mesh_index,mesh_index_original
89800,8970,0.0410097,0,45,45
89800,8971,0.0310086,0,40,40
89800,8972,0.0210075,0,35,35
89800,8973,0.0110065,0,30,30
89800,8974,0.00100541,0,25,25
89800,8975,-0.00899565,0,20,20
89800,8976,-0.0189967,0,15,15
89800,8977,-0.0289978,0,10,10
89800,8978,-0.0389988,0,5,5
89800,8979,-0.0489999,0,0,0
