time,particle_id,x,y,mesh_index,mesh_index_original
77500,7740,0.0420084,0,46,46
77500,7741,0.0320075,0,41,41
77500,7742,0.0220066,0,36,36
77500,7743,0.0120057,0,31,31
77500,7744,0.00200476,0,26,26
77500,7745,-0.00799615,0,21,21
77500,7746,-0.0179971,0,16,16
77500,7747,-0.027998,0,11,11
77500,7748,-0.0379989,0,6,6
77500,7749,-0.0479998,0,1,1
