time,particle_id,x,y,mesh_index,mesh_index_original
3750,365,0.0490004,0,49,49
3750,366,0.0390004,0,44,44
3750,367,0.0290003,0,39,39
3750,368,0.0190003,0,34,34
3750,369,0.00900026,0,29,29
3750,370,-0.000999787,0,24,24
3750,371,-0.0109998,0,19,19
3750,372,-0.0209999,0,14,14
3750,373,-0.0309999,0,9,9
3750,374,-0.041,0,4,4
