time,particle_id,x,y,mesh_index,mesh_index_original
23220,2312,0.0470027,0,48,48
23220,2313,0.0370024,0,43,43
23220,2314,0.0270021,0,38,38
23220,2315,0.0170018,0,33,33
23220,2316,0.00700156,0,28,28
23220,2317,-0.00299871,0,23,23
23220,2318,-0.012999,0,18,18
23220,2319,-0.0229993,0,13,13
23220,2320,-0.0329995,0,8,8
23220,2321,-0.0429998,0,3,3
