time,particle_id,x,y,mesh_index,mesh_index_original
83850,8375,0.041009,0,45,45
83850,8376,0.031008,0,40,40
83850,8377,0.021007,0,35,35
83850,8378,0.011006,0,30,30
83850,8379,0.00100505,0,25,25
83850,8380,-0.00899594,0,20,20
83850,8381,-0.0189969,0,15,15
83850,8382,-0.0289979,0,10,10
83850,8383,-0.0389989,0,5,5
83850,8384,-0.0489999,0,0,0
