time,particle_id,x,y,mesh_index,mesh_index_original
25840,2574,0.047003,0,48,48
25840,2575,0.0370026,0,43,43
25840,2576,0.0270023,0,38,38
25840,2577,0.017002,0,33,33
25840,2578,0.00700174,0,28,28
25840,2579,-0.00299857,0,23,23
25840,2580,-0.0129989,0,18,18
25840,2581,-0.0229992,0,13,13
25840,2582,-0.0329995,0,8,8
25840,2583,-0.0429998,0,3,3
