time,particle_id,x,y,mesh_index,mesh_index_original
38150,3805,0.0460043,0,48,48
38150,3806,0.0360039,0,43,43
38150,3807,0.0260034,0,38,38
38150,3808,0.016003,0,33,33
38150,3809,0.00600252,0,28,28
38150,3810,-0.00399793,0,23,23
38150,3811,-0.0139984,0,18,18
38150,3812,-0.0239988,0,13,13
38150,3813,-0.0339993,0,8,8
38150,3814,-0.0439997,0,3,3
