time,particle_id,x,y,mesh_index,mesh_index_original
90830,9073,0.0400097,0,45,45
90830,9074,0.0300086,0,40,40
90830,9075,0.0200075,0,35,35
90830,9076,0.0100064,0,30,30
90830,9077,5.36735e-06,0,25,25
90830,9078,-0.00999571,0,20,20
90830,9079,-0.0199968,0,15,15
90830,9080,-0.0299979,0,10,10
90830,9081,-0.0399989,0,5,5
