time,particle_id,x,y,mesh_index,mesh_index_original
44720,4462,0.045005,0,47,47
44720,4463,0.0350045,0,42,42
44720,4464,0.025004,0,37,37
44720,4465,0.0150034,0,32,32
44720,4466,0.0050029,0,27,27
44720,4467,-0.00499762,0,22,22
44720,4468,-0.0149982,0,17,17
44720,4469,-0.0249987,0,12,12
44720,4470,-0.0349992,0,7,7
44720,4471,-0.0449997,0,2,2
