time,particle_id,x,y,mesh_index,mesh_index_original
9030,893,0.049001,0,49,49
9030,894,0.0390009,0,44,44
9030,895,0.0290008,0,39,39
9030,896,0.0190007,0,34,34
9030,897,0.00900062,0,29,29
9030,898,-0.000999481,0,24,24
9030,899,-0.0109996,0,19,19
9030,900,-0.0209997,0,14,14
9030,901,-0.0309998,0,9,9
9030,902,-0.0409999,0,4,4
