time,particle_id,x,y,mesh_index,mesh_index_original
96480,9638,0.0400103,0,45,45
96480,9639,0.0300091,0,40,40
96480,9640,0.020008,0,35,35
96480,9641,0.0100068,0,30,30
96480,9642,5.70158e-06,0,25,25
96480,9643,-0.00999544,0,20,20
96480,9644,-0.0199966,0,15,15
96480,9645,-0.0299977,0,10,10
96480,9646,-0.0399989,0,5,5
