time,particle_id,x,y,mesh_index,mesh_index_original
3650,355,0.0490004,0,49,49
3650,356,0.0390004,0,44,44
3650,357,0.0290003,0,39,39
3650,358,0.0190003,0,34,34
3650,359,0.00900025,0,29,29
3650,360,-0.000999793,0,24,24
3650,361,-0.0109998,0,19,19
3650,362,-0.0209999,0,14,14
3650,363,-0.0309999,0,9,9
3650,364,-0.041,0,4,4
