time,particle_id,x,y,mesh_index,mesh_index_original
99920,9982,0.0400106,0,45,45
99920,9983,0.0300094,0,40,40
99920,9984,0.0200083,0,35,35
99920,9985,0.0100071,0,30,30
99920,9986,5.90508e-06,0,25,25
99920,9987,-0.00999528,0,20,20
99920,9988,-0.0199965,0,15,15
99920,9989,-0.0299976,0,10,10
99920,9990,-0.0399988,0,5,5
