time,particle_id,x,y,mesh_index,mesh_index_original
69790,6969,0.0430077,0,46,46
69790,6970,0.0330068,0,41,41
69790,6971,0.023006,0,36,36
69790,6972,0.0130052,0,31,31
69790,6973,0.00300437,0,26,26
69790,6974,-0.00699645,0,21,21
69790,6975,-0.0169973,0,16,16
69790,6976,-0.0269981,0,11,11
69790,6977,-0.0369989,0,6,6
69790,6978,-0.0469998,0,1,1
