time,particle_id,x,y,mesh_index,mesh_index_original
68090,6799,0.0430075,0,46,46
68090,6800,0.0330067,0,41,41
68090,6801,0.0230059,0,36,36
68090,6802,0.0130051,0,31,31
68090,6803,0.00300426,0,26,26
68090,6804,-0.00699654,0,21,21
68090,6805,-0.0169973,0,16,16
68090,6806,-0.0269981,0,11,11
68090,6807,-0.036999,0,6,6
68090,6808,-0.0469998,0,1,1
