time,particle_id,x,y,mesh_index,mesh_index_original
92520,9242,0.0400098,0,45,45
92520,9243,0.0300087,0,40,40
92520,9244,0.0200077,0,35,35
92520,9245,0.0100066,0,30,30
92520,9246,5.46733e-06,0,25,25
92520,9247,-0.00999563,0,20,20
92520,9248,-0.0199967,0,15,15
92520,9249,-0.0299978,0,10,10
92520,9250,-0.0399989,0,5,5
