time,particle_id,x,y,mesh_index,mesh_index_original
84400,8430,0.0410091,0,45,45
84400,8431,0.0310081,0,40,40
84400,8432,0.0210071,0,35,35
84400,8433,0.0110061,0,30,30
84400,8434,0.00100509,0,25,25
84400,8435,-0.00899591,0,20,20
84400,8436,-0.0189969,0,15,15
84400,8437,-0.0289979,0,10,10
84400,8438,-0.0389989,0,5,5
84400,8439,-0.0489999,0,0,0
