time,particle_id,x,y,mesh_index,mesh_index_original
4180,408,0.0490005,0,49,49
4180,409,0.0390004,0,44,44
4180,410,0.0290004,0,39,39
4180,411,0.0190003,0,34,34
4180,412,0.00900029,0,29,29
4180,413,-0.000999762,0,24,24
4180,414,-0.0109998,0,19,19
4180,415,-0.0209999,0,14,14
4180,416,-0.0309999,0,9,9
4180,417,-0.041,0,4,4
