time,particle_id,x,y,mesh_index,mesh_index_original
39870,3977,0.0460045,0,48,48
39870,3978,0.036004,0,43,43
39870,3979,0.0260036,0,38,38
39870,3980,0.0160031,0,33,33
39870,3981,0.00600264,0,28,28
39870,3982,-0.00399783,0,23,23
39870,3983,-0.0139983,0,18,18
39870,3984,-0.0239988,0,13,13
39870,3985,-0.0339992,0,8,8
39870,3986,-0.0439997,0,3,3
