time,particle_id,x,y,mesh_index,mesh_index_original
53940,5384,0.044006,0,47,47
53940,5385,0.0340054,0,42,42
53940,5386,0.0240047,0,37,37
53940,5387,0.0140041,0,32,32
53940,5388,0.00400344,0,27,27
53940,5389,-0.0059972,0,22,22
53940,5390,-0.0159978,0,17,17
53940,5391,-0.0259985,0,12,12
53940,5392,-0.0359991,0,7,7
53940,5393,-0.0459997,0,2,2
