time,particle_id,x,y,mesh_index,mesh_index_original
41390,4129,0.0450046,0,47,47
41390,4130,0.0350042,0,42,42
41390,4131,0.0250037,0,37,37
41390,4132,0.0150032,0,32,32
41390,4133,0.00500269,0,27,27
41390,4134,-0.0049978,0,22,22
41390,4135,-0.0149983,0,17,17
41390,4136,-0.0249988,0,12,12
41390,4137,-0.0349993,0,7,7
41390,4138,-0.0449998,0,2,2
