time,particle_id,x,y,mesh_index,mesh_index_original
53060,5296,0.0440059,0,47,47
53060,5297,0.0340053,0,42,42
53060,5298,0.0240046,0,37,37
53060,5299,0.014004,0,32,32
53060,5300,0.00400338,0,27,27
53060,5301,-0.00599724,0,22,22
53060,5302,-0.0159979,0,17,17
53060,5303,-0.0259985,0,12,12
53060,5304,-0.0359991,0,7,7
53060,5305,-0.0459997,0,2,2
