time,particle_id,x,y,mesh_index,mesh_index_original
51430,5133,0.0440057,0,47,47
51430,5134,0.0340051,0,42,42
51430,5135,0.0240045,0,37,37
51430,5136,0.0140039,0,32,32
51430,5137,0.00400328,0,27,27
51430,5138,-0.00599733,0,22,22
51430,5139,-0.0159979,0,17,17
51430,5140,-0.0259985,0,12,12
51430,5141,-0.0359991,0,7,7
51430,5142,-0.0459998,0,2,2
