time,particle_id,x,y,mesh_index,mesh_index_original
35590,3549,0.046004,0,48,48
35590,3550,0.0360036,0,43,43
35590,3551,0.0260032,0,38,38
35590,3552,0.0160028,0,33,33
35590,3553,0.00600235,0,28,28
35590,3554,-0.00399807,0,23,23
35590,3555,-0.0139985,0,18,18
35590,3556,-0.0239989,0,13,13
35590,3557,-0.0339993,0,8,8
35590,3558,-0.0439997,0,3,3
