time,particle_id,x,y,mesh_index,mesh_index_original
27330,2723,0.0470031,0,48,48
27330,2724,0.0370028,0,43,43
27330,2725,0.0270025,0,38,38
27330,2726,0.0170022,0,33,33
27330,2727,0.00700184,0,28,28
27330,2728,-0.00299849,0,23,23
27330,2729,-0.0129988,0,18,18
27330,2730,-0.0229991,0,13,13
27330,2731,-0.0329995,0,8,8
27330,2732,-0.0429998,0,3,3
