time,particle_id,x,y,mesh_index,mesh_index_original
39860,3976,0.0460045,0,48,48
39860,3977,0.036004,0,43,43
39860,3978,0.0260036,0,38,38
39860,3979,0.0160031,0,33,33
39860,3980,0.00600263,0,28,28
39860,3981,-0.00399784,0,23,23
39860,3982,-0.0139983,0,18,18
39860,3983,-0.0239988,0,13,13
39860,3984,-0.0339992,0,8,8
39860,3985,-0.0439997,0,3,3
