time,particle_id,x,y,mesh_index,mesh_index_original
6730,663,0.0490008,0,49,49
6730,664,0.0390007,0,44,44
6730,665,0.0290006,0,39,39
6730,666,0.0190005,0,34,34
6730,667,0.00900046,0,29,29
6730,668,-0.000999615,0,24,24
6730,669,-0.0109997,0,19,19
6730,670,-0.0209998,0,14,14
6730,671,-0.0309999,0,9,9
6730,672,-0.0409999,0,4,4
