time,particle_id,x,y,mesh_index,mesh_index_original
46250,4615,0.0450052,0,47,47
46250,4616,0.0350046,0,42,42
46250,4617,0.0250041,0,37,37
46250,4618,0.0150035,0,32,32
46250,4619,0.005003,0,27,27
46250,4620,-0.00499754,0,22,22
46250,4621,-0.0149981,0,17,17
46250,4622,-0.0249986,0,12,12
46250,4623,-0.0349992,0,7,7
46250,4624,-0.0449997,0,2,2
