time,particle_id,x,y,mesh_index,mesh_index_original
99720,9962,0.0400106,0,45,45
99720,9963,0.0300094,0,40,40
99720,9964,0.0200083,0,35,35
99720,9965,0.0100071,0,30,30
99720,9966,5.89325e-06,0,25,25
99720,9967,-0.00999529,0,20,20
99720,9968,-0.0199965,0,15,15
99720,9969,-0.0299976,0,10,10
99720,9970,-0.0399988,0,5,5
