time,particle_id,x,y,mesh_index,mesh_index_original
29090,2899,0.0470033,0,48,48
29090,2900,0.037003,0,43,43
29090,2901,0.0270026,0,38,38
29090,2902,0.0170023,0,33,33
29090,2903,0.00700196,0,28,28
29090,2904,-0.00299839,0,23,23
29090,2905,-0.0129987,0,18,18
29090,2906,-0.0229991,0,13,13
29090,2907,-0.0329994,0,8,8
29090,2908,-0.0429998,0,3,3
