time,particle_id,x,y,mesh_index,mesh_index_original
86200,8610,0.0410093,0,45,45
86200,8611,0.0310083,0,40,40
86200,8612,0.0210072,0,35,35
86200,8613,0.0110062,0,30,30
86200,8614,0.0010052,0,25,25
86200,8615,-0.00899582,0,20,20
86200,8616,-0.0189968,0,15,15
86200,8617,-0.0289979,0,10,10
86200,8618,-0.0389989,0,5,5
86200,8619,-0.0489999,0,0,0
