time,particle_id,x,y,mesh_index,mesh_index_original
75760,7566,0.0420082,0,46,46
75760,7567,0.0320073,0,41,41
75760,7568,0.0220064,0,36,36
75760,7569,0.0120056,0,31,31
75760,7570,0.00200466,0,26,26
75760,7571,-0.00799624,0,21,21
75760,7572,-0.0179971,0,16,16
75760,7573,-0.027998,0,11,11
75760,7574,-0.0379989,0,6,6
75760,7575,-0.0479998,0,1,1
