time,particle_id,x,y,mesh_index,mesh_index_original
94780,9468,0.0400101,0,45,45
94780,9469,0.030009,0,40,40
94780,9470,0.0200078,0,35,35
94780,9471,0.0100067,0,30,30
94780,9472,5.60102e-06,0,25,25
94780,9473,-0.00999552,0,20,20
94780,9474,-0.0199966,0,15,15
94780,9475,-0.0299978,0,10,10
94780,9476,-0.0399989,0,5,5
