time,particle_id,x,y,mesh_index,mesh_index_original
28040,2794,0.0470032,0,48,48
28040,2795,0.0370029,0,43,43
28040,2796,0.0270025,0,38,38
28040,2797,0.0170022,0,33,33
28040,2798,0.00700188,0,28,28
28040,2799,-0.00299845,0,23,23
28040,2800,-0.0129988,0,18,18
28040,2801,-0.0229991,0,13,13
28040,2802,-0.0329994,0,8,8
28040,2803,-0.0429998,0,3,3
