time,particle_id,x,y,mesh_index,mesh_index_original
13600,1350,0.0480016,0,49,49
13600,1351,0.0380014,0,44,44
13600,1352,0.0280012,0,39,39
13600,1353,0.0180011,0,34,34
13600,1354,0.00800093,0,29,29
13600,1355,-0.00199923,0,24,24
13600,1356,-0.0119994,0,19,19
13600,1357,-0.0219996,0,14,14
13600,1358,-0.0319997,0,9,9
13600,1359,-0.0419999,0,4,4
