time,particle_id,x,y,mesh_index,mesh_index_original
48950,4885,0.0450055,0,47,47
48950,4886,0.0350049,0,42,42
48950,4887,0.0250043,0,37,37
48950,4888,0.0150038,0,32,32
48950,4889,0.00500318,0,27,27
48950,4890,-0.0049974,0,22,22
48950,4891,-0.014998,0,17,17
48950,4892,-0.0249986,0,12,12
48950,4893,-0.0349991,0,7,7
48950,4894,-0.0449997,0,2,2
