time,particle_id,x,y,mesh_index,mesh_index_original
61520,6142,0.0430068,0,46,46
61520,6143,0.033006,0,41,41
61520,6144,0.0230053,0,36,36
61520,6145,0.0130046,0,31,31
61520,6146,0.00300385,0,26,26
61520,6147,-0.00699687,0,21,21
61520,6148,-0.0169976,0,16,16
61520,6149,-0.0269983,0,11,11
61520,6150,-0.0369991,0,6,6
61520,6151,-0.0469998,0,1,1
