time,particle_id,x,y,mesh_index,mesh_index_original
77960,7786,0.0420085,0,46,46
77960,7787,0.0320076,0,41,41
77960,7788,0.0220066,0,36,36
77960,7789,0.0120057,0,31,31
77960,7790,0.00200479,0,26,26
77960,7791,-0.00799613,0,21,21
77960,7792,-0.0179971,0,16,16
77960,7793,-0.027998,0,11,11
77960,7794,-0.0379989,0,6,6
77960,7795,-0.0479998,0,1,1
