time,particle_id,x,y,mesh_index,mesh_index_original
75480,7538,0.0420082,0,46,46
75480,7539,0.0320073,0,41,41
75480,7540,0.0220064,0,36,36
75480,7541,0.0120055,0,31,31
75480,7542,0.00200464,0,26,26
75480,7543,-0.00799625,0,21,21
75480,7544,-0.0179971,0,16,16
75480,7545,-0.027998,0,11,11
75480,7546,-0.0379989,0,6,6
75480,7547,-0.0479998,0,1,1
