time,particle_id,x,y,mesh_index,mesh_index_original
95020,9492,0.0400101,0,45,45
95020,9493,0.030009,0,40,40
95020,9494,0.0200079,0,35,35
95020,9495,0.0100067,0,30,30
95020,9496,5.61522e-06,0,25,25
95020,9497,-0.00999551,0,20,20
95020,9498,-0.0199966,0,15,15
95020,9499,-0.0299978,0,10,10
95020,9500,-0.0399989,0,5,5
