time,particle_id,x,y,mesh_index,mesh_index_original
77760,7766,0.0420085,0,46,46
77760,7767,0.0320075,0,41,41
77760,7768,0.0220066,0,36,36
77760,7769,0.0120057,0,31,31
77760,7770,0.00200478,0,26,26
77760,7771,-0.00799614,0,21,21
77760,7772,-0.0179971,0,16,16
77760,7773,-0.027998,0,11,11
77760,7774,-0.0379989,0,6,6
77760,7775,-0.0479998,0,1,1
