time,particle_id,x,y,mesh_index,mesh_index_original
2570,247,0.0490003,0,49,49
2570,248,0.0390003,0,44,44
2570,249,0.0290002,0,39,39
2570,250,0.0190002,0,34,34
2570,251,0.00900017,0,29,29
2570,252,-0.000999856,0,24,24
2570,253,-0.0109999,0,19,19
2570,254,-0.0209999,0,14,14
2570,255,-0.0309999,0,9,9
2570,256,-0.041,0,4,4
