time,particle_id,x,y,mesh_index,mesh_index_original
1430,133,0.0490002,0,49,49
1430,134,0.0390001,0,44,44
1430,135,0.0290001,0,39,39
1430,136,0.0190001,0,34,34
1430,137,0.00900009,0,29,29
1430,138,-0.000999922,0,24,24
1430,139,-0.0109999,0,19,19
1430,140,-0.021,0,14,14
1430,141,-0.031,0,9,9
1430,142,-0.041,0,4,4
