time,particle_id,x,y,mesh_index,mesh_index_original
73990,7389,0.042008,0,46,46
73990,7390,0.0320072,0,41,41
73990,7391,0.0220063,0,36,36
73990,7392,0.0120054,0,31,31
73990,7393,0.00200455,0,26,26
73990,7394,-0.00799633,0,21,21
73990,7395,-0.0179972,0,16,16
73990,7396,-0.0279981,0,11,11
73990,7397,-0.037999,0,6,6
73990,7398,-0.0479998,0,1,1
