time,particle_id,x,y,mesh_index,mesh_index_original
34910,3481,0.046004,0,48,48
34910,3482,0.0360035,0,43,43
34910,3483,0.0260031,0,38,38
34910,3484,0.0160027,0,33,33
34910,3485,0.00600231,0,28,28
34910,3486,-0.0039981,0,23,23
34910,3487,-0.0139985,0,18,18
34910,3488,-0.0239989,0,13,13
34910,3489,-0.0339993,0,8,8
34910,3490,-0.0439998,0,3,3
