time,particle_id,x,y,mesh_index,mesh_index_original
2730,263,0.0490003,0,49,49
2730,264,0.0390003,0,44,44
2730,265,0.0290002,0,39,39
2730,266,0.0190002,0,34,34
2730,267,0.00900018,0,29,29
2730,268,-0.000999847,0,24,24
2730,269,-0.0109999,0,19,19
2730,270,-0.0209999,0,14,14
2730,271,-0.0309999,0,9,9
2730,272,-0.041,0,4,4
