time,particle_id,x,y,mesh_index,mesh_index_original
54260,5416,0.044006,0,47,47
54260,5417,0.0340054,0,42,42
54260,5418,0.0240047,0,37,37
54260,5419,0.0140041,0,32,32
54260,5420,0.00400346,0,27,27
54260,5421,-0.00599718,0,22,22
54260,5422,-0.0159978,0,17,17
54260,5423,-0.0259985,0,12,12
54260,5424,-0.0359991,0,7,7
54260,5425,-0.0459997,0,2,2
