time,particle_id,x,y,mesh_index,mesh_index_original
59710,5961,0.0440066,0,47,47
59710,5962,0.0340059,0,42,42
59710,5963,0.0240052,0,37,37
59710,5964,0.0140045,0,32,32
59710,5965,0.00400381,0,27,27
59710,5966,-0.0059969,0,22,22
59710,5967,-0.0159976,0,17,17
59710,5968,-0.0259983,0,12,12
59710,5969,-0.035999,0,7,7
59710,5970,-0.0459997,0,2,2
