time,particle_id,x,y,mesh_index,mesh_index_original
18640,1854,0.0480021,0,49,49
18640,1855,0.0380019,0,44,44
18640,1856,0.0280017,0,39,39
18640,1857,0.0180015,0,34,34
18640,1858,0.00800127,0,29,29
18640,1859,-0.00199895,0,24,24
18640,1860,-0.0119992,0,19,19
18640,1861,-0.0219994,0,14,14
18640,1862,-0.0319996,0,9,9
18640,1863,-0.0419998,0,4,4
