time,particle_id,x,y,mesh_index,mesh_index_original
23930,2383,0.0470027,0,48,48
23930,2384,0.0370025,0,43,43
23930,2385,0.0270022,0,38,38
23930,2386,0.0170019,0,33,33
23930,2387,0.00700161,0,28,28
23930,2388,-0.00299867,0,23,23
23930,2389,-0.012999,0,18,18
23930,2390,-0.0229992,0,13,13
23930,2391,-0.0329995,0,8,8
23930,2392,-0.0429998,0,3,3
