time,particle_id,x,y,mesh_index,mesh_index_original
87820,8772,0.0410094,0,45,45
87820,8773,0.0310084,0,40,40
87820,8774,0.0210074,0,35,35
87820,8775,0.0110063,0,30,30
87820,8776,0.00100529,0,25,25
87820,8777,-0.00899574,0,20,20
87820,8778,-0.0189968,0,15,15
87820,8779,-0.0289978,0,10,10
87820,8780,-0.0389989,0,5,5
87820,8781,-0.0489999,0,0,0
