time,particle_id,x,y,mesh_index,mesh_index_original
48110,4801,0.0450054,0,47,47
48110,4802,0.0350048,0,42,42
48110,4803,0.0250043,0,37,37
48110,4804,0.0150037,0,32,32
48110,4805,0.00500312,0,27,27
48110,4806,-0.00499744,0,22,22
48110,4807,-0.014998,0,17,17
48110,4808,-0.0249986,0,12,12
48110,4809,-0.0349991,0,7,7
48110,4810,-0.0449997,0,2,2
