time,particle_id,x,y,mesh_index,mesh_index_original
12940,1284,0.0480015,0,49,49
12940,1285,0.0380013,0,44,44
12940,1286,0.0280012,0,39,39
12940,1287,0.018001,0,34,34
12940,1288,0.00800088,0,29,29
12940,1289,-0.00199927,0,24,24
12940,1290,-0.0119994,0,19,19
12940,1291,-0.0219996,0,14,14
12940,1292,-0.0319997,0,9,9
12940,1293,-0.0419999,0,4,4
