time,particle_id,x,y,mesh_index,mesh_index_original
92400,9230,0.0400098,0,45,45
92400,9231,0.0300087,0,40,40
92400,9232,0.0200076,0,35,35
92400,9233,0.0100066,0,30,30
92400,9234,5.46023e-06,0,25,25
92400,9235,-0.00999563,0,20,20
92400,9236,-0.0199967,0,15,15
92400,9237,-0.0299978,0,10,10
92400,9238,-0.0399989,0,5,5
