time,particle_id,x,y,mesh_index,mesh_index_original
7840,774,0.0490009,0,49,49
7840,775,0.0390008,0,44,44
7840,776,0.0290007,0,39,39
7840,777,0.0190006,0,34,34
7840,778,0.00900054,0,29,29
7840,779,-0.00099955,0,24,24
7840,780,-0.0109996,0,19,19
7840,781,-0.0209997,0,14,14
7840,782,-0.0309998,0,9,9
7840,783,-0.0409999,0,4,4
