time,particle_id,x,y,mesh_index,mesh_index_original
34080,3398,0.0460039,0,48,48
34080,3399,0.0360035,0,43,43
34080,3400,0.0260031,0,38,38
34080,3401,0.0160027,0,33,33
34080,3402,0.00600225,0,28,28
34080,3403,-0.00399815,0,23,23
34080,3404,-0.0139986,0,18,18
34080,3405,-0.023999,0,13,13
34080,3406,-0.0339994,0,8,8
34080,3407,-0.0439998,0,3,3
