time,particle_id,x,y,mesh_index,mesh_index_original
53660,5356,0.044006,0,47,47
53660,5357,0.0340053,0,42,42
53660,5358,0.0240047,0,37,37
53660,5359,0.0140041,0,32,32
53660,5360,0.00400342,0,27,27
53660,5361,-0.00599721,0,22,22
53660,5362,-0.0159978,0,17,17
53660,5363,-0.0259985,0,12,12
53660,5364,-0.0359991,0,7,7
53660,5365,-0.0459997,0,2,2
