time,particle_id,x,y,mesh_index,mesh_index_original
29560,2946,0.0470034,0,48,48
29560,2947,0.037003,0,43,43
29560,2948,0.0270027,0,38,38
29560,2949,0.0170023,0,33,33
29560,2950,0.00700199,0,28,28
29560,2951,-0.00299836,0,23,23
29560,2952,-0.0129987,0,18,18
29560,2953,-0.0229991,0,13,13
29560,2954,-0.0329994,0,8,8
29560,2955,-0.0429998,0,3,3
