time,particle_id,x,y,mesh_index,mesh_index_original
32340,3224,0.0460037,0,48,48
32340,3225,0.0360033,0,43,43
32340,3226,0.0260029,0,38,38
32340,3227,0.0160025,0,33,33
32340,3228,0.00600214,0,28,28
32340,3229,-0.00399824,0,23,23
32340,3230,-0.0139986,0,18,18
32340,3231,-0.023999,0,13,13
32340,3232,-0.0339994,0,8,8
32340,3233,-0.0439998,0,3,3
