time,particle_id,x,y,mesh_index,mesh_index_original
64860,6476,0.0430071,0,46,46
64860,6477,0.0330064,0,41,41
64860,6478,0.0230056,0,36,36
64860,6479,0.0130048,0,31,31
64860,6480,0.00300406,0,26,26
64860,6481,-0.00699671,0,21,21
64860,6482,-0.0169975,0,16,16
64860,6483,-0.0269982,0,11,11
64860,6484,-0.036999,0,6,6
64860,6485,-0.0469998,0,1,1
