time,particle_id,x,y,mesh_index,mesh_index_original
89680,8958,0.0410096,0,45,45
89680,8959,0.0310086,0,40,40
89680,8960,0.0210075,0,35,35
89680,8961,0.0110065,0,30,30
89680,8962,0.00100541,0,25,25
89680,8963,-0.00899565,0,20,20
89680,8964,-0.0189967,0,15,15
89680,8965,-0.0289978,0,10,10
89680,8966,-0.0389988,0,5,5
89680,8967,-0.0489999,0,0,0
