time,particle_id,x,y,mesh_index,mesh_index_original
52990,5289,0.0440059,0,47,47
52990,5290,0.0340053,0,42,42
52990,5291,0.0240046,0,37,37
52990,5292,0.014004,0,32,32
52990,5293,0.00400338,0,27,27
52990,5294,-0.00599725,0,22,22
52990,5295,-0.0159979,0,17,17
52990,5296,-0.0259985,0,12,12
52990,5297,-0.0359991,0,7,7
52990,5298,-0.0459997,0,2,2
