time,particle_id,x,y,mesh_index,mesh_index_original
9170,907,0.0490011,0,49,49
9170,908,0.039001,0,44,44
9170,909,0.0290008,0,39,39
9170,910,0.0190007,0,34,34
9170,911,0.00900063,0,29,29
9170,912,-0.000999473,0,24,24
9170,913,-0.0109996,0,19,19
9170,914,-0.0209997,0,14,14
9170,915,-0.0309998,0,9,9
9170,916,-0.0409999,0,4,4
