time,particle_id,x,y,mesh_index,mesh_index_original
63970,6387,0.043007,0,46,46
63970,6388,0.0330063,0,41,41
63970,6389,0.0230055,0,36,36
63970,6390,0.0130048,0,31,31
63970,6391,0.00300401,0,26,26
63970,6392,-0.00699675,0,21,21
63970,6393,-0.0169975,0,16,16
63970,6394,-0.0269983,0,11,11
63970,6395,-0.036999,0,6,6
63970,6396,-0.0469998,0,1,1
