time,particle_id,x,y,mesh_index,mesh_index_original
44980,4488,0.045005,0,47,47
44980,4489,0.0350045,0,42,42
44980,4490,0.025004,0,37,37
44980,4491,0.0150035,0,32,32
44980,4492,0.00500292,0,27,27
44980,4493,-0.00499761,0,22,22
44980,4494,-0.0149981,0,17,17
44980,4495,-0.0249987,0,12,12
44980,4496,-0.0349992,0,7,7
44980,4497,-0.0449997,0,2,2
