time,particle_id,x,y,mesh_index,mesh_index_original
78030,7793,0.0420085,0,46,46
78030,7794,0.0320076,0,41,41
78030,7795,0.0220066,0,36,36
78030,7796,0.0120057,0,31,31
78030,7797,0.00200479,0,26,26
78030,7798,-0.00799613,0,21,21
78030,7799,-0.017997,0,16,16
78030,7800,-0.027998,0,11,11
78030,7801,-0.0379989,0,6,6
78030,7802,-0.0479998,0,1,1
