time,particle_id,x,y,mesh_index,mesh_index_original
83950,8385,0.041009,0,45,45
83950,8386,0.031008,0,40,40
83950,8387,0.021007,0,35,35
83950,8388,0.0110061,0,30,30
83950,8389,0.00100506,0,25,25
83950,8390,-0.00899593,0,20,20
83950,8391,-0.0189969,0,15,15
83950,8392,-0.0289979,0,10,10
83950,8393,-0.0389989,0,5,5
83950,8394,-0.0489999,0,0,0
