time,particle_id,x,y,mesh_index,mesh_index_original
63200,6310,0.0430069,0,46,46
63200,6311,0.0330062,0,41,41
63200,6312,0.0230054,0,36,36
63200,6313,0.0130047,0,31,31
63200,6314,0.00300396,0,26,26
63200,6315,-0.00699679,0,21,21
63200,6316,-0.0169975,0,16,16
63200,6317,-0.0269983,0,11,11
63200,6318,-0.036999,0,6,6
63200,6319,-0.0469998,0,1,1
