time,particle_id,x,y,mesh_index,mesh_index_original
73940,7384,0.042008,0,46,46
73940,7385,0.0320072,0,41,41
73940,7386,0.0220063,0,36,36
73940,7387,0.0120054,0,31,31
73940,7388,0.00200454,0,26,26
73940,7389,-0.00799633,0,21,21
73940,7390,-0.0179972,0,16,16
73940,7391,-0.0279981,0,11,11
73940,7392,-0.037999,0,6,6
73940,7393,-0.0479998,0,1,1
