time,particle_id,x,y,mesh_index,mesh_index_original
57840,5774,0.0440064,0,47,47
57840,5775,0.0340057,0,42,42
57840,5776,0.0240051,0,37,37
57840,5777,0.0140044,0,32,32
57840,5778,0.00400369,0,27,27
57840,5779,-0.00599699,0,22,22
57840,5780,-0.0159977,0,17,17
57840,5781,-0.0259984,0,12,12
57840,5782,-0.035999,0,7,7
57840,5783,-0.0459997,0,2,2
