time,particle_id,x,y,mesh_index,mesh_index_original
74610,7451,0.0420081,0,46,46
74610,7452,0.0320072,0,41,41
74610,7453,0.0220063,0,36,36
74610,7454,0.0120055,0,31,31
74610,7455,0.00200458,0,26,26
74610,7456,-0.0079963,0,21,21
74610,7457,-0.0179972,0,16,16
74610,7458,-0.0279981,0,11,11
74610,7459,-0.0379989,0,6,6
74610,7460,-0.0479998,0,1,1
