time,particle_id,x,y,mesh_index,mesh_index_original
20480,2038,0.0470023,0,48,48
20480,2039,0.0370021,0,43,43
20480,2040,0.0270019,0,38,38
20480,2041,0.0170016,0,33,33
20480,2042,0.00700138,0,28,28
20480,2043,-0.00299887,0,23,23
20480,2044,-0.0129991,0,18,18
20480,2045,-0.0229993,0,13,13
20480,2046,-0.0329996,0,8,8
20480,2047,-0.0429998,0,3,3
