time,particle_id,x,y,mesh_index,mesh_index_original
39990,3989,0.0460045,0,48,48
39990,3990,0.0360041,0,43,43
39990,3991,0.0260036,0,38,38
39990,3992,0.0160031,0,33,33
39990,3993,0.00600264,0,28,28
39990,3994,-0.00399783,0,23,23
39990,3995,-0.0139983,0,18,18
39990,3996,-0.0239988,0,13,13
39990,3997,-0.0339992,0,8,8
39990,3998,-0.0439997,0,3,3
