time,particle_id,x,y,mesh_index,mesh_index_original
28580,2848,0.0470033,0,48,48
28580,2849,0.0370029,0,43,43
28580,2850,0.0270026,0,38,38
28580,2851,0.0170023,0,33,33
28580,2852,0.00700192,0,28,28
28580,2853,-0.00299842,0,23,23
28580,2854,-0.0129988,0,18,18
28580,2855,-0.0229991,0,13,13
28580,2856,-0.0329994,0,8,8
28580,2857,-0.0429998,0,3,3
