time,particle_id,x,y,mesh_index,mesh_index_original
31410,3131,0.0460036,0,48,48
31410,3132,0.0360032,0,43,43
31410,3133,0.0260028,0,38,38
31410,3134,0.0160024,0,33,33
31410,3135,0.00600208,0,28,28
31410,3136,-0.0039983,0,23,23
31410,3137,-0.0139987,0,18,18
31410,3138,-0.023999,0,13,13
31410,3139,-0.0339994,0,8,8
31410,3140,-0.0439998,0,3,3
