time,particle_id,x,y,mesh_index,mesh_index_original
70920,7082,0.0420077,0,46,46
70920,7083,0.0320069,0,41,41
70920,7084,0.022006,0,36,36
70920,7085,0.0120052,0,31,31
70920,7086,0.00200436,0,26,26
70920,7087,-0.00799648,0,21,21
70920,7088,-0.0179973,0,16,16
70920,7089,-0.0279982,0,11,11
70920,7090,-0.037999,0,6,6
70920,7091,-0.0479998,0,1,1
