time,particle_id,x,y,mesh_index,mesh_index_original
79380,7928,0.0420086,0,46,46
79380,7929,0.0320077,0,41,41
79380,7930,0.0220068,0,36,36
79380,7931,0.0120058,0,31,31
79380,7932,0.00200488,0,26,26
79380,7933,-0.00799606,0,21,21
79380,7934,-0.017997,0,16,16
79380,7935,-0.0279979,0,11,11
79380,7936,-0.0379989,0,6,6
79380,7937,-0.0479998,0,1,1
