time,particle_id,x,y,mesh_index,mesh_index_original
99740,9964,0.0400106,0,45,45
99740,9965,0.0300094,0,40,40
99740,9966,0.0200083,0,35,35
99740,9967,0.0100071,0,30,30
99740,9968,5.89443e-06,0,25,25
99740,9969,-0.00999528,0,20,20
99740,9970,-0.0199965,0,15,15
99740,9971,-0.0299976,0,10,10
99740,9972,-0.0399988,0,5,5
