time,particle_id,x,y,mesh_index,mesh_index_original
43930,4383,0.0450049,0,47,47
43930,4384,0.0350044,0,42,42
43930,4385,0.0250039,0,37,37
43930,4386,0.0150034,0,32,32
43930,4387,0.00500285,0,27,27
43930,4388,-0.00499767,0,22,22
43930,4389,-0.0149982,0,17,17
43930,4390,-0.0249987,0,12,12
43930,4391,-0.0349992,0,7,7
43930,4392,-0.0449997,0,2,2
