time,particle_id,x,y,mesh_index,mesh_index_original
33130,3303,0.0460038,0,48,48
33130,3304,0.0360034,0,43,43
33130,3305,0.026003,0,38,38
33130,3306,0.0160026,0,33,33
33130,3307,0.00600219,0,28,28
33130,3308,-0.0039982,0,23,23
33130,3309,-0.0139986,0,18,18
33130,3310,-0.023999,0,13,13
33130,3311,-0.0339994,0,8,8
33130,3312,-0.0439998,0,3,3
