time,particle_id,x,y,mesh_index,mesh_index_original
39190,3909,0.0460044,0,48,48
39190,3910,0.036004,0,43,43
39190,3911,0.0260035,0,38,38
39190,3912,0.0160031,0,33,33
39190,3913,0.00600259,0,28,28
39190,3914,-0.00399787,0,23,23
39190,3915,-0.0139983,0,18,18
39190,3916,-0.0239988,0,13,13
39190,3917,-0.0339993,0,8,8
39190,3918,-0.0439997,0,3,3
