time,particle_id,x,y,mesh_index,mesh_index_original
23540,2344,0.0470027,0,48,48
23540,2345,0.0370024,0,43,43
23540,2346,0.0270021,0,38,38
23540,2347,0.0170019,0,33,33
23540,2348,0.00700158,0,28,28
23540,2349,-0.0029987,0,23,23
23540,2350,-0.012999,0,18,18
23540,2351,-0.0229993,0,13,13
23540,2352,-0.0329995,0,8,8
23540,2353,-0.0429998,0,3,3
