time,particle_id,x,y,mesh_index,mesh_index_original
39680,3958,0.0460045,0,48,48
39680,3959,0.036004,0,43,43
39680,3960,0.0260036,0,38,38
39680,3961,0.0160031,0,33,33
39680,3962,0.00600262,0,28,28
39680,3963,-0.00399785,0,23,23
39680,3964,-0.0139983,0,18,18
39680,3965,-0.0239988,0,13,13
39680,3966,-0.0339993,0,8,8
39680,3967,-0.0439997,0,3,3
