time,particle_id,x,y,mesh_index,mesh_index_original
68600,6850,0.0430075,0,46,46
68600,6851,0.0330067,0,41,41
68600,6852,0.0230059,0,36,36
68600,6853,0.0130051,0,31,31
68600,6854,0.0030043,0,26,26
68600,6855,-0.00699651,0,21,21
68600,6856,-0.0169973,0,16,16
68600,6857,-0.0269981,0,11,11
68600,6858,-0.0369989,0,6,6
68600,6859,-0.0469998,0,1,1
