time,particle_id,x,y,mesh_index,mesh_index_original
79040,7894,0.0420086,0,46,46
79040,7895,0.0320077,0,41,41
79040,7896,0.0220067,0,36,36
79040,7897,0.0120058,0,31,31
79040,7898,0.00200486,0,26,26
79040,7899,-0.00799608,0,21,21
79040,7900,-0.017997,0,16,16
79040,7901,-0.0279979,0,11,11
79040,7902,-0.0379989,0,6,6
79040,7903,-0.0479998,0,1,1
