time,particle_id,x,y,mesh_index,mesh_index_original
76340,7624,0.0420083,0,46,46
76340,7625,0.0320074,0,41,41
76340,7626,0.0220065,0,36,36
76340,7627,0.0120056,0,31,31
76340,7628,0.00200469,0,26,26
76340,7629,-0.00799621,0,21,21
76340,7630,-0.0179971,0,16,16
76340,7631,-0.027998,0,11,11
76340,7632,-0.0379989,0,6,6
76340,7633,-0.0479998,0,1,1
