time,particle_id,x,y,mesh_index,mesh_index_original
97770,9767,0.0400104,0,45,45
97770,9768,0.0300092,0,40,40
97770,9769,0.0200081,0,35,35
97770,9770,0.0100069,0,30,30
97770,9771,5.77789e-06,0,25,25
97770,9772,-0.00999538,0,20,20
97770,9773,-0.0199965,0,15,15
97770,9774,-0.0299977,0,10,10
97770,9775,-0.0399988,0,5,5
