time,particle_id,x,y,mesh_index,mesh_index_original
89460,8936,0.0410096,0,45,45
89460,8937,0.0310086,0,40,40
89460,8938,0.0210075,0,35,35
89460,8939,0.0110064,0,30,30
89460,8940,0.00100539,0,25,25
89460,8941,-0.00899567,0,20,20
89460,8942,-0.0189967,0,15,15
89460,8943,-0.0289978,0,10,10
89460,8944,-0.0389988,0,5,5
89460,8945,-0.0489999,0,0,0
