time,particle_id,x,y,mesh_index,mesh_index_original
96640,9654,0.0400103,0,45,45
96640,9655,0.0300091,0,40,40
96640,9656,0.020008,0,35,35
96640,9657,0.0100069,0,30,30
96640,9658,5.71105e-06,0,25,25
96640,9659,-0.00999543,0,20,20
96640,9660,-0.0199966,0,15,15
96640,9661,-0.0299977,0,10,10
96640,9662,-0.0399989,0,5,5
