time,particle_id,x,y,mesh_index,mesh_index_original
44940,4484,0.045005,0,47,47
44940,4485,0.0350045,0,42,42
44940,4486,0.025004,0,37,37
44940,4487,0.0150034,0,32,32
44940,4488,0.00500292,0,27,27
44940,4489,-0.00499761,0,22,22
44940,4490,-0.0149981,0,17,17
44940,4491,-0.0249987,0,12,12
44940,4492,-0.0349992,0,7,7
44940,4493,-0.0449997,0,2,2
