time,particle_id,x,y,mesh_index,mesh_index_original
2710,261,0.0490003,0,49,49
2710,262,0.0390003,0,44,44
2710,263,0.0290002,0,39,39
2710,264,0.0190002,0,34,34
2710,265,0.00900018,0,29,29
2710,266,-0.000999848,0,24,24
2710,267,-0.0109999,0,19,19
2710,268,-0.0209999,0,14,14
2710,269,-0.0309999,0,9,9
2710,270,-0.041,0,4,4
