time,particle_id,x,y,mesh_index,mesh_index_original
44220,4412,0.045005,0,47,47
44220,4413,0.0350044,0,42,42
44220,4414,0.0250039,0,37,37
44220,4415,0.0150034,0,32,32
44220,4416,0.00500287,0,27,27
44220,4417,-0.00499765,0,22,22
44220,4418,-0.0149982,0,17,17
44220,4419,-0.0249987,0,12,12
44220,4420,-0.0349992,0,7,7
44220,4421,-0.0449997,0,2,2
