time,particle_id,x,y,mesh_index,mesh_index_original
24560,2446,0.0470028,0,48,48
24560,2447,0.0370025,0,43,43
24560,2448,0.0270022,0,38,38
24560,2449,0.0170019,0,33,33
24560,2450,0.00700165,0,28,28
24560,2451,-0.00299864,0,23,23
24560,2452,-0.0129989,0,18,18
24560,2453,-0.0229992,0,13,13
24560,2454,-0.0329995,0,8,8
24560,2455,-0.0429998,0,3,3
