time,particle_id,x,y,mesh_index,mesh_index_original
77120,7702,0.0420084,0,46,46
77120,7703,0.0320075,0,41,41
77120,7704,0.0220066,0,36,36
77120,7705,0.0120056,0,31,31
77120,7706,0.00200474,0,26,26
77120,7707,-0.00799617,0,21,21
77120,7708,-0.0179971,0,16,16
77120,7709,-0.027998,0,11,11
77120,7710,-0.0379989,0,6,6
77120,7711,-0.0479998,0,1,1
