time,particle_id,x,y,mesh_index,mesh_index_original
12800,1270,0.0480015,0,49,49
12800,1271,0.0380013,0,44,44
12800,1272,0.0280012,0,39,39
12800,1273,0.018001,0,34,34
12800,1274,0.00800087,0,29,29
12800,1275,-0.00199928,0,24,24
12800,1276,-0.0119994,0,19,19
12800,1277,-0.0219996,0,14,14
12800,1278,-0.0319997,0,9,9
12800,1279,-0.0419999,0,4,4
