time,particle_id,x,y,mesh_index,mesh_index_original
14230,1413,0.0480016,0,49,49
14230,1414,0.0380015,0,44,44
14230,1415,0.0280013,0,39,39
14230,1416,0.0180011,0,34,34
14230,1417,0.00800097,0,29,29
14230,1418,-0.0019992,0,24,24
14230,1419,-0.0119994,0,19,19
14230,1420,-0.0219995,0,14,14
14230,1421,-0.0319997,0,9,9
14230,1422,-0.0419999,0,4,4
