time,particle_id,x,y,mesh_index,mesh_index_original
33300,3320,0.0460038,0,48,48
33300,3321,0.0360034,0,43,43
33300,3322,0.026003,0,38,38
33300,3323,0.0160026,0,33,33
33300,3324,0.0060022,0,28,28
33300,3325,-0.00399819,0,23,23
33300,3326,-0.0139986,0,18,18
33300,3327,-0.023999,0,13,13
33300,3328,-0.0339994,0,8,8
33300,3329,-0.0439998,0,3,3
