time,particle_id,x,y,mesh_index,mesh_index_original
23110,2301,0.0470026,0,48,48
23110,2302,0.0370024,0,43,43
23110,2303,0.0270021,0,38,38
23110,2304,0.0170018,0,33,33
23110,2305,0.00700155,0,28,28
23110,2306,-0.00299872,0,23,23
23110,2307,-0.012999,0,18,18
23110,2308,-0.0229993,0,13,13
23110,2309,-0.0329995,0,8,8
23110,2310,-0.0429998,0,3,3
