time,particle_id,x,y,mesh_index,mesh_index_original
46050,4595,0.0450052,0,47,47
46050,4596,0.0350046,0,42,42
46050,4597,0.0250041,0,37,37
46050,4598,0.0150035,0,32,32
46050,4599,0.00500299,0,27,27
46050,4600,-0.00499755,0,22,22
46050,4601,-0.0149981,0,17,17
46050,4602,-0.0249986,0,12,12
46050,4603,-0.0349992,0,7,7
46050,4604,-0.0449997,0,2,2
