time,particle_id,x,y,mesh_index,mesh_index_original
62800,6270,0.0430069,0,46,46
62800,6271,0.0330062,0,41,41
62800,6272,0.0230054,0,36,36
62800,6273,0.0130047,0,31,31
62800,6274,0.00300393,0,26,26
62800,6275,-0.00699681,0,21,21
62800,6276,-0.0169976,0,16,16
62800,6277,-0.0269983,0,11,11
62800,6278,-0.036999,0,6,6
62800,6279,-0.0469998,0,1,1
