time,particle_id,x,y,mesh_index,mesh_index_original
72190,7209,0.0420078,0,46,46
72190,7210,0.032007,0,41,41
72190,7211,0.0220061,0,36,36
72190,7212,0.0120053,0,31,31
72190,7213,0.00200444,0,26,26
72190,7214,-0.00799642,0,21,21
72190,7215,-0.0179973,0,16,16
72190,7216,-0.0279981,0,11,11
72190,7217,-0.037999,0,6,6
72190,7218,-0.0479998,0,1,1
