time,particle_id,x,y,mesh_index,mesh_index_original
18170,1807,0.0480021,0,49,49
18170,1808,0.0380019,0,44,44
18170,1809,0.0280017,0,39,39
18170,1810,0.0180015,0,34,34
18170,1811,0.00800124,0,29,29
18170,1812,-0.00199897,0,24,24
18170,1813,-0.0119992,0,19,19
18170,1814,-0.0219994,0,14,14
18170,1815,-0.0319996,0,9,9
18170,1816,-0.0419998,0,4,4
