time,particle_id,x,y,mesh_index,mesh_index_original
66800,6670,0.0430073,0,46,46
66800,6671,0.0330065,0,41,41
66800,6672,0.0230058,0,36,36
66800,6673,0.013005,0,31,31
66800,6674,0.00300418,0,26,26
66800,6675,-0.00699661,0,21,21
66800,6676,-0.0169974,0,16,16
66800,6677,-0.0269982,0,11,11
66800,6678,-0.036999,0,6,6
66800,6679,-0.0469998,0,1,1
