time,particle_id,x,y,mesh_index,mesh_index_original
35530,3543,0.046004,0,48,48
35530,3544,0.0360036,0,43,43
35530,3545,0.0260032,0,38,38
35530,3546,0.0160028,0,33,33
35530,3547,0.00600235,0,28,28
35530,3548,-0.00399807,0,23,23
35530,3549,-0.0139985,0,18,18
35530,3550,-0.0239989,0,13,13
35530,3551,-0.0339993,0,8,8
35530,3552,-0.0439997,0,3,3
