time,particle_id,x,y,mesh_index,mesh_index_original
40500,4040,0.0450045,0,47,47
40500,4041,0.0350041,0,42,42
40500,4042,0.0250036,0,37,37
40500,4043,0.0150031,0,32,32
40500,4044,0.00500263,0,27,27
40500,4045,-0.00499785,0,22,22
40500,4046,-0.0149983,0,17,17
40500,4047,-0.0249988,0,12,12
40500,4048,-0.0349993,0,7,7
40500,4049,-0.0449998,0,2,2
