time,particle_id,x,y,mesh_index,mesh_index_original
21380,2128,0.0470024,0,48,48
21380,2129,0.0370022,0,43,43
21380,2130,0.0270019,0,38,38
21380,2131,0.0170017,0,33,33
21380,2132,0.00700144,0,28,28
21380,2133,-0.00299882,0,23,23
21380,2134,-0.0129991,0,18,18
21380,2135,-0.0229993,0,13,13
21380,2136,-0.0329996,0,8,8
21380,2137,-0.0429998,0,3,3
