time,particle_id,x,y,mesh_index,mesh_index_original
93040,9294,0.0400099,0,45,45
93040,9295,0.0300088,0,40,40
93040,9296,0.0200077,0,35,35
93040,9297,0.0100066,0,30,30
93040,9298,5.49809e-06,0,25,25
93040,9299,-0.0099956,0,20,20
93040,9300,-0.0199967,0,15,15
93040,9301,-0.0299978,0,10,10
93040,9302,-0.0399989,0,5,5
