time,particle_id,x,y,mesh_index,mesh_index_original
80660,8056,0.0410087,0,45,45
80660,8057,0.0310077,0,40,40
80660,8058,0.0210068,0,35,35
80660,8059,0.0110058,0,30,30
80660,8060,0.00100486,0,25,25
80660,8061,-0.00899609,0,20,20
80660,8062,-0.018997,0,15,15
80660,8063,-0.028998,0,10,10
80660,8064,-0.038999,0,5,5
80660,8065,-0.0489999,0,0,0
