time,particle_id,x,y,mesh_index,mesh_index_original
30420,3032,0.0460034,0,48,48
30420,3033,0.0360031,0,43,43
30420,3034,0.0260027,0,38,38
30420,3035,0.0160024,0,33,33
30420,3036,0.00600201,0,28,28
30420,3037,-0.00399835,0,23,23
30420,3038,-0.0139987,0,18,18
30420,3039,-0.0239991,0,13,13
30420,3040,-0.0339994,0,8,8
30420,3041,-0.0439998,0,3,3
