time,particle_id,x,y,mesh_index,mesh_index_original
71660,7156,0.0420078,0,46,46
71660,7157,0.0320069,0,41,41
71660,7158,0.0220061,0,36,36
71660,7159,0.0120052,0,31,31
71660,7160,0.0020044,0,26,26
71660,7161,-0.00799644,0,21,21
71660,7162,-0.0179973,0,16,16
71660,7163,-0.0279981,0,11,11
71660,7164,-0.037999,0,6,6
71660,7165,-0.0479998,0,1,1
