time,particle_id,x,y,mesh_index,mesh_index_original
58570,5847,0.0440065,0,47,47
58570,5848,0.0340058,0,42,42
58570,5849,0.0240051,0,37,37
58570,5850,0.0140044,0,32,32
58570,5851,0.00400374,0,27,27
58570,5852,-0.00599696,0,22,22
58570,5853,-0.0159976,0,17,17
58570,5854,-0.0259983,0,12,12
58570,5855,-0.035999,0,7,7
58570,5856,-0.0459997,0,2,2
