time,particle_id,x,y,mesh_index,mesh_index_original
58440,5834,0.0440065,0,47,47
58440,5835,0.0340058,0,42,42
58440,5836,0.0240051,0,37,37
58440,5837,0.0140044,0,32,32
58440,5838,0.00400373,0,27,27
58440,5839,-0.00599696,0,22,22
58440,5840,-0.0159977,0,17,17
58440,5841,-0.0259983,0,12,12
58440,5842,-0.035999,0,7,7
58440,5843,-0.0459997,0,2,2
