time,particle_id,x,y,mesh_index,mesh_index_original
89080,8898,0.0410096,0,45,45
89080,8899,0.0310085,0,40,40
89080,8900,0.0210075,0,35,35
89080,8901,0.0110064,0,30,30
89080,8902,0.00100537,0,25,25
89080,8903,-0.00899568,0,20,20
89080,8904,-0.0189967,0,15,15
89080,8905,-0.0289978,0,10,10
89080,8906,-0.0389988,0,5,5
89080,8907,-0.0489999,0,0,0
