time,particle_id,x,y,mesh_index,mesh_index_original
55180,5508,0.0440061,0,47,47
55180,5509,0.0340055,0,42,42
55180,5510,0.0240048,0,37,37
55180,5511,0.0140042,0,32,32
55180,5512,0.00400352,0,27,27
55180,5513,-0.00599713,0,22,22
55180,5514,-0.0159978,0,17,17
55180,5515,-0.0259984,0,12,12
55180,5516,-0.0359991,0,7,7
55180,5517,-0.0459997,0,2,2
