time,particle_id,x,y,mesh_index,mesh_index_original
25490,2539,0.0470029,0,48,48
25490,2540,0.0370026,0,43,43
25490,2541,0.0270023,0,38,38
25490,2542,0.017002,0,33,33
25490,2543,0.00700171,0,28,28
25490,2544,-0.00299859,0,23,23
25490,2545,-0.0129989,0,18,18
25490,2546,-0.0229992,0,13,13
25490,2547,-0.0329995,0,8,8
25490,2548,-0.0429998,0,3,3
