time,particle_id,x,y,mesh_index,mesh_index_original
94200,9410,0.04001,0,45,45
94200,9411,0.0300089,0,40,40
94200,9412,0.0200078,0,35,35
94200,9413,0.0100067,0,30,30
94200,9414,5.56671e-06,0,25,25
94200,9415,-0.00999555,0,20,20
94200,9416,-0.0199967,0,15,15
94200,9417,-0.0299978,0,10,10
94200,9418,-0.0399989,0,5,5
