time,particle_id,x,y,mesh_index,mesh_index_original
38770,3867,0.0460044,0,48,48
38770,3868,0.0360039,0,43,43
38770,3869,0.0260035,0,38,38
38770,3870,0.016003,0,33,33
38770,3871,0.00600256,0,28,28
38770,3872,-0.00399789,0,23,23
38770,3873,-0.0139984,0,18,18
38770,3874,-0.0239988,0,13,13
38770,3875,-0.0339993,0,8,8
38770,3876,-0.0439997,0,3,3
