time,particle_id,x,y,mesh_index,mesh_index_original
92210,9211,0.0400098,0,45,45
92210,9212,0.0300087,0,40,40
92210,9213,0.0200076,0,35,35
92210,9214,0.0100065,0,30,30
92210,9215,5.44899e-06,0,25,25
92210,9216,-0.00999564,0,20,20
92210,9217,-0.0199967,0,15,15
92210,9218,-0.0299978,0,10,10
92210,9219,-0.0399989,0,5,5
