time,particle_id,x,y,mesh_index,mesh_index_original
80260,8016,0.0410086,0,45,45
80260,8017,0.0310077,0,40,40
80260,8018,0.0210067,0,35,35
80260,8019,0.0110058,0,30,30
80260,8020,0.00100484,0,25,25
80260,8021,-0.00899611,0,20,20
80260,8022,-0.0189971,0,15,15
80260,8023,-0.028998,0,10,10
80260,8024,-0.038999,0,5,5
80260,8025,-0.0489999,0,0,0
