time,particle_id,x,y,mesh_index,mesh_index_original
26960,2686,0.0470031,0,48,48
26960,2687,0.0370028,0,43,43
26960,2688,0.0270024,0,38,38
26960,2689,0.0170021,0,33,33
26960,2690,0.00700181,0,28,28
26960,2691,-0.00299851,0,23,23
26960,2692,-0.0129988,0,18,18
26960,2693,-0.0229991,0,13,13
26960,2694,-0.0329995,0,8,8
26960,2695,-0.0429998,0,3,3
