time,particle_id,x,y,mesh_index,mesh_index_original
11640,1154,0.0480013,0,49,49
11640,1155,0.0380012,0,44,44
11640,1156,0.0280011,0,39,39
11640,1157,0.0180009,0,34,34
11640,1158,0.00800079,0,29,29
11640,1159,-0.00199934,0,24,24
11640,1160,-0.0119995,0,19,19
11640,1161,-0.0219996,0,14,14
11640,1162,-0.0319998,0,9,9
11640,1163,-0.0419999,0,4,4
