time,particle_id,x,y,mesh_index,mesh_index_original
1670,157,0.0490002,0,49,49
1670,158,0.0390002,0,44,44
1670,159,0.0290001,0,39,39
1670,160,0.0190001,0,34,34
1670,161,0.00900011,0,29,29
1670,162,-0.000999908,0,24,24
1670,163,-0.0109999,0,19,19
1670,164,-0.0209999,0,14,14
1670,165,-0.031,0,9,9
1670,166,-0.041,0,4,4
