time,particle_id,x,y,mesh_index,mesh_index_original
71580,7148,0.0420078,0,46,46
71580,7149,0.0320069,0,41,41
71580,7150,0.0220061,0,36,36
71580,7151,0.0120052,0,31,31
71580,7152,0.0020044,0,26,26
71580,7153,-0.00799645,0,21,21
71580,7154,-0.0179973,0,16,16
71580,7155,-0.0279981,0,11,11
71580,7156,-0.037999,0,6,6
71580,7157,-0.0479998,0,1,1
