time,particle_id,x,y,mesh_index,mesh_index_original
42820,4272,0.0450048,0,47,47
42820,4273,0.0350043,0,42,42
42820,4274,0.0250038,0,37,37
42820,4275,0.0150033,0,32,32
42820,4276,0.00500278,0,27,27
42820,4277,-0.00499773,0,22,22
42820,4278,-0.0149982,0,17,17
42820,4279,-0.0249987,0,12,12
42820,4280,-0.0349992,0,7,7
42820,4281,-0.0449997,0,2,2
