time,particle_id,x,y,mesh_index,mesh_index_original
92710,9261,0.0400099,0,45,45
92710,9262,0.0300088,0,40,40
92710,9263,0.0200077,0,35,35
92710,9264,0.0100066,0,30,30
92710,9265,5.47857e-06,0,25,25
92710,9266,-0.00999562,0,20,20
92710,9267,-0.0199967,0,15,15
92710,9268,-0.0299978,0,10,10
92710,9269,-0.0399989,0,5,5
