time,particle_id,x,y,mesh_index,mesh_index_original
14790,1469,0.0480017,0,49,49
14790,1470,0.0380015,0,44,44
14790,1471,0.0280014,0,39,39
14790,1472,0.0180012,0,34,34
14790,1473,0.00800101,0,29,29
14790,1474,-0.00199916,0,24,24
14790,1475,-0.0119993,0,19,19
14790,1476,-0.0219995,0,14,14
14790,1477,-0.0319997,0,9,9
14790,1478,-0.0419999,0,4,4
