time,particle_id,x,y,mesh_index,mesh_index_original
29600,2950,0.0470034,0,48,48
29600,2951,0.037003,0,43,43
29600,2952,0.0270027,0,38,38
29600,2953,0.0170023,0,33,33
29600,2954,0.00700199,0,28,28
29600,2955,-0.00299836,0,23,23
29600,2956,-0.0129987,0,18,18
29600,2957,-0.0229991,0,13,13
29600,2958,-0.0329994,0,8,8
29600,2959,-0.0429998,0,3,3
