time,particle_id,x,y,mesh_index,mesh_index_original
50080,4998,0.0450056,0,47,47
50080,4999,0.035005,0,42,42
50080,5000,0.0240044,0,37,37
50080,5001,0.0140038,0,32,32
50080,5002,0.00400319,0,27,27
50080,5003,-0.0059974,0,22,22
50080,5004,-0.015998,0,17,17
50080,5005,-0.0259986,0,12,12
50080,5006,-0.0359992,0,7,7
50080,5007,-0.0459998,0,2,2
