time,particle_id,x,y,mesh_index,mesh_index_original
12580,1248,0.0480014,0,49,49
12580,1249,0.0380013,0,44,44
12580,1250,0.0280012,0,39,39
12580,1251,0.018001,0,34,34
12580,1252,0.00800086,0,29,29
12580,1253,-0.00199929,0,24,24
12580,1254,-0.0119994,0,19,19
12580,1255,-0.0219996,0,14,14
12580,1256,-0.0319997,0,9,9
12580,1257,-0.0419999,0,4,4
