time,particle_id,x,y,mesh_index,mesh_index_original
45240,4514,0.0450051,0,47,47
45240,4515,0.0350045,0,42,42
45240,4516,0.025004,0,37,37
45240,4517,0.0150035,0,32,32
45240,4518,0.00500294,0,27,27
45240,4519,-0.0049976,0,22,22
45240,4520,-0.0149981,0,17,17
45240,4521,-0.0249987,0,12,12
45240,4522,-0.0349992,0,7,7
45240,4523,-0.0449997,0,2,2
