time,particle_id,x,y,mesh_index,mesh_index_original
12380,1228,0.0480014,0,49,49
12380,1229,0.0380013,0,44,44
12380,1230,0.0280011,0,39,39
12380,1231,0.018001,0,34,34
12380,1232,0.00800084,0,29,29
12380,1233,-0.0019993,0,24,24
12380,1234,-0.0119994,0,19,19
12380,1235,-0.0219996,0,14,14
12380,1236,-0.0319997,0,9,9
12380,1237,-0.0419999,0,4,4
