time,particle_id,x,y,mesh_index,mesh_index_original
38310,3821,0.0460043,0,48,48
38310,3822,0.0360039,0,43,43
38310,3823,0.0260034,0,38,38
38310,3824,0.016003,0,33,33
38310,3825,0.00600253,0,28,28
38310,3826,-0.00399792,0,23,23
38310,3827,-0.0139984,0,18,18
38310,3828,-0.0239988,0,13,13
38310,3829,-0.0339993,0,8,8
38310,3830,-0.0439997,0,3,3
