time,particle_id,x,y,mesh_index,mesh_index_original
19220,1912,0.0480022,0,49,49
19220,1913,0.038002,0,44,44
19220,1914,0.0280018,0,39,39
19220,1915,0.0180015,0,34,34
19220,1916,0.00800131,0,29,29
19220,1917,-0.00199891,0,24,24
19220,1918,-0.0119991,0,19,19
19220,1919,-0.0219994,0,14,14
19220,1920,-0.0319996,0,9,9
19220,1921,-0.0419998,0,4,4
