time,particle_id,x,y,mesh_index,mesh_index_original
69820,6972,0.0430077,0,46,46
69820,6973,0.0330068,0,41,41
69820,6974,0.023006,0,36,36
69820,6975,0.0130052,0,31,31
69820,6976,0.00300437,0,26,26
69820,6977,-0.00699645,0,21,21
69820,6978,-0.0169973,0,16,16
69820,6979,-0.0269981,0,11,11
69820,6980,-0.0369989,0,6,6
69820,6981,-0.0469998,0,1,1
