time,particle_id,x,y,mesh_index,mesh_index_original
19030,1893,0.0480022,0,49,49
19030,1894,0.038002,0,44,44
19030,1895,0.0280017,0,39,39
19030,1896,0.0180015,0,34,34
19030,1897,0.0080013,0,29,29
19030,1898,-0.00199892,0,24,24
19030,1899,-0.0119991,0,19,19
19030,1900,-0.0219994,0,14,14
19030,1901,-0.0319996,0,9,9
19030,1902,-0.0419998,0,4,4
