time,particle_id,x,y,mesh_index,mesh_index_original
42430,4233,0.0450048,0,47,47
42430,4234,0.0350043,0,42,42
42430,4235,0.0250038,0,37,37
42430,4236,0.0150033,0,32,32
42430,4237,0.00500275,0,27,27
42430,4238,-0.00499775,0,22,22
42430,4239,-0.0149982,0,17,17
42430,4240,-0.0249987,0,12,12
42430,4241,-0.0349992,0,7,7
42430,4242,-0.0449997,0,2,2
