time,particle_id,x,y,mesh_index,mesh_index_original
48600,4850,0.0450055,0,47,47
48600,4851,0.0350049,0,42,42
48600,4852,0.0250043,0,37,37
48600,4853,0.0150037,0,32,32
48600,4854,0.00500316,0,27,27
48600,4855,-0.00499742,0,22,22
48600,4856,-0.014998,0,17,17
48600,4857,-0.0249986,0,12,12
48600,4858,-0.0349991,0,7,7
48600,4859,-0.0449997,0,2,2
