time,particle_id,x,y,mesh_index,mesh_index_original
76570,7647,0.0420083,0,46,46
76570,7648,0.0320074,0,41,41
76570,7649,0.0220065,0,36,36
76570,7650,0.0120056,0,31,31
76570,7651,0.0020047,0,26,26
76570,7652,-0.0079962,0,21,21
76570,7653,-0.0179971,0,16,16
76570,7654,-0.027998,0,11,11
76570,7655,-0.0379989,0,6,6
76570,7656,-0.0479998,0,1,1
