time,particle_id,x,y,mesh_index,mesh_index_original
84450,8435,0.0410091,0,45,45
84450,8436,0.0310081,0,40,40
84450,8437,0.0210071,0,35,35
84450,8438,0.0110061,0,30,30
84450,8439,0.00100509,0,25,25
84450,8440,-0.00899591,0,20,20
84450,8441,-0.0189969,0,15,15
84450,8442,-0.0289979,0,10,10
84450,8443,-0.0389989,0,5,5
84450,8444,-0.0489999,0,0,0
