time,particle_id,x,y,mesh_index,mesh_index_original
71950,7185,0.0420078,0,46,46
71950,7186,0.032007,0,41,41
71950,7187,0.0220061,0,36,36
71950,7188,0.0120053,0,31,31
71950,7189,0.00200442,0,26,26
71950,7190,-0.00799643,0,21,21
71950,7191,-0.0179973,0,16,16
71950,7192,-0.0279981,0,11,11
71950,7193,-0.037999,0,6,6
71950,7194,-0.0479998,0,1,1
