time,particle_id,x,y,mesh_index,mesh_index_original
33410,3331,0.0460038,0,48,48
33410,3332,0.0360034,0,43,43
33410,3333,0.026003,0,38,38
33410,3334,0.0160026,0,33,33
33410,3335,0.00600221,0,28,28
33410,3336,-0.00399819,0,23,23
33410,3337,-0.0139986,0,18,18
33410,3338,-0.023999,0,13,13
33410,3339,-0.0339994,0,8,8
33410,3340,-0.0439998,0,3,3
