time,particle_id,x,y,mesh_index,mesh_index_original
79130,7903,0.0420086,0,46,46
79130,7904,0.0320077,0,41,41
79130,7905,0.0220067,0,36,36
79130,7906,0.0120058,0,31,31
79130,7907,0.00200486,0,26,26
79130,7908,-0.00799607,0,21,21
79130,7909,-0.017997,0,16,16
79130,7910,-0.0279979,0,11,11
79130,7911,-0.0379989,0,6,6
79130,7912,-0.0479998,0,1,1
