time,particle_id,x,y,mesh_index,mesh_index_original
43690,4359,0.0450049,0,47,47
43690,4360,0.0350044,0,42,42
43690,4361,0.0250039,0,37,37
43690,4362,0.0150034,0,32,32
43690,4363,0.00500284,0,27,27
43690,4364,-0.00499768,0,22,22
43690,4365,-0.0149982,0,17,17
43690,4366,-0.0249987,0,12,12
43690,4367,-0.0349992,0,7,7
43690,4368,-0.0449997,0,2,2
