time,particle_id,x,y,mesh_index,mesh_index_original
90310,9021,0.0400096,0,45,45
90310,9022,0.0300085,0,40,40
90310,9023,0.0200075,0,35,35
90310,9024,0.0100064,0,30,30
90310,9025,5.33659e-06,0,25,25
90310,9026,-0.00999573,0,20,20
90310,9027,-0.0199968,0,15,15
90310,9028,-0.0299979,0,10,10
90310,9029,-0.0399989,0,5,5
