time,particle_id,x,y,mesh_index,mesh_index_original
15810,1571,0.0480018,0,49,49
15810,1572,0.0380016,0,44,44
15810,1573,0.0280015,0,39,39
15810,1574,0.0180013,0,34,34
15810,1575,0.00800108,0,29,29
15810,1576,-0.00199911,0,24,24
15810,1577,-0.0119993,0,19,19
15810,1578,-0.0219995,0,14,14
15810,1579,-0.0319997,0,9,9
15810,1580,-0.0419999,0,4,4
