time,particle_id,x,y,mesh_index,mesh_index_original
92470,9237,0.0400098,0,45,45
92470,9238,0.0300087,0,40,40
92470,9239,0.0200076,0,35,35
92470,9240,0.0100066,0,30,30
92470,9241,5.46437e-06,0,25,25
92470,9242,-0.00999563,0,20,20
92470,9243,-0.0199967,0,15,15
92470,9244,-0.0299978,0,10,10
92470,9245,-0.0399989,0,5,5
