time,particle_id,x,y,mesh_index,mesh_index_original
9260,916,0.0490011,0,49,49
9260,917,0.039001,0,44,44
9260,918,0.0290009,0,39,39
9260,919,0.0190007,0,34,34
9260,920,0.00900064,0,29,29
9260,921,-0.000999468,0,24,24
9260,922,-0.0109996,0,19,19
9260,923,-0.0209997,0,14,14
9260,924,-0.0309998,0,9,9
9260,925,-0.0409999,0,4,4
