time,particle_id,x,y,mesh_index,mesh_index_original
83770,8367,0.041009,0,45,45
83770,8368,0.031008,0,40,40
83770,8369,0.021007,0,35,35
83770,8370,0.011006,0,30,30
83770,8371,0.00100505,0,25,25
83770,8372,-0.00899594,0,20,20
83770,8373,-0.0189969,0,15,15
83770,8374,-0.0289979,0,10,10
83770,8375,-0.0389989,0,5,5
83770,8376,-0.0489999,0,0,0
