time,particle_id,x,y,mesh_index,mesh_index_original
72990,7289,0.0420079,0,46,46
72990,7290,0.0320071,0,41,41
72990,7291,0.0220062,0,36,36
72990,7292,0.0120053,0,31,31
72990,7293,0.00200448,0,26,26
72990,7294,-0.00799638,0,21,21
72990,7295,-0.0179972,0,16,16
72990,7296,-0.0279981,0,11,11
72990,7297,-0.037999,0,6,6
72990,7298,-0.0479998,0,1,1
