time,particle_id,x,y,mesh_index,mesh_index_original
40140,4004,0.0450045,0,47,47
40140,4005,0.035004,0,42,42
40140,4006,0.0250036,0,37,37
40140,4007,0.0150031,0,32,32
40140,4008,0.00500261,0,27,27
40140,4009,-0.00499787,0,22,22
40140,4010,-0.0149983,0,17,17
40140,4011,-0.0249988,0,12,12
40140,4012,-0.0349993,0,7,7
40140,4013,-0.0449998,0,2,2
