time,particle_id,x,y,mesh_index,mesh_index_original
13840,1374,0.0480016,0,49,49
13840,1375,0.0380014,0,44,44
13840,1376,0.0280013,0,39,39
13840,1377,0.0180011,0,34,34
13840,1378,0.00800094,0,29,29
13840,1379,-0.00199922,0,24,24
13840,1380,-0.0119994,0,19,19
13840,1381,-0.0219995,0,14,14
13840,1382,-0.0319997,0,9,9
13840,1383,-0.0419999,0,4,4
