time,particle_id,x,y,mesh_index,mesh_index_original
49830,4973,0.0450056,0,47,47
49830,4974,0.035005,0,42,42
49830,4975,0.0250044,0,37,37
49830,4976,0.0150038,0,32,32
49830,4977,0.00500324,0,27,27
49830,4978,-0.00499735,0,22,22
49830,4979,-0.0149979,0,17,17
49830,4980,-0.0249985,0,12,12
49830,4981,-0.0349991,0,7,7
49830,4982,-0.0449997,0,2,2
