time,particle_id,x,y,mesh_index,mesh_index_original
55280,5518,0.0440061,0,47,47
55280,5519,0.0340055,0,42,42
55280,5520,0.0240048,0,37,37
55280,5521,0.0140042,0,32,32
55280,5522,0.00400353,0,27,27
55280,5523,-0.00599713,0,22,22
55280,5524,-0.0159978,0,17,17
55280,5525,-0.0259984,0,12,12
55280,5526,-0.0359991,0,7,7
55280,5527,-0.0459997,0,2,2
