time,particle_id,x,y,mesh_index,mesh_index_original
72070,7197,0.0420078,0,46,46
72070,7198,0.032007,0,41,41
72070,7199,0.0220061,0,36,36
72070,7200,0.0120053,0,31,31
72070,7201,0.00200443,0,26,26
72070,7202,-0.00799642,0,21,21
72070,7203,-0.0179973,0,16,16
72070,7204,-0.0279981,0,11,11
72070,7205,-0.037999,0,6,6
72070,7206,-0.0479998,0,1,1
