time,particle_id,x,y,mesh_index,mesh_index_original
41950,4185,0.0450047,0,47,47
41950,4186,0.0350042,0,42,42
41950,4187,0.0250037,0,37,37
41950,4188,0.0150032,0,32,32
41950,4189,0.00500272,0,27,27
41950,4190,-0.00499777,0,22,22
41950,4191,-0.0149983,0,17,17
41950,4192,-0.0249988,0,12,12
41950,4193,-0.0349993,0,7,7
41950,4194,-0.0449998,0,2,2
