time,particle_id,x,y,mesh_index,mesh_index_original
53190,5309,0.0440059,0,47,47
53190,5310,0.0340053,0,42,42
53190,5311,0.0240046,0,37,37
53190,5312,0.014004,0,32,32
53190,5313,0.00400339,0,27,27
53190,5314,-0.00599724,0,22,22
53190,5315,-0.0159979,0,17,17
53190,5316,-0.0259985,0,12,12
53190,5317,-0.0359991,0,7,7
53190,5318,-0.0459997,0,2,2
