time,particle_id,x,y,mesh_index,mesh_index_original
10030,993,0.0490012,0,49,49
10030,994,0.039001,0,44,44
10030,995,0.0290009,0,39,39
10030,996,0.0190008,0,34,34
10030,997,0.00900069,0,29,29
10030,998,-0.000999423,0,24,24
10030,999,-0.0109995,0,19,19
10030,1000,-0.0219997,0,14,14
10030,1001,-0.0319998,0,9,9
10030,1002,-0.0419999,0,4,4
