time,particle_id,x,y,mesh_index,mesh_index_original
6420,632,0.0490007,0,49,49
6420,633,0.0390007,0,44,44
6420,634,0.0290006,0,39,39
6420,635,0.0190005,0,34,34
6420,636,0.00900044,0,29,29
6420,637,-0.000999633,0,24,24
6420,638,-0.0109997,0,19,19
6420,639,-0.0209998,0,14,14
6420,640,-0.0309999,0,9,9
6420,641,-0.0409999,0,4,4
