time,particle_id,x,y,mesh_index,mesh_index_original
95530,9543,0.0400102,0,45,45
95530,9544,0.030009,0,40,40
95530,9545,0.0200079,0,35,35
95530,9546,0.0100068,0,30,30
95530,9547,5.64539e-06,0,25,25
95530,9548,-0.00999548,0,20,20
95530,9549,-0.0199966,0,15,15
95530,9550,-0.0299977,0,10,10
95530,9551,-0.0399989,0,5,5
