time,particle_id,x,y,mesh_index,mesh_index_original
64480,6438,0.0430071,0,46,46
64480,6439,0.0330063,0,41,41
64480,6440,0.0230056,0,36,36
64480,6441,0.0130048,0,31,31
64480,6442,0.00300404,0,26,26
64480,6443,-0.00699672,0,21,21
64480,6444,-0.0169975,0,16,16
64480,6445,-0.0269982,0,11,11
64480,6446,-0.036999,0,6,6
64480,6447,-0.0469998,0,1,1
