time,particle_id,x,y,mesh_index,mesh_index_original
57710,5761,0.0440064,0,47,47
57710,5762,0.0340057,0,42,42
57710,5763,0.024005,0,37,37
57710,5764,0.0140044,0,32,32
57710,5765,0.00400368,0,27,27
57710,5766,-0.005997,0,22,22
57710,5767,-0.0159977,0,17,17
57710,5768,-0.0259984,0,12,12
57710,5769,-0.035999,0,7,7
57710,5770,-0.0459997,0,2,2
