time,particle_id,x,y,mesh_index,mesh_index_original
93270,9317,0.0400099,0,45,45
93270,9318,0.0300088,0,40,40
93270,9319,0.0200077,0,35,35
93270,9320,0.0100066,0,30,30
93270,9321,5.51169e-06,0,25,25
93270,9322,-0.00999559,0,20,20
93270,9323,-0.0199967,0,15,15
93270,9324,-0.0299978,0,10,10
93270,9325,-0.0399989,0,5,5
