time,particle_id,x,y,mesh_index,mesh_index_original
80610,8051,0.0410087,0,45,45
80610,8052,0.0310077,0,40,40
80610,8053,0.0210068,0,35,35
80610,8054,0.0110058,0,30,30
80610,8055,0.00100486,0,25,25
80610,8056,-0.00899609,0,20,20
80610,8057,-0.018997,0,15,15
80610,8058,-0.028998,0,10,10
80610,8059,-0.038999,0,5,5
80610,8060,-0.0489999,0,0,0
