time,particle_id,x,y,mesh_index,mesh_index_original
35850,3575,0.0460041,0,48,48
35850,3576,0.0360036,0,43,43
35850,3577,0.0260032,0,38,38
35850,3578,0.0160028,0,33,33
35850,3579,0.00600237,0,28,28
35850,3580,-0.00399805,0,23,23
35850,3581,-0.0139985,0,18,18
35850,3582,-0.0239989,0,13,13
35850,3583,-0.0339993,0,8,8
35850,3584,-0.0439997,0,3,3
