time,particle_id,x,y,mesh_index,mesh_index_original
54120,5402,0.044006,0,47,47
54120,5403,0.0340054,0,42,42
54120,5404,0.0240047,0,37,37
54120,5405,0.0140041,0,32,32
54120,5406,0.00400345,0,27,27
54120,5407,-0.00599719,0,22,22
54120,5408,-0.0159978,0,17,17
54120,5409,-0.0259985,0,12,12
54120,5410,-0.0359991,0,7,7
54120,5411,-0.0459997,0,2,2
