time,particle_id,x,y,mesh_index,mesh_index_original
84300,8420,0.0410091,0,45,45
84300,8421,0.0310081,0,40,40
84300,8422,0.0210071,0,35,35
84300,8423,0.0110061,0,30,30
84300,8424,0.00100508,0,25,25
84300,8425,-0.00899592,0,20,20
84300,8426,-0.0189969,0,15,15
84300,8427,-0.0289979,0,10,10
84300,8428,-0.0389989,0,5,5
84300,8429,-0.0489999,0,0,0
