time,particle_id,x,y,mesh_index,mesh_index_original
88320,8822,0.0410095,0,45,45
88320,8823,0.0310085,0,40,40
88320,8824,0.0210074,0,35,35
88320,8825,0.0110064,0,30,30
88320,8826,0.00100532,0,25,25
88320,8827,-0.00899572,0,20,20
88320,8828,-0.0189968,0,15,15
88320,8829,-0.0289978,0,10,10
88320,8830,-0.0389989,0,5,5
88320,8831,-0.0489999,0,0,0
