time,particle_id,x,y,mesh_index,mesh_index_original
98200,9810,0.0400104,0,45,45
98200,9811,0.0300093,0,40,40
98200,9812,0.0200081,0,35,35
98200,9813,0.010007,0,30,30
98200,9814,5.80333e-06,0,25,25
98200,9815,-0.00999536,0,20,20
98200,9816,-0.0199965,0,15,15
98200,9817,-0.0299977,0,10,10
98200,9818,-0.0399988,0,5,5
