time,particle_id,x,y,mesh_index,mesh_index_original
22710,2261,0.0470026,0,48,48
22710,2262,0.0370023,0,43,43
22710,2263,0.0270021,0,38,38
22710,2264,0.0170018,0,33,33
22710,2265,0.00700153,0,28,28
22710,2266,-0.00299874,0,23,23
22710,2267,-0.012999,0,18,18
22710,2268,-0.0229993,0,13,13
22710,2269,-0.0329995,0,8,8
22710,2270,-0.0429998,0,3,3
