time,particle_id,x,y,mesh_index,mesh_index_original
27110,2701,0.0470031,0,48,48
27110,2702,0.0370028,0,43,43
27110,2703,0.0270025,0,38,38
27110,2704,0.0170021,0,33,33
27110,2705,0.00700182,0,28,28
27110,2706,-0.0029985,0,23,23
27110,2707,-0.0129988,0,18,18
27110,2708,-0.0229991,0,13,13
27110,2709,-0.0329995,0,8,8
27110,2710,-0.0429998,0,3,3
