time,particle_id,x,y,mesh_index,mesh_index_original
76890,7679,0.0420084,0,46,46
76890,7680,0.0320074,0,41,41
76890,7681,0.0220065,0,36,36
76890,7682,0.0120056,0,31,31
76890,7683,0.00200472,0,26,26
76890,7684,-0.00799618,0,21,21
76890,7685,-0.0179971,0,16,16
76890,7686,-0.027998,0,11,11
76890,7687,-0.0379989,0,6,6
76890,7688,-0.0479998,0,1,1
