time,particle_id,x,y,mesh_index,mesh_index_original
72720,7262,0.0420079,0,46,46
72720,7263,0.032007,0,41,41
72720,7264,0.0220062,0,36,36
72720,7265,0.0120053,0,31,31
72720,7266,0.00200447,0,26,26
72720,7267,-0.00799639,0,21,21
72720,7268,-0.0179973,0,16,16
72720,7269,-0.0279981,0,11,11
72720,7270,-0.037999,0,6,6
72720,7271,-0.0479998,0,1,1
