time,particle_id,x,y,mesh_index,mesh_index_original
63040,6294,0.0430069,0,46,46
63040,6295,0.0330062,0,41,41
63040,6296,0.0230054,0,36,36
63040,6297,0.0130047,0,31,31
63040,6298,0.00300395,0,26,26
63040,6299,-0.0069968,0,21,21
63040,6300,-0.0169975,0,16,16
63040,6301,-0.0269983,0,11,11
63040,6302,-0.036999,0,6,6
63040,6303,-0.0469998,0,1,1
