time,particle_id,x,y,mesh_index,mesh_index_original
85120,8502,0.0410092,0,45,45
85120,8503,0.0310081,0,40,40
85120,8504,0.0210071,0,35,35
85120,8505,0.0110061,0,30,30
85120,8506,0.00100513,0,25,25
85120,8507,-0.00899588,0,20,20
85120,8508,-0.0189969,0,15,15
85120,8509,-0.0289979,0,10,10
85120,8510,-0.0389989,0,5,5
85120,8511,-0.0489999,0,0,0
