time,particle_id,x,y,mesh_index,mesh_index_original
40600,4050,0.0450046,0,47,47
40600,4051,0.0350041,0,42,42
40600,4052,0.0250036,0,37,37
40600,4053,0.0150031,0,32,32
40600,4054,0.00500264,0,27,27
40600,4055,-0.00499784,0,22,22
40600,4056,-0.0149983,0,17,17
40600,4057,-0.0249988,0,12,12
40600,4058,-0.0349993,0,7,7
40600,4059,-0.0449998,0,2,2
