time,particle_id,x,y,mesh_index,mesh_index_original
9290,919,0.0490011,0,49,49
9290,920,0.039001,0,44,44
9290,921,0.0290009,0,39,39
9290,922,0.0190008,0,34,34
9290,923,0.00900064,0,29,29
9290,924,-0.000999466,0,24,24
9290,925,-0.0109996,0,19,19
9290,926,-0.0209997,0,14,14
9290,927,-0.0309998,0,9,9
9290,928,-0.0409999,0,4,4
