time,particle_id,x,y,mesh_index,mesh_index_original
41680,4158,0.0450047,0,47,47
41680,4159,0.0350042,0,42,42
41680,4160,0.0250037,0,37,37
41680,4161,0.0150032,0,32,32
41680,4162,0.00500271,0,27,27
41680,4163,-0.00499779,0,22,22
41680,4164,-0.0149983,0,17,17
41680,4165,-0.0249988,0,12,12
41680,4166,-0.0349993,0,7,7
41680,4167,-0.0449998,0,2,2
