time,particle_id,x,y,mesh_index,mesh_index_original
98500,9840,0.0400105,0,45,45
98500,9841,0.0300093,0,40,40
98500,9842,0.0200081,0,35,35
98500,9843,0.010007,0,30,30
98500,9844,5.82108e-06,0,25,25
98500,9845,-0.00999534,0,20,20
98500,9846,-0.0199965,0,15,15
98500,9847,-0.0299977,0,10,10
98500,9848,-0.0399988,0,5,5
