time,particle_id,x,y,mesh_index,mesh_index_original
61220,6112,0.0430067,0,46,46
61220,6113,0.033006,0,41,41
61220,6114,0.0230053,0,36,36
61220,6115,0.0130046,0,31,31
61220,6116,0.00300383,0,26,26
61220,6117,-0.00699689,0,21,21
61220,6118,-0.0169976,0,16,16
61220,6119,-0.0269983,0,11,11
61220,6120,-0.0369991,0,6,6
61220,6121,-0.0469998,0,1,1
