time,particle_id,x,y,mesh_index,mesh_index_original
47800,4770,0.0450054,0,47,47
47800,4771,0.0350048,0,42,42
47800,4772,0.0250042,0,37,37
47800,4773,0.0150037,0,32,32
47800,4774,0.0050031,0,27,27
47800,4775,-0.00499746,0,22,22
47800,4776,-0.014998,0,17,17
47800,4777,-0.0249986,0,12,12
47800,4778,-0.0349992,0,7,7
47800,4779,-0.0449997,0,2,2
