time,particle_id,x,y,mesh_index,mesh_index_original
5510,541,0.0490006,0,49,49
5510,542,0.0390006,0,44,44
5510,543,0.0290005,0,39,39
5510,544,0.0190004,0,34,34
5510,545,0.00900038,0,29,29
5510,546,-0.000999685,0,24,24
5510,547,-0.0109997,0,19,19
5510,548,-0.0209998,0,14,14
5510,549,-0.0309999,0,9,9
5510,550,-0.0409999,0,4,4
