time,particle_id,x,y,mesh_index,mesh_index_original
34770,3467,0.0460039,0,48,48
34770,3468,0.0360035,0,43,43
34770,3469,0.0260031,0,38,38
34770,3470,0.0160027,0,33,33
34770,3471,0.0060023,0,28,28
34770,3472,-0.00399811,0,23,23
34770,3473,-0.0139985,0,18,18
34770,3474,-0.0239989,0,13,13
34770,3475,-0.0339993,0,8,8
34770,3476,-0.0439998,0,3,3
