time,particle_id,x,y,mesh_index,mesh_index_original
35900,3580,0.0460041,0,48,48
35900,3581,0.0360036,0,43,43
35900,3582,0.0260032,0,38,38
35900,3583,0.0160028,0,33,33
35900,3584,0.00600237,0,28,28
35900,3585,-0.00399805,0,23,23
35900,3586,-0.0139985,0,18,18
35900,3587,-0.0239989,0,13,13
35900,3588,-0.0339993,0,8,8
35900,3589,-0.0439997,0,3,3
