time,particle_id,x,y,mesh_index,mesh_index_original
90300,9020,0.0400096,0,45,45
90300,9021,0.0300085,0,40,40
90300,9022,0.0200075,0,35,35
90300,9023,0.0100064,0,30,30
90300,9024,5.336e-06,0,25,25
90300,9025,-0.00999573,0,20,20
90300,9026,-0.0199968,0,15,15
90300,9027,-0.0299979,0,10,10
90300,9028,-0.0399989,0,5,5
