time,particle_id,x,y,mesh_index,mesh_index_original
85650,8555,0.0410092,0,45,45
85650,8556,0.0310082,0,40,40
85650,8557,0.0210072,0,35,35
85650,8558,0.0110062,0,30,30
85650,8559,0.00100516,0,25,25
85650,8560,-0.00899585,0,20,20
85650,8561,-0.0189969,0,15,15
85650,8562,-0.0289979,0,10,10
85650,8563,-0.0389989,0,5,5
85650,8564,-0.0489999,0,0,0
