time,particle_id,x,y,mesh_index,mesh_index_original
96260,9616,0.0400102,0,45,45
96260,9617,0.0300091,0,40,40
96260,9618,0.020008,0,35,35
96260,9619,0.0100068,0,30,30
96260,9620,5.68857e-06,0,25,25
96260,9621,-0.00999545,0,20,20
96260,9622,-0.0199966,0,15,15
96260,9623,-0.0299977,0,10,10
96260,9624,-0.0399989,0,5,5
