time,particle_id,x,y,mesh_index,mesh_index_original
83230,8313,0.0410089,0,45,45
83230,8314,0.031008,0,40,40
83230,8315,0.021007,0,35,35
83230,8316,0.011006,0,30,30
83230,8317,0.00100502,0,25,25
83230,8318,-0.00899597,0,20,20
83230,8319,-0.018997,0,15,15
83230,8320,-0.0289979,0,10,10
83230,8321,-0.0389989,0,5,5
83230,8322,-0.0489999,0,0,0
