time,particle_id,x,y,mesh_index,mesh_index_original
23730,2363,0.0470027,0,48,48
23730,2364,0.0370024,0,43,43
23730,2365,0.0270022,0,38,38
23730,2366,0.0170019,0,33,33
23730,2367,0.00700159,0,28,28
23730,2368,-0.00299869,0,23,23
23730,2369,-0.012999,0,18,18
23730,2370,-0.0229992,0,13,13
23730,2371,-0.0329995,0,8,8
23730,2372,-0.0429998,0,3,3
