time,particle_id,x,y,mesh_index,mesh_index_original
24040,2394,0.0470027,0,48,48
24040,2395,0.0370025,0,43,43
24040,2396,0.0270022,0,38,38
24040,2397,0.0170019,0,33,33
24040,2398,0.00700162,0,28,28
24040,2399,-0.00299867,0,23,23
24040,2400,-0.012999,0,18,18
24040,2401,-0.0229992,0,13,13
24040,2402,-0.0329995,0,8,8
24040,2403,-0.0429998,0,3,3
