time,particle_id,x,y,mesh_index,mesh_index_original
96010,9591,0.0400102,0,45,45
96010,9592,0.0300091,0,40,40
96010,9593,0.0200079,0,35,35
96010,9594,0.0100068,0,30,30
96010,9595,5.67378e-06,0,25,25
96010,9596,-0.00999546,0,20,20
96010,9597,-0.0199966,0,15,15
96010,9598,-0.0299977,0,10,10
96010,9599,-0.0399989,0,5,5
