time,particle_id,x,y,mesh_index,mesh_index_original
24290,2419,0.0470028,0,48,48
24290,2420,0.0370025,0,43,43
24290,2421,0.0270022,0,38,38
24290,2422,0.0170019,0,33,33
24290,2423,0.00700163,0,28,28
24290,2424,-0.00299865,0,23,23
24290,2425,-0.0129989,0,18,18
24290,2426,-0.0229992,0,13,13
24290,2427,-0.0329995,0,8,8
24290,2428,-0.0429998,0,3,3
