time,particle_id,x,y,mesh_index,mesh_index_original
67580,6748,0.0430074,0,46,46
67580,6749,0.0330066,0,41,41
67580,6750,0.0230058,0,36,36
67580,6751,0.013005,0,31,31
67580,6752,0.00300423,0,26,26
67580,6753,-0.00699657,0,21,21
67580,6754,-0.0169974,0,16,16
67580,6755,-0.0269982,0,11,11
67580,6756,-0.036999,0,6,6
67580,6757,-0.0469998,0,1,1
