time,particle_id,x,y,mesh_index,mesh_index_original
15430,1533,0.0480018,0,49,49
15430,1534,0.0380016,0,44,44
15430,1535,0.0280014,0,39,39
15430,1536,0.0180012,0,34,34
15430,1537,0.00800105,0,29,29
15430,1538,-0.00199913,0,24,24
15430,1539,-0.0119993,0,19,19
15430,1540,-0.0219995,0,14,14
15430,1541,-0.0319997,0,9,9
15430,1542,-0.0419999,0,4,4
