time,particle_id,x,y,mesh_index,mesh_index_original
97120,9702,0.0400103,0,45,45
97120,9703,0.0300092,0,40,40
97120,9704,0.020008,0,35,35
97120,9705,0.0100069,0,30,30
97120,9706,5.73944e-06,0,25,25
97120,9707,-0.00999541,0,20,20
97120,9708,-0.0199966,0,15,15
97120,9709,-0.0299977,0,10,10
97120,9710,-0.0399989,0,5,5
