time,particle_id,x,y,mesh_index,mesh_index_original
29800,2970,0.0470034,0,48,48
29800,2971,0.0370031,0,43,43
29800,2972,0.0270027,0,38,38
29800,2973,0.0170024,0,33,33
29800,2974,0.007002,0,28,28
29800,2975,-0.00299835,0,23,23
29800,2976,-0.0129987,0,18,18
29800,2977,-0.0229991,0,13,13
29800,2978,-0.0329994,0,8,8
29800,2979,-0.0429998,0,3,3
