time,particle_id,x,y,mesh_index,mesh_index_original
54200,5410,0.044006,0,47,47
54200,5411,0.0340054,0,42,42
54200,5412,0.0240047,0,37,37
54200,5413,0.0140041,0,32,32
54200,5414,0.00400346,0,27,27
54200,5415,-0.00599718,0,22,22
54200,5416,-0.0159978,0,17,17
54200,5417,-0.0259985,0,12,12
54200,5418,-0.0359991,0,7,7
54200,5419,-0.0459997,0,2,2
