time,particle_id,x,y,mesh_index,mesh_index_original
81230,8113,0.0410087,0,45,45
81230,8114,0.0310078,0,40,40
81230,8115,0.0210068,0,35,35
81230,8116,0.0110059,0,30,30
81230,8117,0.0010049,0,25,25
81230,8118,-0.00899606,0,20,20
81230,8119,-0.018997,0,15,15
81230,8120,-0.028998,0,10,10
81230,8121,-0.0389989,0,5,5
81230,8122,-0.0489999,0,0,0
