time,particle_id,x,y,mesh_index,mesh_index_original
63370,6327,0.043007,0,46,46
63370,6328,0.0330062,0,41,41
63370,6329,0.0230055,0,36,36
63370,6330,0.0130047,0,31,31
63370,6331,0.00300397,0,26,26
63370,6332,-0.00699678,0,21,21
63370,6333,-0.0169975,0,16,16
63370,6334,-0.0269983,0,11,11
63370,6335,-0.036999,0,6,6
63370,6336,-0.0469998,0,1,1
