time,particle_id,x,y,mesh_index,mesh_index_original
1480,138,0.0490002,0,49,49
1480,139,0.0390001,0,44,44
1480,140,0.0290001,0,39,39
1480,141,0.0190001,0,34,34
1480,142,0.0090001,0,29,29
1480,143,-0.000999919,0,24,24
1480,144,-0.0109999,0,19,19
1480,145,-0.021,0,14,14
1480,146,-0.031,0,9,9
1480,147,-0.041,0,4,4
