time,particle_id,x,y,mesh_index,mesh_index_original
17050,1695,0.048002,0,49,49
17050,1696,0.0380018,0,44,44
17050,1697,0.0280016,0,39,39
17050,1698,0.0180014,0,34,34
17050,1699,0.00800116,0,29,29
17050,1700,-0.00199904,0,24,24
17050,1701,-0.0119992,0,19,19
17050,1702,-0.0219994,0,14,14
17050,1703,-0.0319996,0,9,9
17050,1704,-0.0419998,0,4,4
