time,particle_id,x,y,mesh_index,mesh_index_original
40700,4060,0.0450046,0,47,47
40700,4061,0.0350041,0,42,42
40700,4062,0.0250036,0,37,37
40700,4063,0.0150031,0,32,32
40700,4064,0.00500264,0,27,27
40700,4065,-0.00499784,0,22,22
40700,4066,-0.0149983,0,17,17
40700,4067,-0.0249988,0,12,12
40700,4068,-0.0349993,0,7,7
40700,4069,-0.0449998,0,2,2
