time,particle_id,x,y,mesh_index,mesh_index_original
84990,8489,0.0410091,0,45,45
84990,8490,0.0310081,0,40,40
84990,8491,0.0210071,0,35,35
84990,8492,0.0110061,0,30,30
84990,8493,0.00100512,0,25,25
84990,8494,-0.00899588,0,20,20
84990,8495,-0.0189969,0,15,15
84990,8496,-0.0289979,0,10,10
84990,8497,-0.0389989,0,5,5
84990,8498,-0.0489999,0,0,0
