time,particle_id,x,y,mesh_index,mesh_index_original
38140,3804,0.0460043,0,48,48
38140,3805,0.0360039,0,43,43
38140,3806,0.0260034,0,38,38
38140,3807,0.016003,0,33,33
38140,3808,0.00600252,0,28,28
38140,3809,-0.00399793,0,23,23
38140,3810,-0.0139984,0,18,18
38140,3811,-0.0239988,0,13,13
38140,3812,-0.0339993,0,8,8
38140,3813,-0.0439997,0,3,3
