time,particle_id,x,y,mesh_index,mesh_index_original
10400,1030,0.0480012,0,49,49
10400,1031,0.0380011,0,44,44
10400,1032,0.028001,0,39,39
10400,1033,0.0180008,0,34,34
10400,1034,0.00800071,0,29,29
10400,1035,-0.00199941,0,24,24
10400,1036,-0.0119995,0,19,19
10400,1037,-0.0219997,0,14,14
10400,1038,-0.0319998,0,9,9
10400,1039,-0.0419999,0,4,4
