time,particle_id,x,y,mesh_index,mesh_index_original
71160,7106,0.0420077,0,46,46
71160,7107,0.0320069,0,41,41
71160,7108,0.0220061,0,36,36
71160,7109,0.0120052,0,31,31
71160,7110,0.00200437,0,26,26
71160,7111,-0.00799647,0,21,21
71160,7112,-0.0179973,0,16,16
71160,7113,-0.0279982,0,11,11
71160,7114,-0.037999,0,6,6
71160,7115,-0.0479998,0,1,1
