time,particle_id,x,y,mesh_index,mesh_index_original
32540,3244,0.0460037,0,48,48
32540,3245,0.0360033,0,43,43
32540,3246,0.0260029,0,38,38
32540,3247,0.0160025,0,33,33
32540,3248,0.00600215,0,28,28
32540,3249,-0.00399823,0,23,23
32540,3250,-0.0139986,0,18,18
32540,3251,-0.023999,0,13,13
32540,3252,-0.0339994,0,8,8
32540,3253,-0.0439998,0,3,3
