time,particle_id,x,y,mesh_index,mesh_index_original
91570,9147,0.0400097,0,45,45
91570,9148,0.0300087,0,40,40
91570,9149,0.0200076,0,35,35
91570,9150,0.0100065,0,30,30
91570,9151,5.41113e-06,0,25,25
91570,9152,-0.00999567,0,20,20
91570,9153,-0.0199968,0,15,15
91570,9154,-0.0299978,0,10,10
91570,9155,-0.0399989,0,5,5
