time,particle_id,x,y,mesh_index,mesh_index_original
3870,377,0.0490004,0,49,49
3870,378,0.0390004,0,44,44
3870,379,0.0290004,0,39,39
3870,380,0.0190003,0,34,34
3870,381,0.00900026,0,29,29
3870,382,-0.00099978,0,24,24
3870,383,-0.0109998,0,19,19
3870,384,-0.0209999,0,14,14
3870,385,-0.0309999,0,9,9
3870,386,-0.041,0,4,4
