time,particle_id,x,y,mesh_index,mesh_index_original
56320,5622,0.0440063,0,47,47
56320,5623,0.0340056,0,42,42
56320,5624,0.0240049,0,37,37
56320,5625,0.0140043,0,32,32
56320,5626,0.00400359,0,27,27
56320,5627,-0.00599707,0,22,22
56320,5628,-0.0159977,0,17,17
56320,5629,-0.0259984,0,12,12
56320,5630,-0.0359991,0,7,7
56320,5631,-0.0459997,0,2,2
