time,particle_id,x,y,mesh_index,mesh_index_original
65690,6559,0.0430072,0,46,46
65690,6560,0.0330064,0,41,41
65690,6561,0.0230057,0,36,36
65690,6562,0.0130049,0,31,31
65690,6563,0.00300411,0,26,26
65690,6564,-0.00699666,0,21,21
65690,6565,-0.0169974,0,16,16
65690,6566,-0.0269982,0,11,11
65690,6567,-0.036999,0,6,6
65690,6568,-0.0469998,0,1,1
