time,particle_id,x,y,mesh_index,mesh_index_original
95170,9507,0.0400101,0,45,45
95170,9508,0.030009,0,40,40
95170,9509,0.0200079,0,35,35
95170,9510,0.0100067,0,30,30
95170,9511,5.62409e-06,0,25,25
95170,9512,-0.0099955,0,20,20
95170,9513,-0.0199966,0,15,15
95170,9514,-0.0299978,0,10,10
95170,9515,-0.0399989,0,5,5
