time,particle_id,x,y,mesh_index,mesh_index_original
26680,2658,0.0470031,0,48,48
26680,2659,0.0370027,0,43,43
26680,2660,0.0270024,0,38,38
26680,2661,0.0170021,0,33,33
26680,2662,0.00700179,0,28,28
26680,2663,-0.00299852,0,23,23
26680,2664,-0.0129988,0,18,18
26680,2665,-0.0229992,0,13,13
26680,2666,-0.0329995,0,8,8
26680,2667,-0.0429998,0,3,3
