time,particle_id,x,y,mesh_index,mesh_index_original
86470,8637,0.0410093,0,45,45
86470,8638,0.0310083,0,40,40
86470,8639,0.0210073,0,35,35
86470,8640,0.0110062,0,30,30
86470,8641,0.00100521,0,25,25
86470,8642,-0.00899581,0,20,20
86470,8643,-0.0189968,0,15,15
86470,8644,-0.0289979,0,10,10
86470,8645,-0.0389989,0,5,5
86470,8646,-0.0489999,0,0,0
