time,particle_id,x,y,mesh_index,mesh_index_original
67600,6750,0.0430074,0,46,46
67600,6751,0.0330066,0,41,41
67600,6752,0.0230058,0,36,36
67600,6753,0.013005,0,31,31
67600,6754,0.00300423,0,26,26
67600,6755,-0.00699657,0,21,21
67600,6756,-0.0169974,0,16,16
67600,6757,-0.0269982,0,11,11
67600,6758,-0.036999,0,6,6
67600,6759,-0.0469998,0,1,1
