time,particle_id,x,y,mesh_index,mesh_index_original
69390,6929,0.0430076,0,46,46
69390,6930,0.0330068,0,41,41
69390,6931,0.023006,0,36,36
69390,6932,0.0130052,0,31,31
69390,6933,0.00300435,0,26,26
69390,6934,-0.00699647,0,21,21
69390,6935,-0.0169973,0,16,16
69390,6936,-0.0269981,0,11,11
69390,6937,-0.0369989,0,6,6
69390,6938,-0.0469998,0,1,1
