time,particle_id,x,y,mesh_index,mesh_index_original
29150,2905,0.0470033,0,48,48
29150,2906,0.037003,0,43,43
29150,2907,0.0270026,0,38,38
29150,2908,0.0170023,0,33,33
29150,2909,0.00700196,0,28,28
29150,2910,-0.00299838,0,23,23
29150,2911,-0.0129987,0,18,18
29150,2912,-0.0229991,0,13,13
29150,2913,-0.0329994,0,8,8
29150,2914,-0.0429998,0,3,3
