time,particle_id,x,y,mesh_index,mesh_index_original
25660,2556,0.0470029,0,48,48
25660,2557,0.0370026,0,43,43
25660,2558,0.0270023,0,38,38
25660,2559,0.017002,0,33,33
25660,2560,0.00700172,0,28,28
25660,2561,-0.00299858,0,23,23
25660,2562,-0.0129989,0,18,18
25660,2563,-0.0229992,0,13,13
25660,2564,-0.0329995,0,8,8
25660,2565,-0.0429998,0,3,3
