time,particle_id,x,y,mesh_index,mesh_index_original
1890,179,0.0490002,0,49,49
1890,180,0.0390002,0,44,44
1890,181,0.0290002,0,39,39
1890,182,0.0190001,0,34,34
1890,183,0.00900013,0,29,29
1890,184,-0.000999895,0,24,24
1890,185,-0.0109999,0,19,19
1890,186,-0.0209999,0,14,14
1890,187,-0.031,0,9,9
1890,188,-0.041,0,4,4
