time,particle_id,x,y,mesh_index,mesh_index_original
96470,9637,0.0400103,0,45,45
96470,9638,0.0300091,0,40,40
96470,9639,0.020008,0,35,35
96470,9640,0.0100068,0,30,30
96470,9641,5.70099e-06,0,25,25
96470,9642,-0.00999544,0,20,20
96470,9643,-0.0199966,0,15,15
96470,9644,-0.0299977,0,10,10
96470,9645,-0.0399989,0,5,5
