time,particle_id,x,y,mesh_index,mesh_index_original
11890,1179,0.0480014,0,49,49
11890,1180,0.0380012,0,44,44
11890,1181,0.0280011,0,39,39
11890,1182,0.0180009,0,34,34
11890,1183,0.00800081,0,29,29
11890,1184,-0.00199933,0,24,24
11890,1185,-0.0119995,0,19,19
11890,1186,-0.0219996,0,14,14
11890,1187,-0.0319997,0,9,9
11890,1188,-0.0419999,0,4,4
