time,particle_id,x,y,mesh_index,mesh_index_original
18320,1822,0.0480021,0,49,49
18320,1823,0.0380019,0,44,44
18320,1824,0.0280017,0,39,39
18320,1825,0.0180015,0,34,34
18320,1826,0.00800125,0,29,29
18320,1827,-0.00199896,0,24,24
18320,1828,-0.0119992,0,19,19
18320,1829,-0.0219994,0,14,14
18320,1830,-0.0319996,0,9,9
18320,1831,-0.0419998,0,4,4
