time,particle_id,x,y,mesh_index,mesh_index_original
87470,8737,0.0410094,0,45,45
87470,8738,0.0310084,0,40,40
87470,8739,0.0210073,0,35,35
87470,8740,0.0110063,0,30,30
87470,8741,0.00100527,0,25,25
87470,8742,-0.00899576,0,20,20
87470,8743,-0.0189968,0,15,15
87470,8744,-0.0289978,0,10,10
87470,8745,-0.0389989,0,5,5
87470,8746,-0.0489999,0,0,0
