time,particle_id,x,y,mesh_index,mesh_index_original
56170,5607,0.0440062,0,47,47
56170,5608,0.0340056,0,42,42
56170,5609,0.0240049,0,37,37
56170,5610,0.0140042,0,32,32
56170,5611,0.00400358,0,27,27
56170,5612,-0.00599708,0,22,22
56170,5613,-0.0159977,0,17,17
56170,5614,-0.0259984,0,12,12
56170,5615,-0.0359991,0,7,7
56170,5616,-0.0459997,0,2,2
