time,particle_id,x,y,mesh_index,mesh_index_original
8040,794,0.0490009,0,49,49
8040,795,0.0390008,0,44,44
8040,796,0.0290007,0,39,39
8040,797,0.0190006,0,34,34
8040,798,0.00900056,0,29,29
8040,799,-0.000999539,0,24,24
8040,800,-0.0109996,0,19,19
8040,801,-0.0209997,0,14,14
8040,802,-0.0309998,0,9,9
8040,803,-0.0409999,0,4,4
