time,particle_id,x,y,mesh_index,mesh_index_original
77190,7709,0.0420084,0,46,46
77190,7710,0.0320075,0,41,41
77190,7711,0.0220066,0,36,36
77190,7712,0.0120057,0,31,31
77190,7713,0.00200474,0,26,26
77190,7714,-0.00799617,0,21,21
77190,7715,-0.0179971,0,16,16
77190,7716,-0.027998,0,11,11
77190,7717,-0.0379989,0,6,6
77190,7718,-0.0479998,0,1,1
