time,particle_id,x,y,mesh_index,mesh_index_original
53860,5376,0.044006,0,47,47
53860,5377,0.0340053,0,42,42
53860,5378,0.0240047,0,37,37
53860,5379,0.0140041,0,32,32
53860,5380,0.00400344,0,27,27
53860,5381,-0.0059972,0,22,22
53860,5382,-0.0159978,0,17,17
53860,5383,-0.0259985,0,12,12
53860,5384,-0.0359991,0,7,7
53860,5385,-0.0459997,0,2,2
