time,particle_id,x,y,mesh_index,mesh_index_original
83250,8315,0.041009,0,45,45
83250,8316,0.031008,0,40,40
83250,8317,0.021007,0,35,35
83250,8318,0.011006,0,30,30
83250,8319,0.00100502,0,25,25
83250,8320,-0.00899597,0,20,20
83250,8321,-0.018997,0,15,15
83250,8322,-0.0289979,0,10,10
83250,8323,-0.0389989,0,5,5
83250,8324,-0.0489999,0,0,0
