time,particle_id,x,y,mesh_index,mesh_index_original
5140,504,0.0490006,0,49,49
5140,505,0.0390005,0,44,44
5140,506,0.0290005,0,39,39
5140,507,0.0190004,0,34,34
5140,508,0.00900035,0,29,29
5140,509,-0.000999707,0,24,24
5140,510,-0.0109998,0,19,19
5140,511,-0.0209998,0,14,14
5140,512,-0.0309999,0,9,9
5140,513,-0.0409999,0,4,4
