time,particle_id,x,y,mesh_index,mesh_index_original
67130,6703,0.0430074,0,46,46
67130,6704,0.0330066,0,41,41
67130,6705,0.0230058,0,36,36
67130,6706,0.013005,0,31,31
67130,6707,0.0030042,0,26,26
67130,6708,-0.00699659,0,21,21
67130,6709,-0.0169974,0,16,16
67130,6710,-0.0269982,0,11,11
67130,6711,-0.036999,0,6,6
67130,6712,-0.0469998,0,1,1
