time,particle_id,x,y,mesh_index,mesh_index_original
69850,6975,0.0430077,0,46,46
69850,6976,0.0330068,0,41,41
69850,6977,0.023006,0,36,36
69850,6978,0.0130052,0,31,31
69850,6979,0.00300437,0,26,26
69850,6980,-0.00699645,0,21,21
69850,6981,-0.0169973,0,16,16
69850,6982,-0.0269981,0,11,11
69850,6983,-0.0369989,0,6,6
69850,6984,-0.0469998,0,1,1
