time,particle_id,x,y,mesh_index,mesh_index_original
22270,2217,0.0470025,0,48,48
22270,2218,0.0370023,0,43,43
22270,2219,0.027002,0,38,38
22270,2220,0.0170018,0,33,33
22270,2221,0.0070015,0,28,28
22270,2222,-0.00299877,0,23,23
22270,2223,-0.012999,0,18,18
22270,2224,-0.0229993,0,13,13
22270,2225,-0.0329996,0,8,8
22270,2226,-0.0429998,0,3,3
