time,particle_id,x,y,mesh_index,mesh_index_original
24120,2402,0.0470028,0,48,48
24120,2403,0.0370025,0,43,43
24120,2404,0.0270022,0,38,38
24120,2405,0.0170019,0,33,33
24120,2406,0.00700162,0,28,28
24120,2407,-0.00299866,0,23,23
24120,2408,-0.0129989,0,18,18
24120,2409,-0.0229992,0,13,13
24120,2410,-0.0329995,0,8,8
24120,2411,-0.0429998,0,3,3
