time,particle_id,x,y,mesh_index,mesh_index_original
58140,5804,0.0440065,0,47,47
58140,5805,0.0340058,0,42,42
58140,5806,0.0240051,0,37,37
58140,5807,0.0140044,0,32,32
58140,5808,0.00400371,0,27,27
58140,5809,-0.00599698,0,22,22
58140,5810,-0.0159977,0,17,17
58140,5811,-0.0259984,0,12,12
58140,5812,-0.035999,0,7,7
58140,5813,-0.0459997,0,2,2
