time,particle_id,x,y,mesh_index,mesh_index_original
49620,4952,0.0450056,0,47,47
49620,4953,0.035005,0,42,42
49620,4954,0.0250044,0,37,37
49620,4955,0.0150038,0,32,32
49620,4956,0.00500322,0,27,27
49620,4957,-0.00499736,0,22,22
49620,4958,-0.0149979,0,17,17
49620,4959,-0.0249985,0,12,12
49620,4960,-0.0349991,0,7,7
49620,4961,-0.0449997,0,2,2
