time,particle_id,x,y,mesh_index,mesh_index_original
20310,2021,0.0470023,0,48,48
20310,2022,0.0370021,0,43,43
20310,2023,0.0270018,0,38,38
20310,2024,0.0170016,0,33,33
20310,2025,0.00700136,0,28,28
20310,2026,-0.00299888,0,23,23
20310,2027,-0.0129991,0,18,18
20310,2028,-0.0229994,0,13,13
20310,2029,-0.0329996,0,8,8
20310,2030,-0.0429998,0,3,3
