time,particle_id,x,y,mesh_index,mesh_index_original
73230,7313,0.042008,0,46,46
73230,7314,0.0320071,0,41,41
73230,7315,0.0220062,0,36,36
73230,7316,0.0120054,0,31,31
73230,7317,0.0020045,0,26,26
73230,7318,-0.00799637,0,21,21
73230,7319,-0.0179972,0,16,16
73230,7320,-0.0279981,0,11,11
73230,7321,-0.037999,0,6,6
73230,7322,-0.0479998,0,1,1
