time,particle_id,x,y,mesh_index,mesh_index_original
94940,9484,0.0400101,0,45,45
94940,9485,0.030009,0,40,40
94940,9486,0.0200079,0,35,35
94940,9487,0.0100067,0,30,30
94940,9488,5.61048e-06,0,25,25
94940,9489,-0.00999551,0,20,20
94940,9490,-0.0199966,0,15,15
94940,9491,-0.0299978,0,10,10
94940,9492,-0.0399989,0,5,5
