time,particle_id,x,y,mesh_index,mesh_index_original
70120,7002,0.0420076,0,46,46
70120,7003,0.0320068,0,41,41
70120,7004,0.022006,0,36,36
70120,7005,0.0120051,0,31,31
70120,7006,0.00200431,0,26,26
70120,7007,-0.00799652,0,21,21
70120,7008,-0.0179973,0,16,16
70120,7009,-0.0279982,0,11,11
70120,7010,-0.037999,0,6,6
70120,7011,-0.0479998,0,1,1
