time,particle_id,x,y,mesh_index,mesh_index_original
58270,5817,0.0440065,0,47,47
58270,5818,0.0340058,0,42,42
58270,5819,0.0240051,0,37,37
58270,5820,0.0140044,0,32,32
58270,5821,0.00400372,0,27,27
58270,5822,-0.00599697,0,22,22
58270,5823,-0.0159977,0,17,17
58270,5824,-0.0259983,0,12,12
58270,5825,-0.035999,0,7,7
58270,5826,-0.0459997,0,2,2
