time,particle_id,x,y,mesh_index,mesh_index_original
47970,4787,0.0450054,0,47,47
47970,4788,0.0350048,0,42,42
47970,4789,0.0250042,0,37,37
47970,4790,0.0150037,0,32,32
47970,4791,0.00500312,0,27,27
47970,4792,-0.00499745,0,22,22
47970,4793,-0.014998,0,17,17
47970,4794,-0.0249986,0,12,12
47970,4795,-0.0349992,0,7,7
47970,4796,-0.0449997,0,2,2
