time,particle_id,x,y,mesh_index,mesh_index_original
12520,1242,0.0480014,0,49,49
12520,1243,0.0380013,0,44,44
12520,1244,0.0280011,0,39,39
12520,1245,0.018001,0,34,34
12520,1246,0.00800085,0,29,29
12520,1247,-0.00199929,0,24,24
12520,1248,-0.0119994,0,19,19
12520,1249,-0.0219996,0,14,14
12520,1250,-0.0319997,0,9,9
12520,1251,-0.0419999,0,4,4
