time,particle_id,x,y,mesh_index,mesh_index_original
16570,1647,0.0480019,0,49,49
16570,1648,0.0380017,0,44,44
16570,1649,0.0280015,0,39,39
16570,1650,0.0180013,0,34,34
16570,1651,0.00800113,0,29,29
16570,1652,-0.00199906,0,24,24
16570,1653,-0.0119993,0,19,19
16570,1654,-0.0219995,0,14,14
16570,1655,-0.0319996,0,9,9
16570,1656,-0.0419998,0,4,4
