time,particle_id,x,y,mesh_index,mesh_index_original
25240,2514,0.0470029,0,48,48
25240,2515,0.0370026,0,43,43
25240,2516,0.0270023,0,38,38
25240,2517,0.017002,0,33,33
25240,2518,0.0070017,0,28,28
25240,2519,-0.0029986,0,23,23
25240,2520,-0.0129989,0,18,18
25240,2521,-0.0229992,0,13,13
25240,2522,-0.0329995,0,8,8
25240,2523,-0.0429998,0,3,3
