time,particle_id,x,y,mesh_index,mesh_index_original
88910,8881,0.0410096,0,45,45
88910,8882,0.0310085,0,40,40
88910,8883,0.0210075,0,35,35
88910,8884,0.0110064,0,30,30
88910,8885,0.00100536,0,25,25
88910,8886,-0.00899569,0,20,20
88910,8887,-0.0189967,0,15,15
88910,8888,-0.0289978,0,10,10
88910,8889,-0.0389988,0,5,5
88910,8890,-0.0489999,0,0,0
