time,particle_id,x,y,mesh_index,mesh_index_original
40880,4078,0.0450046,0,47,47
40880,4079,0.0350041,0,42,42
40880,4080,0.0250036,0,37,37
40880,4081,0.0150031,0,32,32
40880,4082,0.00500265,0,27,27
40880,4083,-0.00499783,0,22,22
40880,4084,-0.0149983,0,17,17
40880,4085,-0.0249988,0,12,12
40880,4086,-0.0349993,0,7,7
40880,4087,-0.0449998,0,2,2
