time,particle_id,x,y,mesh_index,mesh_index_original
53590,5349,0.0440059,0,47,47
53590,5350,0.0340053,0,42,42
53590,5351,0.0240047,0,37,37
53590,5352,0.0140041,0,32,32
53590,5353,0.00400342,0,27,27
53590,5354,-0.00599721,0,22,22
53590,5355,-0.0159978,0,17,17
53590,5356,-0.0259985,0,12,12
53590,5357,-0.0359991,0,7,7
53590,5358,-0.0459997,0,2,2
