time,particle_id,x,y,mesh_index,mesh_index_original
6380,628,0.0490007,0,49,49
6380,629,0.0390007,0,44,44
6380,630,0.0290006,0,39,39
6380,631,0.0190005,0,34,34
6380,632,0.00900044,0,29,29
6380,633,-0.000999635,0,24,24
6380,634,-0.0109997,0,19,19
6380,635,-0.0209998,0,14,14
6380,636,-0.0309999,0,9,9
6380,637,-0.0409999,0,4,4
