time,particle_id,x,y,mesh_index,mesh_index_original
66230,6613,0.0430073,0,46,46
66230,6614,0.0330065,0,41,41
66230,6615,0.0230057,0,36,36
66230,6616,0.0130049,0,31,31
66230,6617,0.00300415,0,26,26
66230,6618,-0.00699664,0,21,21
66230,6619,-0.0169974,0,16,16
66230,6620,-0.0269982,0,11,11
66230,6621,-0.036999,0,6,6
66230,6622,-0.0469998,0,1,1
