time,particle_id,x,y,mesh_index,mesh_index_original
27880,2778,0.0470032,0,48,48
27880,2779,0.0370029,0,43,43
27880,2780,0.0270025,0,38,38
27880,2781,0.0170022,0,33,33
27880,2782,0.00700187,0,28,28
27880,2783,-0.00299845,0,23,23
27880,2784,-0.0129988,0,18,18
27880,2785,-0.0229991,0,13,13
27880,2786,-0.0329994,0,8,8
27880,2787,-0.0429998,0,3,3
