time,particle_id,x,y,mesh_index,mesh_index_original
35050,3495,0.046004,0,48,48
35050,3496,0.0360036,0,43,43
35050,3497,0.0260031,0,38,38
35050,3498,0.0160027,0,33,33
35050,3499,0.00600232,0,28,28
35050,3500,-0.0039981,0,23,23
35050,3501,-0.0139985,0,18,18
35050,3502,-0.0239989,0,13,13
35050,3503,-0.0339993,0,8,8
35050,3504,-0.0439998,0,3,3
