time,particle_id,x,y,mesh_index,mesh_index_original
60920,6082,0.0430067,0,46,46
60920,6083,0.033006,0,41,41
60920,6084,0.0230053,0,36,36
60920,6085,0.0130045,0,31,31
60920,6086,0.00300381,0,26,26
60920,6087,-0.00699691,0,21,21
60920,6088,-0.0169976,0,16,16
60920,6089,-0.0269983,0,11,11
60920,6090,-0.0369991,0,6,6
60920,6091,-0.0469998,0,1,1
