time,particle_id,x,y,mesh_index,mesh_index_original
98040,9794,0.0400104,0,45,45
98040,9795,0.0300093,0,40,40
98040,9796,0.0200081,0,35,35
98040,9797,0.010007,0,30,30
98040,9798,5.79387e-06,0,25,25
98040,9799,-0.00999536,0,20,20
98040,9800,-0.0199965,0,15,15
98040,9801,-0.0299977,0,10,10
98040,9802,-0.0399988,0,5,5
