time,particle_id,x,y,mesh_index,mesh_index_original
46430,4633,0.0450052,0,47,47
46430,4634,0.0350047,0,42,42
46430,4635,0.0250041,0,37,37
46430,4636,0.0150036,0,32,32
46430,4637,0.00500302,0,27,27
46430,4638,-0.00499753,0,22,22
46430,4639,-0.0149981,0,17,17
46430,4640,-0.0249986,0,12,12
46430,4641,-0.0349992,0,7,7
46430,4642,-0.0449997,0,2,2
