time,particle_id,x,y,mesh_index,mesh_index_original
15140,1504,0.0480017,0,49,49
15140,1505,0.0380016,0,44,44
15140,1506,0.0280014,0,39,39
15140,1507,0.0180012,0,34,34
15140,1508,0.00800103,0,29,29
15140,1509,-0.00199915,0,24,24
15140,1510,-0.0119993,0,19,19
15140,1511,-0.0219995,0,14,14
15140,1512,-0.0319997,0,9,9
15140,1513,-0.0419999,0,4,4
