time,particle_id,x,y,mesh_index,mesh_index_original
16210,1611,0.0480019,0,49,49
16210,1612,0.0380017,0,44,44
16210,1613,0.0280015,0,39,39
16210,1614,0.0180013,0,34,34
16210,1615,0.00800111,0,29,29
16210,1616,-0.00199908,0,24,24
16210,1617,-0.0119993,0,19,19
16210,1618,-0.0219995,0,14,14
16210,1619,-0.0319997,0,9,9
16210,1620,-0.0419998,0,4,4
