time,particle_id,x,y,mesh_index,mesh_index_original
21690,2159,0.0470025,0,48,48
21690,2160,0.0370022,0,43,43
21690,2161,0.027002,0,38,38
21690,2162,0.0170017,0,33,33
21690,2163,0.00700146,0,28,28
21690,2164,-0.0029988,0,23,23
21690,2165,-0.0129991,0,18,18
21690,2166,-0.0229993,0,13,13
21690,2167,-0.0329996,0,8,8
21690,2168,-0.0429998,0,3,3
