time,particle_id,x,y,mesh_index,mesh_index_original
80590,8049,0.0410087,0,45,45
80590,8050,0.0310077,0,40,40
80590,8051,0.0210068,0,35,35
80590,8052,0.0110058,0,30,30
80590,8053,0.00100486,0,25,25
80590,8054,-0.0089961,0,20,20
80590,8055,-0.018997,0,15,15
80590,8056,-0.028998,0,10,10
80590,8057,-0.038999,0,5,5
80590,8058,-0.0489999,0,0,0
