time,particle_id,x,y,mesh_index,mesh_index_original
27250,2715,0.0470031,0,48,48
27250,2716,0.0370028,0,43,43
27250,2717,0.0270025,0,38,38
27250,2718,0.0170022,0,33,33
27250,2719,0.00700183,0,28,28
27250,2720,-0.00299849,0,23,23
27250,2721,-0.0129988,0,18,18
27250,2722,-0.0229991,0,13,13
27250,2723,-0.0329995,0,8,8
27250,2724,-0.0429998,0,3,3
