time,particle_id,x,y,mesh_index,mesh_index_original
22560,2246,0.0470026,0,48,48
22560,2247,0.0370023,0,43,43
22560,2248,0.027002,0,38,38
22560,2249,0.0170018,0,33,33
22560,2250,0.00700152,0,28,28
22560,2251,-0.00299875,0,23,23
22560,2252,-0.012999,0,18,18
22560,2253,-0.0229993,0,13,13
22560,2254,-0.0329995,0,8,8
22560,2255,-0.0429998,0,3,3
