time,particle_id,x,y,mesh_index,mesh_index_original
92030,9193,0.0400098,0,45,45
92030,9194,0.0300087,0,40,40
92030,9195,0.0200076,0,35,35
92030,9196,0.0100065,0,30,30
92030,9197,5.43834e-06,0,25,25
92030,9198,-0.00999565,0,20,20
92030,9199,-0.0199967,0,15,15
92030,9200,-0.0299978,0,10,10
92030,9201,-0.0399989,0,5,5
