time,particle_id,x,y,mesh_index,mesh_index_original
38130,3803,0.0460043,0,48,48
38130,3804,0.0360039,0,43,43
38130,3805,0.0260034,0,38,38
38130,3806,0.016003,0,33,33
38130,3807,0.00600252,0,28,28
38130,3808,-0.00399793,0,23,23
38130,3809,-0.0139984,0,18,18
38130,3810,-0.0239988,0,13,13
38130,3811,-0.0339993,0,8,8
38130,3812,-0.0439997,0,3,3
