time,particle_id,x,y,mesh_index,mesh_index_original
27520,2742,0.0470031,0,48,48
27520,2743,0.0370028,0,43,43
27520,2744,0.0270025,0,38,38
27520,2745,0.0170022,0,33,33
27520,2746,0.00700185,0,28,28
27520,2747,-0.00299847,0,23,23
27520,2748,-0.0129988,0,18,18
27520,2749,-0.0229991,0,13,13
27520,2750,-0.0329994,0,8,8
27520,2751,-0.0429998,0,3,3
