time,particle_id,x,y,mesh_index,mesh_index_original
88750,8865,0.0410095,0,45,45
88750,8866,0.0310085,0,40,40
88750,8867,0.0210074,0,35,35
88750,8868,0.0110064,0,30,30
88750,8869,0.00100535,0,25,25
88750,8870,-0.0089957,0,20,20
88750,8871,-0.0189967,0,15,15
88750,8872,-0.0289978,0,10,10
88750,8873,-0.0389988,0,5,5
88750,8874,-0.0489999,0,0,0
