time,particle_id,x,y,mesh_index,mesh_index_original
35230,3513,0.046004,0,48,48
35230,3514,0.0360036,0,43,43
35230,3515,0.0260032,0,38,38
35230,3516,0.0160027,0,33,33
35230,3517,0.00600233,0,28,28
35230,3518,-0.00399809,0,23,23
35230,3519,-0.0139985,0,18,18
35230,3520,-0.0239989,0,13,13
35230,3521,-0.0339993,0,8,8
35230,3522,-0.0439998,0,3,3
