time,particle_id,x,y,mesh_index,mesh_index_original
11520,1142,0.0480013,0,49,49
11520,1143,0.0380012,0,44,44
11520,1144,0.0280011,0,39,39
11520,1145,0.0180009,0,34,34
11520,1146,0.00800078,0,29,29
11520,1147,-0.00199935,0,24,24
11520,1148,-0.0119995,0,19,19
11520,1149,-0.0219996,0,14,14
11520,1150,-0.0319998,0,9,9
11520,1151,-0.0419999,0,4,4
