time,particle_id,x,y,mesh_index,mesh_index_original
25070,2497,0.0470029,0,48,48
25070,2498,0.0370026,0,43,43
25070,2499,0.0270023,0,38,38
25070,2500,0.017002,0,33,33
25070,2501,0.00700168,0,28,28
25070,2502,-0.00299861,0,23,23
25070,2503,-0.0129989,0,18,18
25070,2504,-0.0229992,0,13,13
25070,2505,-0.0329995,0,8,8
25070,2506,-0.0429998,0,3,3
