time,particle_id,x,y,mesh_index,mesh_index_original
3860,376,0.0490004,0,49,49
3860,377,0.0390004,0,44,44
3860,378,0.0290004,0,39,39
3860,379,0.0190003,0,34,34
3860,380,0.00900026,0,29,29
3860,381,-0.000999781,0,24,24
3860,382,-0.0109998,0,19,19
3860,383,-0.0209999,0,14,14
3860,384,-0.0309999,0,9,9
3860,385,-0.041,0,4,4
