time,particle_id,x,y,mesh_index,mesh_index_original
30940,3084,0.0460035,0,48,48
30940,3085,0.0360031,0,43,43
30940,3086,0.0260028,0,38,38
30940,3087,0.0160024,0,33,33
30940,3088,0.00600204,0,28,28
30940,3089,-0.00399832,0,23,23
30940,3090,-0.0139987,0,18,18
30940,3091,-0.0239991,0,13,13
30940,3092,-0.0339994,0,8,8
30940,3093,-0.0439998,0,3,3
