time,particle_id,x,y,mesh_index,mesh_index_original
97100,9700,0.0400103,0,45,45
97100,9701,0.0300092,0,40,40
97100,9702,0.020008,0,35,35
97100,9703,0.0100069,0,30,30
97100,9704,5.73826e-06,0,25,25
97100,9705,-0.00999541,0,20,20
97100,9706,-0.0199966,0,15,15
97100,9707,-0.0299977,0,10,10
97100,9708,-0.0399989,0,5,5
