time,particle_id,x,y,mesh_index,mesh_index_original
64220,6412,0.0430071,0,46,46
64220,6413,0.0330063,0,41,41
64220,6414,0.0230055,0,36,36
64220,6415,0.0130048,0,31,31
64220,6416,0.00300402,0,26,26
64220,6417,-0.00699674,0,21,21
64220,6418,-0.0169975,0,16,16
64220,6419,-0.0269983,0,11,11
64220,6420,-0.036999,0,6,6
64220,6421,-0.0469998,0,1,1
