time,particle_id,x,y,mesh_index,mesh_index_original
94230,9413,0.04001,0,45,45
94230,9414,0.0300089,0,40,40
94230,9415,0.0200078,0,35,35
94230,9416,0.0100067,0,30,30
94230,9417,5.56848e-06,0,25,25
94230,9418,-0.00999555,0,20,20
94230,9419,-0.0199967,0,15,15
94230,9420,-0.0299978,0,10,10
94230,9421,-0.0399989,0,5,5
