time,particle_id,x,y,mesh_index,mesh_index_original
7650,755,0.0490009,0,49,49
7650,756,0.0390008,0,44,44
7650,757,0.0290007,0,39,39
7650,758,0.0190006,0,34,34
7650,759,0.00900053,0,29,29
7650,760,-0.000999561,0,24,24
7650,761,-0.0109997,0,19,19
7650,762,-0.0209997,0,14,14
7650,763,-0.0309998,0,9,9
7650,764,-0.0409999,0,4,4
