time,particle_id,x,y,mesh_index,mesh_index_original
20810,2071,0.0470024,0,48,48
20810,2072,0.0370021,0,43,43
20810,2073,0.0270019,0,38,38
20810,2074,0.0170016,0,33,33
20810,2075,0.0070014,0,28,28
20810,2076,-0.00299885,0,23,23
20810,2077,-0.0129991,0,18,18
20810,2078,-0.0229993,0,13,13
20810,2079,-0.0329996,0,8,8
20810,2080,-0.0429998,0,3,3
