time,particle_id,x,y,mesh_index,mesh_index_original
78850,7875,0.0420086,0,46,46
78850,7876,0.0320076,0,41,41
78850,7877,0.0220067,0,36,36
78850,7878,0.0120058,0,31,31
78850,7879,0.00200485,0,26,26
78850,7880,-0.00799609,0,21,21
78850,7881,-0.017997,0,16,16
78850,7882,-0.0279979,0,11,11
78850,7883,-0.0379989,0,6,6
78850,7884,-0.0479998,0,1,1
