time,particle_id,x,y,mesh_index,mesh_index_original
82850,8275,0.0410089,0,45,45
82850,8276,0.0310079,0,40,40
82850,8277,0.021007,0,35,35
82850,8278,0.011006,0,30,30
82850,8279,0.00100499,0,25,25
82850,8280,-0.00899599,0,20,20
82850,8281,-0.018997,0,15,15
82850,8282,-0.0289979,0,10,10
82850,8283,-0.0389989,0,5,5
82850,8284,-0.0489999,0,0,0
