time,particle_id,x,y,mesh_index,mesh_index_original
94650,9455,0.0400101,0,45,45
94650,9456,0.0300089,0,40,40
94650,9457,0.0200078,0,35,35
94650,9458,0.0100067,0,30,30
94650,9459,5.59333e-06,0,25,25
94650,9460,-0.00999553,0,20,20
94650,9461,-0.0199966,0,15,15
94650,9462,-0.0299978,0,10,10
94650,9463,-0.0399989,0,5,5
