time,particle_id,x,y,mesh_index,mesh_index_original
60700,6060,0.0448363,0,9,9
60700,6061,0.0346348,0,8,8
60700,6062,0.0244342,0,7,7
60700,6063,0.0142347,0,6,6
60700,6064,0.00403606,0,5,5
60700,6065,-0.00616156,0,4,4
60700,6066,-0.0163582,0,3,3
60700,6067,-0.0265538,0,2,2
60700,6068,-0.0367484,0,1,1
60700,6069,-0.046942,0,0,0
