time,particle_id,x,y,mesh_index,mesh_index_original
46940,4684,0.0464471,0,9,9
46940,4685,0.0362916,0,8,8
46940,4686,0.0261368,0,7,7
46940,4687,0.0159828,0,6,6
46940,4688,0.00582954,0,5,5
46940,4689,-0.00432299,0,4,4
46940,4690,-0.0144748,0,3,3
46940,4691,-0.0246258,0,2,2
46940,4692,-0.034776,0,1,1
46940,4693,-0.0449255,0,0,0
