time,particle_id,x,y,mesh_index,mesh_index_original
58320,5822,0.0457828,0,9,9
58320,5823,0.0355893,0,8,8
58320,5824,0.0253966,0,7,7
58320,5825,0.0152048,0,6,6
58320,5826,0.00501402,0,5,5
58320,5827,-0.00517586,0,4,4
58320,5828,-0.0153648,0,3,3
58320,5829,-0.0255527,0,2,2
58320,5830,-0.0357397,0,1,1
58320,5831,-0.0459258,0,0,0
