time,particle_id,x,y,mesh_index,mesh_index_original
70340,7024,0.0441085,0,9,9
70340,7025,0.0338747,0,8,8
70340,7026,0.0236419,0,7,7
70340,7027,0.0134103,0,6,6
70340,7028,0.00317984,0,5,5
70340,7029,-0.0070495,0,4,4
70340,7030,-0.0172777,0,3,3
70340,7031,-0.0275047,0,2,2
70340,7032,-0.0377305,0,1,1
70340,7033,-0.0479551,0,0,0
