time,particle_id,x,y,mesh_index,mesh_index_original
76900,7680,0.0443081,0,9,9
76900,7681,0.0340521,0,8,8
76900,7682,0.0237973,0,7,7
76900,7683,0.0135438,0,6,6
76900,7684,0.00329149,0,5,5
76900,7685,-0.00695956,0,4,4
76900,7686,-0.0172093,0,3,3
76900,7687,-0.0274578,0,2,2
76900,7688,-0.037705,0,1,1
76900,7689,-0.0479509,0,0,0
