time,particle_id,x,y,mesh_index,mesh_index_original
45580,4548,0.0464047,0,9,9
45580,4549,0.0362538,0,8,8
45580,4550,0.0261036,0,7,7
45580,4551,0.0159541,0,6,6
45580,4552,0.00580527,0,5,5
45580,4553,-0.0043428,0,4,4
45580,4554,-0.0144901,0,3,3
45580,4555,-0.0246367,0,2,2
45580,4556,-0.0347826,0,1,1
45580,4557,-0.0449276,0,0,0
