time,particle_id,x,y,mesh_index,mesh_index_original
91730,9163,0.0426996,0,9,9
91730,9164,0.0323936,0,8,8
91730,9165,0.0220891,0,7,7
91730,9166,0.0117861,0,6,6
91730,9167,0.00148454,0,5,5
91730,9168,-0.00881547,0,4,4
91730,9169,-0.0191139,0,3,3
91730,9170,-0.0294109,0,2,2
91730,9171,-0.0397062,0,1,1
