time,particle_id,x,y,mesh_index,mesh_index_original
97860,9776,0.0428834,0,9,9
97860,9777,0.0325565,0,8,8
97860,9778,0.0222313,0,7,7
97860,9779,0.0119076,0,6,6
97860,9780,0.00158555,0,5,5
97860,9781,-0.00873488,0,4,4
97860,9782,-0.0190537,0,3,3
97860,9783,-0.0293708,0,2,2
97860,9784,-0.0396862,0,1,1
