time,particle_id,x,y,mesh_index,mesh_index_original
78570,7847,0.044359,0,9,9
78570,7848,0.0340974,0,8,8
78570,7849,0.023837,0,7,7
78570,7850,0.0135778,0,6,6
78570,7851,0.00331995,0,5,5
78570,7852,-0.00693663,0,4,4
78570,7853,-0.0171919,0,3,3
78570,7854,-0.0274459,0,2,2
78570,7855,-0.0376985,0,1,1
78570,7856,-0.0479498,0,0,0
