time,particle_id,x,y,mesh_index,mesh_index_original
7360,726,0.0492325,0,9,9
7360,727,0.0392085,0,8,8
7360,728,0.0291847,0,7,7
7360,729,0.019161,0,6,6
7360,730,0.00913735,0,5,5
7360,731,-0.00088618,0,4,4
7360,732,-0.0109096,0,3,3
7360,733,-0.0209329,0,2,2
7360,734,-0.0309562,0,1,1
7360,735,-0.0409793,0,0,0
