time,particle_id,x,y,mesh_index,mesh_index_original
22710,2261,0.0477106,0,9,9
22710,2262,0.0376358,0,8,8
22710,2263,0.0275614,0,7,7
22710,2264,0.0174873,0,6,6
22710,2265,0.00741358,0,5,5
22710,2266,-0.00265981,0,4,4
22710,2267,-0.0127328,0,3,3
22710,2268,-0.0228055,0,2,2
22710,2269,-0.0328779,0,1,1
22710,2270,-0.0429498,0,0,0
