time,particle_id,x,y,mesh_index,mesh_index_original
66690,6659,0.0450199,0,9,9
66690,6660,0.0347983,0,8,8
66690,6661,0.0245777,0,7,7
66690,6662,0.0143581,0,6,6
66690,6663,0.00413965,0,5,5
66690,6664,-0.00607774,0,4,4
66690,6665,-0.016294,0,3,3
66690,6666,-0.0265092,0,2,2
66690,6667,-0.0367233,0,1,1
66690,6668,-0.0469362,0,0,0
