time,particle_id,x,y,mesh_index,mesh_index_original
48040,4794,0.0464813,0,9,9
48040,4795,0.0363222,0,8,8
48040,4796,0.0261638,0,7,7
48040,4797,0.0160061,0,6,6
48040,4798,0.00584918,0,5,5
48040,4799,-0.00430696,0,4,4
48040,4800,-0.0144623,0,3,3
48040,4801,-0.0246169,0,2,2
48040,4802,-0.0347707,0,1,1
48040,4803,-0.0449237,0,0,0
