time,particle_id,x,y,mesh_index,mesh_index_original
3260,316,0.0491012,0,9,9
3260,317,0.0390908,0,8,8
3260,318,0.0290805,0,7,7
3260,319,0.0190702,0,6,6
3260,320,0.0090599,0,5,5
3260,321,-0.000950343,0,4,4
3260,322,-0.0109605,0,3,3
3260,323,-0.0209707,0,2,2
3260,324,-0.0309809,0,1,1
3260,325,-0.0409909,0,0,0
