time,particle_id,x,y,mesh_index,mesh_index_original
3860,376,0.0491204,0,9,9
3860,377,0.039108,0,8,8
3860,378,0.0290957,0,7,7
3860,379,0.0190835,0,6,6
3860,380,0.00907123,0,5,5
3860,381,-0.000940959,0,4,4
3860,382,-0.0109531,0,3,3
3860,383,-0.0209652,0,2,2
3860,384,-0.0309772,0,1,1
3860,385,-0.0409892,0,0,0
