time,particle_id,x,y,mesh_index,mesh_index_original
4240,414,0.0491326,0,9,9
4240,415,0.039119,0,8,8
4240,416,0.0291054,0,7,7
4240,417,0.0190919,0,6,6
4240,418,0.0090784,0,5,5
4240,419,-0.000935015,0,4,4
4240,420,-0.0109484,0,3,3
4240,421,-0.0209617,0,2,2
4240,422,-0.030975,0,1,1
4240,423,-0.0409882,0,0,0
