time,particle_id,x,y,mesh_index,mesh_index_original
68650,6855,0.0450801,0,9,9
68650,6856,0.0348518,0,8,8
68650,6857,0.0246246,0,7,7
68650,6858,0.0143986,0,6,6
68650,6859,0.00417358,0,5,5
68650,6860,-0.00605028,0,4,4
68650,6861,-0.016273,0,3,3
68650,6862,-0.0264946,0,2,2
68650,6863,-0.036715,0,1,1
68650,6864,-0.0469343,0,0,0
