time,particle_id,x,y,mesh_index,mesh_index_original
11250,1115,0.0483535,0,9,9
11250,1116,0.0383167,0,8,8
11250,1117,0.0282801,0,7,7
11250,1118,0.0182436,0,6,6
11250,1119,0.00820731,0,5,5
11250,1120,-0.00182883,0,4,4
11250,1121,-0.0118648,0,3,3
11250,1122,-0.0219006,0,2,2
11250,1123,-0.0319363,0,1,1
11250,1124,-0.0419717,0,0,0
