time,particle_id,x,y,mesh_index,mesh_index_original
90,0,0.0400006,0,9,9
90,1,0.0290005,0,7,7
90,2,0.0190004,0,6,6
90,3,0.00900031,0,5,5
90,4,-0.000999755,0,4,4
90,5,-0.0109998,0,3,3
90,6,-0.0209999,0,2,2
90,7,-0.0309999,0,1,1
90,8,-0.041,0,0,0
