time,particle_id,x,y,mesh_index,mesh_index_original
40670,4057,0.046252,0,9,9
40670,4058,0.0361175,0,8,8
40670,4059,0.0259836,0,7,7
40670,4060,0.0158504,0,6,6
40670,4061,0.00571774,0,5,5
40670,4062,-0.00441422,0,4,4
40670,4063,-0.0145455,0,3,3
40670,4064,-0.0246762,0,2,2
40670,4065,-0.0348062,0,1,1
40670,4066,-0.0449355,0,0,0
