time,particle_id,x,y,mesh_index,mesh_index_original
31820,3172,0.0469879,0,9,9
31820,3173,0.0368829,0,8,8
31820,3174,0.0267783,0,7,7
31820,3175,0.0166743,0,6,6
31820,3176,0.0065707,0,5,5
31820,3177,-0.00353237,0,4,4
31820,3178,-0.0136349,0,3,3
31820,3179,-0.023737,0,2,2
31820,3180,-0.0338385,0,1,1
31820,3181,-0.0439396,0,0,0
