time,particle_id,x,y,mesh_index,mesh_index_original
7950,785,0.0492514,0,9,9
7950,786,0.0392255,0,8,8
7950,787,0.0291997,0,7,7
7950,788,0.0191741,0,6,6
7950,789,0.00914851,0,5,5
7950,790,-0.000876939,0,4,4
7950,791,-0.0109023,0,3,3
7950,792,-0.0209275,0,2,2
7950,793,-0.0309526,0,1,1
7950,794,-0.0409776,0,0,0
