time,particle_id,x,y,mesh_index,mesh_index_original
39640,3954,0.0472331,0,9,9
39640,3955,0.037102,0,8,8
39640,3956,0.0269715,0,7,7
39640,3957,0.0168416,0,6,6
39640,3958,0.00671231,0,5,5
39640,3959,-0.00341635,0,4,4
39640,3960,-0.0135444,0,3,3
39640,3961,-0.0236718,0,2,2
39640,3962,-0.0337985,0,1,1
39640,3963,-0.0439246,0,0,0
