time,particle_id,x,y,mesh_index,mesh_index_original
11260,1116,0.0483538,0,9,9
11260,1117,0.038317,0,8,8
11260,1118,0.0282803,0,7,7
11260,1119,0.0182438,0,6,6
11260,1120,0.00820749,0,5,5
11260,1121,-0.00182868,0,4,4
11260,1122,-0.0118647,0,3,3
11260,1123,-0.0219005,0,2,2
11260,1124,-0.0319362,0,1,1
11260,1125,-0.0419717,0,0,0
