time,particle_id,x,y,mesh_index,mesh_index_original
97680,9758,0.0428779,0,9,9
97680,9759,0.0325517,0,8,8
97680,9760,0.0222271,0,7,7
97680,9761,0.011904,0,6,6
97680,9762,0.00158258,0,5,5
97680,9763,-0.00873725,0,4,4
97680,9764,-0.0190554,0,3,3
97680,9765,-0.029372,0,2,2
97680,9766,-0.0396868,0,1,1
