time,particle_id,x,y,mesh_index,mesh_index_original
49080,4898,0.0465138,0,9,9
49080,4899,0.0363511,0,8,8
49080,4900,0.0261892,0,7,7
49080,4901,0.0160281,0,6,6
49080,4902,0.00586775,0,5,5
49080,4903,-0.00429181,0,4,4
49080,4904,-0.0144506,0,3,3
49080,4905,-0.0246085,0,2,2
49080,4906,-0.0347657,0,1,1
49080,4907,-0.044922,0,0,0
