time,particle_id,x,y,mesh_index,mesh_index_original
35140,3504,0.0470919,0,9,9
35140,3505,0.0369758,0,8,8
35140,3506,0.0268603,0,7,7
35140,3507,0.0167453,0,6,6
35140,3508,0.00663077,0,5,5
35140,3509,-0.00348315,0,4,4
35140,3510,-0.0135965,0,3,3
35140,3511,-0.0237093,0,2,2
35140,3512,-0.0338216,0,1,1
35140,3513,-0.0439332,0,0,0
