time,particle_id,x,y,mesh_index,mesh_index_original
1030,93,0.0490299,0,9,9
1030,94,0.0390269,0,8,8
1030,95,0.0290239,0,7,7
1030,96,0.0190208,0,6,6
1030,97,0.00901782,0,5,5
1030,98,-0.000985203,0,4,4
1030,99,-0.0109882,0,3,3
1030,100,-0.0209912,0,2,2
1030,101,-0.0309943,0,1,1
1030,102,-0.0409973,0,0,0
