time,particle_id,x,y,mesh_index,mesh_index_original
16130,1603,0.0485086,0,9,9
16130,1604,0.0384556,0,8,8
16130,1605,0.0284029,0,7,7
16130,1606,0.0183504,0,6,6
16130,1607,0.00829818,0,5,5
16130,1608,-0.00175382,0,4,4
16130,1609,-0.0118056,0,3,3
16130,1610,-0.0218571,0,2,2
16130,1611,-0.0319084,0,1,1
16130,1612,-0.0419594,0,0,0
