time,particle_id,x,y,mesh_index,mesh_index_original
43610,4351,0.0463434,0,9,9
43610,4352,0.0361991,0,8,8
43610,4353,0.0260554,0,7,7
43610,4354,0.0159124,0,6,6
43610,4355,0.00577014,0,5,5
43610,4356,-0.00437147,0,4,4
43610,4357,-0.0145124,0,3,3
43610,4358,-0.0246526,0,2,2
43610,4359,-0.034792,0,1,1
43610,4360,-0.0449308,0,0,0
