time,particle_id,x,y,mesh_index,mesh_index_original
78800,7870,0.044366,0,9,9
78800,7871,0.0341036,0,8,8
78800,7872,0.0238424,0,7,7
78800,7873,0.0135825,0,6,6
78800,7874,0.00332387,0,5,5
78800,7875,-0.00693347,0,4,4
78800,7876,-0.0171895,0,3,3
78800,7877,-0.0274442,0,2,2
78800,7878,-0.0376976,0,1,1
78800,7879,-0.0479496,0,0,0
