time,particle_id,x,y,mesh_index,mesh_index_original
67510,6741,0.0450451,0,9,9
67510,6742,0.0348207,0,8,8
67510,6743,0.0245973,0,7,7
67510,6744,0.014375,0,6,6
67510,6745,0.00415384,0,5,5
67510,6746,-0.00606625,0,4,4
67510,6747,-0.0162852,0,3,3
67510,6748,-0.0265031,0,2,2
67510,6749,-0.0367198,0,1,1
67510,6750,-0.0469354,0,0,0
