time,particle_id,x,y,mesh_index,mesh_index_original
85490,8539,0.0435416,0,9,9
85490,8540,0.0332566,0,8,8
85490,8541,0.022973,0,7,7
85490,8542,0.0126908,0,6,6
85490,8543,0.00241001,0,5,5
85490,8544,-0.0078694,0,4,4
85490,8545,-0.0181474,0,3,3
85490,8546,-0.0284239,0,2,2
85490,8547,-0.038699,0,1,1
85490,8548,-0.0489727,0,0,0
