time,particle_id,x,y,mesh_index,mesh_index_original
77520,7742,0.044327,0,9,9
77520,7743,0.0340689,0,8,8
77520,7744,0.023812,0,7,7
77520,7745,0.0135564,0,6,6
77520,7746,0.00330205,0,5,5
77520,7747,-0.00695104,0,4,4
77520,7748,-0.0172029,0,3,3
77520,7749,-0.0274534,0,2,2
77520,7750,-0.0377026,0,1,1
77520,7751,-0.0479505,0,0,0
