time,particle_id,x,y,mesh_index,mesh_index_original
54900,5480,0.0456771,0,9,9
54900,5481,0.035495,0,8,8
54900,5482,0.0253138,0,7,7
54900,5483,0.0151334,0,6,6
54900,5484,0.0049539,0,5,5
54900,5485,-0.00522472,0,4,4
54900,5486,-0.0154024,0,3,3
54900,5487,-0.0255793,0,2,2
54900,5488,-0.0357552,0,1,1
54900,5489,-0.0459302,0,0,0
