time,particle_id,x,y,mesh_index,mesh_index_original
36450,3635,0.047133,0,9,9
36450,3636,0.0370126,0,8,8
36450,3637,0.0268926,0,7,7
36450,3638,0.0167733,0,6,6
36450,3639,0.00665449,0,5,5
36450,3640,-0.00346372,0,4,4
36450,3641,-0.0135814,0,3,3
36450,3642,-0.0236984,0,2,2
36450,3643,-0.0338149,0,1,1
36450,3644,-0.0439307,0,0,0
