time,particle_id,x,y,mesh_index,mesh_index_original
32720,3262,0.0470161,0,9,9
32720,3263,0.0369081,0,8,8
32720,3264,0.0268005,0,7,7
32720,3265,0.0166935,0,6,6
32720,3266,0.00658698,0,5,5
32720,3267,-0.00351904,0,4,4
32720,3268,-0.0136245,0,3,3
32720,3269,-0.0237295,0,2,2
32720,3270,-0.0338339,0,1,1
32720,3271,-0.0439378,0,0,0
