time,particle_id,x,y,mesh_index,mesh_index_original
88520,8842,0.0436332,0,9,9
88520,8843,0.033338,0,8,8
88520,8844,0.0230441,0,7,7
88520,8845,0.0127518,0,6,6
88520,8846,0.00246081,0,5,5
88520,8847,-0.00782867,0,4,4
88520,8848,-0.0181167,0,3,3
88520,8849,-0.0284032,0,2,2
88520,8850,-0.0386882,0,1,1
88520,8851,-0.0489717,0,0,0
