time,particle_id,x,y,mesh_index,mesh_index_original
23300,2320,0.0477292,0,9,9
23300,2321,0.0376525,0,8,8
23300,2322,0.0275761,0,7,7
23300,2323,0.0175001,0,6,6
23300,2324,0.00742441,0,5,5
23300,2325,-0.0026509,0,4,4
23300,2326,-0.0127259,0,3,3
23300,2327,-0.0228004,0,2,2
23300,2328,-0.0328747,0,1,1
23300,2329,-0.0429485,0,0,0
