time,particle_id,x,y,mesh_index,mesh_index_original
31660,3156,0.0469829,0,9,9
31660,3157,0.0368784,0,8,8
31660,3158,0.0267744,0,7,7
31660,3159,0.0166709,0,6,6
31660,3160,0.00656781,0,5,5
31660,3161,-0.00353474,0,4,4
31660,3162,-0.0136368,0,3,3
31660,3163,-0.0237383,0,2,2
31660,3164,-0.0338394,0,1,1
31660,3165,-0.0439399,0,0,0
