time,particle_id,x,y,mesh_index,mesh_index_original
75330,7523,0.0442603,0,9,9
75330,7524,0.0340096,0,8,8
75330,7525,0.0237601,0,7,7
75330,7526,0.0135118,0,6,6
75330,7527,0.00326474,0,5,5
75330,7528,-0.0069811,0,4,4
75330,7529,-0.0172257,0,3,3
75330,7530,-0.027469,0,2,2
75330,7531,-0.0377111,0,1,1
75330,7532,-0.0479519,0,0,0
