time,particle_id,x,y,mesh_index,mesh_index_original
740,64,0.0490206,0,9,9
740,65,0.0390186,0,8,8
740,66,0.0290165,0,7,7
740,67,0.0190144,0,6,6
740,68,0.00901235,0,5,5
740,69,-0.000989735,0,4,4
740,70,-0.0109918,0,3,3
740,71,-0.0209939,0,2,2
740,72,-0.030996,0,1,1
740,73,-0.0409981,0,0,0
