time,particle_id,x,y,mesh_index,mesh_index_original
58510,5841,0.0457887,0,9,9
58510,5842,0.0355945,0,8,8
58510,5843,0.0254012,0,7,7
58510,5844,0.0152088,0,6,6
58510,5845,0.00501736,0,5,5
58510,5846,-0.00517314,0,4,4
58510,5847,-0.0153627,0,3,3
58510,5848,-0.0255513,0,2,2
58510,5849,-0.0357389,0,1,1
58510,5850,-0.0459255,0,0,0
