time,particle_id,x,y,mesh_index,mesh_index_original
63340,6324,0.0449172,0,9,9
63340,6325,0.0347068,0,8,8
63340,6326,0.0244974,0,7,7
63340,6327,0.014289,0,6,6
63340,6328,0.00408169,0,5,5
63340,6329,-0.00612464,0,4,4
63340,6330,-0.0163299,0,3,3
63340,6331,-0.0265342,0,2,2
63340,6332,-0.0367374,0,1,1
63340,6333,-0.0469395,0,0,0
