time,particle_id,x,y,mesh_index,mesh_index_original
35310,3521,0.0470973,0,9,9
35310,3522,0.0369806,0,8,8
35310,3523,0.0268645,0,7,7
35310,3524,0.0167489,0,6,6
35310,3525,0.00663385,0,5,5
35310,3526,-0.00348063,0,4,4
35310,3527,-0.0135946,0,3,3
35310,3528,-0.0237079,0,2,2
35310,3529,-0.0338207,0,1,1
35310,3530,-0.0439329,0,0,0
