time,particle_id,x,y,mesh_index,mesh_index_original
40390,4029,0.0462433,0,9,9
40390,4030,0.0361097,0,8,8
40390,4031,0.0259768,0,7,7
40390,4032,0.0158444,0,6,6
40390,4033,0.00571276,0,5,5
40390,4034,-0.00441829,0,4,4
40390,4035,-0.0145487,0,3,3
40390,4036,-0.0246784,0,2,2
40390,4037,-0.0348075,0,1,1
40390,4038,-0.044936,0,0,0
