time,particle_id,x,y,mesh_index,mesh_index_original
68400,6830,0.0450724,0,9,9
68400,6831,0.034845,0,8,8
68400,6832,0.0246187,0,7,7
68400,6833,0.0143934,0,6,6
68400,6834,0.00416925,0,5,5
68400,6835,-0.00605378,0,4,4
68400,6836,-0.0162757,0,3,3
68400,6837,-0.0264965,0,2,2
68400,6838,-0.0367161,0,1,1
68400,6839,-0.0469346,0,0,0
