time,particle_id,x,y,mesh_index,mesh_index_original
17340,1724,0.0485471,0,9,9
17340,1725,0.0384901,0,8,8
17340,1726,0.0284334,0,7,7
17340,1727,0.0183769,0,6,6
17340,1728,0.00832073,0,5,5
17340,1729,-0.0017352,0,4,4
17340,1730,-0.0117909,0,3,3
17340,1731,-0.0218463,0,2,2
17340,1732,-0.0319014,0,1,1
17340,1733,-0.0419563,0,0,0
