time,particle_id,x,y,mesh_index,mesh_index_original
73210,7311,0.0441958,0,9,9
73210,7312,0.0339523,0,8,8
73210,7313,0.0237099,0,7,7
73210,7314,0.0134687,0,6,6
73210,7315,0.00322865,0,5,5
73210,7316,-0.00701017,0,4,4
73210,7317,-0.0172478,0,3,3
73210,7318,-0.0274842,0,2,2
73210,7319,-0.0377194,0,1,1
73210,7320,-0.0479533,0,0,0
