time,particle_id,x,y,mesh_index,mesh_index_original
98870,9877,0.0429137,0,9,9
98870,9878,0.0325834,0,8,8
98870,9879,0.0222547,0,7,7
98870,9880,0.0119276,0,6,6
98870,9881,0.00160221,0,5,5
98870,9882,-0.00872159,0,4,4
98870,9883,-0.0190437,0,3,3
98870,9884,-0.0293642,0,2,2
98870,9885,-0.0396829,0,1,1
