time,particle_id,x,y,mesh_index,mesh_index_original
85290,8519,0.0435355,0,9,9
85290,8520,0.0332513,0,8,8
85290,8521,0.0229684,0,7,7
85290,8522,0.0126868,0,6,6
85290,8523,0.00240666,0,5,5
85290,8524,-0.00787208,0,4,4
85290,8525,-0.0181494,0,3,3
85290,8526,-0.0284253,0,2,2
85290,8527,-0.0386997,0,1,1
85290,8528,-0.0489727,0,0,0
