time,particle_id,x,y,mesh_index,mesh_index_original
34040,3394,0.0470575,0,9,9
34040,3395,0.036945,0,8,8
34040,3396,0.0268331,0,7,7
34040,3397,0.0167217,0,6,6
34040,3398,0.00661086,0,5,5
34040,3399,-0.00349947,0,4,4
34040,3400,-0.0136093,0,3,3
34040,3401,-0.0237185,0,2,2
34040,3402,-0.0338272,0,1,1
34040,3403,-0.0439353,0,0,0
