time,particle_id,x,y,mesh_index,mesh_index_original
48850,4875,0.0465066,0,9,9
48850,4876,0.0363447,0,8,8
48850,4877,0.0261836,0,7,7
48850,4878,0.0160232,0,6,6
48850,4879,0.00586365,0,5,5
48850,4880,-0.00429516,0,4,4
48850,4881,-0.0144532,0,3,3
48850,4882,-0.0246104,0,2,2
48850,4883,-0.0347668,0,1,1
48850,4884,-0.0449224,0,0,0
