time,particle_id,x,y,mesh_index,mesh_index_original
83340,8324,0.0434767,0,9,9
83340,8325,0.033199,0,8,8
83340,8326,0.0229226,0,7,7
83340,8327,0.0126476,0,6,6
83340,8328,0.002374,0,5,5
83340,8329,-0.00789827,0,4,4
83340,8330,-0.0181692,0,3,3
83340,8331,-0.0284386,0,2,2
83340,8332,-0.0387067,0,1,1
83340,8333,-0.0489734,0,0,0
