time,particle_id,x,y,mesh_index,mesh_index_original
10470,1037,0.0483287,0,9,9
10470,1038,0.0382945,0,8,8
10470,1039,0.0282605,0,7,7
10470,1040,0.0182266,0,6,6
10470,1041,0.0081928,0,5,5
10470,1042,-0.00184081,0,4,4
10470,1043,-0.0118743,0,3,3
10470,1044,-0.0219076,0,2,2
10470,1045,-0.0319407,0,1,1
10470,1046,-0.0419737,0,0,0
