time,particle_id,x,y,mesh_index,mesh_index_original
88550,8845,0.0436341,0,9,9
88550,8846,0.0333388,0,8,8
88550,8847,0.0230448,0,7,7
88550,8848,0.0127524,0,6,6
88550,8849,0.00246132,0,5,5
88550,8850,-0.00782826,0,4,4
88550,8851,-0.0181164,0,3,3
88550,8852,-0.028403,0,2,2
88550,8853,-0.0386881,0,1,1
88550,8854,-0.0489717,0,0,0
