time,particle_id,x,y,mesh_index,mesh_index_original
8540,844,0.0492703,0,9,9
8540,845,0.0392425,0,8,8
8540,846,0.0292147,0,7,7
8540,847,0.0191871,0,6,6
8540,848,0.00915967,0,5,5
8540,849,-0.000867697,0,4,4
8540,850,-0.0108949,0,3,3
8540,851,-0.0209221,0,2,2
8540,852,-0.0309491,0,1,1
8540,853,-0.0409759,0,0,0
