time,particle_id,x,y,mesh_index,mesh_index_original
14870,1477,0.0484685,0,9,9
14870,1478,0.0384197,0,8,8
14870,1479,0.0283712,0,7,7
14870,1480,0.0183228,0,6,6
14870,1481,0.0082747,0,5,5
14870,1482,-0.0017732,0,4,4
14870,1483,-0.0118209,0,3,3
14870,1484,-0.0218683,0,2,2
14870,1485,-0.0319156,0,1,1
14870,1486,-0.0419626,0,0,0
