time,particle_id,x,y,mesh_index,mesh_index_original
44730,4463,0.0463783,0,9,9
44730,4464,0.0362302,0,8,8
44730,4465,0.0260828,0,7,7
44730,4466,0.0159361,0,6,6
44730,4467,0.00579011,0,5,5
44730,4468,-0.00435517,0,4,4
44730,4469,-0.0144997,0,3,3
44730,4470,-0.0246436,0,2,2
44730,4471,-0.0347867,0,1,1
44730,4472,-0.044929,0,0,0
