time,particle_id,x,y,mesh_index,mesh_index_original
30430,3033,0.0469444,0,9,9
30430,3034,0.036844,0,8,8
30430,3035,0.0267441,0,7,7
30430,3036,0.0166446,0,6,6
30430,3037,0.00654557,0,5,5
30430,3038,-0.00355296,0,4,4
30430,3039,-0.013651,0,3,3
30430,3040,-0.0237486,0,2,2
30430,3041,-0.0338457,0,1,1
30430,3042,-0.0439422,0,0,0
