time,particle_id,x,y,mesh_index,mesh_index_original
99300,9920,0.0429266,0,9,9
99300,9921,0.0325948,0,8,8
99300,9922,0.0222647,0,7,7
99300,9923,0.0119362,0,6,6
99300,9924,0.0016093,0,5,5
99300,9925,-0.00871593,0,4,4
99300,9926,-0.0190395,0,3,3
99300,9927,-0.0293614,0,2,2
99300,9928,-0.0396815,0,1,1
