time,particle_id,x,y,mesh_index,mesh_index_original
77290,7719,0.04432,0,9,9
77290,7720,0.0340627,0,8,8
77290,7721,0.0238066,0,7,7
77290,7722,0.0135517,0,6,6
77290,7723,0.00329814,0,5,5
77290,7724,-0.0069542,0,4,4
77290,7725,-0.0172053,0,3,3
77290,7726,-0.027455,0,2,2
77290,7727,-0.0377035,0,1,1
77290,7728,-0.0479506,0,0,0
