time,particle_id,x,y,mesh_index,mesh_index_original
66190,6609,0.0450046,0,9,9
66190,6610,0.0347846,0,8,8
66190,6611,0.0245657,0,7,7
66190,6612,0.0143478,0,6,6
66190,6613,0.00413099,0,5,5
66190,6614,-0.00608474,0,4,4
66190,6615,-0.0162994,0,3,3
66190,6616,-0.0265129,0,2,2
66190,6617,-0.0367254,0,1,1
66190,6618,-0.0469367,0,0,0
