time,particle_id,x,y,mesh_index,mesh_index_original
10940,1084,0.0483436,0,9,9
10940,1085,0.0383079,0,8,8
10940,1086,0.0282723,0,7,7
10940,1087,0.0182368,0,6,6
10940,1088,0.00820154,0,5,5
10940,1089,-0.0018336,0,4,4
10940,1090,-0.0118686,0,3,3
10940,1091,-0.0219034,0,2,2
10940,1092,-0.031938,0,1,1
10940,1093,-0.0419725,0,0,0
