time,particle_id,x,y,mesh_index,mesh_index_original
92160,9206,0.0427125,0,9,9
92160,9207,0.032405,0,8,8
92160,9208,0.0220991,0,7,7
92160,9209,0.0117946,0,6,6
92160,9210,0.00149162,0,5,5
92160,9211,-0.00880982,0,4,4
92160,9212,-0.0191097,0,3,3
92160,9213,-0.0294081,0,2,2
92160,9214,-0.0397048,0,1,1
