time,particle_id,x,y,mesh_index,mesh_index_original
12910,1281,0.0484062,0,9,9
12910,1282,0.0383639,0,8,8
12910,1283,0.0283218,0,7,7
12910,1284,0.0182799,0,6,6
12910,1285,0.0082382,0,5,5
12910,1286,-0.00180333,0,4,4
12910,1287,-0.0118447,0,3,3
12910,1288,-0.0218858,0,2,2
12910,1289,-0.0319268,0,1,1
12910,1290,-0.0419675,0,0,0
