time,particle_id,x,y,mesh_index,mesh_index_original
75860,7576,0.0442765,0,9,9
75860,7577,0.034024,0,8,8
75860,7578,0.0237727,0,7,7
75860,7579,0.0135226,0,6,6
75860,7580,0.00327377,0,5,5
75860,7581,-0.00697383,0,4,4
75860,7582,-0.0172202,0,3,3
75860,7583,-0.0274653,0,2,2
75860,7584,-0.037709,0,1,1
75860,7585,-0.0479516,0,0,0
