time,particle_id,x,y,mesh_index,mesh_index_original
32960,3286,0.0470236,0,9,9
32960,3287,0.0369148,0,8,8
32960,3288,0.0268065,0,7,7
32960,3289,0.0166986,0,6,6
32960,3290,0.00659132,0,5,5
32960,3291,-0.00351548,0,4,4
32960,3292,-0.0136218,0,3,3
32960,3293,-0.0237275,0,2,2
32960,3294,-0.0338327,0,1,1
32960,3295,-0.0439374,0,0,0
