time,particle_id,x,y,mesh_index,mesh_index_original
32580,3248,0.0470117,0,9,9
32580,3249,0.0369042,0,8,8
32580,3250,0.0267971,0,7,7
32580,3251,0.0166905,0,6,6
32580,3252,0.00658445,0,5,5
32580,3253,-0.00352111,0,4,4
32580,3254,-0.0136262,0,3,3
32580,3255,-0.0237307,0,2,2
32580,3256,-0.0338347,0,1,1
32580,3257,-0.0439381,0,0,0
