time,particle_id,x,y,mesh_index,mesh_index_original
27490,2739,0.0478615,0,9,9
27490,2740,0.0377709,0,8,8
27490,2741,0.0276806,0,7,7
27490,2742,0.0175908,0,6,6
27490,2743,0.00750138,0,5,5
27490,2744,-0.0025876,0,4,4
27490,2745,-0.0126761,0,3,3
27490,2746,-0.0227643,0,2,2
27490,2747,-0.0328519,0,1,1
27490,2748,-0.0429392,0,0,0
