time,particle_id,x,y,mesh_index,mesh_index_original
98880,9878,0.042914,0,9,9
98880,9879,0.0325837,0,8,8
98880,9880,0.0222549,0,7,7
98880,9881,0.0119278,0,6,6
98880,9882,0.00160237,0,5,5
98880,9883,-0.00872146,0,4,4
98880,9884,-0.0190436,0,3,3
98880,9885,-0.0293641,0,2,2
98880,9886,-0.0396829,0,1,1
