time,particle_id,x,y,mesh_index,mesh_index_original
16070,1597,0.0485067,0,9,9
16070,1598,0.0384539,0,8,8
16070,1599,0.0284014,0,7,7
16070,1600,0.0183491,0,6,6
16070,1601,0.00829706,0,5,5
16070,1602,-0.00175475,0,4,4
16070,1603,-0.0118063,0,3,3
16070,1604,-0.0218576,0,2,2
16070,1605,-0.0319087,0,1,1
16070,1606,-0.0419595,0,0,0
