time,particle_id,x,y,mesh_index,mesh_index_original
69650,6955,0.0451108,0,9,9
69650,6956,0.0348792,0,8,8
69650,6957,0.0246486,0,7,7
69650,6958,0.0144192,0,6,6
69650,6959,0.00419091,0,5,5
69650,6960,-0.00603626,0,4,4
69650,6961,-0.0162623,0,3,3
69650,6962,-0.0264871,0,2,2
69650,6963,-0.0367108,0,1,1
69650,6964,-0.0469334,0,0,0
