time,particle_id,x,y,mesh_index,mesh_index_original
82960,8286,0.0434652,0,9,9
82960,8287,0.0331888,0,8,8
82960,8288,0.0229137,0,7,7
82960,8289,0.01264,0,6,6
82960,8290,0.00236764,0,5,5
82960,8291,-0.00790337,0,4,4
82960,8292,-0.018173,0,3,3
82960,8293,-0.0284412,0,2,2
82960,8294,-0.0387081,0,1,1
82960,8295,-0.0489735,0,0,0
