time,particle_id,x,y,mesh_index,mesh_index_original
24900,2480,0.0477797,0,9,9
24900,2481,0.0376977,0,8,8
24900,2482,0.027616,0,7,7
24900,2483,0.0175347,0,6,6
24900,2484,0.00745379,0,5,5
24900,2485,-0.00262674,0,4,4
24900,2486,-0.0127069,0,3,3
24900,2487,-0.0227866,0,2,2
24900,2488,-0.032866,0,1,1
24900,2489,-0.0429449,0,0,0
