time,particle_id,x,y,mesh_index,mesh_index_original
32760,3266,0.0470174,0,9,9
32760,3267,0.0369092,0,8,8
32760,3268,0.0268015,0,7,7
32760,3269,0.0166944,0,6,6
32760,3270,0.0065877,0,5,5
32760,3271,-0.00351844,0,4,4
32760,3272,-0.0136241,0,3,3
32760,3273,-0.0237292,0,2,2
32760,3274,-0.0338337,0,1,1
32760,3275,-0.0439378,0,0,0
