time,particle_id,x,y,mesh_index,mesh_index_original
46970,4687,0.046448,0,9,9
46970,4688,0.0362924,0,8,8
46970,4689,0.0261376,0,7,7
46970,4690,0.0159835,0,6,6
46970,4691,0.00583008,0,5,5
46970,4692,-0.00432255,0,4,4
46970,4693,-0.0144744,0,3,3
46970,4694,-0.0246255,0,2,2
46970,4695,-0.0347759,0,1,1
46970,4696,-0.0449254,0,0,0
