time,particle_id,x,y,mesh_index,mesh_index_original
4410,431,0.049138,0,9,9
4410,432,0.0391238,0,8,8
4410,433,0.0291097,0,7,7
4410,434,0.0190956,0,6,6
4410,435,0.00908161,0,5,5
4410,436,-0.000932355,0,4,4
4410,437,-0.0109463,0,3,3
4410,438,-0.0209601,0,2,2
4410,439,-0.0309739,0,1,1
4410,440,-0.0409877,0,0,0
