time,particle_id,x,y,mesh_index,mesh_index_original
71120,7102,0.0441322,0,9,9
71120,7103,0.0338958,0,8,8
71120,7104,0.0236604,0,7,7
71120,7105,0.0134262,0,6,6
71120,7106,0.0031931,0,5,5
71120,7107,-0.00703881,0,4,4
71120,7108,-0.0172696,0,3,3
71120,7109,-0.0274991,0,2,2
71120,7110,-0.0377275,0,1,1
71120,7111,-0.0479546,0,0,0
