time,particle_id,x,y,mesh_index,mesh_index_original
91320,9122,0.0426873,0,9,9
91320,9123,0.0323827,0,8,8
91320,9124,0.0220796,0,7,7
91320,9125,0.011778,0,6,6
91320,9126,0.0014778,0,5,5
91320,9127,-0.00882085,0,4,4
91320,9128,-0.019118,0,3,3
91320,9129,-0.0294135,0,2,2
91320,9130,-0.0397076,0,1,1
