time,particle_id,x,y,mesh_index,mesh_index_original
95150,9505,0.0428021,0,9,9
95150,9506,0.0324845,0,8,8
95150,9507,0.0221684,0,7,7
95150,9508,0.0118538,0,6,6
95150,9509,0.00154087,0,5,5
95150,9510,-0.00877053,0,4,4
95150,9511,-0.0190803,0,3,3
95150,9512,-0.0293885,0,2,2
95150,9513,-0.0396951,0,1,1
