time,particle_id,x,y,mesh_index,mesh_index_original
87570,8747,0.0436045,0,9,9
87570,8748,0.0333125,0,8,8
87570,8749,0.0230218,0,7,7
87570,8750,0.0127326,0,6,6
87570,8751,0.00244488,0,5,5
87570,8752,-0.00784144,0,4,4
87570,8753,-0.0181263,0,3,3
87570,8754,-0.0284097,0,2,2
87570,8755,-0.0386916,0,1,1
87570,8756,-0.048972,0,0,0
