time,particle_id,x,y,mesh_index,mesh_index_original
54460,5436,0.0456635,0,9,9
54460,5437,0.0354829,0,8,8
54460,5438,0.0253031,0,7,7
54460,5439,0.0151242,0,6,6
54460,5440,0.00494617,0,5,5
54460,5441,-0.005231,0,4,4
54460,5442,-0.0154073,0,3,3
54460,5443,-0.0255827,0,2,2
54460,5444,-0.0357571,0,1,1
54460,5445,-0.0459307,0,0,0
