time,particle_id,x,y,mesh_index,mesh_index_original
88410,8831,0.0436299,0,9,9
88410,8832,0.033335,0,8,8
88410,8833,0.0230416,0,7,7
88410,8834,0.0127495,0,6,6
88410,8835,0.00245897,0,5,5
88410,8836,-0.00783015,0,4,4
88410,8837,-0.0181178,0,3,3
88410,8838,-0.0284039,0,2,2
88410,8839,-0.0386886,0,1,1
88410,8840,-0.0489717,0,0,0
