time,particle_id,x,y,mesh_index,mesh_index_original
69400,6930,0.0451031,0,9,9
69400,6931,0.0348723,0,8,8
69400,6932,0.0246426,0,7,7
69400,6933,0.014414,0,6,6
69400,6934,0.00418658,0,5,5
69400,6935,-0.00603976,0,4,4
69400,6936,-0.016265,0,3,3
69400,6937,-0.026489,0,2,2
69400,6938,-0.0367119,0,1,1
69400,6939,-0.0469336,0,0,0
