time,particle_id,x,y,mesh_index,mesh_index_original
83350,8325,0.043477,0,9,9
83350,8326,0.0331992,0,8,8
83350,8327,0.0229229,0,7,7
83350,8328,0.0126478,0,6,6
83350,8329,0.00237417,0,5,5
83350,8330,-0.00789814,0,4,4
83350,8331,-0.0181691,0,3,3
83350,8332,-0.0284386,0,2,2
83350,8333,-0.0387067,0,1,1
83350,8334,-0.0489733,0,0,0
