time,particle_id,x,y,mesh_index,mesh_index_original
26710,2661,0.0478369,0,9,9
26710,2662,0.0377488,0,8,8
26710,2663,0.0276612,0,7,7
26710,2664,0.0175739,0,6,6
26710,2665,0.00748704,0,5,5
26710,2666,-0.00259939,0,4,4
26710,2667,-0.0126854,0,3,3
26710,2668,-0.022771,0,2,2
26710,2669,-0.0328562,0,1,1
26710,2670,-0.0429409,0,0,0
