time,particle_id,x,y,mesh_index,mesh_index_original
14350,1425,0.048452,0,9,9
14350,1426,0.0384049,0,8,8
14350,1427,0.0283581,0,7,7
14350,1428,0.0183114,0,6,6
14350,1429,0.00826502,0,5,5
14350,1430,-0.0017812,0,4,4
14350,1431,-0.0118272,0,3,3
14350,1432,-0.021873,0,2,2
14350,1433,-0.0319185,0,1,1
14350,1434,-0.0419639,0,0,0
