time,particle_id,x,y,mesh_index,mesh_index_original
68450,6835,0.0450739,0,9,9
68450,6836,0.0348464,0,8,8
68450,6837,0.0246199,0,7,7
68450,6838,0.0143944,0,6,6
68450,6839,0.00417012,0,5,5
68450,6840,-0.00605308,0,4,4
68450,6841,-0.0162752,0,3,3
68450,6842,-0.0264961,0,2,2
68450,6843,-0.0367159,0,1,1
68450,6844,-0.0469345,0,0,0
