time,particle_id,x,y,mesh_index,mesh_index_original
92700,9260,0.0427287,0,9,9
92700,9261,0.0324194,0,8,8
92700,9262,0.0221116,0,7,7
92700,9263,0.0118053,0,6,6
92700,9264,0.00150051,0,5,5
92700,9265,-0.00880273,0,4,4
92700,9266,-0.0191044,0,3,3
92700,9267,-0.0294045,0,2,2
92700,9268,-0.0397031,0,1,1
