time,particle_id,x,y,mesh_index,mesh_index_original
94590,9449,0.0427853,0,9,9
94590,9450,0.0324696,0,8,8
94590,9451,0.0221554,0,7,7
94590,9452,0.0118427,0,6,6
94590,9453,0.00153164,0,5,5
94590,9454,-0.00877789,0,4,4
94590,9455,-0.0190858,0,3,3
94590,9456,-0.0293922,0,2,2
94590,9457,-0.0396969,0,1,1
