time,particle_id,x,y,mesh_index,mesh_index_original
38320,3822,0.0471917,0,9,9
38320,3823,0.037065,0,8,8
38320,3824,0.0269389,0,7,7
38320,3825,0.0168133,0,6,6
38320,3826,0.00668838,0,5,5
38320,3827,-0.00343596,0,4,4
38320,3828,-0.0135597,0,3,3
38320,3829,-0.0236828,0,2,2
38320,3830,-0.0338053,0,1,1
38320,3831,-0.0439271,0,0,0
