time,particle_id,x,y,mesh_index,mesh_index_original
87410,8731,0.0435996,0,9,9
87410,8732,0.0333082,0,8,8
87410,8733,0.0230181,0,7,7
87410,8734,0.0127294,0,6,6
87410,8735,0.0024422,0,5,5
87410,8736,-0.00784359,0,4,4
87410,8737,-0.0181279,0,3,3
87410,8738,-0.0284108,0,2,2
87410,8739,-0.0386922,0,1,1
87410,8740,-0.048972,0,0,0
