time,particle_id,x,y,mesh_index,mesh_index_original
80240,8014,0.0433831,0,9,9
80240,8015,0.0331159,0,8,8
80240,8016,0.02285,0,7,7
80240,8017,0.0125854,0,6,6
80240,8018,0.00232212,0,5,5
80240,8019,-0.00793987,0,4,4
80240,8020,-0.0182005,0,3,3
80240,8021,-0.0284598,0,2,2
80240,8022,-0.0387178,0,1,1
80240,8023,-0.0489744,0,0,0
