time,particle_id,x,y,mesh_index,mesh_index_original
22960,2286,0.0477185,0,9,9
22960,2287,0.0376429,0,8,8
22960,2288,0.0275676,0,7,7
22960,2289,0.0174927,0,6,6
22960,2290,0.00741817,0,5,5
22960,2291,-0.00265604,0,4,4
22960,2292,-0.0127299,0,3,3
22960,2293,-0.0228034,0,2,2
22960,2294,-0.0328765,0,1,1
22960,2295,-0.0429493,0,0,0
