time,particle_id,x,y,mesh_index,mesh_index_original
66430,6633,0.0450119,0,9,9
66430,6634,0.0347912,0,8,8
66430,6635,0.0245714,0,7,7
66430,6636,0.0143528,0,6,6
66430,6637,0.00413514,0,5,5
66430,6638,-0.00608138,0,4,4
66430,6639,-0.0162968,0,3,3
66430,6640,-0.0265112,0,2,2
66430,6641,-0.0367244,0,1,1
66430,6642,-0.0469365,0,0,0
