time,particle_id,x,y,mesh_index,mesh_index_original
64100,6400,0.0449405,0,9,9
64100,6401,0.0347275,0,8,8
64100,6402,0.0245156,0,7,7
64100,6403,0.0143047,0,6,6
64100,6404,0.00409483,0,5,5
64100,6405,-0.006114,0,4,4
64100,6406,-0.0163218,0,3,3
64100,6407,-0.0265285,0,2,2
64100,6408,-0.0367342,0,1,1
64100,6409,-0.0469387,0,0,0
