time,particle_id,x,y,mesh_index,mesh_index_original
73840,7374,0.044215,0,9,9
73840,7375,0.0339693,0,8,8
73840,7376,0.0237248,0,7,7
73840,7377,0.0134815,0,6,6
73840,7378,0.00323938,0,5,5
73840,7379,-0.00700153,0,4,4
73840,7380,-0.0172412,0,3,3
73840,7381,-0.0274797,0,2,2
73840,7382,-0.0377169,0,1,1
73840,7383,-0.0479529,0,0,0
