time,particle_id,x,y,mesh_index,mesh_index_original
2080,198,0.0490635,0,9,9
2080,199,0.039057,0,8,8
2080,200,0.0290505,0,7,7
2080,201,0.0190441,0,6,6
2080,202,0.00903763,0,5,5
2080,203,-0.000968792,0,4,4
2080,204,-0.0109752,0,3,3
2080,205,-0.0209816,0,2,2
2080,206,-0.030988,0,1,1
2080,207,-0.0409943,0,0,0
