time,particle_id,x,y,mesh_index,mesh_index_original
55540,5544,0.0456969,0,9,9
55540,5545,0.0355126,0,8,8
55540,5546,0.0253293,0,7,7
55540,5547,0.0151468,0,6,6
55540,5548,0.00496514,0,5,5
55540,5549,-0.00521558,0,4,4
55540,5550,-0.0153954,0,3,3
55540,5551,-0.0255743,0,2,2
55540,5552,-0.0357523,0,1,1
55540,5553,-0.0459293,0,0,0
