time,particle_id,x,y,mesh_index,mesh_index_original
68640,6854,0.0450798,0,9,9
68640,6855,0.0348516,0,8,8
68640,6856,0.0246244,0,7,7
68640,6857,0.0143984,0,6,6
68640,6858,0.00417341,0,5,5
68640,6859,-0.00605042,0,4,4
68640,6860,-0.0162731,0,3,3
68640,6861,-0.0264947,0,2,2
68640,6862,-0.0367151,0,1,1
68640,6863,-0.0469343,0,0,0
