time,particle_id,x,y,mesh_index,mesh_index_original
41840,4174,0.0462884,0,9,9
41840,4175,0.0361499,0,8,8
41840,4176,0.0260122,0,7,7
41840,4177,0.0158751,0,6,6
41840,4178,0.00573859,0,5,5
41840,4179,-0.00439721,0,4,4
41840,4180,-0.0145323,0,3,3
41840,4181,-0.0246668,0,2,2
41840,4182,-0.0348006,0,1,1
41840,4183,-0.0449336,0,0,0
