time,particle_id,x,y,mesh_index,mesh_index_original
72580,7248,0.0441766,0,9,9
72580,7249,0.0339352,0,8,8
72580,7250,0.023695,0,7,7
72580,7251,0.0134559,0,6,6
72580,7252,0.00321793,0,5,5
72580,7253,-0.00701881,0,4,4
72580,7254,-0.0172544,0,3,3
72580,7255,-0.0274887,0,2,2
72580,7256,-0.0377218,0,1,1
72580,7257,-0.0479537,0,0,0
