time,particle_id,x,y,mesh_index,mesh_index_original
82820,8272,0.043461,0,9,9
82820,8273,0.033185,0,8,8
82820,8274,0.0229105,0,7,7
82820,8275,0.0126372,0,6,6
82820,8276,0.00236529,0,5,5
82820,8277,-0.00790525,0,4,4
82820,8278,-0.0181744,0,3,3
82820,8279,-0.0284422,0,2,2
82820,8280,-0.0387086,0,1,1
82820,8281,-0.0489735,0,0,0
