time,particle_id,x,y,mesh_index,mesh_index_original
38010,3791,0.047182,0,9,9
38010,3792,0.0370563,0,8,8
38010,3793,0.0269312,0,7,7
38010,3794,0.0168067,0,6,6
38010,3795,0.00668276,0,5,5
38010,3796,-0.00344056,0,4,4
38010,3797,-0.0135633,0,3,3
38010,3798,-0.0236854,0,2,2
38010,3799,-0.0338069,0,1,1
38010,3800,-0.0439277,0,0,0
