time,particle_id,x,y,mesh_index,mesh_index_original
15640,1554,0.048493,0,9,9
15640,1555,0.0384417,0,8,8
15640,1556,0.0283906,0,7,7
15640,1557,0.0183397,0,6,6
15640,1558,0.00828905,0,5,5
15640,1559,-0.00176136,0,4,4
15640,1560,-0.0118115,0,3,3
15640,1561,-0.0218615,0,2,2
15640,1562,-0.0319112,0,1,1
15640,1563,-0.0419606,0,0,0
