time,particle_id,x,y,mesh_index,mesh_index_original
33180,3308,0.0470305,0,9,9
33180,3309,0.0369209,0,8,8
33180,3310,0.0268119,0,7,7
33180,3311,0.0167033,0,6,6
33180,3312,0.0065953,0,5,5
33180,3313,-0.00351222,0,4,4
33180,3314,-0.0136192,0,3,3
33180,3315,-0.0237257,0,2,2
33180,3316,-0.0338316,0,1,1
33180,3317,-0.043937,0,0,0
