time,particle_id,x,y,mesh_index,mesh_index_original
32090,3199,0.0469964,0,9,9
32090,3200,0.0368904,0,8,8
32090,3201,0.026785,0,7,7
32090,3202,0.01668,0,6,6
32090,3203,0.00657558,0,5,5
32090,3204,-0.00352837,0,4,4
32090,3205,-0.0136318,0,3,3
32090,3206,-0.0237348,0,2,2
32090,3207,-0.0338372,0,1,1
32090,3208,-0.0439391,0,0,0
