time,particle_id,x,y,mesh_index,mesh_index_original
43620,4352,0.0463437,0,9,9
43620,4353,0.0361994,0,8,8
43620,4354,0.0260557,0,7,7
43620,4355,0.0159126,0,6,6
43620,4356,0.00577031,0,5,5
43620,4357,-0.00437132,0,4,4
43620,4358,-0.0145123,0,3,3
43620,4359,-0.0246525,0,2,2
43620,4360,-0.034792,0,1,1
43620,4361,-0.0449308,0,0,0
