time,particle_id,x,y,mesh_index,mesh_index_original
15990,1589,0.0485041,0,9,9
15990,1590,0.0384516,0,8,8
15990,1591,0.0283994,0,7,7
15990,1592,0.0183474,0,6,6
15990,1593,0.00829557,0,5,5
15990,1594,-0.00175598,0,4,4
15990,1595,-0.0118073,0,3,3
15990,1596,-0.0218583,0,2,2
15990,1597,-0.0319092,0,1,1
15990,1598,-0.0419597,0,0,0
