time,particle_id,x,y,mesh_index,mesh_index_original
82900,8280,0.0434634,0,9,9
82900,8281,0.0331872,0,8,8
82900,8282,0.0229123,0,7,7
82900,8283,0.0126388,0,6,6
82900,8284,0.00236663,0,5,5
82900,8285,-0.00790418,0,4,4
82900,8286,-0.0181736,0,3,3
82900,8287,-0.0284417,0,2,2
82900,8288,-0.0387083,0,1,1
82900,8289,-0.0489735,0,0,0
