time,particle_id,x,y,mesh_index,mesh_index_original
28270,2817,0.0478862,0,9,9
28270,2818,0.0377929,0,8,8
28270,2819,0.0277001,0,7,7
28270,2820,0.0176077,0,6,6
28270,2821,0.00751572,0,5,5
28270,2822,-0.0025758,0,4,4
28270,2823,-0.0126669,0,3,3
28270,2824,-0.0227575,0,2,2
28270,2825,-0.0328477,0,1,1
28270,2826,-0.0429374,0,0,0
