time,particle_id,x,y,mesh_index,mesh_index_original
11520,1142,0.0483621,0,9,9
11520,1143,0.0383244,0,8,8
11520,1144,0.0282869,0,7,7
11520,1145,0.0182495,0,6,6
11520,1146,0.00821233,0,5,5
11520,1147,-0.00182469,0,4,4
11520,1148,-0.0118615,0,3,3
11520,1149,-0.0218982,0,2,2
11520,1150,-0.0319347,0,1,1
11520,1151,-0.041971,0,0,0
