time,particle_id,x,y,mesh_index,mesh_index_original
30010,2991,0.0479412,0,9,9
30010,2992,0.0378421,0,8,8
30010,2993,0.0277435,0,7,7
30010,2994,0.0176454,0,6,6
30010,2995,0.00754773,0,5,5
30010,2996,-0.00254948,0,4,4
30010,2997,-0.0126462,0,3,3
30010,2998,-0.0227425,0,2,2
30010,2999,-0.0328383,0,1,1
30010,3000,-0.043943,0,0,0
