time,particle_id,x,y,mesh_index,mesh_index_original
39470,3937,0.0472278,0,9,9
39470,3938,0.0370972,0,8,8
39470,3939,0.0269673,0,7,7
39470,3940,0.016838,0,6,6
39470,3941,0.00670922,0,5,5
39470,3942,-0.00341888,0,4,4
39470,3943,-0.0135464,0,3,3
39470,3944,-0.0236732,0,2,2
39470,3945,-0.0337994,0,1,1
39470,3946,-0.0439249,0,0,0
