time,particle_id,x,y,mesh_index,mesh_index_original
65190,6509,0.0449739,0,9,9
65190,6510,0.0347573,0,8,8
65190,6511,0.0245417,0,7,7
65190,6512,0.0143272,0,6,6
65190,6513,0.00411369,0,5,5
65190,6514,-0.00609875,0,4,4
65190,6515,-0.0163101,0,3,3
65190,6516,-0.0265204,0,2,2
65190,6517,-0.0367296,0,1,1
65190,6518,-0.0469377,0,0,0
