time,particle_id,x,y,mesh_index,mesh_index_original
48810,4871,0.0465053,0,9,9
48810,4872,0.0363436,0,8,8
48810,4873,0.0261826,0,7,7
48810,4874,0.0160224,0,6,6
48810,4875,0.00586293,0,5,5
48810,4876,-0.00429574,0,4,4
48810,4877,-0.0144536,0,3,3
48810,4878,-0.0246107,0,2,2
48810,4879,-0.034767,0,1,1
48810,4880,-0.0449225,0,0,0
