time,particle_id,x,y,mesh_index,mesh_index_original
22840,2274,0.0477147,0,9,9
22840,2275,0.0376395,0,8,8
22840,2276,0.0275646,0,7,7
22840,2277,0.0174901,0,6,6
22840,2278,0.00741597,0,5,5
22840,2279,-0.00265785,0,4,4
22840,2280,-0.0127313,0,3,3
22840,2281,-0.0228044,0,2,2
22840,2282,-0.0328771,0,1,1
22840,2283,-0.0429495,0,0,0
