time,particle_id,x,y,mesh_index,mesh_index_original
92400,9230,0.0427197,0,9,9
92400,9231,0.0324114,0,8,8
92400,9232,0.0221046,0,7,7
92400,9233,0.0117993,0,6,6
92400,9234,0.00149557,0,5,5
92400,9235,-0.00880667,0,4,4
92400,9236,-0.0191074,0,3,3
92400,9237,-0.0294065,0,2,2
92400,9238,-0.039704,0,1,1
