time,particle_id,x,y,mesh_index,mesh_index_original
23330,2323,0.0477302,0,9,9
23330,2324,0.0376533,0,8,8
23330,2325,0.0275769,0,7,7
23330,2326,0.0175007,0,6,6
23330,2327,0.00742496,0,5,5
23330,2328,-0.00265045,0,4,4
23330,2329,-0.0127255,0,3,3
23330,2330,-0.0228002,0,2,2
23330,2331,-0.0328745,0,1,1
23330,2332,-0.0429484,0,0,0
