time,particle_id,x,y,mesh_index,mesh_index_original
63910,6381,0.0449346,0,9,9
63910,6382,0.0347223,0,8,8
63910,6383,0.0245111,0,7,7
63910,6384,0.0143008,0,6,6
63910,6385,0.00409155,0,5,5
63910,6386,-0.00611666,0,4,4
63910,6387,-0.0163238,0,3,3
63910,6388,-0.0265299,0,2,2
63910,6389,-0.036735,0,1,1
63910,6390,-0.0469389,0,0,0
