time,particle_id,x,y,mesh_index,mesh_index_original
63840,6374,0.0449325,0,9,9
63840,6375,0.0347204,0,8,8
63840,6376,0.0245094,0,7,7
63840,6377,0.0142993,0,6,6
63840,6378,0.00409034,0,5,5
63840,6379,-0.00611764,0,4,4
63840,6380,-0.0163246,0,3,3
63840,6381,-0.0265304,0,2,2
63840,6382,-0.0367353,0,1,1
63840,6383,-0.046939,0,0,0
