time,particle_id,x,y,mesh_index,mesh_index_original
4430,433,0.0491386,0,9,9
4430,434,0.0391244,0,8,8
4430,435,0.0291102,0,7,7
4430,436,0.0190961,0,6,6
4430,437,0.00908199,0,5,5
4430,438,-0.000932042,0,4,4
4430,439,-0.010946,0,3,3
4430,440,-0.0209599,0,2,2
4430,441,-0.0309738,0,1,1
4430,442,-0.0409876,0,0,0
