time,particle_id,x,y,mesh_index,mesh_index_original
26130,2603,0.0478186,0,9,9
26130,2604,0.0377324,0,8,8
26130,2605,0.0276467,0,7,7
26130,2606,0.0175613,0,6,6
26130,2607,0.00747639,0,5,5
26130,2608,-0.00260816,0,4,4
26130,2609,-0.0126923,0,3,3
26130,2610,-0.022776,0,2,2
26130,2611,-0.0328593,0,1,1
26130,2612,-0.0429422,0,0,0
