time,particle_id,x,y,mesh_index,mesh_index_original
28840,2874,0.0479042,0,9,9
28840,2875,0.037809,0,8,8
28840,2876,0.0277143,0,7,7
28840,2877,0.01762,0,6,6
28840,2878,0.00752621,0,5,5
28840,2879,-0.00256718,0,4,4
28840,2880,-0.0126601,0,3,3
28840,2881,-0.0227526,0,2,2
28840,2882,-0.0328446,0,1,1
28840,2883,-0.0429361,0,0,0
