time,particle_id,x,y,mesh_index,mesh_index_original
80070,7997,0.0444047,0,9,9
80070,7998,0.034138,0,8,8
80070,7999,0.0238726,0,7,7
80070,8000,0.012582,0,6,6
80070,8001,0.00231929,0,5,5
80070,8002,-0.00794214,0,4,4
80070,8003,-0.0182022,0,3,3
80070,8004,-0.028461,0,2,2
80070,8005,-0.0387184,0,1,1
80070,8006,-0.0489744,0,0,0
