time,particle_id,x,y,mesh_index,mesh_index_original
86590,8649,0.0435748,0,9,9
86590,8650,0.0332861,0,8,8
86590,8651,0.0229988,0,7,7
86590,8652,0.0127129,0,6,6
86590,8653,0.00242845,0,5,5
86590,8654,-0.00785462,0,4,4
86590,8655,-0.0181362,0,3,3
86590,8656,-0.0284164,0,2,2
86590,8657,-0.0386951,0,1,1
86590,8658,-0.0489723,0,0,0
