time,particle_id,x,y,mesh_index,mesh_index_original
40810,4071,0.0462563,0,9,9
40810,4072,0.0361214,0,8,8
40810,4073,0.025987,0,7,7
40810,4074,0.0158533,0,6,6
40810,4075,0.00572024,0,5,5
40810,4076,-0.00441219,0,4,4
40810,4077,-0.014544,0,3,3
40810,4078,-0.0246751,0,2,2
40810,4079,-0.0348055,0,1,1
40810,4080,-0.0449353,0,0,0
