time,particle_id,x,y,mesh_index,mesh_index_original
52270,5217,0.0455959,0,9,9
52270,5218,0.0354226,0,8,8
52270,5219,0.0252501,0,7,7
52270,5220,0.0150785,0,6,6
52270,5221,0.00490771,0,5,5
52270,5222,-0.00526225,0,4,4
52270,5223,-0.0154314,0,3,3
52270,5224,-0.0255996,0,2,2
52270,5225,-0.035767,0,1,1
52270,5226,-0.0459335,0,0,0
