time,particle_id,x,y,mesh_index,mesh_index_original
84090,8399,0.0434993,0,9,9
84090,8400,0.0332191,0,8,8
84090,8401,0.0229402,0,7,7
84090,8402,0.0126627,0,6,6
84090,8403,0.00238656,0,5,5
84090,8404,-0.0078882,0,4,4
84090,8405,-0.0181616,0,3,3
84090,8406,-0.0284335,0,2,2
84090,8407,-0.038704,0,1,1
84090,8408,-0.0489731,0,0,0
