time,particle_id,x,y,mesh_index,mesh_index_original
15310,1521,0.0484825,0,9,9
15310,1522,0.0384323,0,8,8
15310,1523,0.0283823,0,7,7
15310,1524,0.0183325,0,6,6
15310,1525,0.0082829,0,5,5
15310,1526,-0.00176644,0,4,4
15310,1527,-0.0118155,0,3,3
15310,1528,-0.0218644,0,2,2
15310,1529,-0.031913,0,1,1
15310,1530,-0.0419614,0,0,0
