time,particle_id,x,y,mesh_index,mesh_index_original
28720,2862,0.0479004,0,9,9
28720,2863,0.0378056,0,8,8
28720,2864,0.0277113,0,7,7
28720,2865,0.0176174,0,6,6
28720,2866,0.007524,0,5,5
28720,2867,-0.002569,0,4,4
28720,2868,-0.0126615,0,3,3
28720,2869,-0.0227536,0,2,2
28720,2870,-0.0328453,0,1,1
28720,2871,-0.0429364,0,0,0
