time,particle_id,x,y,mesh_index,mesh_index_original
43300,4320,0.0463338,0,9,9
43300,4321,0.0361905,0,8,8
43300,4322,0.0260478,0,7,7
43300,4323,0.0159059,0,6,6
43300,4324,0.00576461,0,5,5
43300,4325,-0.00437598,0,4,4
43300,4326,-0.0145159,0,3,3
43300,4327,-0.0246551,0,2,2
43300,4328,-0.0347935,0,1,1
43300,4329,-0.0449313,0,0,0
