time,particle_id,x,y,mesh_index,mesh_index_original
66230,6613,0.0450058,0,9,9
66230,6614,0.0347857,0,8,8
66230,6615,0.0245666,0,7,7
66230,6616,0.0143486,0,6,6
66230,6617,0.00413168,0,5,5
66230,6618,-0.00608418,0,4,4
66230,6619,-0.016299,0,3,3
66230,6620,-0.0265126,0,2,2
66230,6621,-0.0367252,0,1,1
66230,6622,-0.0469367,0,0,0
