time,particle_id,x,y,mesh_index,mesh_index_original
95680,9558,0.042818,0,9,9
95680,9559,0.0324985,0,8,8
95680,9560,0.0221807,0,7,7
95680,9561,0.0118644,0,6,6
95680,9562,0.0015496,0,5,5
95680,9563,-0.00876356,0,4,4
95680,9564,-0.0190751,0,3,3
95680,9565,-0.0293851,0,2,2
95680,9566,-0.0396934,0,1,1
