time,particle_id,x,y,mesh_index,mesh_index_original
72630,7253,0.0441781,0,9,9
72630,7254,0.0339366,0,8,8
72630,7255,0.0236961,0,7,7
72630,7256,0.0134569,0,6,6
72630,7257,0.00321879,0,5,5
72630,7258,-0.00701812,0,4,4
72630,7259,-0.0172538,0,3,3
72630,7260,-0.0274883,0,2,2
72630,7261,-0.0377216,0,1,1
72630,7262,-0.0479536,0,0,0
