time,particle_id,x,y,mesh_index,mesh_index_original
97730,9763,0.0428795,0,9,9
97730,9764,0.0325531,0,8,8
97730,9765,0.0222282,0,7,7
97730,9766,0.011905,0,6,6
97730,9767,0.0015834,0,5,5
97730,9768,-0.00873659,0,4,4
97730,9769,-0.0190549,0,3,3
97730,9770,-0.0293716,0,2,2
97730,9771,-0.0396867,0,1,1
