time,particle_id,x,y,mesh_index,mesh_index_original
38120,3802,0.0471854,0,9,9
38120,3803,0.0370594,0,8,8
38120,3804,0.0269339,0,7,7
38120,3805,0.016809,0,6,6
38120,3806,0.00668475,0,5,5
38120,3807,-0.00343893,0,4,4
38120,3808,-0.013562,0,3,3
38120,3809,-0.0236845,0,2,2
38120,3810,-0.0338063,0,1,1
38120,3811,-0.0439275,0,0,0
