time,particle_id,x,y,mesh_index,mesh_index_original
73820,7372,0.0442144,0,9,9
73820,7373,0.0339688,0,8,8
73820,7374,0.0237243,0,7,7
73820,7375,0.0134811,0,6,6
73820,7376,0.00323904,0,5,5
73820,7377,-0.00700181,0,4,4
73820,7378,-0.0172414,0,3,3
73820,7379,-0.0274798,0,2,2
73820,7380,-0.037717,0,1,1
73820,7381,-0.0479529,0,0,0
