time,particle_id,x,y,mesh_index,mesh_index_original
50040,4994,0.0465437,0,9,9
50040,4995,0.0363778,0,8,8
50040,4996,0.0262127,0,7,7
50040,4997,0.0160484,0,6,6
50040,4998,0.0058849,0,5,5
50040,4999,-0.00427781,0,4,4
50040,5000,-0.0154559,0,3,3
50040,5001,-0.0256169,0,2,2
50040,5002,-0.0357771,0,1,1
50040,5003,-0.0459364,0,0,0
