time,particle_id,x,y,mesh_index,mesh_index_original
4660,456,0.049146,0,9,9
4660,457,0.039131,0,8,8
4660,458,0.0291161,0,7,7
4660,459,0.0191012,0,6,6
4660,460,0.00908633,0,5,5
4660,461,-0.000928444,0,4,4
4660,462,-0.0109432,0,3,3
4660,463,-0.0209578,0,2,2
4660,464,-0.0309724,0,1,1
4660,465,-0.040987,0,0,0
