time,particle_id,x,y,mesh_index,mesh_index_original
95510,9541,0.0428129,0,9,9
95510,9542,0.032494,0,8,8
95510,9543,0.0221767,0,7,7
95510,9544,0.011861,0,6,6
95510,9545,0.0015468,0,5,5
95510,9546,-0.0087658,0,4,4
95510,9547,-0.0190768,0,3,3
95510,9548,-0.0293862,0,2,2
95510,9549,-0.0396939,0,1,1
