time,particle_id,x,y,mesh_index,mesh_index_original
66640,6654,0.0450184,0,9,9
66640,6655,0.0347969,0,8,8
66640,6656,0.0245765,0,7,7
66640,6657,0.0143571,0,6,6
66640,6658,0.00413878,0,5,5
66640,6659,-0.00607844,0,4,4
66640,6660,-0.0162946,0,3,3
66640,6661,-0.0265096,0,2,2
66640,6662,-0.0367235,0,1,1
66640,6663,-0.0469363,0,0,0
