time,particle_id,x,y,mesh_index,mesh_index_original
23480,2338,0.0477349,0,9,9
23480,2339,0.0376576,0,8,8
23480,2340,0.0275806,0,7,7
23480,2341,0.017504,0,6,6
23480,2342,0.00742772,0,5,5
23480,2343,-0.00264819,0,4,4
23480,2344,-0.0127237,0,3,3
23480,2345,-0.0227989,0,2,2
23480,2346,-0.0328737,0,1,1
23480,2347,-0.0429481,0,0,0
