time,particle_id,x,y,mesh_index,mesh_index_original
35980,3588,0.0471183,0,9,9
35980,3589,0.0369994,0,8,8
35980,3590,0.026881,0,7,7
35980,3591,0.0167632,0,6,6
35980,3592,0.00664598,0,5,5
35980,3593,-0.00347069,0,4,4
35980,3594,-0.0135868,0,3,3
35980,3595,-0.0237023,0,2,2
35980,3596,-0.0338173,0,1,1
35980,3597,-0.0439316,0,0,0
