time,particle_id,x,y,mesh_index,mesh_index_original
38480,3838,0.0471967,0,9,9
38480,3839,0.0370695,0,8,8
38480,3840,0.0269428,0,7,7
38480,3841,0.0168167,0,6,6
38480,3842,0.00669128,0,5,5
38480,3843,-0.00343358,0,4,4
38480,3844,-0.0135578,0,3,3
38480,3845,-0.0236815,0,2,2
38480,3846,-0.0338044,0,1,1
38480,3847,-0.0439268,0,0,0
