time,particle_id,x,y,mesh_index,mesh_index_original
22390,2229,0.0477005,0,9,9
22390,2230,0.0376268,0,8,8
22390,2231,0.0275534,0,7,7
22390,2232,0.0174804,0,6,6
22390,2233,0.00740771,0,5,5
22390,2234,-0.00266464,0,4,4
22390,2235,-0.0127366,0,3,3
22390,2236,-0.0228083,0,2,2
22390,2237,-0.0328796,0,1,1
22390,2238,-0.0429505,0,0,0
