time,particle_id,x,y,mesh_index,mesh_index_original
58640,5854,0.0457927,0,9,9
58640,5855,0.0355981,0,8,8
58640,5856,0.0254043,0,7,7
58640,5857,0.0152115,0,6,6
58640,5858,0.00501965,0,5,5
58640,5859,-0.00517128,0,4,4
58640,5860,-0.0153613,0,3,3
58640,5861,-0.0255503,0,2,2
58640,5862,-0.0357383,0,1,1
58640,5863,-0.0459253,0,0,0
