time,particle_id,x,y,mesh_index,mesh_index_original
65650,6555,0.044988,0,9,9
65650,6556,0.0347698,0,8,8
65650,6557,0.0245527,0,7,7
65650,6558,0.0143367,0,6,6
65650,6559,0.00412165,0,5,5
65650,6560,-0.00609231,0,4,4
65650,6561,-0.0163052,0,3,3
65650,6562,-0.026517,0,2,2
65650,6563,-0.0367277,0,1,1
65650,6564,-0.0469372,0,0,0
