time,particle_id,x,y,mesh_index,mesh_index_original
97110,9701,0.0428608,0,9,9
97110,9702,0.0325366,0,8,8
97110,9703,0.0222139,0,7,7
97110,9704,0.0118927,0,6,6
97110,9705,0.00157318,0,5,5
97110,9706,-0.00874475,0,4,4
97110,9707,-0.019061,0,3,3
97110,9708,-0.0293757,0,2,2
97110,9709,-0.0396887,0,1,1
