time,particle_id,x,y,mesh_index,mesh_index_original
9960,986,0.0493158,0,9,9
9960,987,0.0392833,0,8,8
9960,988,0.0292509,0,7,7
9960,989,0.0192186,0,6,6
9960,990,0.00918653,0,5,5
9960,991,-0.000845444,0,4,4
9960,992,-0.0108773,0,3,3
9960,993,-0.020909,0,2,2
9960,994,-0.0309405,0,1,1
9960,995,-0.0409719,0,0,0
