time,particle_id,x,y,mesh_index,mesh_index_original
51690,5159,0.045578,0,9,9
51690,5160,0.0354066,0,8,8
51690,5161,0.0252361,0,7,7
51690,5162,0.0150664,0,6,6
51690,5163,0.00489753,0,5,5
51690,5164,-0.00527052,0,4,4
51690,5165,-0.0154377,0,3,3
51690,5166,-0.0256041,0,2,2
51690,5167,-0.0357696,0,1,1
51690,5168,-0.0459343,0,0,0
