time,particle_id,x,y,mesh_index,mesh_index_original
44270,4417,0.0463639,0,9,9
44270,4418,0.0362174,0,8,8
44270,4419,0.0260715,0,7,7
44270,4420,0.0159264,0,6,6
44270,4421,0.0057819,0,5,5
44270,4422,-0.00436187,0,4,4
44270,4423,-0.0145049,0,3,3
44270,4424,-0.0246473,0,2,2
44270,4425,-0.0347889,0,1,1
44270,4426,-0.0449297,0,0,0
