time,particle_id,x,y,mesh_index,mesh_index_original
21590,2149,0.0476753,0,9,9
21590,2150,0.0376042,0,8,8
21590,2151,0.0275335,0,7,7
21590,2152,0.0174631,0,6,6
21590,2153,0.00739303,0,5,5
21590,2154,-0.00267671,0,4,4
21590,2155,-0.0127461,0,3,3
21590,2156,-0.0228152,0,2,2
21590,2157,-0.0328839,0,1,1
21590,2158,-0.0429523,0,0,0
