time,particle_id,x,y,mesh_index,mesh_index_original
19330,1923,0.0486104,0,9,9
19330,1924,0.0385468,0,8,8
19330,1925,0.0284836,0,7,7
19330,1926,0.0184206,0,6,6
19330,1927,0.00835785,0,5,5
19330,1928,-0.00170457,0,4,4
19330,1929,-0.0117667,0,3,3
19330,1930,-0.0218285,0,2,2
19330,1931,-0.03189,0,1,1
19330,1932,-0.0419512,0,0,0
