time,particle_id,x,y,mesh_index,mesh_index_original
2150,205,0.0490657,0,9,9
2150,206,0.039059,0,8,8
2150,207,0.0290523,0,7,7
2150,208,0.0190456,0,6,6
2150,209,0.00903895,0,5,5
2150,210,-0.000967698,0,4,4
2150,211,-0.0109743,0,3,3
2150,212,-0.0209809,0,2,2
2150,213,-0.0309875,0,1,1
2150,214,-0.0409941,0,0,0
