time,particle_id,x,y,mesh_index,mesh_index_original
87730,8763,0.0436093,0,9,9
87730,8764,0.0333167,0,8,8
87730,8765,0.0230256,0,7,7
87730,8766,0.0127359,0,6,6
87730,8767,0.00244756,0,5,5
87730,8768,-0.00783929,0,4,4
87730,8769,-0.0181247,0,3,3
87730,8770,-0.0284086,0,2,2
87730,8771,-0.038691,0,1,1
87730,8772,-0.0489719,0,0,0
