time,particle_id,x,y,mesh_index,mesh_index_original
68530,6843,0.0450764,0,9,9
68530,6844,0.0348485,0,8,8
68530,6845,0.0246218,0,7,7
68530,6846,0.0143961,0,6,6
68530,6847,0.00417151,0,5,5
68530,6848,-0.00605196,0,4,4
68530,6849,-0.0162743,0,3,3
68530,6850,-0.0264955,0,2,2
68530,6851,-0.0367156,0,1,1
68530,6852,-0.0469344,0,0,0
