time,particle_id,x,y,mesh_index,mesh_index_original
63180,6308,0.0449122,0,9,9
63180,6309,0.0347024,0,8,8
63180,6310,0.0244936,0,7,7
63180,6311,0.0142857,0,6,6
63180,6312,0.00407892,0,5,5
63180,6313,-0.00612688,0,4,4
63180,6314,-0.0163316,0,3,3
63180,6315,-0.0265354,0,2,2
63180,6316,-0.036738,0,1,1
63180,6317,-0.0469396,0,0,0
