time,particle_id,x,y,mesh_index,mesh_index_original
18730,1863,0.0485913,0,9,9
18730,1864,0.0385297,0,8,8
18730,1865,0.0284684,0,7,7
18730,1866,0.0184074,0,6,6
18730,1867,0.00834666,0,5,5
18730,1868,-0.00171381,0,4,4
18730,1869,-0.011774,0,3,3
18730,1870,-0.0218339,0,2,2
18730,1871,-0.0318935,0,1,1
18730,1872,-0.0419528,0,0,0
