time,particle_id,x,y,mesh_index,mesh_index_original
25240,2514,0.0477904,0,9,9
25240,2515,0.0377073,0,8,8
25240,2516,0.0276245,0,7,7
25240,2517,0.0175421,0,6,6
25240,2518,0.00746004,0,5,5
25240,2519,-0.0026216,0,4,4
25240,2520,-0.0127028,0,3,3
25240,2521,-0.0227837,0,2,2
25240,2522,-0.0328641,0,1,1
25240,2523,-0.0429442,0,0,0
