time,particle_id,x,y,mesh_index,mesh_index_original
65420,6532,0.0449809,0,9,9
65420,6533,0.0347636,0,8,8
65420,6534,0.0245472,0,7,7
65420,6535,0.0143319,0,6,6
65420,6536,0.00411767,0,5,5
65420,6537,-0.00609553,0,4,4
65420,6538,-0.0163076,0,3,3
65420,6539,-0.0265187,0,2,2
65420,6540,-0.0367286,0,1,1
65420,6541,-0.0469375,0,0,0
