time,particle_id,x,y,mesh_index,mesh_index_original
27030,2693,0.047847,0,9,9
27030,2694,0.0377579,0,8,8
27030,2695,0.0276691,0,7,7
27030,2696,0.0175808,0,6,6
27030,2697,0.00749293,0,5,5
27030,2698,-0.00259455,0,4,4
27030,2699,-0.0126816,0,3,3
27030,2700,-0.0227682,0,2,2
27030,2701,-0.0328544,0,1,1
27030,2702,-0.0429402,0,0,0
