time,particle_id,x,y,mesh_index,mesh_index_original
42940,4284,0.0463226,0,9,9
42940,4285,0.0361805,0,8,8
42940,4286,0.026039,0,7,7
42940,4287,0.0158983,0,6,6
42940,4288,0.00575819,0,5,5
42940,4289,-0.00438122,0,4,4
42940,4290,-0.0145199,0,3,3
42940,4291,-0.024658,0,2,2
42940,4292,-0.0347953,0,1,1
42940,4293,-0.0449319,0,0,0
