time,particle_id,x,y,mesh_index,mesh_index_original
31280,3118,0.046971,0,9,9
31280,3119,0.0368678,0,8,8
31280,3120,0.026765,0,7,7
31280,3121,0.0166627,0,6,6
31280,3122,0.00656094,0,5,5
31280,3123,-0.00354037,0,4,4
31280,3124,-0.0136412,0,3,3
31280,3125,-0.0237415,0,2,2
31280,3126,-0.0338413,0,1,1
31280,3127,-0.0439406,0,0,0
