time,particle_id,x,y,mesh_index,mesh_index_original
61420,6132,0.0448583,0,9,9
61420,6133,0.0346544,0,8,8
61420,6134,0.0244515,0,7,7
61420,6135,0.0142495,0,6,6
61420,6136,0.0040485,0,5,5
61420,6137,-0.00615149,0,4,4
61420,6138,-0.0163505,0,3,3
61420,6139,-0.0265485,0,2,2
61420,6140,-0.0367454,0,1,1
61420,6141,-0.0469413,0,0,0
