time,particle_id,x,y,mesh_index,mesh_index_original
45620,4552,0.046406,0,9,9
45620,4553,0.0362549,0,8,8
45620,4554,0.0261046,0,7,7
45620,4555,0.0159549,0,6,6
45620,4556,0.00580598,0,5,5
45620,4557,-0.00434221,0,4,4
45620,4558,-0.0144897,0,3,3
45620,4559,-0.0246364,0,2,2
45620,4560,-0.0347824,0,1,1
45620,4561,-0.0449276,0,0,0
