time,particle_id,x,y,mesh_index,mesh_index_original
51250,5115,0.0455644,0,9,9
51250,5116,0.0353945,0,8,8
51250,5117,0.0252255,0,7,7
51250,5118,0.0150572,0,6,6
51250,5119,0.00488981,0,5,5
51250,5120,-0.0052768,0,4,4
51250,5121,-0.0154426,0,3,3
51250,5122,-0.0256075,0,2,2
51250,5123,-0.0357716,0,1,1
51250,5124,-0.0459348,0,0,0
