time,particle_id,x,y,mesh_index,mesh_index_original
85440,8534,0.0435401,0,9,9
85440,8535,0.0332553,0,8,8
85440,8536,0.0229719,0,7,7
85440,8537,0.0126898,0,6,6
85440,8538,0.00240917,0,5,5
85440,8539,-0.00787007,0,4,4
85440,8540,-0.0181479,0,3,3
85440,8541,-0.0284243,0,2,2
85440,8542,-0.0386992,0,1,1
85440,8543,-0.0489727,0,0,0
