time,particle_id,x,y,mesh_index,mesh_index_original
23750,2365,0.0477434,0,9,9
23750,2366,0.0376652,0,8,8
23750,2367,0.0275873,0,7,7
23750,2368,0.0175098,0,6,6
23750,2369,0.00743267,0,5,5
23750,2370,-0.00264411,0,4,4
23750,2371,-0.0127205,0,3,3
23750,2372,-0.0227966,0,2,2
23750,2373,-0.0328722,0,1,1
23750,2374,-0.0429475,0,0,0
