time,particle_id,x,y,mesh_index,mesh_index_original
70580,7048,0.0441158,0,9,9
70580,7049,0.0338812,0,8,8
70580,7050,0.0236476,0,7,7
70580,7051,0.0134152,0,6,6
70580,7052,0.00318392,0,5,5
70580,7053,-0.00704621,0,4,4
70580,7054,-0.0172752,0,3,3
70580,7055,-0.027503,0,2,2
70580,7056,-0.0377296,0,1,1
70580,7057,-0.047955,0,0,0
