time,particle_id,x,y,mesh_index,mesh_index_original
50650,5055,0.0455459,0,9,9
50650,5056,0.035378,0,8,8
50650,5057,0.025211,0,7,7
50650,5058,0.0150447,0,6,6
50650,5059,0.00487928,0,5,5
50650,5060,-0.00528535,0,4,4
50650,5061,-0.0154492,0,3,3
50650,5062,-0.0256122,0,2,2
50650,5063,-0.0357743,0,1,1
50650,5064,-0.0459356,0,0,0
