time,particle_id,x,y,mesh_index,mesh_index_original
80180,8008,0.0433813,0,9,9
80180,8009,0.0331143,0,8,8
80180,8010,0.0228486,0,7,7
80180,8011,0.0125842,0,6,6
80180,8012,0.00232111,0,5,5
80180,8013,-0.00794067,0,4,4
80180,8014,-0.0182011,0,3,3
80180,8015,-0.0284602,0,2,2
80180,8016,-0.038718,0,1,1
80180,8017,-0.0489744,0,0,0
