time,particle_id,x,y,mesh_index,mesh_index_original
27880,2778,0.0478738,0,9,9
27880,2779,0.0377819,0,8,8
27880,2780,0.0276904,0,7,7
27880,2781,0.0175992,0,6,6
27880,2782,0.00750855,0,5,5
27880,2783,-0.0025817,0,4,4
27880,2784,-0.0126715,0,3,3
27880,2785,-0.0227609,0,2,2
27880,2786,-0.0328498,0,1,1
27880,2787,-0.0429383,0,0,0
