time,particle_id,x,y,mesh_index,mesh_index_original
34690,3459,0.0470778,0,9,9
34690,3460,0.0369632,0,8,8
34690,3461,0.0268492,0,7,7
34690,3462,0.0167356,0,6,6
34690,3463,0.00662263,0,5,5
34690,3464,-0.00348983,0,4,4
34690,3465,-0.0136017,0,3,3
34690,3466,-0.0237131,0,2,2
34690,3467,-0.0338239,0,1,1
34690,3468,-0.0439341,0,0,0
