time,particle_id,x,y,mesh_index,mesh_index_original
10750,1065,0.0483376,0,9,9
10750,1066,0.0383025,0,8,8
10750,1067,0.0282675,0,7,7
10750,1068,0.0182327,0,6,6
10750,1069,0.00819801,0,5,5
10750,1070,-0.00183651,0,4,4
10750,1071,-0.0118709,0,3,3
10750,1072,-0.0219051,0,2,2
10750,1073,-0.0319391,0,1,1
10750,1074,-0.041973,0,0,0
