time,particle_id,x,y,mesh_index,mesh_index_original
21140,2104,0.0476611,0,9,9
21140,2105,0.0375915,0,8,8
21140,2106,0.0275223,0,7,7
21140,2107,0.0174534,0,6,6
21140,2108,0.00738478,0,5,5
21140,2109,-0.0026835,0,4,4
21140,2110,-0.0127515,0,3,3
21140,2111,-0.0228191,0,2,2
21140,2112,-0.0328864,0,1,1
21140,2113,-0.0429533,0,0,0
