time,particle_id,x,y,mesh_index,mesh_index_original
32930,3283,0.0470227,0,9,9
32930,3284,0.036914,0,8,8
32930,3285,0.0268057,0,7,7
32930,3286,0.016698,0,6,6
32930,3287,0.00659078,0,5,5
32930,3288,-0.00351592,0,4,4
32930,3289,-0.0136221,0,3,3
32930,3290,-0.0237278,0,2,2
32930,3291,-0.0338329,0,1,1
32930,3292,-0.0439374,0,0,0
