time,particle_id,x,y,mesh_index,mesh_index_original
68770,6867,0.0450838,0,9,9
68770,6868,0.0348551,0,8,8
68770,6869,0.0246275,0,7,7
68770,6870,0.014401,0,6,6
68770,6871,0.00417566,0,5,5
68770,6872,-0.0060486,0,4,4
68770,6873,-0.0162717,0,3,3
68770,6874,-0.0264937,0,2,2
68770,6875,-0.0367145,0,1,1
68770,6876,-0.0469342,0,0,0
