time,particle_id,x,y,mesh_index,mesh_index_original
69840,6974,0.0451166,0,9,9
69840,6975,0.0348844,0,8,8
69840,6976,0.0246532,0,7,7
69840,6977,0.0144231,0,6,6
69840,6978,0.0041942,0,5,5
69840,6979,-0.00603359,0,4,4
69840,6980,-0.0162602,0,3,3
69840,6981,-0.0264857,0,2,2
69840,6982,-0.03671,0,1,1
69840,6983,-0.0469332,0,0,0
