time,particle_id,x,y,mesh_index,mesh_index_original
82730,8263,0.0434582,0,9,9
82730,8264,0.0331826,0,8,8
82730,8265,0.0229083,0,7,7
82730,8266,0.0126354,0,6,6
82730,8267,0.00236378,0,5,5
82730,8268,-0.00790646,0,4,4
82730,8269,-0.0181753,0,3,3
82730,8270,-0.0284428,0,2,2
82730,8271,-0.0387089,0,1,1
82730,8272,-0.0489736,0,0,0
