time,particle_id,x,y,mesh_index,mesh_index_original
12300,1220,0.0483868,0,9,9
12300,1221,0.0383466,0,8,8
12300,1222,0.0283065,0,7,7
12300,1223,0.0182666,0,6,6
12300,1224,0.00822685,0,5,5
12300,1225,-0.00181271,0,4,4
12300,1226,-0.0118521,0,3,3
12300,1227,-0.0218913,0,2,2
12300,1228,-0.0319303,0,1,1
12300,1229,-0.0419691,0,0,0
