time,particle_id,x,y,mesh_index,mesh_index_original
62230,6213,0.0448831,0,9,9
62230,6214,0.0346765,0,8,8
62230,6215,0.0244708,0,7,7
62230,6216,0.0142662,0,6,6
62230,6217,0.0040625,0,5,5
62230,6218,-0.00614016,0,4,4
62230,6219,-0.0163418,0,3,3
62230,6220,-0.0265424,0,2,2
62230,6221,-0.036742,0,1,1
62230,6222,-0.0469405,0,0,0
