time,particle_id,x,y,mesh_index,mesh_index_original
35410,3531,0.0471004,0,9,9
35410,3532,0.0369834,0,8,8
35410,3533,0.0268669,0,7,7
35410,3534,0.016751,0,6,6
35410,3535,0.00663566,0,5,5
35410,3536,-0.00347915,0,4,4
35410,3537,-0.0135934,0,3,3
35410,3538,-0.0237071,0,2,2
35410,3539,-0.0338202,0,1,1
35410,3540,-0.0439327,0,0,0
