time,particle_id,x,y,mesh_index,mesh_index_original
23660,2356,0.0477406,0,9,9
23660,2357,0.0376626,0,8,8
23660,2358,0.0275851,0,7,7
23660,2359,0.0175079,0,6,6
23660,2360,0.00743102,0,5,5
23660,2361,-0.00264547,0,4,4
23660,2362,-0.0127216,0,3,3
23660,2363,-0.0227973,0,2,2
23660,2364,-0.0328727,0,1,1
23660,2365,-0.0429477,0,0,0
