time,particle_id,x,y,mesh_index,mesh_index_original
65080,6498,0.0449705,0,9,9
65080,6499,0.0347543,0,8,8
65080,6500,0.0245391,0,7,7
65080,6501,0.0143249,0,6,6
65080,6502,0.00411178,0,5,5
65080,6503,-0.00610029,0,4,4
65080,6504,-0.0163113,0,3,3
65080,6505,-0.0265212,0,2,2
65080,6506,-0.03673,0,1,1
65080,6507,-0.0469378,0,0,0
