time,particle_id,x,y,mesh_index,mesh_index_original
84710,8461,0.043518,0,9,9
84710,8462,0.0332357,0,8,8
84710,8463,0.0229548,0,7,7
84710,8464,0.0126752,0,6,6
84710,8465,0.00239694,0,5,5
84710,8466,-0.00787988,0,4,4
84710,8467,-0.0181553,0,3,3
84710,8468,-0.0284293,0,2,2
84710,8469,-0.0387018,0,1,1
84710,8470,-0.0489729,0,0,0
