time,particle_id,x,y,mesh_index,mesh_index_original
55840,5574,0.0457061,0,9,9
55840,5575,0.0355209,0,8,8
55840,5576,0.0253365,0,7,7
55840,5577,0.015153,0,6,6
55840,5578,0.00497042,0,5,5
55840,5579,-0.00521129,0,4,4
55840,5580,-0.0153921,0,3,3
55840,5581,-0.025572,0,2,2
55840,5582,-0.0357509,0,1,1
55840,5583,-0.0459289,0,0,0
