time,particle_id,x,y,mesh_index,mesh_index_original
34000,3390,0.0470562,0,9,9
34000,3391,0.0369439,0,8,8
34000,3392,0.0268321,0,7,7
34000,3393,0.0167209,0,6,6
34000,3394,0.00661014,0,5,5
34000,3395,-0.00350006,0,4,4
34000,3396,-0.0136097,0,3,3
34000,3397,-0.0237188,0,2,2
34000,3398,-0.0338274,0,1,1
34000,3399,-0.0439354,0,0,0
