time,particle_id,x,y,mesh_index,mesh_index_original
41100,4100,0.0462654,0,9,9
41100,4101,0.0361294,0,8,8
41100,4102,0.0259941,0,7,7
41100,4103,0.0158594,0,6,6
41100,4104,0.0057254,0,5,5
41100,4105,-0.00440797,0,4,4
41100,4106,-0.0145407,0,3,3
41100,4107,-0.0246727,0,2,2
41100,4108,-0.0348041,0,1,1
41100,4109,-0.0449348,0,0,0
