time,particle_id,x,y,mesh_index,mesh_index_original
96100,9600,0.0428306,0,9,9
96100,9601,0.0325097,0,8,8
96100,9602,0.0221904,0,7,7
96100,9603,0.0118727,0,6,6
96100,9604,0.00155653,0,5,5
96100,9605,-0.00875804,0,4,4
96100,9606,-0.019071,0,3,3
96100,9607,-0.0293823,0,2,2
96100,9608,-0.039692,0,1,1
