time,particle_id,x,y,mesh_index,mesh_index_original
25210,2511,0.0477895,0,9,9
25210,2512,0.0377064,0,8,8
25210,2513,0.0276237,0,7,7
25210,2514,0.0175414,0,6,6
25210,2515,0.00745948,0,5,5
25210,2516,-0.00262206,0,4,4
25210,2517,-0.0127032,0,3,3
25210,2518,-0.022784,0,2,2
25210,2519,-0.0328643,0,1,1
25210,2520,-0.0429442,0,0,0
