time,particle_id,x,y,mesh_index,mesh_index_original
7860,776,0.0492485,0,9,9
7860,777,0.0392229,0,8,8
7860,778,0.0291974,0,7,7
7860,779,0.0191721,0,6,6
7860,780,0.00914681,0,5,5
7860,781,-0.000878349,0,4,4
7860,782,-0.0109034,0,3,3
7860,783,-0.0209283,0,2,2
7860,784,-0.0309532,0,1,1
7860,785,-0.0409779,0,0,0
