time,particle_id,x,y,mesh_index,mesh_index_original
39900,3980,0.0472413,0,9,9
39900,3981,0.0371093,0,8,8
39900,3982,0.0269779,0,7,7
39900,3983,0.0168472,0,6,6
39900,3984,0.00671702,0,5,5
39900,3985,-0.00341249,0,4,4
39900,3986,-0.0135414,0,3,3
39900,3987,-0.0236696,0,2,2
39900,3988,-0.0337972,0,1,1
39900,3989,-0.0439241,0,0,0
