time,particle_id,x,y,mesh_index,mesh_index_original
86470,8637,0.0435712,0,9,9
86470,8638,0.0332829,0,8,8
86470,8639,0.022996,0,7,7
86470,8640,0.0127105,0,6,6
86470,8641,0.00242644,0,5,5
86470,8642,-0.00785623,0,4,4
86470,8643,-0.0181375,0,3,3
86470,8644,-0.0284172,0,2,2
86470,8645,-0.0386955,0,1,1
86470,8646,-0.0489723,0,0,0
