time,particle_id,x,y,mesh_index,mesh_index_original
89160,8906,0.0436526,0,9,9
89160,8907,0.0333551,0,8,8
89160,8908,0.0230592,0,7,7
89160,8909,0.0127646,0,6,6
89160,8910,0.00247155,0,5,5
89160,8911,-0.00782006,0,4,4
89160,8912,-0.0181102,0,3,3
89160,8913,-0.0283988,0,2,2
89160,8914,-0.0386859,0,1,1
89160,8915,-0.0489715,0,0,0
