time,particle_id,x,y,mesh_index,mesh_index_original
68410,6831,0.0450727,0,9,9
68410,6832,0.0348453,0,8,8
68410,6833,0.0246189,0,7,7
68410,6834,0.0143936,0,6,6
68410,6835,0.00416943,0,5,5
68410,6836,-0.00605364,0,4,4
68410,6837,-0.0162756,0,3,3
68410,6838,-0.0264964,0,2,2
68410,6839,-0.0367161,0,1,1
68410,6840,-0.0469346,0,0,0
