time,particle_id,x,y,mesh_index,mesh_index_original
53090,5299,0.0456212,0,9,9
53090,5300,0.0354452,0,8,8
53090,5301,0.02527,0,7,7
53090,5302,0.0150956,0,6,6
53090,5303,0.00492211,0,5,5
53090,5304,-0.00525055,0,4,4
53090,5305,-0.0154223,0,3,3
53090,5306,-0.0255933,0,2,2
53090,5307,-0.0357633,0,1,1
53090,5308,-0.0459325,0,0,0
