time,particle_id,x,y,mesh_index,mesh_index_original
73490,7339,0.0442043,0,9,9
73490,7340,0.0339598,0,8,8
73490,7341,0.0237165,0,7,7
73490,7342,0.0134744,0,6,6
73490,7343,0.00323342,0,5,5
73490,7344,-0.00700633,0,4,4
73490,7345,-0.0172449,0,3,3
73490,7346,-0.0274822,0,2,2
73490,7347,-0.0377183,0,1,1
73490,7348,-0.0479531,0,0,0
