time,particle_id,x,y,mesh_index,mesh_index_original
27380,2728,0.047858,0,9,9
27380,2729,0.0377678,0,8,8
27380,2730,0.0276779,0,7,7
27380,2731,0.0175884,0,6,6
27380,2732,0.00749936,0,5,5
27380,2733,-0.00258926,0,4,4
27380,2734,-0.0126775,0,3,3
27380,2735,-0.0227652,0,2,2
27380,2736,-0.0328525,0,1,1
27380,2737,-0.0429394,0,0,0
