time,particle_id,x,y,mesh_index,mesh_index_original
54670,5457,0.04567,0,9,9
54670,5458,0.0354887,0,8,8
54670,5459,0.0253082,0,7,7
54670,5460,0.0151286,0,6,6
54670,5461,0.00494986,0,5,5
54670,5462,-0.005228,0,4,4
54670,5463,-0.015405,0,3,3
54670,5464,-0.025581,0,2,2
54670,5465,-0.0357562,0,1,1
54670,5466,-0.0459304,0,0,0
