time,particle_id,x,y,mesh_index,mesh_index_original
15380,1528,0.0484847,0,9,9
15380,1529,0.0384343,0,8,8
15380,1530,0.028384,0,7,7
15380,1531,0.018334,0,6,6
15380,1532,0.0082842,0,5,5
15380,1533,-0.00176536,0,4,4
15380,1534,-0.0118147,0,3,3
15380,1535,-0.0218638,0,2,2
15380,1536,-0.0319126,0,1,1
15380,1537,-0.0419613,0,0,0
