time,particle_id,x,y,mesh_index,mesh_index_original
71240,7114,0.0441359,0,9,9
71240,7115,0.033899,0,8,8
71240,7116,0.0236632,0,7,7
71240,7117,0.0134286,0,6,6
71240,7118,0.00319514,0,5,5
71240,7119,-0.00703717,0,4,4
71240,7120,-0.0172683,0,3,3
71240,7121,-0.0274983,0,2,2
71240,7122,-0.037727,0,1,1
71240,7123,-0.0479545,0,0,0
