time,particle_id,x,y,mesh_index,mesh_index_original
26910,2681,0.0478432,0,9,9
26910,2682,0.0377545,0,8,8
26910,2683,0.0276661,0,7,7
26910,2684,0.0175782,0,6,6
26910,2685,0.00749072,0,5,5
26910,2686,-0.00259637,0,4,4
26910,2687,-0.012683,0,3,3
26910,2688,-0.0227693,0,2,2
26910,2689,-0.0328551,0,1,1
26910,2690,-0.0429405,0,0,0
