time,particle_id,x,y,mesh_index,mesh_index_original
46290,4619,0.0464268,0,9,9
46290,4620,0.0362735,0,8,8
46290,4621,0.0261209,0,7,7
46290,4622,0.0159691,0,6,6
46290,4623,0.00581794,0,5,5
46290,4624,-0.00433246,0,4,4
46290,4625,-0.0144821,0,3,3
46290,4626,-0.024631,0,2,2
46290,4627,-0.0347791,0,1,1
46290,4628,-0.0449265,0,0,0
