time,particle_id,x,y,mesh_index,mesh_index_original
43850,4375,0.0463509,0,9,9
43850,4376,0.0362057,0,8,8
43850,4377,0.0260613,0,7,7
43850,4378,0.0159175,0,6,6
43850,4379,0.00577441,0,5,5
43850,4380,-0.00436798,0,4,4
43850,4381,-0.0145097,0,3,3
43850,4382,-0.0246506,0,2,2
43850,4383,-0.0347909,0,1,1
43850,4384,-0.0449304,0,0,0
