time,particle_id,x,y,mesh_index,mesh_index_original
39730,3963,0.047236,0,9,9
39730,3964,0.0371045,0,8,8
39730,3965,0.0269737,0,7,7
39730,3966,0.0168435,0,6,6
39730,3967,0.00671394,0,5,5
39730,3968,-0.00341502,0,4,4
39730,3969,-0.0135433,0,3,3
39730,3970,-0.023671,0,2,2
39730,3971,-0.033798,0,1,1
39730,3972,-0.0439244,0,0,0
