time,particle_id,x,y,mesh_index,mesh_index_original
16340,1624,0.0485152,0,9,9
16340,1625,0.0384616,0,8,8
16340,1626,0.0284082,0,7,7
16340,1627,0.018355,0,6,6
16340,1628,0.00830209,0,5,5
16340,1629,-0.00175059,0,4,4
16340,1630,-0.011803,0,3,3
16340,1631,-0.0218552,0,2,2
16340,1632,-0.0319071,0,1,1
16340,1633,-0.0419588,0,0,0
