time,particle_id,x,y,mesh_index,mesh_index_original
39660,3956,0.0472338,0,9,9
39660,3957,0.0371026,0,8,8
39660,3958,0.026972,0,7,7
39660,3959,0.016842,0,6,6
39660,3960,0.00671267,0,5,5
39660,3961,-0.00341606,0,4,4
39660,3962,-0.0135441,0,3,3
39660,3963,-0.0236716,0,2,2
39660,3964,-0.0337984,0,1,1
39660,3965,-0.0439245,0,0,0
