time,particle_id,x,y,mesh_index,mesh_index_original
82990,8289,0.0434661,0,9,9
82990,8290,0.0331896,0,8,8
82990,8291,0.0229144,0,7,7
82990,8292,0.0126406,0,6,6
82990,8293,0.00236814,0,5,5
82990,8294,-0.00790297,0,4,4
82990,8295,-0.0181727,0,3,3
82990,8296,-0.028441,0,2,2
82990,8297,-0.038708,0,1,1
82990,8298,-0.0489735,0,0,0
