time,particle_id,x,y,mesh_index,mesh_index_original
22240,2214,0.0476958,0,9,9
22240,2215,0.0376226,0,8,8
22240,2216,0.0275497,0,7,7
22240,2217,0.0174772,0,6,6
22240,2218,0.00740496,0,5,5
22240,2219,-0.0026669,0,4,4
22240,2220,-0.0127384,0,3,3
22240,2221,-0.0228096,0,2,2
22240,2222,-0.0328804,0,1,1
22240,2223,-0.0429509,0,0,0
