time,particle_id,x,y,mesh_index,mesh_index_original
6680,658,0.0492107,0,9,9
6680,659,0.039189,0,8,8
6680,660,0.0291674,0,7,7
6680,661,0.0191459,0,6,6
6680,662,0.0091245,0,5,5
6680,663,-0.000896828,0,4,4
6680,664,-0.0109181,0,3,3
6680,665,-0.0209392,0,2,2
6680,666,-0.0309603,0,1,1
6680,667,-0.0409812,0,0,0
