time,particle_id,x,y,mesh_index,mesh_index_original
38770,3867,0.0472058,0,9,9
38770,3868,0.0370776,0,8,8
38770,3869,0.02695,0,7,7
38770,3870,0.016823,0,6,6
38770,3871,0.00669653,0,5,5
38770,3872,-0.00342928,0,4,4
38770,3873,-0.0135545,0,3,3
38770,3874,-0.023679,0,2,2
38770,3875,-0.033803,0,1,1
38770,3876,-0.0439263,0,0,0
