time,particle_id,x,y,mesh_index,mesh_index_original
35750,3565,0.0471111,0,9,9
35750,3566,0.0369929,0,8,8
35750,3567,0.0268753,0,7,7
35750,3568,0.0167583,0,6,6
35750,3569,0.00664182,0,5,5
35750,3570,-0.00347411,0,4,4
35750,3571,-0.0135895,0,3,3
35750,3572,-0.0237042,0,2,2
35750,3573,-0.0338184,0,1,1
35750,3574,-0.043932,0,0,0
