time,particle_id,x,y,mesh_index,mesh_index_original
65130,6503,0.044972,0,9,9
65130,6504,0.0347556,0,8,8
65130,6505,0.0245403,0,7,7
65130,6506,0.0143259,0,6,6
65130,6507,0.00411265,0,5,5
65130,6508,-0.00609959,0,4,4
65130,6509,-0.0163108,0,3,3
65130,6510,-0.0265208,0,2,2
65130,6511,-0.0367298,0,1,1
65130,6512,-0.0469377,0,0,0
