time,particle_id,x,y,mesh_index,mesh_index_original
75970,7587,0.0442798,0,9,9
75970,7588,0.0340269,0,8,8
75970,7589,0.0237753,0,7,7
75970,7590,0.0135249,0,6,6
75970,7591,0.00327565,0,5,5
75970,7592,-0.00697232,0,4,4
75970,7593,-0.017219,0,3,3
75970,7594,-0.0274645,0,2,2
75970,7595,-0.0377086,0,1,1
75970,7596,-0.0479515,0,0,0
