time,particle_id,x,y,mesh_index,mesh_index_original
53790,5369,0.0456428,0,9,9
53790,5370,0.0354644,0,8,8
53790,5371,0.0252869,0,7,7
53790,5372,0.0151102,0,6,6
53790,5373,0.0049344,0,5,5
53790,5374,-0.00524056,0,4,4
53790,5375,-0.0154147,0,3,3
53790,5376,-0.0255879,0,2,2
53790,5377,-0.0357602,0,1,1
53790,5378,-0.0459316,0,0,0
