time,particle_id,x,y,mesh_index,mesh_index_original
88990,8889,0.0436474,0,9,9
88990,8890,0.0333506,0,8,8
88990,8891,0.0230552,0,7,7
88990,8892,0.0127612,0,6,6
88990,8893,0.0024687,0,5,5
88990,8894,-0.00782235,0,4,4
88990,8895,-0.0181119,0,3,3
88990,8896,-0.0284,0,2,2
88990,8897,-0.0386865,0,1,1
88990,8898,-0.0489715,0,0,0
