time,particle_id,x,y,mesh_index,mesh_index_original
17220,1712,0.0485432,0,9,9
17220,1713,0.0384867,0,8,8
17220,1714,0.0284304,0,7,7
17220,1715,0.0183743,0,6,6
17220,1716,0.0083185,0,5,5
17220,1717,-0.00173705,0,4,4
17220,1718,-0.0117923,0,3,3
17220,1719,-0.0218474,0,2,2
17220,1720,-0.0319021,0,1,1
17220,1721,-0.0419566,0,0,0
