time,particle_id,x,y,mesh_index,mesh_index_original
25750,2565,0.0478065,0,9,9
25750,2566,0.0377217,0,8,8
25750,2567,0.0276372,0,7,7
25750,2568,0.0175531,0,6,6
25750,2569,0.0074694,0,5,5
25750,2570,-0.0026139,0,4,4
25750,2571,-0.0126968,0,3,3
25750,2572,-0.0227793,0,2,2
25750,2573,-0.0328614,0,1,1
25750,2574,-0.042943,0,0,0
