time,particle_id,x,y,mesh_index,mesh_index_original
7510,741,0.0492373,0,9,9
7510,742,0.0392129,0,8,8
7510,743,0.0291885,0,7,7
7510,744,0.0191643,0,6,6
7510,745,0.00914019,0,5,5
7510,746,-0.000883831,0,4,4
7510,747,-0.0109077,0,3,3
7510,748,-0.0209316,0,2,2
7510,749,-0.0309553,0,1,1
7510,750,-0.0409789,0,0,0
