time,particle_id,x,y,mesh_index,mesh_index_original
77530,7743,0.0443273,0,9,9
77530,7744,0.0340692,0,8,8
77530,7745,0.0238123,0,7,7
77530,7746,0.0135566,0,6,6
77530,7747,0.00330223,0,5,5
77530,7748,-0.00695091,0,4,4
77530,7749,-0.0172028,0,3,3
77530,7750,-0.0274533,0,2,2
77530,7751,-0.0377026,0,1,1
77530,7752,-0.0479505,0,0,0
