time,particle_id,x,y,mesh_index,mesh_index_original
49720,4962,0.0465337,0,9,9
49720,4963,0.0363689,0,8,8
49720,4964,0.0262049,0,7,7
49720,4965,0.0160416,0,6,6
49720,4966,0.00587919,0,5,5
49720,4967,-0.00428248,0,4,4
49720,4968,-0.0144433,0,3,3
49720,4969,-0.0246034,0,2,2
49720,4970,-0.0347626,0,1,1
49720,4971,-0.044921,0,0,0
