time,particle_id,x,y,mesh_index,mesh_index_original
94940,9484,0.0427958,0,9,9
94940,9485,0.0324789,0,8,8
94940,9486,0.0221635,0,7,7
94940,9487,0.0118497,0,6,6
94940,9488,0.00153741,0,5,5
94940,9489,-0.00877329,0,4,4
94940,9490,-0.0190824,0,3,3
94940,9491,-0.0293899,0,2,2
94940,9492,-0.0396958,0,1,1
