time,particle_id,x,y,mesh_index,mesh_index_original
62860,6276,0.0449024,0,9,9
62860,6277,0.0346937,0,8,8
62860,6278,0.0244859,0,7,7
62860,6279,0.0142792,0,6,6
62860,6280,0.00407339,0,5,5
62860,6281,-0.00613135,0,4,4
62860,6282,-0.0163351,0,3,3
62860,6283,-0.0265377,0,2,2
62860,6284,-0.0367394,0,1,1
62860,6285,-0.0469399,0,0,0
