time,particle_id,x,y,mesh_index,mesh_index_original
61790,6169,0.0448697,0,9,9
61790,6170,0.0346645,0,8,8
61790,6171,0.0244603,0,7,7
61790,6172,0.0142571,0,6,6
61790,6173,0.0040549,0,5,5
61790,6174,-0.00614632,0,4,4
61790,6175,-0.0163465,0,3,3
61790,6176,-0.0265457,0,2,2
61790,6177,-0.0367439,0,1,1
61790,6178,-0.046941,0,0,0
