time,particle_id,x,y,mesh_index,mesh_index_original
52540,5244,0.0456042,0,9,9
52540,5245,0.03543,0,8,8
52540,5246,0.0252567,0,7,7
52540,5247,0.0150841,0,6,6
52540,5248,0.00491245,0,5,5
52540,5249,-0.0052584,0,4,4
52540,5250,-0.0154284,0,3,3
52540,5251,-0.0255975,0,2,2
52540,5252,-0.0357658,0,1,1
52540,5253,-0.0459332,0,0,0
