time,particle_id,x,y,mesh_index,mesh_index_original
3160,306,0.049098,0,9,9
3160,307,0.039088,0,8,8
3160,308,0.0290779,0,7,7
3160,309,0.019068,0,6,6
3160,310,0.00905801,0,5,5
3160,311,-0.000951907,0,4,4
3160,312,-0.0109618,0,3,3
3160,313,-0.0209716,0,2,2
3160,314,-0.0309815,0,1,1
3160,315,-0.0409912,0,0,0
