time,particle_id,x,y,mesh_index,mesh_index_original
4620,452,0.0491447,0,9,9
4620,453,0.0391299,0,8,8
4620,454,0.029115,0,7,7
4620,455,0.0191003,0,6,6
4620,456,0.00908558,0,5,5
4620,457,-0.00092907,0,4,4
4620,458,-0.0109437,0,3,3
4620,459,-0.0209582,0,2,2
4620,460,-0.0309727,0,1,1
4620,461,-0.0409871,0,0,0
