time,particle_id,x,y,mesh_index,mesh_index_original
49710,4961,0.0465334,0,9,9
49710,4962,0.0363686,0,8,8
49710,4963,0.0262046,0,7,7
49710,4964,0.0160414,0,6,6
49710,4965,0.00587901,0,5,5
49710,4966,-0.00428262,0,4,4
49710,4967,-0.0144435,0,3,3
49710,4968,-0.0246035,0,2,2
49710,4969,-0.0347627,0,1,1
49710,4970,-0.044921,0,0,0
