time,particle_id,x,y,mesh_index,mesh_index_original
25430,2533,0.0477964,0,9,9
25430,2534,0.0377126,0,8,8
25430,2535,0.0276292,0,7,7
25430,2536,0.0175462,0,6,6
25430,2537,0.00746353,0,5,5
25430,2538,-0.00261873,0,4,4
25430,2539,-0.0127006,0,3,3
25430,2540,-0.0227821,0,2,2
25430,2541,-0.0328631,0,1,1
25430,2542,-0.0429438,0,0,0
