time,particle_id,x,y,mesh_index,mesh_index_original
49170,4907,0.0465166,0,9,9
49170,4908,0.0363536,0,8,8
49170,4909,0.0261914,0,7,7
49170,4910,0.01603,0,6,6
49170,4911,0.00586936,0,5,5
49170,4912,-0.0042905,0,4,4
49170,4913,-0.0144496,0,3,3
49170,4914,-0.0246078,0,2,2
49170,4915,-0.0347653,0,1,1
49170,4916,-0.0449219,0,0,0
