time,particle_id,x,y,mesh_index,mesh_index_original
42250,4215,0.0463011,0,9,9
42250,4216,0.0361613,0,8,8
42250,4217,0.0260222,0,7,7
42250,4218,0.0158837,0,6,6
42250,4219,0.00574589,0,5,5
42250,4220,-0.00439125,0,4,4
42250,4221,-0.0145277,0,3,3
42250,4222,-0.0246635,0,2,2
42250,4223,-0.0347986,0,1,1
42250,4224,-0.044933,0,0,0
