time,particle_id,x,y,mesh_index,mesh_index_original
11330,1123,0.048356,0,9,9
11330,1124,0.038319,0,8,8
11330,1125,0.0282821,0,7,7
11330,1126,0.0182454,0,6,6
11330,1127,0.0082088,0,5,5
11330,1128,-0.00182761,0,4,4
11330,1129,-0.0118638,0,3,3
11330,1130,-0.0218999,0,2,2
11330,1131,-0.0319358,0,1,1
11330,1132,-0.0419715,0,0,0
