time,particle_id,x,y,mesh_index,mesh_index_original
41330,4123,0.0462725,0,9,9
41330,4124,0.0361358,0,8,8
41330,4125,0.0259997,0,7,7
41330,4126,0.0158643,0,6,6
41330,4127,0.0057295,0,5,5
41330,4128,-0.00440463,0,4,4
41330,4129,-0.0145381,0,3,3
41330,4130,-0.0246709,0,2,2
41330,4131,-0.034803,0,1,1
41330,4132,-0.0449345,0,0,0
