time,particle_id,x,y,mesh_index,mesh_index_original
40880,4078,0.0462585,0,9,9
40880,4079,0.0361233,0,8,8
40880,4080,0.0259887,0,7,7
40880,4081,0.0158548,0,6,6
40880,4082,0.00572148,0,5,5
40880,4083,-0.00441117,0,4,4
40880,4084,-0.0145432,0,3,3
40880,4085,-0.0246745,0,2,2
40880,4086,-0.0348052,0,1,1
40880,4087,-0.0449352,0,0,0
