time,particle_id,x,y,mesh_index,mesh_index_original
64320,6422,0.0449472,0,9,9
64320,6423,0.0347335,0,8,8
64320,6424,0.0245209,0,7,7
64320,6425,0.0143092,0,6,6
64320,6426,0.00409864,0,5,5
64320,6427,-0.00611092,0,4,4
64320,6428,-0.0163194,0,3,3
64320,6429,-0.0265269,0,2,2
64320,6430,-0.0367332,0,1,1
64320,6431,-0.0469385,0,0,0
