time,particle_id,x,y,mesh_index,mesh_index_original
44740,4464,0.0463786,0,9,9
44740,4465,0.0362305,0,8,8
44740,4466,0.026083,0,7,7
44740,4467,0.0159363,0,6,6
44740,4468,0.00579029,0,5,5
44740,4469,-0.00435502,0,4,4
44740,4470,-0.0144996,0,3,3
44740,4471,-0.0246435,0,2,2
44740,4472,-0.0347866,0,1,1
44740,4473,-0.044929,0,0,0
