time,particle_id,x,y,mesh_index,mesh_index_original
34580,3448,0.0470744,0,9,9
34580,3449,0.0369602,0,8,8
34580,3450,0.0268464,0,7,7
34580,3451,0.0167333,0,6,6
34580,3452,0.00662063,0,5,5
34580,3453,-0.00349146,0,4,4
34580,3454,-0.013603,0,3,3
34580,3455,-0.023714,0,2,2
34580,3456,-0.0338244,0,1,1
34580,3457,-0.0439343,0,0,0
