time,particle_id,x,y,mesh_index,mesh_index_original
76710,7661,0.0443023,0,9,9
76710,7662,0.034047,0,8,8
76710,7663,0.0237928,0,7,7
76710,7664,0.0135399,0,6,6
76710,7665,0.00328825,0,5,5
76710,7666,-0.00696216,0,4,4
76710,7667,-0.0172113,0,3,3
76710,7668,-0.0274592,0,2,2
76710,7669,-0.0377057,0,1,1
76710,7670,-0.047951,0,0,0
