time,particle_id,x,y,mesh_index,mesh_index_original
37930,3783,0.0471795,0,9,9
37930,3784,0.037054,0,8,8
37930,3785,0.0269292,0,7,7
37930,3786,0.016805,0,6,6
37930,3787,0.00668131,0,5,5
37930,3788,-0.00344175,0,4,4
37930,3789,-0.0135642,0,3,3
37930,3790,-0.023686,0,2,2
37930,3791,-0.0338073,0,1,1
37930,3792,-0.0439279,0,0,0
