time,particle_id,x,y,mesh_index,mesh_index_original
57440,5734,0.0457556,0,9,9
57440,5735,0.035565,0,8,8
57440,5736,0.0253753,0,7,7
57440,5737,0.0151864,0,6,6
57440,5738,0.00499854,0,5,5
57440,5739,-0.00518843,0,4,4
57440,5740,-0.0153745,0,3,3
57440,5741,-0.0255596,0,2,2
57440,5742,-0.0357437,0,1,1
57440,5743,-0.0459269,0,0,0
