time,particle_id,x,y,mesh_index,mesh_index_original
56380,5628,0.0457228,0,9,9
56380,5629,0.0355358,0,8,8
56380,5630,0.0253496,0,7,7
56380,5631,0.0151643,0,6,6
56380,5632,0.00497991,0,5,5
56380,5633,-0.00520358,0,4,4
56380,5634,-0.0153861,0,3,3
56380,5635,-0.0255678,0,2,2
56380,5636,-0.0357485,0,1,1
56380,5637,-0.0459282,0,0,0
