time,particle_id,x,y,mesh_index,mesh_index_original
56730,5663,0.0457337,0,9,9
56730,5664,0.0355454,0,8,8
56730,5665,0.0253581,0,7,7
56730,5666,0.0151716,0,6,6
56730,5667,0.00498606,0,5,5
56730,5668,-0.00519858,0,4,4
56730,5669,-0.0153823,0,3,3
56730,5670,-0.0255651,0,2,2
56730,5671,-0.0357469,0,1,1
56730,5672,-0.0459278,0,0,0
