time,particle_id,x,y,mesh_index,mesh_index_original
52650,5255,0.0456076,0,9,9
52650,5256,0.0354331,0,8,8
52650,5257,0.0252593,0,7,7
52650,5258,0.0150864,0,6,6
52650,5259,0.00491438,0,5,5
52650,5260,-0.00525683,0,4,4
52650,5261,-0.0154272,0,3,3
52650,5262,-0.0255967,0,2,2
52650,5263,-0.0357653,0,1,1
52650,5264,-0.045933,0,0,0
