time,particle_id,x,y,mesh_index,mesh_index_original
46070,4597,0.04642,0,9,9
46070,4598,0.0362674,0,8,8
46070,4599,0.0261156,0,7,7
46070,4600,0.0159644,0,6,6
46070,4601,0.00581401,0,5,5
46070,4602,-0.00433566,0,4,4
46070,4603,-0.0144846,0,3,3
46070,4604,-0.0246328,0,2,2
46070,4605,-0.0347802,0,1,1
46070,4606,-0.0449269,0,0,0
