time,particle_id,x,y,mesh_index,mesh_index_original
19410,1931,0.048613,0,9,9
19410,1932,0.0385491,0,8,8
19410,1933,0.0284856,0,7,7
19410,1934,0.0184223,0,6,6
19410,1935,0.00835934,0,5,5
19410,1936,-0.00170334,0,4,4
19410,1937,-0.0117657,0,3,3
19410,1938,-0.0218278,0,2,2
19410,1939,-0.0318896,0,1,1
19410,1940,-0.041951,0,0,0
