time,particle_id,x,y,mesh_index,mesh_index_original
73090,7299,0.0441921,0,9,9
73090,7300,0.033949,0,8,8
73090,7301,0.023707,0,7,7
73090,7302,0.0134662,0,6,6
73090,7303,0.00322661,0,5,5
73090,7304,-0.00701182,0,4,4
73090,7305,-0.017249,0,3,3
73090,7306,-0.027485,0,2,2
73090,7307,-0.0377198,0,1,1
73090,7308,-0.0479533,0,0,0
