time,particle_id,x,y,mesh_index,mesh_index_original
86160,8606,0.0435618,0,9,9
86160,8607,0.0332746,0,8,8
86160,8608,0.0229888,0,7,7
86160,8609,0.0127043,0,6,6
86160,8610,0.00242124,0,5,5
86160,8611,-0.0078604,0,4,4
86160,8612,-0.0181406,0,3,3
86160,8613,-0.0284193,0,2,2
86160,8614,-0.0386966,0,1,1
86160,8615,-0.0489724,0,0,0
