time,particle_id,x,y,mesh_index,mesh_index_original
87500,8740,0.0436023,0,9,9
87500,8741,0.0333106,0,8,8
87500,8742,0.0230202,0,7,7
87500,8743,0.0127312,0,6,6
87500,8744,0.0024437,0,5,5
87500,8745,-0.00784238,0,4,4
87500,8746,-0.018127,0,3,3
87500,8747,-0.0284102,0,2,2
87500,8748,-0.0386918,0,1,1
87500,8749,-0.048972,0,0,0
