time,particle_id,x,y,mesh_index,mesh_index_original
3560,346,0.0491108,0,9,9
3560,347,0.0390994,0,8,8
3560,348,0.0290881,0,7,7
3560,349,0.0190768,0,6,6
3560,350,0.00906556,0,5,5
3560,351,-0.000945651,0,4,4
3560,352,-0.0109568,0,3,3
3560,353,-0.020968,0,2,2
3560,354,-0.030979,0,1,1
3560,355,-0.0409901,0,0,0
