time,particle_id,x,y,mesh_index,mesh_index_original
78040,7794,0.0443429,0,9,9
78040,7795,0.034083,0,8,8
78040,7796,0.0238244,0,7,7
78040,7797,0.013567,0,6,6
78040,7798,0.00331092,0,5,5
78040,7799,-0.00694391,0,4,4
78040,7800,-0.0171974,0,3,3
78040,7801,-0.0274497,0,2,2
78040,7802,-0.0377006,0,1,1
78040,7803,-0.0479501,0,0,0
