time,particle_id,x,y,mesh_index,mesh_index_original
47060,4696,0.0464508,0,9,9
47060,4697,0.0362949,0,8,8
47060,4698,0.0261398,0,7,7
47060,4699,0.0159854,0,6,6
47060,4700,0.00583168,0,5,5
47060,4701,-0.00432124,0,4,4
47060,4702,-0.0144734,0,3,3
47060,4703,-0.0246248,0,2,2
47060,4704,-0.0347754,0,1,1
47060,4705,-0.0449253,0,0,0
