time,particle_id,x,y,mesh_index,mesh_index_original
65980,6588,0.0449981,0,9,9
65980,6589,0.0347789,0,8,8
65980,6590,0.0245606,0,7,7
65980,6591,0.0143435,0,6,6
65980,6592,0.00412736,0,5,5
65980,6593,-0.00608768,0,4,4
65980,6594,-0.0163016,0,3,3
65980,6595,-0.0265145,0,2,2
65980,6596,-0.0367263,0,1,1
65980,6597,-0.0469369,0,0,0
