time,particle_id,x,y,mesh_index,mesh_index_original
84250,8415,0.0435041,0,9,9
84250,8416,0.0332234,0,8,8
84250,8417,0.022944,0,7,7
84250,8418,0.0126659,0,6,6
84250,8419,0.00238924,0,5,5
84250,8420,-0.00788605,0,4,4
84250,8421,-0.0181599,0,3,3
84250,8422,-0.0284324,0,2,2
84250,8423,-0.0387035,0,1,1
84250,8424,-0.0489731,0,0,0
