time,particle_id,x,y,mesh_index,mesh_index_original
2340,224,0.0490718,0,9,9
2340,225,0.0390644,0,8,8
2340,226,0.0290571,0,7,7
2340,227,0.0190498,0,6,6
2340,228,0.00904253,0,5,5
2340,229,-0.000964728,0,4,4
2340,230,-0.010972,0,3,3
2340,231,-0.0209792,0,2,2
2340,232,-0.0309864,0,1,1
2340,233,-0.0409936,0,0,0
