time,particle_id,x,y,mesh_index,mesh_index_original
43930,4383,0.0463534,0,9,9
43930,4384,0.036208,0,8,8
43930,4385,0.0260632,0,7,7
43930,4386,0.0159192,0,6,6
43930,4387,0.00577584,0,5,5
43930,4388,-0.00436681,0,4,4
43930,4389,-0.0145088,0,3,3
43930,4390,-0.02465,0,2,2
43930,4391,-0.0347905,0,1,1
43930,4392,-0.0449303,0,0,0
