time,particle_id,x,y,mesh_index,mesh_index_original
30190,3009,0.0469369,0,9,9
30190,3010,0.0368373,0,8,8
30190,3011,0.0267381,0,7,7
30190,3012,0.0166395,0,6,6
30190,3013,0.00654123,0,5,5
30190,3014,-0.00355652,0,4,4
30190,3015,-0.0136538,0,3,3
30190,3016,-0.0237506,0,2,2
30190,3017,-0.0338469,0,1,1
30190,3018,-0.0439427,0,0,0
