time,particle_id,x,y,mesh_index,mesh_index_original
82680,8258,0.0434567,0,9,9
82680,8259,0.0331813,0,8,8
82680,8260,0.0229072,0,7,7
82680,8261,0.0126344,0,6,6
82680,8262,0.00236295,0,5,5
82680,8263,-0.00790713,0,4,4
82680,8264,-0.0181758,0,3,3
82680,8265,-0.0284432,0,2,2
82680,8266,-0.0387091,0,1,1
82680,8267,-0.0489736,0,0,0
