time,particle_id,x,y,mesh_index,mesh_index_original
15710,1561,0.0484952,0,9,9
15710,1562,0.0384437,0,8,8
15710,1563,0.0283923,0,7,7
15710,1564,0.0183412,0,6,6
15710,1565,0.00829035,0,5,5
15710,1566,-0.00176028,0,4,4
15710,1567,-0.0118107,0,3,3
15710,1568,-0.0218608,0,2,2
15710,1569,-0.0319108,0,1,1
15710,1570,-0.0419604,0,0,0
