time,particle_id,x,y,mesh_index,mesh_index_original
37770,3767,0.0471744,0,9,9
37770,3768,0.0370496,0,8,8
37770,3769,0.0269253,0,7,7
37770,3770,0.0168015,0,6,6
37770,3771,0.00667841,0,5,5
37770,3772,-0.00344413,0,4,4
37770,3773,-0.0135661,0,3,3
37770,3774,-0.0236874,0,2,2
37770,3775,-0.0338081,0,1,1
37770,3776,-0.0439282,0,0,0
