time,particle_id,x,y,mesh_index,mesh_index_original
44190,4409,0.0463615,0,9,9
44190,4410,0.0362152,0,8,8
44190,4411,0.0260696,0,7,7
44190,4412,0.0159247,0,6,6
44190,4413,0.00578048,0,5,5
44190,4414,-0.00436303,0,4,4
44190,4415,-0.0145058,0,3,3
44190,4416,-0.0246479,0,2,2
44190,4417,-0.0347893,0,1,1
44190,4418,-0.0449299,0,0,0
