time,particle_id,x,y,mesh_index,mesh_index_original
98980,9888,0.042917,0,9,9
98980,9889,0.0325863,0,8,8
98980,9890,0.0222573,0,7,7
98980,9891,0.0119298,0,6,6
98980,9892,0.00160402,0,5,5
98980,9893,-0.00872014,0,4,4
98980,9894,-0.0190426,0,3,3
98980,9895,-0.0293635,0,2,2
98980,9896,-0.0396826,0,1,1
