time,particle_id,x,y,mesh_index,mesh_index_original
85990,8589,0.0435567,0,9,9
85990,8590,0.03327,0,8,8
85990,8591,0.0229848,0,7,7
85990,8592,0.0127009,0,6,6
85990,8593,0.00241839,0,5,5
85990,8594,-0.00786268,0,4,4
85990,8595,-0.0181423,0,3,3
85990,8596,-0.0284205,0,2,2
85990,8597,-0.0386972,0,1,1
85990,8598,-0.0489725,0,0,0
