time,particle_id,x,y,mesh_index,mesh_index_original
98060,9796,0.0428894,0,9,9
98060,9797,0.0325618,0,8,8
98060,9798,0.0222359,0,7,7
98060,9799,0.0119116,0,6,6
98060,9800,0.00158885,0,5,5
98060,9801,-0.00873225,0,4,4
98060,9802,-0.0190517,0,3,3
98060,9803,-0.0293695,0,2,2
98060,9804,-0.0396856,0,1,1
