time,particle_id,x,y,mesh_index,mesh_index_original
38820,3872,0.0472074,0,9,9
38820,3873,0.037079,0,8,8
38820,3874,0.0269512,0,7,7
38820,3875,0.016824,0,6,6
38820,3876,0.00669744,0,5,5
38820,3877,-0.00342853,0,4,4
38820,3878,-0.0135539,0,3,3
38820,3879,-0.0236786,0,2,2
38820,3880,-0.0338027,0,1,1
38820,3881,-0.0439262,0,0,0
