time,particle_id,x,y,mesh_index,mesh_index_original
27220,2712,0.047853,0,9,9
27220,2713,0.0377632,0,8,8
27220,2714,0.0276739,0,7,7
27220,2715,0.0175849,0,6,6
27220,2716,0.00749642,0,5,5
27220,2717,-0.00259168,0,4,4
27220,2718,-0.0126794,0,3,3
27220,2719,-0.0227666,0,2,2
27220,2720,-0.0328534,0,1,1
27220,2721,-0.0429398,0,0,0
