time,particle_id,x,y,mesh_index,mesh_index_original
3140,304,0.0490974,0,9,9
3140,305,0.0390874,0,8,8
3140,306,0.0290774,0,7,7
3140,307,0.0190675,0,6,6
3140,308,0.00905763,0,5,5
3140,309,-0.000952219,0,4,4
3140,310,-0.010962,0,3,3
3140,311,-0.0209718,0,2,2
3140,312,-0.0309816,0,1,1
3140,313,-0.0409913,0,0,0
