time,particle_id,x,y,mesh_index,mesh_index_original
48050,4795,0.0464817,0,9,9
48050,4796,0.0363225,0,8,8
48050,4797,0.026164,0,7,7
48050,4798,0.0160063,0,6,6
48050,4799,0.00584936,0,5,5
48050,4800,-0.00430682,0,4,4
48050,4801,-0.0144622,0,3,3
48050,4802,-0.0246168,0,2,2
48050,4803,-0.0347707,0,1,1
48050,4804,-0.0449237,0,0,0
