time,particle_id,x,y,mesh_index,mesh_index_original
91370,9127,0.0426888,0,9,9
91370,9128,0.0323841,0,8,8
91370,9129,0.0220808,0,7,7
91370,9130,0.0117789,0,6,6
91370,9131,0.00147862,0,5,5
91370,9132,-0.00882019,0,4,4
91370,9133,-0.0191175,0,3,3
91370,9134,-0.0294132,0,2,2
91370,9135,-0.0397074,0,1,1
