time,particle_id,x,y,mesh_index,mesh_index_original
20780,2068,0.0476497,0,9,9
20780,2069,0.0375814,0,8,8
20780,2070,0.0275133,0,7,7
20780,2071,0.0174456,0,6,6
20780,2072,0.00737817,0,5,5
20780,2073,-0.00268893,0,4,4
20780,2074,-0.0127557,0,3,3
20780,2075,-0.0228222,0,2,2
20780,2076,-0.0328883,0,1,1
20780,2077,-0.0429541,0,0,0
