time,particle_id,x,y,mesh_index,mesh_index_original
54620,5452,0.0456684,0,9,9
54620,5453,0.0354873,0,8,8
54620,5454,0.025307,0,7,7
54620,5455,0.0151275,0,6,6
54620,5456,0.00494898,0,5,5
54620,5457,-0.00522871,0,4,4
54620,5458,-0.0154055,0,3,3
54620,5459,-0.0255814,0,2,2
54620,5460,-0.0357564,0,1,1
54620,5461,-0.0459305,0,0,0
