time,particle_id,x,y,mesh_index,mesh_index_original
14070,1397,0.0484431,0,9,9
14070,1398,0.038397,0,8,8
14070,1399,0.028351,0,7,7
14070,1400,0.0183053,0,6,6
14070,1401,0.0082598,0,5,5
14070,1402,-0.0017855,0,4,4
14070,1403,-0.0118306,0,3,3
14070,1404,-0.0218755,0,2,2
14070,1405,-0.0319201,0,1,1
14070,1406,-0.0419646,0,0,0
