time,particle_id,x,y,mesh_index,mesh_index_original
44500,4440,0.0463711,0,9,9
44500,4441,0.0362238,0,8,8
44500,4442,0.0260772,0,7,7
44500,4443,0.0159312,0,6,6
44500,4444,0.00578601,0,5,5
44500,4445,-0.00435852,0,4,4
44500,4446,-0.0145023,0,3,3
44500,4447,-0.0246454,0,2,2
44500,4448,-0.0347878,0,1,1
44500,4449,-0.0449294,0,0,0
