time,particle_id,x,y,mesh_index,mesh_index_original
48080,4798,0.0464826,0,9,9
48080,4799,0.0363233,0,8,8
48080,4800,0.0261647,0,7,7
48080,4801,0.0160069,0,6,6
48080,4802,0.00584989,0,5,5
48080,4803,-0.00430638,0,4,4
48080,4804,-0.0144619,0,3,3
48080,4805,-0.0246166,0,2,2
48080,4806,-0.0347705,0,1,1
48080,4807,-0.0449236,0,0,0
