time,particle_id,x,y,mesh_index,mesh_index_original
64740,6464,0.0449601,0,9,9
64740,6465,0.034745,0,8,8
64740,6466,0.0245309,0,7,7
64740,6467,0.0143179,0,6,6
64740,6468,0.0041059,0,5,5
64740,6469,-0.00610505,0,4,4
64740,6470,-0.0163149,0,3,3
64740,6471,-0.0265237,0,2,2
64740,6472,-0.0367315,0,1,1
64740,6473,-0.0469381,0,0,0
