time,particle_id,x,y,mesh_index,mesh_index_original
99050,9895,0.0429191,0,9,9
99050,9896,0.0325882,0,8,8
99050,9897,0.0222589,0,7,7
99050,9898,0.0119312,0,6,6
99050,9899,0.00160518,0,5,5
99050,9900,-0.00871922,0,4,4
99050,9901,-0.019042,0,3,3
99050,9902,-0.029363,0,2,2
99050,9903,-0.0396824,0,1,1
