time,particle_id,x,y,mesh_index,mesh_index_original
68290,6819,0.045069,0,9,9
68290,6820,0.034842,0,8,8
68290,6821,0.024616,0,7,7
68290,6822,0.0143911,0,6,6
68290,6823,0.00416735,0,5,5
68290,6824,-0.00605532,0,4,4
68290,6825,-0.0162769,0,3,3
68290,6826,-0.0264973,0,2,2
68290,6827,-0.0367166,0,1,1
68290,6828,-0.0469347,0,0,0
