time,particle_id,x,y,mesh_index,mesh_index_original
25970,2587,0.0478135,0,9,9
25970,2588,0.0377279,0,8,8
25970,2589,0.0276427,0,7,7
25970,2590,0.0175579,0,6,6
25970,2591,0.00747345,0,5,5
25970,2592,-0.00261057,0,4,4
25970,2593,-0.0126942,0,3,3
25970,2594,-0.0227774,0,2,2
25970,2595,-0.0328602,0,1,1
25970,2596,-0.0429425,0,0,0
