time,particle_id,x,y,mesh_index,mesh_index_original
25940,2584,0.0478126,0,9,9
25940,2585,0.0377271,0,8,8
25940,2586,0.0276419,0,7,7
25940,2587,0.0175572,0,6,6
25940,2588,0.0074729,0,5,5
25940,2589,-0.00261103,0,4,4
25940,2590,-0.0126945,0,3,3
25940,2591,-0.0227777,0,2,2
25940,2592,-0.0328603,0,1,1
25940,2593,-0.0429426,0,0,0
