time,particle_id,x,y,mesh_index,mesh_index_original
51380,5128,0.0455684,0,9,9
51380,5129,0.0353981,0,8,8
51380,5130,0.0252286,0,7,7
51380,5131,0.01506,0,6,6
51380,5132,0.00489209,0,5,5
51380,5133,-0.00527495,0,4,4
51380,5134,-0.0154411,0,3,3
51380,5135,-0.0256065,0,2,2
51380,5136,-0.035771,0,1,1
51380,5137,-0.0459347,0,0,0
