time,particle_id,x,y,mesh_index,mesh_index_original
11310,1121,0.0483554,0,9,9
11310,1122,0.0383184,0,8,8
11310,1123,0.0282816,0,7,7
11310,1124,0.0182449,0,6,6
11310,1125,0.00820842,0,5,5
11310,1126,-0.00182791,0,4,4
11310,1127,-0.0118641,0,3,3
11310,1128,-0.0219001,0,2,2
11310,1129,-0.0319359,0,1,1
11310,1130,-0.0419716,0,0,0
