time,particle_id,x,y,mesh_index,mesh_index_original
32780,3268,0.047018,0,9,9
32780,3269,0.0369098,0,8,8
32780,3270,0.026802,0,7,7
32780,3271,0.0166948,0,6,6
32780,3272,0.00658806,0,5,5
32780,3273,-0.00351815,0,4,4
32780,3274,-0.0136238,0,3,3
32780,3275,-0.023729,0,2,2
32780,3276,-0.0338336,0,1,1
32780,3277,-0.0439377,0,0,0
