time,particle_id,x,y,mesh_index,mesh_index_original
12930,1283,0.0484068,0,9,9
12930,1284,0.0383645,0,8,8
12930,1285,0.0283223,0,7,7
12930,1286,0.0182804,0,6,6
12930,1287,0.00823857,0,5,5
12930,1288,-0.00180303,0,4,4
12930,1289,-0.0118444,0,3,3
12930,1290,-0.0218856,0,2,2
12930,1291,-0.0319267,0,1,1
12930,1292,-0.0419675,0,0,0
