time,particle_id,x,y,mesh_index,mesh_index_original
83220,8312,0.043473,0,9,9
83220,8313,0.0331958,0,8,8
83220,8314,0.0229198,0,7,7
83220,8315,0.0126452,0,6,6
83220,8316,0.00237199,0,5,5
83220,8317,-0.00789988,0,4,4
83220,8318,-0.0181704,0,3,3
83220,8319,-0.0284395,0,2,2
83220,8320,-0.0387071,0,1,1
83220,8321,-0.0489734,0,0,0
