time,particle_id,x,y,mesh_index,mesh_index_original
83830,8373,0.0434914,0,9,9
83830,8374,0.0332121,0,8,8
83830,8375,0.0229341,0,7,7
83830,8376,0.0126575,0,6,6
83830,8377,0.0023822,0,5,5
83830,8378,-0.00789169,0,4,4
83830,8379,-0.0181642,0,3,3
83830,8380,-0.0284353,0,2,2
83830,8381,-0.038705,0,1,1
83830,8382,-0.0489732,0,0,0
