time,particle_id,x,y,mesh_index,mesh_index_original
97150,9705,0.042862,0,9,9
97150,9706,0.0325376,0,8,8
97150,9707,0.0222148,0,7,7
97150,9708,0.0118935,0,6,6
97150,9709,0.00157384,0,5,5
97150,9710,-0.00874422,0,4,4
97150,9711,-0.0190607,0,3,3
97150,9712,-0.0293754,0,2,2
97150,9713,-0.0396886,0,1,1
