time,particle_id,x,y,mesh_index,mesh_index_original
79820,7972,0.0443971,0,9,9
79820,7973,0.0341312,0,8,8
79820,7974,0.0238666,0,7,7
79820,7975,0.0136033,0,6,6
79820,7976,0.00334127,0,5,5
79820,7977,-0.00691946,0,4,4
79820,7978,-0.0171789,0,3,3
79820,7979,-0.0274369,0,2,2
79820,7980,-0.0376936,0,1,1
79820,7981,-0.047949,0,0,0
