time,particle_id,x,y,mesh_index,mesh_index_original
93890,9379,0.0427643,0,9,9
93890,9380,0.032451,0,8,8
93890,9381,0.0221392,0,7,7
93890,9382,0.0118289,0,6,6
93890,9383,0.00152011,0,5,5
93890,9384,-0.00878709,0,4,4
93890,9385,-0.0190927,0,3,3
93890,9386,-0.0293968,0,2,2
93890,9387,-0.0396992,0,1,1
