time,particle_id,x,y,mesh_index,mesh_index_original
86210,8611,0.0435633,0,9,9
86210,8612,0.0332759,0,8,8
86210,8613,0.0229899,0,7,7
86210,8614,0.0127053,0,6,6
86210,8615,0.00242208,0,5,5
86210,8616,-0.00785972,0,4,4
86210,8617,-0.0181401,0,3,3
86210,8618,-0.028419,0,2,2
86210,8619,-0.0386965,0,1,1
86210,8620,-0.0489724,0,0,0
