time,particle_id,x,y,mesh_index,mesh_index_original
50180,5008,0.0455314,0,9,9
50180,5009,0.0353651,0,8,8
50180,5010,0.0251996,0,7,7
50180,5011,0.0150349,0,6,6
50180,5012,0.00487104,0,5,5
50180,5013,-0.00529205,0,4,4
50180,5014,-0.0154543,0,3,3
50180,5015,-0.0256158,0,2,2
50180,5016,-0.0357764,0,1,1
50180,5017,-0.0459362,0,0,0
