time,particle_id,x,y,mesh_index,mesh_index_original
50170,5007,0.0455311,0,9,9
50170,5008,0.0353648,0,8,8
50170,5009,0.0251994,0,7,7
50170,5010,0.0150347,0,6,6
50170,5011,0.00487086,0,5,5
50170,5012,-0.0052922,0,4,4
50170,5013,-0.0154544,0,3,3
50170,5014,-0.0256159,0,2,2
50170,5015,-0.0357765,0,1,1
50170,5016,-0.0459362,0,0,0
