time,particle_id,x,y,mesh_index,mesh_index_original
92630,9253,0.0427266,0,9,9
92630,9254,0.0324175,0,8,8
92630,9255,0.02211,0,7,7
92630,9256,0.0118039,0,6,6
92630,9257,0.00149936,0,5,5
92630,9258,-0.00880365,0,4,4
92630,9259,-0.0191051,0,3,3
92630,9260,-0.029405,0,2,2
92630,9261,-0.0397033,0,1,1
