time,particle_id,x,y,mesh_index,mesh_index_original
51120,5102,0.0455604,0,9,9
51120,5103,0.035391,0,8,8
51120,5104,0.0252223,0,7,7
51120,5105,0.0150545,0,6,6
51120,5106,0.00488753,0,5,5
51120,5107,-0.00527865,0,4,4
51120,5108,-0.015444,0,3,3
51120,5109,-0.0256085,0,2,2
51120,5110,-0.0357722,0,1,1
51120,5111,-0.045935,0,0,0
