time,particle_id,x,y,mesh_index,mesh_index_original
67990,6789,0.0450598,0,9,9
67990,6790,0.0348338,0,8,8
67990,6791,0.0246088,0,7,7
67990,6792,0.0143849,0,6,6
67990,6793,0.00416215,0,5,5
67990,6794,-0.00605953,0,4,4
67990,6795,-0.0162801,0,3,3
67990,6796,-0.0264995,0,2,2
67990,6797,-0.0367178,0,1,1
67990,6798,-0.046935,0,0,0
