time,particle_id,x,y,mesh_index,mesh_index_original
4860,476,0.0491524,0,9,9
4860,477,0.0391367,0,8,8
4860,478,0.0291211,0,7,7
4860,479,0.0191056,0,6,6
4860,480,0.00909011,0,5,5
4860,481,-0.000925314,0,4,4
4860,482,-0.0109407,0,3,3
4860,483,-0.020956,0,2,2
4860,484,-0.0309712,0,1,1
4860,485,-0.0409864,0,0,0
