time,particle_id,x,y,mesh_index,mesh_index_original
70360,7026,0.0441091,0,9,9
70360,7027,0.0338752,0,8,8
70360,7028,0.0236424,0,7,7
70360,7029,0.0134107,0,6,6
70360,7030,0.00318018,0,5,5
70360,7031,-0.00704922,0,4,4
70360,7032,-0.0172775,0,3,3
70360,7033,-0.0275045,0,2,2
70360,7034,-0.0377304,0,1,1
70360,7035,-0.0479551,0,0,0
