time,particle_id,x,y,mesh_index,mesh_index_original
49430,4933,0.0465247,0,9,9
49430,4934,0.0363608,0,8,8
49430,4935,0.0261978,0,7,7
49430,4936,0.0160355,0,6,6
49430,4937,0.00587401,0,5,5
49430,4938,-0.0042867,0,4,4
49430,4939,-0.0144466,0,3,3
49430,4940,-0.0246057,0,2,2
49430,4941,-0.034764,0,1,1
49430,4942,-0.0449215,0,0,0
