time,particle_id,x,y,mesh_index,mesh_index_original
35510,3541,0.0471035,0,9,9
35510,3542,0.0369862,0,8,8
35510,3543,0.0268694,0,7,7
35510,3544,0.0167532,0,6,6
35510,3545,0.00663747,0,5,5
35510,3546,-0.00347767,0,4,4
35510,3547,-0.0135922,0,3,3
35510,3548,-0.0237062,0,2,2
35510,3549,-0.0338197,0,1,1
35510,3550,-0.0439325,0,0,0
