time,particle_id,x,y,mesh_index,mesh_index_original
20420,2032,0.0476384,0,9,9
20420,2033,0.0375712,0,8,8
20420,2034,0.0275044,0,7,7
20420,2035,0.0174378,0,6,6
20420,2036,0.00737157,0,5,5
20420,2037,-0.00269436,0,4,4
20420,2038,-0.01276,0,3,3
20420,2039,-0.0228253,0,2,2
20420,2040,-0.0328903,0,1,1
20420,2041,-0.0429549,0,0,0
