time,particle_id,x,y,mesh_index,mesh_index_original
20670,2057,0.0476463,0,9,9
20670,2058,0.0375783,0,8,8
20670,2059,0.0275106,0,7,7
20670,2060,0.0174432,0,6,6
20670,2061,0.00737616,0,5,5
20670,2062,-0.00269059,0,4,4
20670,2063,-0.012757,0,3,3
20670,2064,-0.0228231,0,2,2
20670,2065,-0.0328889,0,1,1
20670,2066,-0.0429543,0,0,0
