time,particle_id,x,y,mesh_index,mesh_index_original
62970,6287,0.0449058,0,9,9
62970,6288,0.0346967,0,8,8
62970,6289,0.0244886,0,7,7
62970,6290,0.0142814,0,6,6
62970,6291,0.00407529,0,5,5
62970,6292,-0.00612981,0,4,4
62970,6293,-0.0163339,0,3,3
62970,6294,-0.0265369,0,2,2
62970,6295,-0.0367389,0,1,1
62970,6296,-0.0469398,0,0,0
