time,particle_id,x,y,mesh_index,mesh_index_original
70320,7022,0.0441079,0,9,9
70320,7023,0.0338741,0,8,8
70320,7024,0.0236415,0,7,7
70320,7025,0.0134099,0,6,6
70320,7026,0.0031795,0,5,5
70320,7027,-0.00704977,0,4,4
70320,7028,-0.0172779,0,3,3
70320,7029,-0.0275048,0,2,2
70320,7030,-0.0377306,0,1,1
70320,7031,-0.0479551,0,0,0
