time,particle_id,x,y,mesh_index,mesh_index_original
30320,3022,0.0469409,0,9,9
30320,3023,0.0368409,0,8,8
30320,3024,0.0267413,0,7,7
30320,3025,0.0166422,0,6,6
30320,3026,0.00654358,0,5,5
30320,3027,-0.00355459,0,4,4
30320,3028,-0.0136523,0,3,3
30320,3029,-0.0237495,0,2,2
30320,3030,-0.0338462,0,1,1
30320,3031,-0.0439424,0,0,0
