time,particle_id,x,y,mesh_index,mesh_index_original
24700,2460,0.0477734,0,9,9
24700,2461,0.037692,0,8,8
24700,2462,0.027611,0,7,7
24700,2463,0.0175304,0,6,6
24700,2464,0.00745012,0,5,5
24700,2465,-0.00262976,0,4,4
24700,2466,-0.0127093,0,3,3
24700,2467,-0.0227884,0,2,2
24700,2468,-0.0328671,0,1,1
24700,2469,-0.0429454,0,0,0
