time,particle_id,x,y,mesh_index,mesh_index_original
42140,4204,0.0462977,0,9,9
42140,4205,0.0361583,0,8,8
42140,4206,0.0260195,0,7,7
42140,4207,0.0158814,0,6,6
42140,4208,0.00574393,0,5,5
42140,4209,-0.00439285,0,4,4
42140,4210,-0.014529,0,3,3
42140,4211,-0.0246644,0,2,2
42140,4212,-0.0347991,0,1,1
42140,4213,-0.0449332,0,0,0
