time,particle_id,x,y,mesh_index,mesh_index_original
81400,8130,0.0434181,0,9,9
81400,8131,0.033147,0,8,8
81400,8132,0.0228772,0,7,7
81400,8133,0.0126087,0,6,6
81400,8134,0.00234152,0,5,5
81400,8135,-0.00792431,0,4,4
81400,8136,-0.0181888,0,3,3
81400,8137,-0.0284519,0,2,2
81400,8138,-0.0387136,0,1,1
81400,8139,-0.048974,0,0,0
