time,particle_id,x,y,mesh_index,mesh_index_original
10180,1008,0.0483195,0,9,9
10180,1009,0.0382863,0,8,8
10180,1010,0.0282532,0,7,7
10180,1011,0.0182202,0,6,6
10180,1012,0.0081874,0,5,5
10180,1013,-0.00184527,0,4,4
10180,1014,-0.0118778,0,3,3
10180,1015,-0.0219102,0,2,2
10180,1016,-0.0319424,0,1,1
10180,1017,-0.0419744,0,0,0
