time,particle_id,x,y,mesh_index,mesh_index_original
50850,5075,0.045552,0,9,9
50850,5076,0.0353835,0,8,8
50850,5077,0.0252158,0,7,7
50850,5078,0.0150489,0,6,6
50850,5079,0.00488279,0,5,5
50850,5080,-0.0052825,0,4,4
50850,5081,-0.015447,0,3,3
50850,5082,-0.0256106,0,2,2
50850,5083,-0.0357734,0,1,1
50850,5084,-0.0459354,0,0,0
