time,particle_id,x,y,mesh_index,mesh_index_original
90930,9083,0.0426757,0,9,9
90930,9084,0.0323724,0,8,8
90930,9085,0.0220706,0,7,7
90930,9086,0.0117702,0,6,6
90930,9087,0.00147138,0,5,5
90930,9088,-0.00882597,0,4,4
90930,9089,-0.0191218,0,3,3
90930,9090,-0.0294161,0,2,2
90930,9091,-0.0397088,0,1,1
