time,particle_id,x,y,mesh_index,mesh_index_original
13990,1389,0.0484405,0,9,9
13990,1390,0.0383947,0,8,8
13990,1391,0.028349,0,7,7
13990,1392,0.0183036,0,6,6
13990,1393,0.00825831,0,5,5
13990,1394,-0.00178673,0,4,4
13990,1395,-0.0118316,0,3,3
13990,1396,-0.0218762,0,2,2
13990,1397,-0.0319206,0,1,1
13990,1398,-0.0419648,0,0,0
