time,particle_id,x,y,mesh_index,mesh_index_original
52970,5287,0.0456175,0,9,9
52970,5288,0.0354419,0,8,8
52970,5289,0.0252671,0,7,7
52970,5290,0.0150931,0,6,6
52970,5291,0.00492,0,5,5
52970,5292,-0.00525226,0,4,4
52970,5293,-0.0154237,0,3,3
52970,5294,-0.0255942,0,2,2
52970,5295,-0.0357639,0,1,1
52970,5296,-0.0459326,0,0,0
