time,particle_id,x,y,mesh_index,mesh_index_original
15070,1497,0.0484749,0,9,9
15070,1498,0.0384254,0,8,8
15070,1499,0.0283762,0,7,7
15070,1500,0.0183272,0,6,6
15070,1501,0.00827843,0,5,5
15070,1502,-0.00177013,0,4,4
15070,1503,-0.0118185,0,3,3
15070,1504,-0.0218666,0,2,2
15070,1505,-0.0319144,0,1,1
15070,1506,-0.041962,0,0,0
