time,particle_id,x,y,mesh_index,mesh_index_original
36630,3653,0.0471387,0,9,9
36630,3654,0.0370176,0,8,8
36630,3655,0.0268971,0,7,7
36630,3656,0.0167771,0,6,6
36630,3657,0.00665776,0,5,5
36630,3658,-0.00346105,0,4,4
36630,3659,-0.0135793,0,3,3
36630,3660,-0.0236969,0,2,2
36630,3661,-0.0338139,0,1,1
36630,3662,-0.0439304,0,0,0
