time,particle_id,x,y,mesh_index,mesh_index_original
69160,6906,0.0450957,0,9,9
69160,6907,0.0348658,0,8,8
69160,6908,0.0246369,0,7,7
69160,6909,0.0144091,0,6,6
69160,6910,0.00418242,0,5,5
69160,6911,-0.00604313,0,4,4
69160,6912,-0.0162675,0,3,3
69160,6913,-0.0264908,0,2,2
69160,6914,-0.0367129,0,1,1
69160,6915,-0.0469338,0,0,0
