time,particle_id,x,y,mesh_index,mesh_index_original
12990,1289,0.0484088,0,9,9
12990,1290,0.0383662,0,8,8
12990,1291,0.0283238,0,7,7
12990,1292,0.0182817,0,6,6
12990,1293,0.00823969,0,5,5
12990,1294,-0.0018021,0,4,4
12990,1295,-0.0118437,0,3,3
12990,1296,-0.0218851,0,2,2
12990,1297,-0.0319263,0,1,1
12990,1298,-0.0419673,0,0,0
