time,particle_id,x,y,mesh_index,mesh_index_original
43290,4319,0.0463335,0,9,9
43290,4320,0.0361902,0,8,8
43290,4321,0.0260476,0,7,7
43290,4322,0.0159057,0,6,6
43290,4323,0.00576443,0,5,5
43290,4324,-0.00437612,0,4,4
43290,4325,-0.014516,0,3,3
43290,4326,-0.0246551,0,2,2
43290,4327,-0.0347936,0,1,1
43290,4328,-0.0449313,0,0,0
