time,particle_id,x,y,mesh_index,mesh_index_original
70860,7076,0.0441243,0,9,9
70860,7077,0.0338887,0,8,8
70860,7078,0.0236542,0,7,7
70860,7079,0.0134209,0,6,6
70860,7080,0.00318868,0,5,5
70860,7081,-0.00704237,0,4,4
70860,7082,-0.0172723,0,3,3
70860,7083,-0.027501,0,2,2
70860,7084,-0.0377285,0,1,1
70860,7085,-0.0479548,0,0,0
