time,particle_id,x,y,mesh_index,mesh_index_original
90060,8996,0.0436798,0,9,9
90060,8997,0.0333793,0,8,8
90060,8998,0.0230803,0,7,7
90060,8999,0.0127827,0,6,6
90060,9000,0.00145708,0,5,5
90060,9001,-0.00883738,0,4,4
90060,9002,-0.0191303,0,3,3
90060,9003,-0.0294218,0,2,2
90060,9004,-0.0397117,0,1,1
