time,particle_id,x,y,mesh_index,mesh_index_original
11880,1178,0.0483735,0,9,9
11880,1179,0.0383346,0,8,8
11880,1180,0.0282959,0,7,7
11880,1181,0.0182574,0,6,6
11880,1182,0.00821903,0,5,5
11880,1183,-0.00181916,0,4,4
11880,1184,-0.0118572,0,3,3
11880,1185,-0.021895,0,2,2
11880,1186,-0.0319327,0,1,1
11880,1187,-0.0419701,0,0,0
