time,particle_id,x,y,mesh_index,mesh_index_original
36240,3614,0.0471264,0,9,9
36240,3615,0.0370067,0,8,8
36240,3616,0.0268874,0,7,7
36240,3617,0.0167688,0,6,6
36240,3618,0.00665069,0,5,5
36240,3619,-0.00346683,0,4,4
36240,3620,-0.0135838,0,3,3
36240,3621,-0.0237002,0,2,2
36240,3622,-0.0338159,0,1,1
36240,3623,-0.0439311,0,0,0
