time,particle_id,x,y,mesh_index,mesh_index_original
39740,3964,0.0472363,0,9,9
39740,3965,0.0371048,0,8,8
39740,3966,0.026974,0,7,7
39740,3967,0.0168437,0,6,6
39740,3968,0.00671412,0,5,5
39740,3969,-0.00341487,0,4,4
39740,3970,-0.0135432,0,3,3
39740,3971,-0.0236709,0,2,2
39740,3972,-0.033798,0,1,1
39740,3973,-0.0439244,0,0,0
