time,particle_id,x,y,mesh_index,mesh_index_original
95860,9576,0.0428234,0,9,9
95860,9577,0.0325033,0,8,8
95860,9578,0.0221848,0,7,7
95860,9579,0.0118679,0,6,6
95860,9580,0.00155257,0,5,5
95860,9581,-0.00876119,0,4,4
95860,9582,-0.0190733,0,3,3
95860,9583,-0.0293839,0,2,2
95860,9584,-0.0396928,0,1,1
