time,particle_id,x,y,mesh_index,mesh_index_original
65940,6584,0.0449969,0,9,9
65940,6585,0.0347778,0,8,8
65940,6586,0.0245597,0,7,7
65940,6587,0.0143426,0,6,6
65940,6588,0.00412666,0,5,5
65940,6589,-0.00608825,0,4,4
65940,6590,-0.0163021,0,3,3
65940,6591,-0.0265148,0,2,2
65940,6592,-0.0367264,0,1,1
65940,6593,-0.0469369,0,0,0
