time,particle_id,x,y,mesh_index,mesh_index_original
30520,3042,0.0469472,0,9,9
30520,3043,0.0368465,0,8,8
30520,3044,0.0267463,0,7,7
30520,3045,0.0166465,0,6,6
30520,3046,0.0065472,0,5,5
30520,3047,-0.00355163,0,4,4
30520,3048,-0.01365,0,3,3
30520,3049,-0.0237478,0,2,2
30520,3050,-0.0338452,0,1,1
30520,3051,-0.0439421,0,0,0
