time,particle_id,x,y,mesh_index,mesh_index_original
3880,378,0.049121,0,9,9
3880,379,0.0391086,0,8,8
3880,380,0.0290962,0,7,7
3880,381,0.0190839,0,6,6
3880,382,0.0090716,0,5,5
3880,383,-0.000940646,0,4,4
3880,384,-0.0109529,0,3,3
3880,385,-0.020965,0,2,2
3880,386,-0.0309771,0,1,1
3880,387,-0.0409892,0,0,0
