time,particle_id,x,y,mesh_index,mesh_index_original
63440,6334,0.0449202,0,9,9
63440,6335,0.0347095,0,8,8
63440,6336,0.0244998,0,7,7
63440,6337,0.0142911,0,6,6
63440,6338,0.00408342,0,5,5
63440,6339,-0.00612324,0,4,4
63440,6340,-0.0163289,0,3,3
63440,6341,-0.0265334,0,2,2
63440,6342,-0.0367369,0,1,1
63440,6343,-0.0469394,0,0,0
