time,particle_id,x,y,mesh_index,mesh_index_original
80130,8003,0.0433798,0,9,9
80130,8004,0.033113,0,8,8
80130,8005,0.0228475,0,7,7
80130,8006,0.0125832,0,6,6
80130,8007,0.00232028,0,5,5
80130,8008,-0.00794134,0,4,4
80130,8009,-0.0182016,0,3,3
80130,8010,-0.0284606,0,2,2
80130,8011,-0.0387182,0,1,1
80130,8012,-0.0489744,0,0,0
