time,particle_id,x,y,mesh_index,mesh_index_original
94960,9486,0.0427964,0,9,9
94960,9487,0.0324794,0,8,8
94960,9488,0.022164,0,7,7
94960,9489,0.0118501,0,6,6
94960,9490,0.00153774,0,5,5
94960,9491,-0.00877303,0,4,4
94960,9492,-0.0190822,0,3,3
94960,9493,-0.0293898,0,2,2
94960,9494,-0.0396957,0,1,1
