time,particle_id,x,y,mesh_index,mesh_index_original
28630,2853,0.0478976,0,9,9
28630,2854,0.0378031,0,8,8
28630,2855,0.0277091,0,7,7
28630,2856,0.0176155,0,6,6
28630,2857,0.00752234,0,5,5
28630,2858,-0.00257036,0,4,4
28630,2859,-0.0126626,0,3,3
28630,2860,-0.0227544,0,2,2
28630,2861,-0.0328457,0,1,1
28630,2862,-0.0429366,0,0,0
