time,particle_id,x,y,mesh_index,mesh_index_original
61060,6096,0.0448473,0,9,9
61060,6097,0.0346446,0,8,8
61060,6098,0.0244429,0,7,7
61060,6099,0.0142421,0,6,6
61060,6100,0.00404228,0,5,5
61060,6101,-0.00615652,0,4,4
61060,6102,-0.0163543,0,3,3
61060,6103,-0.0265511,0,2,2
61060,6104,-0.0367469,0,1,1
61060,6105,-0.0469417,0,0,0
