time,particle_id,x,y,mesh_index,mesh_index_original
93030,9293,0.0427385,0,9,9
93030,9294,0.0324281,0,8,8
93030,9295,0.0221192,0,7,7
93030,9296,0.0118118,0,6,6
93030,9297,0.00150595,0,5,5
93030,9298,-0.00879839,0,4,4
93030,9299,-0.0191012,0,3,3
93030,9300,-0.0294024,0,2,2
93030,9301,-0.039702,0,1,1
