time,particle_id,x,y,mesh_index,mesh_index_original
36850,3675,0.0471456,0,9,9
36850,3676,0.0370238,0,8,8
36850,3677,0.0269025,0,7,7
36850,3678,0.0167818,0,6,6
36850,3679,0.00666174,0,5,5
36850,3680,-0.00345778,0,4,4
36850,3681,-0.0135767,0,3,3
36850,3682,-0.0236951,0,2,2
36850,3683,-0.0338128,0,1,1
36850,3684,-0.0439299,0,0,0
