time,particle_id,x,y,mesh_index,mesh_index_original
21600,2150,0.0476756,0,9,9
21600,2151,0.0376045,0,8,8
21600,2152,0.0275338,0,7,7
21600,2153,0.0174633,0,6,6
21600,2154,0.00739321,0,5,5
21600,2155,-0.00267656,0,4,4
21600,2156,-0.012746,0,3,3
21600,2157,-0.0228151,0,2,2
21600,2158,-0.0328839,0,1,1
21600,2159,-0.0429523,0,0,0
