time,particle_id,x,y,mesh_index,mesh_index_original
11940,1184,0.0483754,0,9,9
11940,1185,0.0383363,0,8,8
11940,1186,0.0282974,0,7,7
11940,1187,0.0182587,0,6,6
11940,1188,0.00822015,0,5,5
11940,1189,-0.00181824,0,4,4
11940,1190,-0.0118564,0,3,3
11940,1191,-0.0218945,0,2,2
11940,1192,-0.0319323,0,1,1
11940,1193,-0.04197,0,0,0
