time,particle_id,x,y,mesh_index,mesh_index_original
41600,4150,0.0462809,0,9,9
41600,4151,0.0361433,0,8,8
41600,4152,0.0260063,0,7,7
41600,4153,0.01587,0,6,6
41600,4154,0.00573431,0,5,5
41600,4155,-0.0044007,0,4,4
41600,4156,-0.0145351,0,3,3
41600,4157,-0.0246687,0,2,2
41600,4158,-0.0348017,0,1,1
41600,4159,-0.044934,0,0,0
