time,particle_id,x,y,mesh_index,mesh_index_original
96700,9660,0.0428486,0,9,9
96700,9661,0.0325257,0,8,8
96700,9662,0.0222043,0,7,7
96700,9663,0.0118846,0,6,6
96700,9664,0.00156642,0,5,5
96700,9665,-0.00875014,0,4,4
96700,9666,-0.0190651,0,3,3
96700,9667,-0.0293784,0,2,2
96700,9668,-0.03969,0,1,1
