time,particle_id,x,y,mesh_index,mesh_index_original
56750,5665,0.0457343,0,9,9
56750,5666,0.035546,0,8,8
56750,5667,0.0253586,0,7,7
56750,5668,0.015172,0,6,6
56750,5669,0.00498641,0,5,5
56750,5670,-0.00519829,0,4,4
56750,5671,-0.0153821,0,3,3
56750,5672,-0.0255649,0,2,2
56750,5673,-0.0357468,0,1,1
56750,5674,-0.0459278,0,0,0
