time,particle_id,x,y,mesh_index,mesh_index_original
56020,5592,0.0457117,0,9,9
56020,5593,0.0355259,0,8,8
56020,5594,0.0253409,0,7,7
56020,5595,0.0151568,0,6,6
56020,5596,0.00497358,0,5,5
56020,5597,-0.00520872,0,4,4
56020,5598,-0.0153901,0,3,3
56020,5599,-0.0255706,0,2,2
56020,5600,-0.0357501,0,1,1
56020,5601,-0.0459287,0,0,0
