time,particle_id,x,y,mesh_index,mesh_index_original
2950,285,0.0490913,0,9,9
2950,286,0.0390819,0,8,8
2950,287,0.0290726,0,7,7
2950,288,0.0190633,0,6,6
2950,289,0.00905405,0,5,5
2950,290,-0.000955191,0,4,4
2950,291,-0.0109644,0,3,3
2950,292,-0.0209736,0,2,2
2950,293,-0.0309827,0,1,1
2950,294,-0.0409918,0,0,0
