time,particle_id,x,y,mesh_index,mesh_index_original
89680,8958,0.0436683,0,9,9
89680,8959,0.0333691,0,8,8
89680,8960,0.0230714,0,7,7
89680,8961,0.0127751,0,6,6
89680,8962,0.00248027,0,5,5
89680,8963,-0.00781306,0,4,4
89680,8964,-0.0181049,0,3,3
89680,8965,-0.0283952,0,2,2
89680,8966,-0.038684,0,1,1
89680,8967,-0.0489713,0,0,0
