time,particle_id,x,y,mesh_index,mesh_index_original
16490,1639,0.04852,0,9,9
16490,1640,0.0384659,0,8,8
16490,1641,0.028412,0,7,7
16490,1642,0.0183583,0,6,6
16490,1643,0.00830489,0,5,5
16490,1644,-0.00174828,0,4,4
16490,1645,-0.0118012,0,3,3
16490,1646,-0.0218539,0,2,2
16490,1647,-0.0319063,0,1,1
16490,1648,-0.0419584,0,0,0
