time,particle_id,x,y,mesh_index,mesh_index_original
29050,2895,0.0479108,0,9,9
29050,2896,0.037815,0,8,8
29050,2897,0.0277196,0,7,7
29050,2898,0.0176246,0,6,6
29050,2899,0.00753007,0,5,5
29050,2900,-0.00256401,0,4,4
29050,2901,-0.0126576,0,3,3
29050,2902,-0.0227508,0,2,2
29050,2903,-0.0328435,0,1,1
29050,2904,-0.0429357,0,0,0
