time,particle_id,x,y,mesh_index,mesh_index_original
53950,5385,0.0456477,0,9,9
53950,5386,0.0354688,0,8,8
53950,5387,0.0252908,0,7,7
53950,5388,0.0151136,0,6,6
53950,5389,0.00493721,0,5,5
53950,5390,-0.00523828,0,4,4
53950,5391,-0.0154129,0,3,3
53950,5392,-0.0255866,0,2,2
53950,5393,-0.0357594,0,1,1
53950,5394,-0.0459314,0,0,0
