time,particle_id,x,y,mesh_index,mesh_index_original
67800,6770,0.045054,0,9,9
67800,6771,0.0348286,0,8,8
67800,6772,0.0246043,0,7,7
67800,6773,0.014381,0,6,6
67800,6774,0.00415886,0,5,5
67800,6775,-0.00606219,0,4,4
67800,6776,-0.0162821,0,3,3
67800,6777,-0.0265009,0,2,2
67800,6778,-0.0367186,0,1,1
67800,6779,-0.0469351,0,0,0
