time,particle_id,x,y,mesh_index,mesh_index_original
97980,9788,0.042887,0,9,9
97980,9789,0.0325597,0,8,8
97980,9790,0.022234,0,7,7
97980,9791,0.01191,0,6,6
97980,9792,0.00158753,0,5,5
97980,9793,-0.0087333,0,4,4
97980,9794,-0.0190525,0,3,3
97980,9795,-0.02937,0,2,2
97980,9796,-0.0396859,0,1,1
