time,particle_id,x,y,mesh_index,mesh_index_original
77880,7778,0.044338,0,9,9
77880,7779,0.0340787,0,8,8
77880,7780,0.0238206,0,7,7
77880,7781,0.0135638,0,6,6
77880,7782,0.00330819,0,5,5
77880,7783,-0.0069461,0,4,4
77880,7784,-0.0171991,0,3,3
77880,7785,-0.0274508,0,2,2
77880,7786,-0.0377012,0,1,1
77880,7787,-0.0479502,0,0,0
