time,particle_id,x,y,mesh_index,mesh_index_original
16250,1615,0.0485124,0,9,9
16250,1616,0.038459,0,8,8
16250,1617,0.0284059,0,7,7
16250,1618,0.0183531,0,6,6
16250,1619,0.00830042,0,5,5
16250,1620,-0.00175198,0,4,4
16250,1621,-0.0118041,0,3,3
16250,1622,-0.021856,0,2,2
16250,1623,-0.0319077,0,1,1
16250,1624,-0.0419591,0,0,0
