time,particle_id,x,y,mesh_index,mesh_index_original
20990,2089,0.0476563,0,9,9
20990,2090,0.0375873,0,8,8
20990,2091,0.0275186,0,7,7
20990,2092,0.0174501,0,6,6
20990,2093,0.00738202,0,5,5
20990,2094,-0.00268576,0,4,4
20990,2095,-0.0127532,0,3,3
20990,2096,-0.0228204,0,2,2
20990,2097,-0.0328872,0,1,1
20990,2098,-0.0429536,0,0,0
