time,particle_id,x,y,mesh_index,mesh_index_original
26620,2652,0.047834,0,9,9
26620,2653,0.0377463,0,8,8
26620,2654,0.0276589,0,7,7
26620,2655,0.0175719,0,6,6
26620,2656,0.00748539,0,5,5
26620,2657,-0.00260075,0,4,4
26620,2658,-0.0126865,0,3,3
26620,2659,-0.0227718,0,2,2
26620,2660,-0.0328567,0,1,1
26620,2661,-0.0429411,0,0,0
