time,particle_id,x,y,mesh_index,mesh_index_original
43740,4364,0.0463475,0,9,9
43740,4365,0.0362027,0,8,8
43740,4366,0.0260586,0,7,7
43740,4367,0.0159152,0,6,6
43740,4368,0.00577245,0,5,5
43740,4369,-0.00436958,0,4,4
43740,4370,-0.0145109,0,3,3
43740,4371,-0.0246515,0,2,2
43740,4372,-0.0347914,0,1,1
43740,4373,-0.0449306,0,0,0
