time,particle_id,x,y,mesh_index,mesh_index_original
47390,4729,0.0464611,0,9,9
47390,4730,0.0363041,0,8,8
47390,4731,0.0261479,0,7,7
47390,4732,0.0159923,0,6,6
47390,4733,0.00583757,0,5,5
47390,4734,-0.00431644,0,4,4
47390,4735,-0.0144697,0,3,3
47390,4736,-0.0246222,0,2,2
47390,4737,-0.0347738,0,1,1
47390,4738,-0.0449247,0,0,0
