time,particle_id,x,y,mesh_index,mesh_index_original
94490,9439,0.0427823,0,9,9
94490,9440,0.0324669,0,8,8
94490,9441,0.0221531,0,7,7
94490,9442,0.0118408,0,6,6
94490,9443,0.00152999,0,5,5
94490,9444,-0.0087792,0,4,4
94490,9445,-0.0190868,0,3,3
94490,9446,-0.0293928,0,2,2
94490,9447,-0.0396972,0,1,1
