time,particle_id,x,y,mesh_index,mesh_index_original
37700,3760,0.0471722,0,9,9
37700,3761,0.0370476,0,8,8
37700,3762,0.0269235,0,7,7
37700,3763,0.0168,0,6,6
37700,3764,0.00667714,0,5,5
37700,3765,-0.00344516,0,4,4
37700,3766,-0.0135669,0,3,3
37700,3767,-0.023688,0,2,2
37700,3768,-0.0338084,0,1,1
37700,3769,-0.0439283,0,0,0
