time,particle_id,x,y,mesh_index,mesh_index_original
94200,9410,0.0427736,0,9,9
94200,9411,0.0324592,0,8,8
94200,9412,0.0221463,0,7,7
94200,9413,0.011835,0,6,6
94200,9414,0.00152522,0,5,5
94200,9415,-0.00878302,0,4,4
94200,9416,-0.0190897,0,3,3
94200,9417,-0.0293947,0,2,2
94200,9418,-0.0396982,0,1,1
