time,particle_id,x,y,mesh_index,mesh_index_original
52570,5247,0.0456051,0,9,9
52570,5248,0.0354309,0,8,8
52570,5249,0.0252574,0,7,7
52570,5250,0.0150848,0,6,6
52570,5251,0.00491298,0,5,5
52570,5252,-0.00525797,0,4,4
52570,5253,-0.0154281,0,3,3
52570,5254,-0.0255973,0,2,2
52570,5255,-0.0357657,0,1,1
52570,5256,-0.0459331,0,0,0
