time,particle_id,x,y,mesh_index,mesh_index_original
27660,2756,0.0478669,0,9,9
27660,2757,0.0377757,0,8,8
27660,2758,0.0276849,0,7,7
27660,2759,0.0175945,0,6,6
27660,2760,0.00750451,0,5,5
27660,2761,-0.00258503,0,4,4
27660,2762,-0.0126741,0,3,3
27660,2763,-0.0227628,0,2,2
27660,2764,-0.032851,0,1,1
27660,2765,-0.0429388,0,0,0
