time,particle_id,x,y,mesh_index,mesh_index_original
4800,470,0.0491505,0,9,9
4800,471,0.039135,0,8,8
4800,472,0.0291196,0,7,7
4800,473,0.0191043,0,6,6
4800,474,0.00908898,0,5,5
4800,475,-0.000926253,0,4,4
4800,476,-0.0109414,0,3,3
4800,477,-0.0209565,0,2,2
4800,478,-0.0309716,0,1,1
4800,479,-0.0409866,0,0,0
