time,particle_id,x,y,mesh_index,mesh_index_original
21530,2143,0.0476734,0,9,9
21530,2144,0.0376025,0,8,8
21530,2145,0.027532,0,7,7
21530,2146,0.0174618,0,6,6
21530,2147,0.00739193,0,5,5
21530,2148,-0.00267762,0,4,4
21530,2149,-0.0127468,0,3,3
21530,2150,-0.0228157,0,2,2
21530,2151,-0.0328842,0,1,1
21530,2152,-0.0429524,0,0,0
