time,particle_id,x,y,mesh_index,mesh_index_original
45740,4564,0.0464097,0,9,9
45740,4565,0.0362582,0,8,8
45740,4566,0.0261075,0,7,7
45740,4567,0.0159574,0,6,6
45740,4568,0.00580813,0,5,5
45740,4569,-0.00434047,0,4,4
45740,4570,-0.0144883,0,3,3
45740,4571,-0.0246354,0,2,2
45740,4572,-0.0347818,0,1,1
45740,4573,-0.0449274,0,0,0
