time,particle_id,x,y,mesh_index,mesh_index_original
58340,5824,0.0457834,0,9,9
58340,5825,0.0355898,0,8,8
58340,5826,0.0253971,0,7,7
58340,5827,0.0152053,0,6,6
58340,5828,0.00501437,0,5,5
58340,5829,-0.00517557,0,4,4
58340,5830,-0.0153646,0,3,3
58340,5831,-0.0255526,0,2,2
58340,5832,-0.0357396,0,1,1
58340,5833,-0.0459257,0,0,0
