time,particle_id,x,y,mesh_index,mesh_index_original
85480,8538,0.0435413,0,9,9
85480,8539,0.0332564,0,8,8
85480,8540,0.0229728,0,7,7
85480,8541,0.0126906,0,6,6
85480,8542,0.00240984,0,5,5
85480,8543,-0.00786953,0,4,4
85480,8544,-0.0181475,0,3,3
85480,8545,-0.028424,0,2,2
85480,8546,-0.0386991,0,1,1
85480,8547,-0.0489727,0,0,0
