time,particle_id,x,y,mesh_index,mesh_index_original
21500,2140,0.0476724,0,9,9
21500,2141,0.0376017,0,8,8
21500,2142,0.0275313,0,7,7
21500,2143,0.0174612,0,6,6
21500,2144,0.00739138,0,5,5
21500,2145,-0.00267807,0,4,4
21500,2146,-0.0127472,0,3,3
21500,2147,-0.022816,0,2,2
21500,2148,-0.0328844,0,1,1
21500,2149,-0.0429525,0,0,0
