time,particle_id,x,y,mesh_index,mesh_index_original
45800,4570,0.0464116,0,9,9
45800,4571,0.0362599,0,8,8
45800,4572,0.026109,0,7,7
45800,4573,0.0159587,0,6,6
45800,4574,0.0058092,0,5,5
45800,4575,-0.00433959,0,4,4
45800,4576,-0.0144876,0,3,3
45800,4577,-0.024635,0,2,2
45800,4578,-0.0347815,0,1,1
45800,4579,-0.0449273,0,0,0
