time,particle_id,x,y,mesh_index,mesh_index_original
41860,4176,0.046289,0,9,9
41860,4177,0.0361505,0,8,8
41860,4178,0.0260127,0,7,7
41860,4179,0.0158755,0,6,6
41860,4180,0.00573894,0,5,5
41860,4181,-0.00439692,0,4,4
41860,4182,-0.0145321,0,3,3
41860,4183,-0.0246666,0,2,2
41860,4184,-0.0348005,0,1,1
41860,4185,-0.0449336,0,0,0
