time,particle_id,x,y,mesh_index,mesh_index_original
28320,2822,0.0478878,0,9,9
28320,2823,0.0377943,0,8,8
28320,2824,0.0277013,0,7,7
28320,2825,0.0176088,0,6,6
28320,2826,0.00751664,0,5,5
28320,2827,-0.00257505,0,4,4
28320,2828,-0.0126663,0,3,3
28320,2829,-0.0227571,0,2,2
28320,2830,-0.0328474,0,1,1
28320,2831,-0.0429373,0,0,0
