time,particle_id,x,y,mesh_index,mesh_index_original
54540,5444,0.045666,0,9,9
54540,5445,0.0354851,0,8,8
54540,5446,0.0253051,0,7,7
54540,5447,0.0151259,0,6,6
54540,5448,0.00494757,0,5,5
54540,5449,-0.00522986,0,4,4
54540,5450,-0.0154064,0,3,3
54540,5451,-0.025582,0,2,2
54540,5452,-0.0357568,0,1,1
54540,5453,-0.0459306,0,0,0
