time,particle_id,x,y,mesh_index,mesh_index_original
61680,6158,0.0448663,0,9,9
61680,6159,0.0346615,0,8,8
61680,6160,0.0244577,0,7,7
61680,6161,0.0142548,0,6,6
61680,6162,0.004053,0,5,5
61680,6163,-0.00614786,0,4,4
61680,6164,-0.0163477,0,3,3
61680,6165,-0.0265465,0,2,2
61680,6166,-0.0367443,0,1,1
61680,6167,-0.0469411,0,0,0
