time,particle_id,x,y,mesh_index,mesh_index_original
97620,9752,0.0428761,0,9,9
97620,9753,0.0325501,0,8,8
97620,9754,0.0222257,0,7,7
97620,9755,0.0119028,0,6,6
97620,9756,0.00158159,0,5,5
97620,9757,-0.00873804,0,4,4
97620,9758,-0.019056,0,3,3
97620,9759,-0.0293724,0,2,2
97620,9760,-0.039687,0,1,1
