time,particle_id,x,y,mesh_index,mesh_index_original
57630,5753,0.0457615,0,9,9
57630,5754,0.0355702,0,8,8
57630,5755,0.0253799,0,7,7
57630,5756,0.0151904,0,6,6
57630,5757,0.00500189,0,5,5
57630,5758,-0.00518572,0,4,4
57630,5759,-0.0153724,0,3,3
57630,5760,-0.0255581,0,2,2
57630,5761,-0.0357429,0,1,1
57630,5762,-0.0459266,0,0,0
