time,particle_id,x,y,mesh_index,mesh_index_original
96730,9663,0.0428495,0,9,9
96730,9664,0.0325265,0,8,8
96730,9665,0.022205,0,7,7
96730,9666,0.0118852,0,6,6
96730,9667,0.00156691,0,5,5
96730,9668,-0.00874975,0,4,4
96730,9669,-0.0190648,0,3,3
96730,9670,-0.0293782,0,2,2
96730,9671,-0.0396899,0,1,1
