time,particle_id,x,y,mesh_index,mesh_index_original
4090,399,0.0491278,0,9,9
4090,400,0.0391146,0,8,8
4090,401,0.0291016,0,7,7
4090,402,0.0190885,0,6,6
4090,403,0.00907557,0,5,5
4090,404,-0.000937361,0,4,4
4090,405,-0.0109502,0,3,3
4090,406,-0.0209631,0,2,2
4090,407,-0.0309759,0,1,1
4090,408,-0.0409886,0,0,0
