time,particle_id,x,y,mesh_index,mesh_index_original
96280,9618,0.042836,0,9,9
96280,9619,0.0325145,0,8,8
96280,9620,0.0221946,0,7,7
96280,9621,0.0118763,0,6,6
96280,9622,0.00155949,0,5,5
96280,9623,-0.00875567,0,4,4
96280,9624,-0.0190692,0,3,3
96280,9625,-0.0293811,0,2,2
96280,9626,-0.0396914,0,1,1
