time,particle_id,x,y,mesh_index,mesh_index_original
3950,385,0.0491233,0,9,9
3950,386,0.0391106,0,8,8
3950,387,0.029098,0,7,7
3950,388,0.0190855,0,6,6
3950,389,0.00907293,0,5,5
3950,390,-0.000939551,0,4,4
3950,391,-0.010952,0,3,3
3950,392,-0.0209644,0,2,2
3950,393,-0.0309767,0,1,1
3950,394,-0.040989,0,0,0
