time,particle_id,x,y,mesh_index,mesh_index_original
44460,4436,0.0463699,0,9,9
44460,4437,0.0362227,0,8,8
44460,4438,0.0260762,0,7,7
44460,4439,0.0159304,0,6,6
44460,4440,0.00578529,0,5,5
44460,4441,-0.0043591,0,4,4
44460,4442,-0.0145028,0,3,3
44460,4443,-0.0246457,0,2,2
44460,4444,-0.034788,0,1,1
44460,4445,-0.0449294,0,0,0
