time,particle_id,x,y,mesh_index,mesh_index_original
34900,3480,0.0470844,0,9,9
34900,3481,0.0369691,0,8,8
34900,3482,0.0268544,0,7,7
34900,3483,0.0167401,0,6,6
34900,3484,0.00662643,0,5,5
34900,3485,-0.00348671,0,4,4
34900,3486,-0.0135993,0,3,3
34900,3487,-0.0237113,0,2,2
34900,3488,-0.0338228,0,1,1
34900,3489,-0.0439337,0,0,0
