time,particle_id,x,y,mesh_index,mesh_index_original
15040,1494,0.0484739,0,9,9
15040,1495,0.0384246,0,8,8
15040,1496,0.0283755,0,7,7
15040,1497,0.0183265,0,6,6
15040,1498,0.00827787,0,5,5
15040,1499,-0.00177059,0,4,4
15040,1500,-0.0118188,0,3,3
15040,1501,-0.0218668,0,2,2
15040,1502,-0.0319146,0,1,1
15040,1503,-0.0419621,0,0,0
