time,particle_id,x,y,mesh_index,mesh_index_original
10060,996,0.049319,0,9,9
10060,997,0.0392862,0,8,8
10060,998,0.0292534,0,7,7
10060,999,0.0192209,0,6,6
10060,1000,0.00818519,0,5,5
10060,1001,-0.00184709,0,4,4
10060,1002,-0.0118792,0,3,3
10060,1003,-0.0219112,0,2,2
10060,1004,-0.0319431,0,1,1
10060,1005,-0.0419747,0,0,0
