time,particle_id,x,y,mesh_index,mesh_index_original
33580,3348,0.047043,0,9,9
33580,3349,0.0369321,0,8,8
33580,3350,0.0268218,0,7,7
33580,3351,0.0167119,0,6,6
33580,3352,0.00660254,0,5,5
33580,3353,-0.00350629,0,4,4
33580,3354,-0.0136146,0,3,3
33580,3355,-0.0237223,0,2,2
33580,3356,-0.0338295,0,1,1
33580,3357,-0.0439362,0,0,0
