time,particle_id,x,y,mesh_index,mesh_index_original
40240,4014,0.0462386,0,9,9
40240,4015,0.0361056,0,8,8
40240,4016,0.0259731,0,7,7
40240,4017,0.0158413,0,6,6
40240,4018,0.00571009,0,5,5
40240,4019,-0.00442047,0,4,4
40240,4020,-0.0145504,0,3,3
40240,4021,-0.0246797,0,2,2
40240,4022,-0.0348083,0,1,1
40240,4023,-0.0449362,0,0,0
