time,particle_id,x,y,mesh_index,mesh_index_original
58070,5797,0.0457751,0,9,9
58070,5798,0.0355824,0,8,8
58070,5799,0.0253905,0,7,7
58070,5800,0.0151996,0,6,6
58070,5801,0.00500962,0,5,5
58070,5802,-0.00517943,0,4,4
58070,5803,-0.0153675,0,3,3
58070,5804,-0.0255547,0,2,2
58070,5805,-0.0357409,0,1,1
58070,5806,-0.0459261,0,0,0
