time,particle_id,x,y,mesh_index,mesh_index_original
64870,6477,0.0449641,0,9,9
64870,6478,0.0347485,0,8,8
64870,6479,0.024534,0,7,7
64870,6480,0.0143206,0,6,6
64870,6481,0.00410815,0,5,5
64870,6482,-0.00610323,0,4,4
64870,6483,-0.0163135,0,3,3
64870,6484,-0.0265228,0,2,2
64870,6485,-0.0367309,0,1,1
64870,6486,-0.046938,0,0,0
