time,particle_id,x,y,mesh_index,mesh_index_original
7270,717,0.0492296,0,9,9
7270,718,0.039206,0,8,8
7270,719,0.0291824,0,7,7
7270,720,0.019159,0,6,6
7270,721,0.00913565,0,5,5
7270,722,-0.000887589,0,4,4
7270,723,-0.0109107,0,3,3
7270,724,-0.0209338,0,2,2
7270,725,-0.0309567,0,1,1
7270,726,-0.0409795,0,0,0
