time,particle_id,x,y,mesh_index,mesh_index_original
13810,1371,0.0484348,0,9,9
13810,1372,0.0383895,0,8,8
13810,1373,0.0283445,0,7,7
13810,1374,0.0182996,0,6,6
13810,1375,0.00825496,0,5,5
13810,1376,-0.0017895,0,4,4
13810,1377,-0.0118338,0,3,3
13810,1378,-0.0218778,0,2,2
13810,1379,-0.0319216,0,1,1
13810,1380,-0.0419652,0,0,0
