time,particle_id,x,y,mesh_index,mesh_index_original
97510,9741,0.0428728,0,9,9
97510,9742,0.0325472,0,8,8
97510,9743,0.0222231,0,7,7
97510,9744,0.0119007,0,6,6
97510,9745,0.00157977,0,5,5
97510,9746,-0.00873949,0,4,4
97510,9747,-0.0190571,0,3,3
97510,9748,-0.0293731,0,2,2
97510,9749,-0.0396874,0,1,1
