time,particle_id,x,y,mesh_index,mesh_index_original
94320,9422,0.0427772,0,9,9
94320,9423,0.0324624,0,8,8
94320,9424,0.0221491,0,7,7
94320,9425,0.0118374,0,6,6
94320,9426,0.00152719,0,5,5
94320,9427,-0.00878144,0,4,4
94320,9428,-0.0190885,0,3,3
94320,9429,-0.0293939,0,2,2
94320,9430,-0.0396978,0,1,1
