time,particle_id,x,y,mesh_index,mesh_index_original
32460,3236,0.047008,0,9,9
32460,3237,0.0369008,0,8,8
32460,3238,0.0267941,0,7,7
32460,3239,0.0166879,0,6,6
32460,3240,0.00658227,0,5,5
32460,3241,-0.00352289,0,4,4
32460,3242,-0.0136275,0,3,3
32460,3243,-0.0237317,0,2,2
32460,3244,-0.0338353,0,1,1
32460,3245,-0.0439383,0,0,0
