time,particle_id,x,y,mesh_index,mesh_index_original
86550,8645,0.0435736,0,9,9
86550,8646,0.0332851,0,8,8
86550,8647,0.0229979,0,7,7
86550,8648,0.0127121,0,6,6
86550,8649,0.00242778,0,5,5
86550,8650,-0.00785515,0,4,4
86550,8651,-0.0181366,0,3,3
86550,8652,-0.0284167,0,2,2
86550,8653,-0.0386952,0,1,1
86550,8654,-0.0489723,0,0,0
