time,particle_id,x,y,mesh_index,mesh_index_original
43240,4314,0.0463319,0,9,9
43240,4315,0.0361888,0,8,8
43240,4316,0.0260464,0,7,7
43240,4317,0.0159046,0,6,6
43240,4318,0.00576354,0,5,5
43240,4319,-0.00437685,0,4,4
43240,4320,-0.0145165,0,3,3
43240,4321,-0.0246555,0,2,2
43240,4322,-0.0347938,0,1,1
43240,4323,-0.0449314,0,0,0
