time,particle_id,x,y,mesh_index,mesh_index_original
81270,8117,0.0434142,0,9,9
81270,8118,0.0331435,0,8,8
81270,8119,0.0228741,0,7,7
81270,8120,0.0126061,0,6,6
81270,8121,0.00233935,0,5,5
81270,8122,-0.00792605,0,4,4
81270,8123,-0.0181901,0,3,3
81270,8124,-0.0284528,0,2,2
81270,8125,-0.0387141,0,1,1
81270,8126,-0.048974,0,0,0
