time,particle_id,x,y,mesh_index,mesh_index_original
18180,1808,0.0485738,0,9,9
18180,1809,0.038514,0,8,8
18180,1810,0.0284546,0,7,7
18180,1811,0.0183953,0,6,6
18180,1812,0.0083364,0,5,5
18180,1813,-0.00172228,0,4,4
18180,1814,-0.0117807,0,3,3
18180,1815,-0.0218388,0,2,2
18180,1816,-0.0318966,0,1,1
18180,1817,-0.0419542,0,0,0
