time,particle_id,x,y,mesh_index,mesh_index_original
49350,4925,0.0465222,0,9,9
49350,4926,0.0363586,0,8,8
49350,4927,0.0261958,0,7,7
49350,4928,0.0160338,0,6,6
49350,4929,0.00587258,0,5,5
49350,4930,-0.00428787,0,4,4
49350,4931,-0.0144475,0,3,3
49350,4932,-0.0246064,0,2,2
49350,4933,-0.0347644,0,1,1
49350,4934,-0.0449216,0,0,0
