time,particle_id,x,y,mesh_index,mesh_index_original
55010,5491,0.0456805,0,9,9
55010,5492,0.035498,0,8,8
55010,5493,0.0253164,0,7,7
55010,5494,0.0151357,0,6,6
55010,5495,0.00495583,0,5,5
55010,5496,-0.00522315,0,4,4
55010,5497,-0.0154012,0,3,3
55010,5498,-0.0255784,0,2,2
55010,5499,-0.0357547,0,1,1
55010,5500,-0.04593,0,0,0
