time,particle_id,x,y,mesh_index,mesh_index_original
36050,3595,0.0471205,0,9,9
36050,3596,0.0370013,0,8,8
36050,3597,0.0268828,0,7,7
36050,3598,0.0167647,0,6,6
36050,3599,0.00664725,0,5,5
36050,3600,-0.00346965,0,4,4
36050,3601,-0.013586,0,3,3
36050,3602,-0.0237017,0,2,2
36050,3603,-0.0338169,0,1,1
36050,3604,-0.0439315,0,0,0
