time,particle_id,x,y,mesh_index,mesh_index_original
87350,8725,0.0435978,0,9,9
87350,8726,0.0333065,0,8,8
87350,8727,0.0230167,0,7,7
87350,8728,0.0127282,0,6,6
87350,8729,0.00244119,0,5,5
87350,8730,-0.0078444,0,4,4
87350,8731,-0.0181285,0,3,3
87350,8732,-0.0284112,0,2,2
87350,8733,-0.0386924,0,1,1
87350,8734,-0.048972,0,0,0
