time,particle_id,x,y,mesh_index,mesh_index_original
33420,3332,0.047038,0,9,9
33420,3333,0.0369277,0,8,8
33420,3334,0.0268178,0,7,7
33420,3335,0.0167085,0,6,6
33420,3336,0.00659964,0,5,5
33420,3337,-0.00350866,0,4,4
33420,3338,-0.0136164,0,3,3
33420,3339,-0.0237237,0,2,2
33420,3340,-0.0338304,0,1,1
33420,3341,-0.0439365,0,0,0
