time,particle_id,x,y,mesh_index,mesh_index_original
11960,1186,0.048376,0,9,9
11960,1187,0.0383369,0,8,8
11960,1188,0.0282979,0,7,7
11960,1189,0.0182591,0,6,6
11960,1190,0.00822052,0,5,5
11960,1191,-0.00181793,0,4,4
11960,1192,-0.0118562,0,3,3
11960,1193,-0.0218943,0,2,2
11960,1194,-0.0319322,0,1,1
11960,1195,-0.0419699,0,0,0
