time,particle_id,x,y,mesh_index,mesh_index_original
5950,585,0.0491873,0,9,9
5950,586,0.039168,0,8,8
5950,587,0.0291489,0,7,7
5950,588,0.0191297,0,6,6
5950,589,0.0091107,0,5,5
5950,590,-0.000908256,0,4,4
5950,591,-0.0109271,0,3,3
5950,592,-0.0209459,0,2,2
5950,593,-0.0309647,0,1,1
5950,594,-0.0409833,0,0,0
