time,particle_id,x,y,mesh_index,mesh_index_original
39000,3890,0.047213,0,9,9
39000,3891,0.0370841,0,8,8
39000,3892,0.0269557,0,7,7
39000,3893,0.0168279,0,6,6
39000,3894,0.0067007,0,5,5
39000,3895,-0.00342586,0,4,4
39000,3896,-0.0135518,0,3,3
39000,3897,-0.0236771,0,2,2
39000,3898,-0.0338018,0,1,1
39000,3899,-0.0439258,0,0,0
