time,particle_id,x,y,mesh_index,mesh_index_original
51760,5166,0.0455801,0,9,9
51760,5167,0.0354086,0,8,8
51760,5168,0.0252378,0,7,7
51760,5169,0.0150679,0,6,6
51760,5170,0.00489876,0,5,5
51760,5171,-0.00526953,0,4,4
51760,5172,-0.015437,0,3,3
51760,5173,-0.0256036,0,2,2
51760,5174,-0.0357693,0,1,1
51760,5175,-0.0459342,0,0,0
