time,particle_id,x,y,mesh_index,mesh_index_original
40660,4056,0.0462517,0,9,9
40660,4057,0.0361172,0,8,8
40660,4058,0.0259834,0,7,7
40660,4059,0.0158501,0,6,6
40660,4060,0.00571757,0,5,5
40660,4061,-0.00441437,0,4,4
40660,4062,-0.0145457,0,3,3
40660,4063,-0.0246763,0,2,2
40660,4064,-0.0348062,0,1,1
40660,4065,-0.0449355,0,0,0
