time,particle_id,x,y,mesh_index,mesh_index_original
66930,6683,0.0450273,0,9,9
66930,6684,0.0348048,0,8,8
66930,6685,0.0245834,0,7,7
66930,6686,0.0143631,0,6,6
66930,6687,0.0041438,0,5,5
66930,6688,-0.00607438,0,4,4
66930,6689,-0.0162915,0,3,3
66930,6690,-0.0265074,0,2,2
66930,6691,-0.0367223,0,1,1
66930,6692,-0.046936,0,0,0
