time,particle_id,x,y,mesh_index,mesh_index_original
51360,5126,0.0455678,0,9,9
51360,5127,0.0353976,0,8,8
51360,5128,0.0252281,0,7,7
51360,5129,0.0150595,0,6,6
51360,5130,0.00489174,0,5,5
51360,5131,-0.00527523,0,4,4
51360,5132,-0.0154414,0,3,3
51360,5133,-0.0256067,0,2,2
51360,5134,-0.0357711,0,1,1
51360,5135,-0.0459347,0,0,0
