time,particle_id,x,y,mesh_index,mesh_index_original
38650,3855,0.0472021,0,9,9
38650,3856,0.0370742,0,8,8
38650,3857,0.026947,0,7,7
38650,3858,0.0168204,0,6,6
38650,3859,0.00669436,0,5,5
38650,3860,-0.00343106,0,4,4
38650,3861,-0.0135559,0,3,3
38650,3862,-0.02368,0,2,2
38650,3863,-0.0338036,0,1,1
38650,3864,-0.0439265,0,0,0
