time,particle_id,x,y,mesh_index,mesh_index_original
76490,7639,0.0442956,0,9,9
76490,7640,0.034041,0,8,8
76490,7641,0.0237876,0,7,7
76490,7642,0.0135354,0,6,6
76490,7643,0.0032845,0,5,5
76490,7644,-0.00696518,0,4,4
76490,7645,-0.0172136,0,3,3
76490,7646,-0.0274607,0,2,2
76490,7647,-0.0377066,0,1,1
76490,7648,-0.0479511,0,0,0
