time,particle_id,x,y,mesh_index,mesh_index_original
97190,9709,0.0428632,0,9,9
97190,9710,0.0325387,0,8,8
97190,9711,0.0222157,0,7,7
97190,9712,0.0118943,0,6,6
97190,9713,0.0015745,0,5,5
97190,9714,-0.0087437,0,4,4
97190,9715,-0.0190603,0,3,3
97190,9716,-0.0293752,0,2,2
97190,9717,-0.0396884,0,1,1
