time,particle_id,x,y,mesh_index,mesh_index_original
28560,2846,0.0478953,0,9,9
28560,2847,0.0378011,0,8,8
28560,2848,0.0277073,0,7,7
28560,2849,0.017614,0,6,6
28560,2850,0.00752106,0,5,5
28560,2851,-0.00257142,0,4,4
28560,2852,-0.0126634,0,3,3
28560,2853,-0.022755,0,2,2
28560,2854,-0.0328461,0,1,1
28560,2855,-0.0429368,0,0,0
