time,particle_id,x,y,mesh_index,mesh_index_original
44860,4476,0.0463823,0,9,9
44860,4477,0.0362338,0,8,8
44860,4478,0.026086,0,7,7
44860,4479,0.0159388,0,6,6
44860,4480,0.00579243,0,5,5
44860,4481,-0.00435328,0,4,4
44860,4482,-0.0144983,0,3,3
44860,4483,-0.0246425,0,2,2
44860,4484,-0.034786,0,1,1
44860,4485,-0.0449288,0,0,0
