time,particle_id,x,y,mesh_index,mesh_index_original
17720,1762,0.0485592,0,9,9
17720,1763,0.0385009,0,8,8
17720,1764,0.028443,0,7,7
17720,1765,0.0183853,0,6,6
17720,1766,0.00832782,0,5,5
17720,1767,-0.00172936,0,4,4
17720,1768,-0.0117863,0,3,3
17720,1769,-0.0218429,0,2,2
17720,1770,-0.0318992,0,1,1
17720,1771,-0.0419553,0,0,0
