time,particle_id,x,y,mesh_index,mesh_index_original
80230,8013,0.0433828,0,9,9
80230,8014,0.0331157,0,8,8
80230,8015,0.0228498,0,7,7
80230,8016,0.0125852,0,6,6
80230,8017,0.00232195,0,5,5
80230,8018,-0.00794,0,4,4
80230,8019,-0.0182006,0,3,3
80230,8020,-0.0284599,0,2,2
80230,8021,-0.0387178,0,1,1
80230,8022,-0.0489744,0,0,0
