time,particle_id,x,y,mesh_index,mesh_index_original
98600,9850,0.0429056,0,9,9
98600,9851,0.0325762,0,8,8
98600,9852,0.0222484,0,7,7
98600,9853,0.0119223,0,6,6
98600,9854,0.00159775,0,5,5
98600,9855,-0.00872514,0,4,4
98600,9856,-0.0190464,0,3,3
98600,9857,-0.029366,0,2,2
98600,9858,-0.0396838,0,1,1
