time,particle_id,x,y,mesh_index,mesh_index_original
94100,9400,0.0427706,0,9,9
94100,9401,0.0324566,0,8,8
94100,9402,0.022144,0,7,7
94100,9403,0.011833,0,6,6
94100,9404,0.00152357,0,5,5
94100,9405,-0.00878433,0,4,4
94100,9406,-0.0190907,0,3,3
94100,9407,-0.0293954,0,2,2
94100,9408,-0.0396985,0,1,1
