time,particle_id,x,y,mesh_index,mesh_index_original
61170,6107,0.0448507,0,9,9
61170,6108,0.0346476,0,8,8
61170,6109,0.0244455,0,7,7
61170,6110,0.0142443,0,6,6
61170,6111,0.00404418,0,5,5
61170,6112,-0.00615499,0,4,4
61170,6113,-0.0163532,0,3,3
61170,6114,-0.0265503,0,2,2
61170,6115,-0.0367465,0,1,1
61170,6116,-0.0469416,0,0,0
