time,particle_id,x,y,mesh_index,mesh_index_original
78560,7846,0.0443587,0,9,9
78560,7847,0.0340971,0,8,8
78560,7848,0.0238367,0,7,7
78560,7849,0.0135776,0,6,6
78560,7850,0.00331978,0,5,5
78560,7851,-0.00693676,0,4,4
78560,7852,-0.017192,0,3,3
78560,7853,-0.0274459,0,2,2
78560,7854,-0.0376985,0,1,1
78560,7855,-0.0479498,0,0,0
