time,particle_id,x,y,mesh_index,mesh_index_original
51740,5164,0.0455795,0,9,9
51740,5165,0.035408,0,8,8
51740,5166,0.0252373,0,7,7
51740,5167,0.0150675,0,6,6
51740,5168,0.00489841,0,5,5
51740,5169,-0.00526981,0,4,4
51740,5170,-0.0154372,0,3,3
51740,5171,-0.0256037,0,2,2
51740,5172,-0.0357694,0,1,1
51740,5173,-0.0459342,0,0,0
