time,particle_id,x,y,mesh_index,mesh_index_original
64480,6438,0.0449521,0,9,9
64480,6439,0.0347379,0,8,8
64480,6440,0.0245247,0,7,7
64480,6441,0.0143125,0,6,6
64480,6442,0.0041014,0,5,5
64480,6443,-0.00610869,0,4,4
64480,6444,-0.0163177,0,3,3
64480,6445,-0.0265257,0,2,2
64480,6446,-0.0367326,0,1,1
64480,6447,-0.0469384,0,0,0
