time,particle_id,x,y,mesh_index,mesh_index_original
77410,7731,0.0443237,0,9,9
77410,7732,0.0340659,0,8,8
77410,7733,0.0238094,0,7,7
77410,7734,0.0135542,0,6,6
77410,7735,0.00330018,0,5,5
77410,7736,-0.00695255,0,4,4
77410,7737,-0.017204,0,3,3
77410,7738,-0.0274542,0,2,2
77410,7739,-0.037703,0,1,1
77410,7740,-0.0479505,0,0,0
