time,particle_id,x,y,mesh_index,mesh_index_original
64330,6423,0.0449475,0,9,9
64330,6424,0.0347338,0,8,8
64330,6425,0.0245211,0,7,7
64330,6426,0.0143094,0,6,6
64330,6427,0.00409881,0,5,5
64330,6428,-0.00611078,0,4,4
64330,6429,-0.0163193,0,3,3
64330,6430,-0.0265268,0,2,2
64330,6431,-0.0367332,0,1,1
64330,6432,-0.0469385,0,0,0
