time,particle_id,x,y,mesh_index,mesh_index_original
97320,9722,0.0428671,0,9,9
97320,9723,0.0325422,0,8,8
97320,9724,0.0222187,0,7,7
97320,9725,0.0118969,0,6,6
97320,9726,0.00157664,0,5,5
97320,9727,-0.00874199,0,4,4
97320,9728,-0.019059,0,3,3
97320,9729,-0.0293743,0,2,2
97320,9730,-0.039688,0,1,1
