time,particle_id,x,y,mesh_index,mesh_index_original
64590,6449,0.0449555,0,9,9
64590,6450,0.0347409,0,8,8
64590,6451,0.0245273,0,7,7
64590,6452,0.0143148,0,6,6
64590,6453,0.00410331,0,5,5
64590,6454,-0.00610715,0,4,4
64590,6455,-0.0163165,0,3,3
64590,6456,-0.0265249,0,2,2
64590,6457,-0.0367321,0,1,1
64590,6458,-0.0469383,0,0,0
