time,particle_id,x,y,mesh_index,mesh_index_original
39290,3919,0.0472222,0,9,9
39290,3920,0.0370922,0,8,8
39290,3921,0.0269628,0,7,7
39290,3922,0.0168341,0,6,6
39290,3923,0.00670596,0,5,5
39290,3924,-0.00342155,0,4,4
39290,3925,-0.0135484,0,3,3
39290,3926,-0.0236747,0,2,2
39290,3927,-0.0338003,0,1,1
39290,3928,-0.0439253,0,0,0
