time,particle_id,x,y,mesh_index,mesh_index_original
45220,4512,0.0463935,0,9,9
45220,4513,0.0362438,0,8,8
45220,4514,0.0260948,0,7,7
45220,4515,0.0159465,0,6,6
45220,4516,0.00579885,0,5,5
45220,4517,-0.00434804,0,4,4
45220,4518,-0.0144942,0,3,3
45220,4519,-0.0246396,0,2,2
45220,4520,-0.0347843,0,1,1
45220,4521,-0.0449282,0,0,0
