time,particle_id,x,y,mesh_index,mesh_index_original
12860,1276,0.0484046,0,9,9
12860,1277,0.0383625,0,8,8
12860,1278,0.0283206,0,7,7
12860,1279,0.0182788,0,6,6
12860,1280,0.00823727,0,5,5
12860,1281,-0.0018041,0,4,4
12860,1282,-0.0118453,0,3,3
12860,1283,-0.0218863,0,2,2
12860,1284,-0.0319271,0,1,1
12860,1285,-0.0419677,0,0,0
