time,particle_id,x,y,mesh_index,mesh_index_original
69250,6915,0.0450985,0,9,9
69250,6916,0.0348682,0,8,8
69250,6917,0.024639,0,7,7
69250,6918,0.014411,0,6,6
69250,6919,0.00418398,0,5,5
69250,6920,-0.00604187,0,4,4
69250,6921,-0.0162666,0,3,3
69250,6922,-0.0264901,0,2,2
69250,6923,-0.0367125,0,1,1
69250,6924,-0.0469337,0,0,0
