time,particle_id,x,y,mesh_index,mesh_index_original
75230,7513,0.0442573,0,9,9
75230,7514,0.0340069,0,8,8
75230,7515,0.0237577,0,7,7
75230,7516,0.0135098,0,6,6
75230,7517,0.00326304,0,5,5
75230,7518,-0.00698247,0,4,4
75230,7519,-0.0172267,0,3,3
75230,7520,-0.0274698,0,2,2
75230,7521,-0.0377115,0,1,1
75230,7522,-0.047952,0,0,0
