time,particle_id,x,y,mesh_index,mesh_index_original
16550,1645,0.0485219,0,9,9
16550,1646,0.0384676,0,8,8
16550,1647,0.0284135,0,7,7
16550,1648,0.0183596,0,6,6
16550,1649,0.00830601,0,5,5
16550,1650,-0.00174736,0,4,4
16550,1651,-0.0118005,0,3,3
16550,1652,-0.0218533,0,2,2
16550,1653,-0.0319059,0,1,1
16550,1654,-0.0419583,0,0,0
