time,particle_id,x,y,mesh_index,mesh_index_original
53920,5382,0.0456468,0,9,9
53920,5383,0.035468,0,8,8
53920,5384,0.0252901,0,7,7
53920,5385,0.0151129,0,6,6
53920,5386,0.00493668,0,5,5
53920,5387,-0.00523871,0,4,4
53920,5388,-0.0154132,0,3,3
53920,5389,-0.0255868,0,2,2
53920,5390,-0.0357596,0,1,1
53920,5391,-0.0459314,0,0,0
