time,particle_id,x,y,mesh_index,mesh_index_original
70520,7042,0.044114,0,9,9
70520,7043,0.0338795,0,8,8
70520,7044,0.0236462,0,7,7
70520,7045,0.013414,0,6,6
70520,7046,0.0031829,0,5,5
70520,7047,-0.00704703,0,4,4
70520,7048,-0.0172758,0,3,3
70520,7049,-0.0275034,0,2,2
70520,7050,-0.0377298,0,1,1
70520,7051,-0.047955,0,0,0
