time,particle_id,x,y,mesh_index,mesh_index_original
88530,8843,0.0436335,0,9,9
88530,8844,0.0333382,0,8,8
88530,8845,0.0230444,0,7,7
88530,8846,0.012752,0,6,6
88530,8847,0.00246098,0,5,5
88530,8848,-0.00782853,0,4,4
88530,8849,-0.0181166,0,3,3
88530,8850,-0.0284031,0,2,2
88530,8851,-0.0386882,0,1,1
88530,8852,-0.0489717,0,0,0
