time,particle_id,x,y,mesh_index,mesh_index_original
80480,8038,0.0433903,0,9,9
80480,8039,0.0331224,0,8,8
80480,8040,0.0228556,0,7,7
80480,8041,0.0125902,0,6,6
80480,8042,0.00232613,0,5,5
80480,8043,-0.00793665,0,4,4
80480,8044,-0.0181981,0,3,3
80480,8045,-0.0284582,0,2,2
80480,8046,-0.0387169,0,1,1
80480,8047,-0.0489743,0,0,0
