time,particle_id,x,y,mesh_index,mesh_index_original
62140,6204,0.0448804,0,9,9
62140,6205,0.034674,0,8,8
62140,6206,0.0244687,0,7,7
62140,6207,0.0142643,0,6,6
62140,6208,0.00406095,0,5,5
62140,6209,-0.00614142,0,4,4
62140,6210,-0.0163428,0,3,3
62140,6211,-0.0265431,0,2,2
62140,6212,-0.0367424,0,1,1
62140,6213,-0.0469406,0,0,0
