time,particle_id,x,y,mesh_index,mesh_index_original
36820,3672,0.0471446,0,9,9
36820,3673,0.0370229,0,8,8
36820,3674,0.0269018,0,7,7
36820,3675,0.0167812,0,6,6
36820,3676,0.0066612,0,5,5
36820,3677,-0.00345823,0,4,4
36820,3678,-0.0135771,0,3,3
36820,3679,-0.0236953,0,2,2
36820,3680,-0.033813,0,1,1
36820,3681,-0.04393,0,0,0
