time,particle_id,x,y,mesh_index,mesh_index_original
27450,2735,0.0478603,0,9,9
27450,2736,0.0377697,0,8,8
27450,2737,0.0276796,0,7,7
27450,2738,0.0175899,0,6,6
27450,2739,0.00750065,0,5,5
27450,2740,-0.0025882,0,4,4
27450,2741,-0.0126766,0,3,3
27450,2742,-0.0227646,0,2,2
27450,2743,-0.0328522,0,1,1
27450,2744,-0.0429392,0,0,0
