time,particle_id,x,y,mesh_index,mesh_index_original
50410,5031,0.0455385,0,9,9
50410,5032,0.0353714,0,8,8
50410,5033,0.0252052,0,7,7
50410,5034,0.0150397,0,6,6
50410,5035,0.00487507,0,5,5
50410,5036,-0.00528878,0,4,4
50410,5037,-0.0154518,0,3,3
50410,5038,-0.025614,0,2,2
50410,5039,-0.0357754,0,1,1
50410,5040,-0.0459359,0,0,0
