time,particle_id,x,y,mesh_index,mesh_index_original
37410,3731,0.0471631,0,9,9
37410,3732,0.0370395,0,8,8
37410,3733,0.0269164,0,7,7
37410,3734,0.0167938,0,6,6
37410,3735,0.00667189,0,5,5
37410,3736,-0.00344947,0,4,4
37410,3737,-0.0135702,0,3,3
37410,3738,-0.0236904,0,2,2
37410,3739,-0.0338099,0,1,1
37410,3740,-0.0439289,0,0,0
