time,particle_id,x,y,mesh_index,mesh_index_original
31240,3114,0.0469698,0,9,9
31240,3115,0.0368667,0,8,8
31240,3116,0.026764,0,7,7
31240,3117,0.0166619,0,6,6
31240,3118,0.00656021,0,5,5
31240,3119,-0.00354097,0,4,4
31240,3120,-0.0136416,0,3,3
31240,3121,-0.0237418,0,2,2
31240,3122,-0.0338415,0,1,1
31240,3123,-0.0439407,0,0,0
