time,particle_id,x,y,mesh_index,mesh_index_original
43800,4370,0.0463493,0,9,9
43800,4371,0.0362044,0,8,8
43800,4372,0.0260601,0,7,7
43800,4373,0.0159164,0,6,6
43800,4374,0.00577352,0,5,5
43800,4375,-0.0043687,0,4,4
43800,4376,-0.0145102,0,3,3
43800,4377,-0.024651,0,2,2
43800,4378,-0.0347911,0,1,1
43800,4379,-0.0449305,0,0,0
