time,particle_id,x,y,mesh_index,mesh_index_original
84570,8447,0.0435138,0,9,9
84570,8448,0.033232,0,8,8
84570,8449,0.0229515,0,7,7
84570,8450,0.0126723,0,6,6
84570,8451,0.0023946,0,5,5
84570,8452,-0.00788176,0,4,4
84570,8453,-0.0181567,0,3,3
84570,8454,-0.0284302,0,2,2
84570,8455,-0.0387023,0,1,1
84570,8456,-0.048973,0,0,0
