time,particle_id,x,y,mesh_index,mesh_index_original
14560,1446,0.0484586,0,9,9
14560,1447,0.0384109,0,8,8
14560,1448,0.0283634,0,7,7
14560,1449,0.018316,0,6,6
14560,1450,0.00826893,0,5,5
14560,1451,-0.00177797,0,4,4
14560,1452,-0.0118246,0,3,3
14560,1453,-0.0218711,0,2,2
14560,1454,-0.0319173,0,1,1
14560,1455,-0.0419633,0,0,0
