time,particle_id,x,y,mesh_index,mesh_index_original
85560,8546,0.0435437,0,9,9
85560,8547,0.0332585,0,8,8
85560,8548,0.0229747,0,7,7
85560,8549,0.0126922,0,6,6
85560,8550,0.00241118,0,5,5
85560,8551,-0.00786846,0,4,4
85560,8552,-0.0181467,0,3,3
85560,8553,-0.0284235,0,2,2
85560,8554,-0.0386988,0,1,1
85560,8555,-0.0489726,0,0,0
