time,particle_id,x,y,mesh_index,mesh_index_original
94260,9416,0.0427754,0,9,9
94260,9417,0.0324608,0,8,8
94260,9418,0.0221477,0,7,7
94260,9419,0.0118362,0,6,6
94260,9420,0.0015262,0,5,5
94260,9421,-0.00878223,0,4,4
94260,9422,-0.0190891,0,3,3
94260,9423,-0.0293943,0,2,2
94260,9424,-0.039698,0,1,1
