time,particle_id,x,y,mesh_index,mesh_index_original
17860,1776,0.0485636,0,9,9
17860,1777,0.0385049,0,8,8
17860,1778,0.0284465,0,7,7
17860,1779,0.0183883,0,6,6
17860,1780,0.00833043,0,5,5
17860,1781,-0.0017272,0,4,4
17860,1782,-0.0117846,0,3,3
17860,1783,-0.0218416,0,2,2
17860,1784,-0.0318984,0,1,1
17860,1785,-0.041955,0,0,0
