time,particle_id,x,y,mesh_index,mesh_index_original
36180,3608,0.0471246,0,9,9
36180,3609,0.037005,0,8,8
36180,3610,0.026886,0,7,7
36180,3611,0.0167675,0,6,6
36180,3612,0.0066496,0,5,5
36180,3613,-0.00346773,0,4,4
36180,3614,-0.0135845,0,3,3
36180,3615,-0.0237007,0,2,2
36180,3616,-0.0338162,0,1,1
36180,3617,-0.0439312,0,0,0
