time,particle_id,x,y,mesh_index,mesh_index_original
43590,4349,0.0463428,0,9,9
43590,4350,0.0361985,0,8,8
43590,4351,0.0260549,0,7,7
43590,4352,0.015912,0,6,6
43590,4353,0.00576978,0,5,5
43590,4354,-0.00437176,0,4,4
43590,4355,-0.0145126,0,3,3
43590,4356,-0.0246527,0,2,2
43590,4357,-0.0347921,0,1,1
43590,4358,-0.0449308,0,0,0
