time,particle_id,x,y,mesh_index,mesh_index_original
1530,143,0.0490459,0,9,9
1530,144,0.0390412,0,8,8
1530,145,0.0290365,0,7,7
1530,146,0.0190319,0,6,6
1530,147,0.00902725,0,5,5
1530,148,-0.000977389,0,4,4
1530,149,-0.010982,0,3,3
1530,150,-0.0209866,0,2,2
1530,151,-0.0309913,0,1,1
1530,152,-0.0409959,0,0,0
