time,particle_id,x,y,mesh_index,mesh_index_original
12220,1212,0.0483843,0,9,9
12220,1213,0.0383443,0,8,8
12220,1214,0.0283045,0,7,7
12220,1215,0.0182648,0,6,6
12220,1216,0.00822536,0,5,5
12220,1217,-0.00181393,0,4,4
12220,1218,-0.011853,0,3,3
12220,1219,-0.021892,0,2,2
12220,1220,-0.0319307,0,1,1
12220,1221,-0.0419693,0,0,0
