time,particle_id,x,y,mesh_index,mesh_index_original
90500,9040,0.0426628,0,9,9
90500,9041,0.032361,0,8,8
90500,9042,0.0220606,0,7,7
90500,9043,0.0117617,0,6,6
90500,9044,0.0014643,0,5,5
90500,9045,-0.00883161,0,4,4
90500,9046,-0.019126,0,3,3
90500,9047,-0.0294189,0,2,2
90500,9048,-0.0397102,0,1,1
