time,particle_id,x,y,mesh_index,mesh_index_original
860,76,0.0490245,0,9,9
860,77,0.039022,0,8,8
860,78,0.0290195,0,7,7
860,79,0.0190171,0,6,6
860,80,0.00901461,0,5,5
860,81,-0.00098786,0,4,4
860,82,-0.0109903,0,3,3
860,83,-0.0209928,0,2,2
860,84,-0.0309953,0,1,1
860,85,-0.0409978,0,0,0
