time,particle_id,x,y,mesh_index,mesh_index_original
13970,1387,0.0484399,0,9,9
13970,1388,0.0383941,0,8,8
13970,1389,0.0283485,0,7,7
13970,1390,0.0183031,0,6,6
13970,1391,0.00825794,0,5,5
13970,1392,-0.00178704,0,4,4
13970,1393,-0.0118318,0,3,3
13970,1394,-0.0218764,0,2,2
13970,1395,-0.0319207,0,1,1
13970,1396,-0.0419648,0,0,0
