time,particle_id,x,y,mesh_index,mesh_index_original
39330,3923,0.0472234,0,9,9
39330,3924,0.0370933,0,8,8
39330,3925,0.0269638,0,7,7
39330,3926,0.016835,0,6,6
39330,3927,0.00670669,0,5,5
39330,3928,-0.00342096,0,4,4
39330,3929,-0.013548,0,3,3
39330,3930,-0.0236744,0,2,2
39330,3931,-0.0338001,0,1,1
39330,3932,-0.0439252,0,0,0
