time,particle_id,x,y,mesh_index,mesh_index_original
98990,9889,0.0429173,0,9,9
98990,9890,0.0325866,0,8,8
98990,9891,0.0222575,0,7,7
98990,9892,0.01193,0,6,6
98990,9893,0.00160419,0,5,5
98990,9894,-0.00872001,0,4,4
98990,9895,-0.0190425,0,3,3
98990,9896,-0.0293634,0,2,2
98990,9897,-0.0396826,0,1,1
