time,particle_id,x,y,mesh_index,mesh_index_original
40400,4030,0.0462436,0,9,9
40400,4031,0.03611,0,8,8
40400,4032,0.025977,0,7,7
40400,4033,0.0158447,0,6,6
40400,4034,0.00571294,0,5,5
40400,4035,-0.00441815,0,4,4
40400,4036,-0.0145486,0,3,3
40400,4037,-0.0246784,0,2,2
40400,4038,-0.0348075,0,1,1
40400,4039,-0.0449359,0,0,0
