time,particle_id,x,y,mesh_index,mesh_index_original
43960,4386,0.0463543,0,9,9
43960,4387,0.0362088,0,8,8
43960,4388,0.026064,0,7,7
43960,4389,0.0159198,0,6,6
43960,4390,0.00577638,0,5,5
43960,4391,-0.00436638,0,4,4
43960,4392,-0.0145084,0,3,3
43960,4393,-0.0246498,0,2,2
43960,4394,-0.0347904,0,1,1
43960,4395,-0.0449302,0,0,0
