time,particle_id,x,y,mesh_index,mesh_index_original
69860,6976,0.0451173,0,9,9
69860,6977,0.0348849,0,8,8
69860,6978,0.0246537,0,7,7
69860,6979,0.0144235,0,6,6
69860,6980,0.00419455,0,5,5
69860,6981,-0.00603331,0,4,4
69860,6982,-0.01626,0,3,3
69860,6983,-0.0264856,0,2,2
69860,6984,-0.03671,0,1,1
69860,6985,-0.0469332,0,0,0
