time,particle_id,x,y,mesh_index,mesh_index_original
69900,6980,0.0451185,0,9,9
69900,6981,0.034886,0,8,8
69900,6982,0.0246546,0,7,7
69900,6983,0.0144244,0,6,6
69900,6984,0.00419524,0,5,5
69900,6985,-0.00603275,0,4,4
69900,6986,-0.0162596,0,3,3
69900,6987,-0.0264853,0,2,2
69900,6988,-0.0367098,0,1,1
69900,6989,-0.0469331,0,0,0
