time,particle_id,x,y,mesh_index,mesh_index_original
74460,7436,0.0442338,0,9,9
74460,7437,0.0339861,0,8,8
74460,7438,0.0237395,0,7,7
74460,7439,0.0134941,0,6,6
74460,7440,0.00324993,0,5,5
74460,7441,-0.00699303,0,4,4
74460,7442,-0.0172348,0,3,3
74460,7443,-0.0274753,0,2,2
74460,7444,-0.0377145,0,1,1
74460,7445,-0.0479525,0,0,0
