time,particle_id,x,y,mesh_index,mesh_index_original
18220,1812,0.0485751,0,9,9
18220,1813,0.0385152,0,8,8
18220,1814,0.0284556,0,7,7
18220,1815,0.0183962,0,6,6
18220,1816,0.00833714,0,5,5
18220,1817,-0.00172166,0,4,4
18220,1818,-0.0117802,0,3,3
18220,1819,-0.0218384,0,2,2
18220,1820,-0.0318964,0,1,1
18220,1821,-0.0419541,0,0,0
