time,particle_id,x,y,mesh_index,mesh_index_original
92950,9285,0.0427361,0,9,9
92950,9286,0.032426,0,8,8
92950,9287,0.0221174,0,7,7
92950,9288,0.0118102,0,6,6
92950,9289,0.00150463,0,5,5
92950,9290,-0.00879944,0,4,4
92950,9291,-0.019102,0,3,3
92950,9292,-0.0294029,0,2,2
92950,9293,-0.0397023,0,1,1
