time,particle_id,x,y,mesh_index,mesh_index_original
98280,9818,0.042896,0,9,9
98280,9819,0.0325677,0,8,8
98280,9820,0.022241,0,7,7
98280,9821,0.0119159,0,6,6
98280,9822,0.00159247,0,5,5
98280,9823,-0.00872935,0,4,4
98280,9824,-0.0190495,0,3,3
98280,9825,-0.029368,0,2,2
98280,9826,-0.0396849,0,1,1
