time,particle_id,x,y,mesh_index,mesh_index_original
9660,956,0.0493062,0,9,9
9660,957,0.0392747,0,8,8
9660,958,0.0292433,0,7,7
9660,959,0.019212,0,6,6
9660,960,0.00918085,0,5,5
9660,961,-0.000850146,0,4,4
9660,962,-0.010881,0,3,3
9660,963,-0.0209117,0,2,2
9660,964,-0.0309423,0,1,1
9660,965,-0.0409727,0,0,0
