time,particle_id,x,y,mesh_index,mesh_index_original
12040,1194,0.0483786,0,9,9
12040,1195,0.0383392,0,8,8
12040,1196,0.0282999,0,7,7
12040,1197,0.0182609,0,6,6
12040,1198,0.00822201,0,5,5
12040,1199,-0.0018167,0,4,4
12040,1200,-0.0118552,0,3,3
12040,1201,-0.0218936,0,2,2
12040,1202,-0.0319317,0,1,1
12040,1203,-0.0419697,0,0,0
