time,particle_id,x,y,mesh_index,mesh_index_original
89290,8919,0.0436564,0,93,93
89290,8920,0.0333585,0,83,83
89290,8921,0.0230621,0,73,73
89290,8922,0.0127671,0,62,62
89290,8923,0.00247362,0,52,52
89290,8924,-0.00781841,0,42,42
89290,8925,-0.018109,0,31,31
89290,8926,-0.028398,0,21,21
89290,8927,-0.0386855,0,11,11
89290,8928,-0.0489715,0,1,1
