time,particle_id,x,y,mesh_index,mesh_index_original
23920,2382,0.0477488,0,97,97
23920,2383,0.03767,0,87,87
23920,2384,0.0275916,0,77,77
23920,2385,0.0175135,0,67,67
23920,2386,0.00743578,0,57,57
23920,2387,-0.00264155,0,47,47
23920,2388,-0.0127185,0,37,37
23920,2389,-0.0227951,0,27,27
23920,2390,-0.0328713,0,17,17
23920,2391,-0.0429472,0,7,7
