time,particle_id,x,y,mesh_index,mesh_index_original
24810,2471,0.0477769,0,97,97
24810,2472,0.0376951,0,87,87
24810,2473,0.0276138,0,77,77
24810,2474,0.0175328,0,67,67
24810,2475,0.00745213,0,57,57
24810,2476,-0.00262811,0,47,47
24810,2477,-0.012708,0,37,37
24810,2478,-0.0227874,0,27,27
24810,2479,-0.0328665,0,17,17
24810,2480,-0.0429452,0,7,7
