time,particle_id,x,y,mesh_index,mesh_index_original
18690,1859,0.0485901,0,98,98
18690,1860,0.0385286,0,88,88
18690,1861,0.0284674,0,78,78
18690,1862,0.0184065,0,68,68
18690,1863,0.00834592,0,58,58
18690,1864,-0.00171442,0,48,48
18690,1865,-0.0117745,0,38,38
18690,1866,-0.0218342,0,28,28
18690,1867,-0.0318937,0,18,18
18690,1868,-0.0419529,0,8,8
