time,particle_id,x,y,mesh_index,mesh_index_original
61250,6115,0.044853,0,94,94
61250,6116,0.0346497,0,84,84
61250,6117,0.0244473,0,74,74
61250,6118,0.0142459,0,64,64
61250,6119,0.00404547,0,54,54
61250,6120,-0.00615397,0,43,43
61250,6121,-0.0163524,0,33,33
61250,6122,-0.0265498,0,23,23
61250,6123,-0.0367462,0,13,13
61250,6124,-0.0469416,0,3,3
