time,particle_id,x,y,mesh_index,mesh_index_original
82560,8246,0.043453,0,93,93
82560,8247,0.033178,0,83,83
82560,8248,0.0229043,0,72,72
82560,8249,0.0126319,0,62,62
82560,8250,0.00236085,0,52,52
82560,8251,-0.00790883,0,42,42
82560,8252,-0.0181771,0,31,31
82560,8253,-0.0284441,0,21,21
82560,8254,-0.0387096,0,11,11
82560,8255,-0.0489737,0,1,1
