time,particle_id,x,y,mesh_index,mesh_index_original
63190,6309,0.0449125,0,94,94
63190,6310,0.0347026,0,84,84
63190,6311,0.0244937,0,74,74
63190,6312,0.0142859,0,64,64
63190,6313,0.004079,0,54,54
63190,6314,-0.00612684,0,43,43
63190,6315,-0.0163316,0,33,33
63190,6316,-0.0265354,0,23,23
63190,6317,-0.0367381,0,13,13
63190,6318,-0.0469397,0,3,3
