time,particle_id,x,y,mesh_index,mesh_index_original
280,18,0.049006,0,99,99
280,19,0.0390054,0,89,89
280,20,0.0290049,0,79,79
280,21,0.0190043,0,69,69
280,22,0.00900371,0,59,59
280,23,-0.000996886,0,49,49
280,24,-0.0109975,0,39,39
280,25,-0.0209981,0,29,29
280,26,-0.0309988,0,19,19
280,27,-0.0409994,0,9,9
