time,particle_id,x,y,mesh_index,mesh_index_original
4300,420,0.0491345,0,99,99
4300,421,0.0391207,0,89,89
4300,422,0.029107,0,79,79
4300,423,0.0190932,0,69,69
4300,424,0.00907957,0,59,59
4300,425,-0.000934045,0,49,49
4300,426,-0.0109476,0,39,39
4300,427,-0.0209611,0,29,29
4300,428,-0.0309746,0,19,19
4300,429,-0.040988,0,9,9
