time,particle_id,x,y,mesh_index,mesh_index_original
89530,8943,0.0436636,0,93,93
89530,8944,0.033365,0,83,83
89530,8945,0.0230677,0,73,73
89530,8946,0.012772,0,62,62
89530,8947,0.00247765,0,52,52
89530,8948,-0.00781518,0,42,42
89530,8949,-0.0181065,0,31,31
89530,8950,-0.0283963,0,21,21
89530,8951,-0.0386846,0,11,11
89530,8952,-0.0489714,0,1,1
