time,particle_id,x,y,mesh_index,mesh_index_original
83210,8311,0.0434726,0,93,93
83210,8312,0.0331954,0,83,83
83210,8313,0.0229195,0,72,72
83210,8314,0.0126449,0,62,62
83210,8315,0.00237173,0,52,52
83210,8316,-0.00790011,0,42,42
83210,8317,-0.0181706,0,31,31
83210,8318,-0.0284396,0,21,21
83210,8319,-0.0387072,0,11,11
83210,8320,-0.0489735,0,1,1
