time,particle_id,x,y,mesh_index,mesh_index_original
52260,5216,0.0455955,0,95,95
52260,5217,0.0354223,0,85,85
52260,5218,0.0252498,0,75,75
52260,5219,0.0150782,0,65,65
52260,5220,0.00490746,0,54,54
52260,5221,-0.00526248,0,44,44
52260,5222,-0.0154316,0,34,34
52260,5223,-0.0255998,0,24,24
52260,5224,-0.0357672,0,14,14
52260,5225,-0.0459337,0,4,4
