time,particle_id,x,y,mesh_index,mesh_index_original
21770,2167,0.047681,0,97,97
21770,2168,0.0376093,0,87,87
21770,2169,0.027538,0,77,77
21770,2170,0.017467,0,67,67
21770,2171,0.00739633,0,57,57
21770,2172,-0.00267401,0,47,47
21770,2173,-0.012744,0,37,37
21770,2174,-0.0228137,0,27,27
21770,2175,-0.032883,0,17,17
21770,2176,-0.0429519,0,7,7
