time,particle_id,x,y,mesh_index,mesh_index_original
33150,3305,0.0470296,0,97,97
33150,3306,0.0369201,0,86,86
33150,3307,0.0268111,0,76,76
33150,3308,0.0167027,0,66,66
33150,3309,0.00659472,0,56,56
33150,3310,-0.0035127,0,46,46
33150,3311,-0.0136196,0,36,36
33150,3312,-0.023726,0,26,26
33150,3313,-0.0338318,0,16,16
33150,3314,-0.0439371,0,6,6
