time,particle_id,x,y,mesh_index,mesh_index_original
27860,2776,0.0478732,0,97,97
27860,2777,0.0377813,0,87,87
27860,2778,0.0276898,0,77,77
27860,2779,0.0175988,0,67,67
27860,2780,0.00750817,0,57,57
27860,2781,-0.00258202,0,47,47
27860,2782,-0.0126718,0,37,37
27860,2783,-0.0227611,0,27,27
27860,2784,-0.03285,0,17,17
27860,2785,-0.0429384,0,7,7
