time,particle_id,x,y,mesh_index,mesh_index_original
46500,4640,0.0464333,0,96,96
46500,4641,0.0362793,0,86,86
46500,4642,0.026126,0,76,76
46500,4643,0.0159735,0,65,65
46500,4644,0.00582162,0,55,55
46500,4645,-0.00432947,0,45,45
46500,4646,-0.0144798,0,35,35
46500,4647,-0.0246294,0,25,25
46500,4648,-0.0347782,0,15,15
46500,4649,-0.0449263,0,5,5
