time,particle_id,x,y,mesh_index,mesh_index_original
60900,6080,0.0448423,0,94,94
60900,6081,0.0346402,0,84,84
60900,6082,0.0244389,0,74,74
60900,6083,0.0142387,0,64,64
60900,6084,0.00403943,0,54,54
60900,6085,-0.00615886,0,43,43
60900,6086,-0.0163561,0,33,33
60900,6087,-0.0265524,0,23,23
60900,6088,-0.0367477,0,13,13
60900,6089,-0.0469419,0,3,3
