time,particle_id,x,y,mesh_index,mesh_index_original
53760,5366,0.0456418,0,95,95
53760,5367,0.0354635,0,85,85
53760,5368,0.0252861,0,75,75
53760,5369,0.0151095,0,65,65
53760,5370,0.00493379,0,54,54
53760,5371,-0.00524108,0,44,44
53760,5372,-0.0154151,0,34,34
53760,5373,-0.0255882,0,24,24
53760,5374,-0.0357604,0,14,14
53760,5375,-0.0459317,0,4,4
