time,particle_id,x,y,mesh_index,mesh_index_original
63670,6357,0.0449272,0,94,94
63670,6358,0.0347157,0,84,84
63670,6359,0.0245052,0,74,74
63670,6360,0.0142958,0,64,64
63670,6361,0.0040873,0,54,54
63670,6362,-0.00612012,0,43,43
63670,6363,-0.0163265,0,33,33
63670,6364,-0.0265318,0,23,23
63670,6365,-0.0367361,0,13,13
63670,6366,-0.0469393,0,3,3
