time,particle_id,x,y,mesh_index,mesh_index_original
49910,4981,0.0465396,0,96,96
49910,4982,0.0363742,0,86,86
49910,4983,0.0262095,0,76,76
49910,4984,0.0160456,0,66,66
49910,4985,0.00588251,0,55,55
49910,4986,-0.00427979,0,45,45
49910,4987,-0.0144413,0,35,35
49910,4988,-0.0246019,0,25,25
49910,4989,-0.0347618,0,15,15
49910,4990,-0.0449208,0,5,5
