time,particle_id,x,y,mesh_index,mesh_index_original
51770,5167,0.0455804,0,95,95
51770,5168,0.0354088,0,85,85
51770,5169,0.025238,0,75,75
51770,5170,0.015068,0,65,65
51770,5171,0.00489886,0,54,54
51770,5172,-0.00526947,0,44,44
51770,5173,-0.015437,0,34,34
51770,5174,-0.0256036,0,24,24
51770,5175,-0.0357694,0,14,14
51770,5176,-0.0459343,0,4,4
