time,particle_id,x,y,mesh_index,mesh_index_original
37070,3697,0.0471525,0,97,97
37070,3698,0.0370299,0,87,87
37070,3699,0.0269079,0,76,76
37070,3700,0.0167865,0,66,66
37070,3701,0.00666568,0,56,56
37070,3702,-0.00345456,0,46,46
37070,3703,-0.0135742,0,36,36
37070,3704,-0.0236933,0,26,26
37070,3705,-0.0338117,0,16,16
37070,3706,-0.0439296,0,6,6
