time,particle_id,x,y,mesh_index,mesh_index_original
42020,4192,0.0462939,0,96,96
42020,4193,0.0361549,0,86,86
42020,4194,0.0260165,0,76,76
42020,4195,0.0158788,0,65,65
42020,4196,0.00574174,0,55,55
42020,4197,-0.00439466,0,45,45
42020,4198,-0.0145304,0,35,35
42020,4199,-0.0246654,0,25,25
42020,4200,-0.0347998,0,15,15
42020,4201,-0.0449334,0,5,5
