time,particle_id,x,y,mesh_index,mesh_index_original
9390,929,0.0492976,0,99,99
9390,930,0.0392669,0,89,89
9390,931,0.0292364,0,79,79
9390,932,0.019206,0,69,69
9390,933,0.00917577,0,59,59
9390,934,-0.000854353,0,49,49
9390,935,-0.0108843,0,39,39
9390,936,-0.0209142,0,29,29
9390,937,-0.0309439,0,19,19
9390,938,-0.0409735,0,9,9
