time,particle_id,x,y,mesh_index,mesh_index_original
67300,6720,0.0450385,0,95,95
67300,6721,0.0348148,0,84,84
67300,6722,0.0245922,0,74,74
67300,6723,0.0143706,0,64,64
67300,6724,0.0041501,0,54,54
67300,6725,-0.00606931,0,43,43
67300,6726,-0.0162876,0,33,33
67300,6727,-0.0265048,0,23,23
67300,6728,-0.0367208,0,13,13
67300,6729,-0.0469357,0,3,3
