time,particle_id,x,y,mesh_index,mesh_index_original
59370,5927,0.0458153,0,95,95
59370,5928,0.0356181,0,85,85
59370,5929,0.025422,0,75,75
59370,5930,0.0152267,0,65,65
59370,5931,0.0050324,0,55,55
59370,5932,-0.00516094,0,44,44
59370,5933,-0.0153533,0,34,34
59370,5934,-0.0255447,0,24,24
59370,5935,-0.0357351,0,14,14
59370,5936,-0.0459245,0,4,4
