time,particle_id,x,y,mesh_index,mesh_index_original
25820,2572,0.0478088,0,97,97
25820,2573,0.0377237,0,87,87
25820,2574,0.0276389,0,77,77
25820,2575,0.0175546,0,67,67
25820,2576,0.00747068,0,57,57
25820,2577,-0.00261286,0,47,47
25820,2578,-0.012696,0,37,37
25820,2579,-0.0227787,0,27,27
25820,2580,-0.032861,0,17,17
25820,2581,-0.0429429,0,7,7
