time,particle_id,x,y,mesh_index,mesh_index_original
56410,5631,0.0457237,0,95,95
56410,5632,0.0355365,0,85,85
56410,5633,0.0253502,0,75,75
56410,5634,0.0151648,0,65,65
56410,5635,0.00498035,0,54,54
56410,5636,-0.00520324,0,44,44
56410,5637,-0.0153859,0,34,34
56410,5638,-0.0255677,0,24,24
56410,5639,-0.0357485,0,14,14
56410,5640,-0.0459283,0,4,4
