time,particle_id,x,y,mesh_index,mesh_index_original
22110,2201,0.0476917,0,97,97
22110,2202,0.0376189,0,87,87
22110,2203,0.0275465,0,77,77
22110,2204,0.0174743,0,67,67
22110,2205,0.00740257,0,57,57
22110,2206,-0.00266888,0,47,47
22110,2207,-0.01274,0,37,37
22110,2208,-0.0228107,0,27,27
22110,2209,-0.0328811,0,17,17
22110,2210,-0.0429512,0,7,7
