time,particle_id,x,y,mesh_index,mesh_index_original
40570,4047,0.0462489,0,96,96
40570,4048,0.0361147,0,86,86
40570,4049,0.0259811,0,75,75
40570,4050,0.0158482,0,65,65
40570,4051,0.00571591,0,55,55
40570,4052,-0.00441574,0,45,45
40570,4053,-0.0145467,0,35,35
40570,4054,-0.0246771,0,25,25
40570,4055,-0.0348067,0,15,15
40570,4056,-0.0449358,0,5,5
