time,particle_id,x,y,mesh_index,mesh_index_original
76140,7604,0.0442849,0,94,94
76140,7605,0.0340314,0,84,84
76140,7606,0.0237792,0,73,73
76140,7607,0.0135282,0,63,63
76140,7608,0.00327843,0,53,53
76140,7609,-0.0069701,0,43,43
76140,7610,-0.0172174,0,32,32
76140,7611,-0.0274634,0,22,22
76140,7612,-0.0377081,0,12,12
76140,7613,-0.0479515,0,2,2
