time,particle_id,x,y,mesh_index,mesh_index_original
29740,2964,0.0479327,0,97,97
29740,2965,0.0378345,0,87,87
29740,2966,0.0277368,0,77,77
29740,2967,0.0176395,0,67,67
29740,2968,0.00754274,0,57,57
29740,2969,-0.00255359,0,47,47
29740,2970,-0.0126495,0,37,37
29740,2971,-0.0227448,0,27,27
29740,2972,-0.0328398,0,17,17
29740,2973,-0.0429342,0,7,7
