time,particle_id,x,y,mesh_index,mesh_index_original
60270,6017,0.044823,0,94,94
60270,6018,0.034623,0,84,84
60270,6019,0.0244239,0,74,74
60270,6020,0.0142257,0,64,64
60270,6021,0.00402855,0,54,54
60270,6022,-0.00616766,0,43,43
60270,6023,-0.0163629,0,33,33
60270,6024,-0.0265571,0,23,23
60270,6025,-0.0367503,0,13,13
60270,6026,-0.0469425,0,3,3
