time,particle_id,x,y,mesh_index,mesh_index_original
93070,9297,0.0427396,0,92,92
93070,9298,0.0324291,0,82,82
93070,9299,0.0221201,0,72,72
93070,9300,0.0118125,0,61,61
93070,9301,0.00150653,0,51,51
93070,9302,-0.00879792,0,41,41
93070,9303,-0.0191008,0,30,30
93070,9304,-0.0294021,0,20,20
93070,9305,-0.0397019,0,10,10
