time,particle_id,x,y,mesh_index,mesh_index_original
40050,3995,0.047246,0,97,97
40050,3996,0.0371135,0,87,87
40050,3997,0.0269816,0,76,76
40050,3998,0.0168503,0,66,66
40050,3999,0.00671969,0,56,56
40050,4000,-0.00442328,0,45,45
40050,4001,-0.0145526,0,35,35
40050,4002,-0.0246812,0,25,25
40050,4003,-0.0348092,0,15,15
40050,4004,-0.0449366,0,5,5
