time,particle_id,x,y,mesh_index,mesh_index_original
92750,9265,0.0427301,0,92,92
92750,9266,0.0324206,0,82,82
92750,9267,0.0221126,0,72,72
92750,9268,0.0118062,0,61,61
92750,9269,0.00150127,0,51,51
92750,9270,-0.00880213,0,41,41
92750,9271,-0.019104,0,30,30
92750,9272,-0.0294042,0,20,20
92750,9273,-0.0397029,0,10,10
