time,particle_id,x,y,mesh_index,mesh_index_original
57810,5771,0.045767,0,95,95
57810,5772,0.0355751,0,85,85
57810,5773,0.0253842,0,75,75
57810,5774,0.0151941,0,65,65
57810,5775,0.00500496,0,55,55
57810,5776,-0.00518324,0,44,44
57810,5777,-0.0153705,0,34,34
57810,5778,-0.0255568,0,24,24
57810,5779,-0.0357422,0,14,14
57810,5780,-0.0459265,0,4,4
