time,particle_id,x,y,mesh_index,mesh_index_original
3050,295,0.0490945,0,99,99
3050,296,0.0390849,0,89,89
3050,297,0.0290752,0,79,79
3050,298,0.0190656,0,69,69
3050,299,0.00905597,0,59,59
3050,300,-0.000953595,0,49,49
3050,301,-0.0109631,0,39,39
3050,302,-0.0209726,0,29,29
3050,303,-0.0309821,0,19,19
3050,304,-0.0409915,0,9,9
