time,particle_id,x,y,mesh_index,mesh_index_original
86130,8603,0.0435608,0,93,93
86130,8604,0.0332737,0,83,83
86130,8605,0.0229879,0,72,72
86130,8606,0.0127036,0,62,62
86130,8607,0.00242064,0,52,52
86130,8608,-0.00786089,0,42,42
86130,8609,-0.018141,0,31,31
86130,8610,-0.0284196,0,21,21
86130,8611,-0.0386968,0,11,11
86130,8612,-0.0489725,0,1,1
