time,particle_id,x,y,mesh_index,mesh_index_original
40650,4055,0.0462513,0,96,96
40650,4056,0.0361169,0,86,86
40650,4057,0.0259831,0,75,75
40650,4058,0.0158499,0,65,65
40650,4059,0.00571733,0,55,55
40650,4060,-0.00441458,0,45,45
40650,4061,-0.0145458,0,35,35
40650,4062,-0.0246764,0,25,25
40650,4063,-0.0348064,0,15,15
40650,4064,-0.0449356,0,5,5
