time,particle_id,x,y,mesh_index,mesh_index_original
75630,7553,0.0442694,0,94,94
75630,7554,0.0340176,0,84,84
75630,7555,0.0237671,0,73,73
75630,7556,0.0135178,0,63,63
75630,7557,0.00326975,0,53,53
75630,7558,-0.00697709,0,43,43
75630,7559,-0.0172227,0,32,32
75630,7560,-0.027467,0,22,22
75630,7561,-0.03771,0,12,12
75630,7562,-0.0479518,0,2,2
