time,particle_id,x,y,mesh_index,mesh_index_original
27410,2731,0.047859,0,97,97
27410,2732,0.0377686,0,87,87
27410,2733,0.0276786,0,77,77
27410,2734,0.017589,0,67,67
27410,2735,0.0074999,0,57,57
27410,2736,-0.00258883,0,47,47
27410,2737,-0.0126771,0,37,37
27410,2738,-0.022765,0,27,27
27410,2739,-0.0328524,0,17,17
27410,2740,-0.0429394,0,7,7
