time,particle_id,x,y,mesh_index,mesh_index_original
82150,8205,0.0434406,0,93,93
82150,8206,0.033167,0,83,83
82150,8207,0.0228947,0,72,72
82150,8208,0.0126237,0,62,62
82150,8209,0.00235398,0,52,52
82150,8210,-0.00791433,0,42,42
82150,8211,-0.0181813,0,31,31
82150,8212,-0.0284469,0,21,21
82150,8213,-0.038711,0,11,11
82150,8214,-0.0489738,0,1,1
