time,particle_id,x,y,mesh_index,mesh_index_original
84660,8456,0.0435164,0,93,93
84660,8457,0.0332343,0,83,83
84660,8458,0.0229535,0,72,72
84660,8459,0.0126741,0,62,62
84660,8460,0.00239601,0,52,52
84660,8461,-0.00788064,0,42,42
84660,8462,-0.0181559,0,31,31
84660,8463,-0.0284297,0,21,21
84660,8464,-0.0387021,0,11,11
84660,8465,-0.048973,0,1,1
