time,particle_id,x,y,mesh_index,mesh_index_original
32180,3208,0.0469992,0,96,96
32180,3209,0.0368929,0,86,86
32180,3210,0.0267872,0,76,76
32180,3211,0.0166819,0,66,66
32180,3212,0.00657718,0,56,56
32180,3213,-0.00352708,0,46,46
32180,3214,-0.0136308,0,36,36
32180,3215,-0.0237341,0,26,26
32180,3216,-0.0338368,0,16,16
32180,3217,-0.0439389,0,6,6
