time,particle_id,x,y,mesh_index,mesh_index_original
57110,5701,0.0457453,0,95,95
57110,5702,0.0355558,0,85,85
57110,5703,0.0253672,0,75,75
57110,5704,0.0151795,0,65,65
57110,5705,0.00499265,0,54,54
57110,5706,-0.00519324,0,44,44
57110,5707,-0.0153782,0,34,34
57110,5708,-0.0255622,0,24,24
57110,5709,-0.0357453,0,14,14
57110,5710,-0.0459274,0,4,4
