time,particle_id,x,y,mesh_index,mesh_index_original
57160,5706,0.0457469,0,95,95
57160,5707,0.0355572,0,85,85
57160,5708,0.0253684,0,75,75
57160,5709,0.0151805,0,65,65
57160,5710,0.00499353,0,54,54
57160,5711,-0.00519253,0,44,44
57160,5712,-0.0153777,0,34,34
57160,5713,-0.0255618,0,24,24
57160,5714,-0.0357451,0,14,14
57160,5715,-0.0459274,0,4,4
