time,particle_id,x,y,mesh_index,mesh_index_original
67720,6762,0.0450514,0,95,95
67720,6763,0.0348263,0,84,84
67720,6764,0.0246022,0,74,74
67720,6765,0.0143793,0,64,64
67720,6766,0.00415737,0,54,54
67720,6767,-0.00606342,0,43,43
67720,6768,-0.0162831,0,33,33
67720,6769,-0.0265017,0,23,23
67720,6770,-0.0367191,0,13,13
67720,6771,-0.0469353,0,3,3
