time,particle_id,x,y,mesh_index,mesh_index_original
49260,4916,0.0465193,0,96,96
49260,4917,0.0363561,0,86,86
49260,4918,0.0261936,0,76,76
49260,4919,0.0160318,0,66,66
49260,4920,0.0058709,0,55,55
49260,4921,-0.00428926,0,45,45
49260,4922,-0.0144486,0,35,35
49260,4923,-0.0246072,0,25,25
49260,4924,-0.0347649,0,15,15
49260,4925,-0.0449218,0,5,5
