time,particle_id,x,y,mesh_index,mesh_index_original
49440,4934,0.0465249,0,96,96
49440,4935,0.0363611,0,86,86
49440,4936,0.026198,0,76,76
49440,4937,0.0160357,0,66,66
49440,4938,0.00587411,0,55,55
49440,4939,-0.00428664,0,45,45
49440,4940,-0.0144466,0,35,35
49440,4941,-0.0246057,0,25,25
49440,4942,-0.0347641,0,15,15
49440,4943,-0.0449216,0,5,5
