time,particle_id,x,y,mesh_index,mesh_index_original
77200,7710,0.0443172,0,94,94
77200,7711,0.0340601,0,84,84
77200,7712,0.0238043,0,73,73
77200,7713,0.0135498,0,63,63
77200,7714,0.00329649,0,53,53
77200,7715,-0.00695555,0,43,43
77200,7716,-0.0172063,0,32,32
77200,7717,-0.0274558,0,22,22
77200,7718,-0.0377039,0,12,12
77200,7719,-0.0479508,0,2,2
