time,particle_id,x,y,mesh_index,mesh_index_original
4630,453,0.0491451,0,99,99
4630,454,0.0391302,0,89,89
4630,455,0.0291153,0,79,79
4630,456,0.0191005,0,69,69
4630,457,0.0090858,0,59,59
4630,458,-0.000928883,0,49,49
4630,459,-0.0109435,0,39,39
4630,460,-0.0209581,0,29,29
4630,461,-0.0309726,0,19,19
4630,462,-0.040987,0,9,9
