time,particle_id,x,y,mesh_index,mesh_index_original
16240,1614,0.0485121,0,98,98
16240,1615,0.0384588,0,88,88
16240,1616,0.0284057,0,78,78
16240,1617,0.0183528,0,68,68
16240,1618,0.00830024,0,58,58
16240,1619,-0.00175212,0,48,48
16240,1620,-0.0118042,0,38,38
16240,1621,-0.0218561,0,28,28
16240,1622,-0.0319077,0,18,18
16240,1623,-0.0419591,0,8,8
