time,particle_id,x,y,mesh_index,mesh_index_original
4060,396,0.0491269,0,99,99
4060,397,0.0391138,0,89,89
4060,398,0.0291009,0,79,79
4060,399,0.0190879,0,69,69
4060,400,0.00907504,0,59,59
4060,401,-0.0009378,0,49,49
4060,402,-0.0109506,0,39,39
4060,403,-0.0209633,0,29,29
4060,404,-0.030976,0,19,19
4060,405,-0.0409887,0,9,9
