time,particle_id,x,y,mesh_index,mesh_index_original
4280,418,0.0491339,0,99,99
4280,419,0.0391202,0,89,89
4280,420,0.0291065,0,79,79
4280,421,0.0190928,0,69,69
4280,422,0.0090792,0,59,59
4280,423,-0.000934358,0,49,49
4280,424,-0.0109479,0,39,39
4280,425,-0.0209613,0,29,29
4280,426,-0.0309747,0,19,19
4280,427,-0.040988,0,9,9
