time,particle_id,x,y,mesh_index,mesh_index_original
18340,1824,0.0485789,0,98,98
18340,1825,0.0385186,0,88,88
18340,1826,0.0284586,0,78,78
18340,1827,0.0183989,0,68,68
18340,1828,0.00833939,0,58,58
18340,1829,-0.00171981,0,48,48
18340,1830,-0.0117787,0,38,38
18340,1831,-0.0218374,0,28,28
18340,1832,-0.0318957,0,18,18
18340,1833,-0.0419538,0,8,8
