time,particle_id,x,y,mesh_index,mesh_index_original
65850,6575,0.044994,0,94,94
65850,6576,0.0347752,0,84,84
65850,6577,0.0245574,0,74,74
65850,6578,0.0143407,0,64,64
65850,6579,0.00412501,0,54,54
65850,6580,-0.00608961,0,43,43
65850,6581,-0.0163031,0,33,33
65850,6582,-0.0265156,0,23,23
65850,6583,-0.0367269,0,13,13
65850,6584,-0.0469372,0,3,3
