time,particle_id,x,y,mesh_index,mesh_index_original
18060,1796,0.04857,0,98,98
18060,1797,0.0385106,0,88,88
18060,1798,0.0284516,0,78,78
18060,1799,0.0183927,0,68,68
18060,1800,0.00833417,0,58,58
18060,1801,-0.00172412,0,48,48
18060,1802,-0.0117821,0,38,38
18060,1803,-0.0218399,0,28,28
18060,1804,-0.0318973,0,18,18
18060,1805,-0.0419545,0,8,8
