time,particle_id,x,y,mesh_index,mesh_index_original
83020,8292,0.0434669,0,93,93
83020,8293,0.0331903,0,83,83
83020,8294,0.022915,0,72,72
83020,8295,0.0126411,0,62,62
83020,8296,0.00236855,0,52,52
83020,8297,-0.00790266,0,42,42
83020,8298,-0.0181725,0,31,31
83020,8299,-0.0284409,0,21,21
83020,8300,-0.0387079,0,11,11
83020,8301,-0.0489735,0,1,1
