time,particle_id,x,y,mesh_index,mesh_index_original
20750,2065,0.0476488,0,97,97
20750,2066,0.0375805,0,87,87
20750,2067,0.0275126,0,77,77
20750,2068,0.0174449,0,67,67
20750,2069,0.00737762,0,57,57
20750,2070,-0.00268939,0,47,47
20750,2071,-0.0127561,0,37,37
20750,2072,-0.0228225,0,27,27
20750,2073,-0.0328885,0,17,17
20750,2074,-0.0429542,0,7,7
