time,particle_id,x,y,mesh_index,mesh_index_original
80600,8050,0.0433939,0,93,93
80600,8051,0.0331255,0,83,83
80600,8052,0.0228584,0,72,72
80600,8053,0.0125926,0,62,62
80600,8054,0.00232805,0,52,52
80600,8055,-0.00793513,0,42,42
80600,8056,-0.018197,0,31,31
80600,8057,-0.0284574,0,21,21
80600,8058,-0.0387166,0,11,11
80600,8059,-0.0489743,0,1,1
