time,particle_id,x,y,mesh_index,mesh_index_original
51100,5100,0.0455597,0,95,95
51100,5101,0.0353903,0,85,85
51100,5102,0.0252218,0,75,75
51100,5103,0.015054,0,65,65
51100,5104,0.0048871,0,54,54
51100,5105,-0.00527902,0,44,44
51100,5106,-0.0154443,0,34,34
51100,5107,-0.0256088,0,24,24
51100,5108,-0.0357724,0,14,14
51100,5109,-0.0459351,0,4,4
