time,particle_id,x,y,mesh_index,mesh_index_original
66090,6599,0.0450014,0,95,95
66090,6600,0.0347818,0,84,84
66090,6601,0.0245632,0,74,74
66090,6602,0.0143456,0,64,64
66090,6603,0.00412916,0,54,54
66090,6604,-0.00608625,0,43,43
66090,6605,-0.0163006,0,33,33
66090,6606,-0.0265138,0,23,23
66090,6607,-0.0367259,0,13,13
66090,6608,-0.0469369,0,3,3
