time,particle_id,x,y,mesh_index,mesh_index_original
5030,493,0.0491579,0,99,99
5030,494,0.0391417,0,89,89
5030,495,0.0291255,0,79,79
5030,496,0.0191094,0,69,69
5030,497,0.00909336,0,59,59
5030,498,-0.000922625,0,49,49
5030,499,-0.0109385,0,39,39
5030,500,-0.0209544,0,29,29
5030,501,-0.0309702,0,19,19
5030,502,-0.0409859,0,9,9
