time,particle_id,x,y,mesh_index,mesh_index_original
41420,4132,0.0462753,0,96,96
41420,4133,0.0361383,0,86,86
41420,4134,0.0260019,0,76,76
41420,4135,0.0158661,0,65,65
41420,4136,0.00573105,0,55,55
41420,4137,-0.00440338,0,45,45
41420,4138,-0.0145371,0,35,35
41420,4139,-0.0246702,0,25,25
41420,4140,-0.0348027,0,15,15
41420,4141,-0.0449344,0,5,5
