time,particle_id,x,y,mesh_index,mesh_index_original
88430,8833,0.0436304,0,93,93
88430,8834,0.0333354,0,83,83
88430,8835,0.0230419,0,73,73
88430,8836,0.0127498,0,62,62
88430,8837,0.0024592,0,52,52
88430,8838,-0.00782998,0,42,42
88430,8839,-0.0181177,0,31,31
88430,8840,-0.0284039,0,21,21
88430,8841,-0.0386886,0,11,11
88430,8842,-0.0489718,0,1,1
