time,particle_id,x,y,mesh_index,mesh_index_original
13820,1372,0.0484352,0,98,98
13820,1373,0.0383899,0,88,88
13820,1374,0.0283448,0,78,78
13820,1375,0.0182999,0,68,68
13820,1376,0.00825516,0,58,58
13820,1377,-0.00178934,0,48,48
13820,1378,-0.0118336,0,38,38
13820,1379,-0.0218777,0,28,28
13820,1380,-0.0319216,0,18,18
13820,1381,-0.0419652,0,8,8
