time,particle_id,x,y,mesh_index,mesh_index_original
60530,6043,0.044831,0,94,94
60530,6044,0.0346301,0,84,84
60530,6045,0.0244301,0,74,74
60530,6046,0.0142311,0,64,64
60530,6047,0.00403304,0,54,54
60530,6048,-0.00616403,0,43,43
60530,6049,-0.0163601,0,33,33
60530,6050,-0.0265552,0,23,23
60530,6051,-0.0367492,0,13,13
60530,6052,-0.0469423,0,3,3
