time,particle_id,x,y,mesh_index,mesh_index_original
63220,6312,0.0449134,0,94,94
63220,6313,0.0347034,0,84,84
63220,6314,0.0244945,0,74,74
63220,6315,0.0142865,0,64,64
63220,6316,0.00407952,0,54,54
63220,6317,-0.00612642,0,43,43
63220,6318,-0.0163313,0,33,33
63220,6319,-0.0265352,0,23,23
63220,6320,-0.036738,0,13,13
63220,6321,-0.0469397,0,3,3
