time,particle_id,x,y,mesh_index,mesh_index_original
44340,4424,0.0463661,0,96,96
44340,4425,0.0362193,0,86,86
44340,4426,0.0260732,0,76,76
44340,4427,0.0159278,0,65,65
44340,4428,0.00578309,0,55,55
44340,4429,-0.00436091,0,45,45
44340,4430,-0.0145042,0,35,35
44340,4431,-0.0246468,0,25,25
44340,4432,-0.0347886,0,15,15
44340,4433,-0.0449297,0,5,5
