time,particle_id,x,y,mesh_index,mesh_index_original
25780,2568,0.0478075,0,97,97
25780,2569,0.0377225,0,87,87
25780,2570,0.0276379,0,77,77
25780,2571,0.0175537,0,67,67
25780,2572,0.00746994,0,57,57
25780,2573,-0.00261346,0,47,47
25780,2574,-0.0126965,0,37,37
25780,2575,-0.0227791,0,27,27
25780,2576,-0.0328612,0,17,17
25780,2577,-0.042943,0,7,7
