time,particle_id,x,y,mesh_index,mesh_index_original
39760,3966,0.0472369,0,97,97
39760,3967,0.0371054,0,87,87
39760,3968,0.0269744,0,76,76
39760,3969,0.0168441,0,66,66
39760,3970,0.00671444,0,56,56
39760,3971,-0.00341462,0,46,46
39760,3972,-0.013543,0,36,36
39760,3973,-0.0236708,0,26,26
39760,3974,-0.033798,0,16,16
39760,3975,-0.0439244,0,6,6
