time,particle_id,x,y,mesh_index,mesh_index_original
51670,5157,0.0455773,0,95,95
51670,5158,0.035406,0,85,85
51670,5159,0.0252356,0,75,75
51670,5160,0.0150659,0,65,65
51670,5161,0.0048971,0,54,54
51670,5162,-0.00527089,0,44,44
51670,5163,-0.0154381,0,34,34
51670,5164,-0.0256044,0,24,24
51670,5165,-0.0357698,0,14,14
51670,5166,-0.0459344,0,4,4
