time,particle_id,x,y,mesh_index,mesh_index_original
16040,1594,0.0485057,0,98,98
16040,1595,0.0384531,0,88,88
16040,1596,0.0284007,0,78,78
16040,1597,0.0183485,0,68,68
16040,1598,0.00829651,0,58,58
16040,1599,-0.0017552,0,48,48
16040,1600,-0.0118067,0,38,38
16040,1601,-0.0218579,0,28,28
16040,1602,-0.0319089,0,18,18
16040,1603,-0.0419596,0,8,8
