time,particle_id,x,y,mesh_index,mesh_index_original
38970,3887,0.0472121,0,97,97
38970,3888,0.0370832,0,87,87
38970,3889,0.0269549,0,76,76
38970,3890,0.0168272,0,66,66
38970,3891,0.00670011,0,56,56
38970,3892,-0.00342636,0,46,46
38970,3893,-0.0135522,0,36,36
38970,3894,-0.0236774,0,26,26
38970,3895,-0.033802,0,16,16
38970,3896,-0.0439259,0,6,6
