time,particle_id,x,y,mesh_index,mesh_index_original
48750,4865,0.0465034,0,96,96
48750,4866,0.0363419,0,86,86
48750,4867,0.0261811,0,76,76
48750,4868,0.0160211,0,66,66
48750,4869,0.00586179,0,55,55
48750,4870,-0.00429669,0,45,45
48750,4871,-0.0144544,0,35,35
48750,4872,-0.0246113,0,25,25
48750,4873,-0.0347674,0,15,15
48750,4874,-0.0449227,0,5,5
