time,particle_id,x,y,mesh_index,mesh_index_original
8480,838,0.0492684,0,99,99
8480,839,0.0392408,0,89,89
8480,840,0.0292133,0,79,79
8480,841,0.0191859,0,69,69
8480,842,0.00915856,0,59,59
8480,843,-0.000868611,0,49,49
8480,844,-0.0108957,0,39,39
8480,845,-0.0209226,0,29,29
8480,846,-0.0309494,0,19,19
8480,847,-0.0409761,0,9,9
