time,particle_id,x,y,mesh_index,mesh_index_original
31180,3108,0.0469679,0,96,96
31180,3109,0.036865,0,86,86
31180,3110,0.0267625,0,76,76
31180,3111,0.0166606,0,66,66
31180,3112,0.0065591,0,56,56
31180,3113,-0.00354189,0,46,46
31180,3114,-0.0136424,0,36,36
31180,3115,-0.0237424,0,26,26
31180,3116,-0.0338419,0,16,16
31180,3117,-0.0439409,0,6,6
