time,particle_id,x,y,mesh_index,mesh_index_original
74100,7400,0.0442228,0,94,94
74100,7401,0.0339762,0,83,83
74100,7402,0.0237309,0,73,73
74100,7403,0.0134867,0,63,63
74100,7404,0.0032437,0,53,53
74100,7405,-0.00699808,0,43,43
74100,7406,-0.0172386,0,32,32
74100,7407,-0.0274779,0,22,22
74100,7408,-0.037716,0,12,12
74100,7409,-0.0479528,0,2,2
