time,particle_id,x,y,mesh_index,mesh_index_original
57980,5788,0.0457722,0,95,95
57980,5789,0.0355798,0,85,85
57980,5790,0.0253883,0,75,75
57980,5791,0.0151976,0,65,65
57980,5792,0.00500795,0,55,55
57980,5793,-0.00518081,0,44,44
57980,5794,-0.0153686,0,34,34
57980,5795,-0.0255555,0,24,24
57980,5796,-0.0357414,0,14,14
57980,5797,-0.0459263,0,4,4
