time,particle_id,x,y,mesh_index,mesh_index_original
9840,974,0.049312,0,99,99
9840,975,0.0392799,0,89,89
9840,976,0.0292479,0,79,79
9840,977,0.019216,0,69,69
9840,978,0.00918429,0,59,59
9840,979,-0.0008473,0,49,49
9840,980,-0.0108787,0,39,39
9840,981,-0.0209101,0,29,29
9840,982,-0.0309412,0,19,19
9840,983,-0.0409722,0,9,9
