time,particle_id,x,y,mesh_index,mesh_index_original
16570,1647,0.0485226,0,98,98
16570,1648,0.0384682,0,88,88
16570,1649,0.028414,0,78,78
16570,1650,0.0183601,0,68,68
16570,1651,0.00830639,0,58,58
16570,1652,-0.00174705,0,48,48
16570,1653,-0.0118002,0,38,38
16570,1654,-0.0218532,0,28,28
16570,1655,-0.0319058,0,18,18
16570,1656,-0.0419583,0,8,8
