time,particle_id,x,y,mesh_index,mesh_index_original
15440,1534,0.0484867,0,98,98
15440,1535,0.038436,0,88,88
15440,1536,0.0283855,0,78,78
15440,1537,0.0183353,0,68,68
15440,1538,0.00828533,0,58,58
15440,1539,-0.00176443,0,48,48
15440,1540,-0.011814,0,38,38
15440,1541,-0.0218633,0,28,28
15440,1542,-0.0319123,0,18,18
15440,1543,-0.0419611,0,8,8
