time,particle_id,x,y,mesh_index,mesh_index_original
86810,8671,0.0435814,0,93,93
86810,8672,0.0332919,0,83,83
86810,8673,0.0230039,0,73,73
86810,8674,0.0127173,0,62,62
86810,8675,0.00243203,0,52,52
86810,8676,-0.00785176,0,42,42
86810,8677,-0.0181341,0,31,31
86810,8678,-0.028415,0,21,21
86810,8679,-0.0386944,0,11,11
86810,8680,-0.0489723,0,1,1
