time,particle_id,x,y,mesh_index,mesh_index_original
88720,8862,0.0436391,0,93,93
88720,8863,0.0333432,0,83,83
88720,8864,0.0230487,0,73,73
88720,8865,0.0127557,0,62,62
88720,8866,0.00246406,0,52,52
88720,8867,-0.00782608,0,42,42
88720,8868,-0.0181147,0,31,31
88720,8869,-0.0284019,0,21,21
88720,8870,-0.0386875,0,11,11
88720,8871,-0.0489717,0,1,1
