time,particle_id,x,y,mesh_index,mesh_index_original
89670,8957,0.0436679,0,93,93
89670,8958,0.0333687,0,83,83
89670,8959,0.023071,0,73,73
89670,8960,0.0127748,0,62,62
89670,8961,0.00248,0,52,52
89670,8962,-0.0078133,0,42,42
89670,8963,-0.0181051,0,31,31
89670,8964,-0.0283954,0,21,21
89670,8965,-0.0386841,0,11,11
89670,8966,-0.0489714,0,1,1
