time,particle_id,x,y,mesh_index,mesh_index_original
73130,7303,0.0441933,0,94,94
73130,7304,0.03395,0,83,83
73130,7305,0.0237079,0,73,73
73130,7306,0.0134669,0,63,63
73130,7307,0.00322719,0,53,53
73130,7308,-0.00701137,0,42,42
73130,7309,-0.0172487,0,32,32
73130,7310,-0.0274849,0,22,22
73130,7311,-0.0377198,0,12,12
73130,7312,-0.0479534,0,2,2
