time,particle_id,x,y,mesh_index,mesh_index_original
17020,1692,0.0485369,0,98,98
17020,1693,0.038481,0,88,88
17020,1694,0.0284253,0,78,78
17020,1695,0.0183699,0,68,68
17020,1696,0.00831478,0,58,58
17020,1697,-0.00174012,0,48,48
17020,1698,-0.0117948,0,38,38
17020,1699,-0.0218491,0,28,28
17020,1700,-0.0319033,0,18,18
17020,1701,-0.0419571,0,8,8
