time,particle_id,x,y,mesh_index,mesh_index_original
33190,3309,0.0470308,0,97,97
33190,3310,0.0369212,0,86,86
33190,3311,0.0268121,0,76,76
33190,3312,0.0167035,0,66,66
33190,3313,0.00659545,0,56,56
33190,3314,-0.00351211,0,46,46
33190,3315,-0.0136191,0,36,36
33190,3316,-0.0237256,0,26,26
33190,3317,-0.0338316,0,16,16
33190,3318,-0.043937,0,6,6
