time,particle_id,x,y,mesh_index,mesh_index_original
2580,248,0.0490795,0,99,99
2580,249,0.0390714,0,89,89
2580,250,0.0290633,0,79,79
2580,251,0.0190552,0,69,69
2580,252,0.0090471,0,59,59
2580,253,-0.000960943,0,49,49
2580,254,-0.010969,0,39,39
2580,255,-0.020977,0,29,29
2580,256,-0.0309849,0,19,19
2580,257,-0.0409929,0,9,9
