time,particle_id,x,y,mesh_index,mesh_index_original
18460,1836,0.0485827,0,98,98
18460,1837,0.0385221,0,88,88
18460,1838,0.0284616,0,78,78
18460,1839,0.0184015,0,68,68
18460,1840,0.00834163,0,58,58
18460,1841,-0.00171796,0,48,48
18460,1842,-0.0117773,0,38,38
18460,1843,-0.0218363,0,28,28
18460,1844,-0.031895,0,18,18
18460,1845,-0.0419535,0,8,8
