time,particle_id,x,y,mesh_index,mesh_index_original
44960,4486,0.0463854,0,96,96
44960,4487,0.0362365,0,86,86
44960,4488,0.0260884,0,76,76
44960,4489,0.0159409,0,65,65
44960,4490,0.00579415,0,55,55
44960,4491,-0.00435189,0,45,45
44960,4492,-0.0144972,0,35,35
44960,4493,-0.0246418,0,25,25
44960,4494,-0.0347856,0,15,15
44960,4495,-0.0449287,0,5,5
