time,particle_id,x,y,mesh_index,mesh_index_original
33430,3333,0.0470383,0,97,97
33430,3334,0.0369279,0,86,86
33430,3335,0.026818,0,76,76
33430,3336,0.0167087,0,66,66
33430,3337,0.00659979,0,56,56
33430,3338,-0.00350855,0,46,46
33430,3339,-0.0136164,0,36,36
33430,3340,-0.0237236,0,26,26
33430,3341,-0.0338304,0,16,16
33430,3342,-0.0439366,0,6,6
