time,particle_id,x,y,mesh_index,mesh_index_original
66540,6644,0.0450152,0,95,95
66540,6645,0.0347941,0,84,84
66540,6646,0.024574,0,74,74
66540,6647,0.0143549,0,64,64
66540,6648,0.00413695,0,54,54
66540,6649,-0.00607995,0,43,43
66540,6650,-0.0162958,0,33,33
66540,6651,-0.0265104,0,23,23
66540,6652,-0.036724,0,13,13
66540,6653,-0.0469365,0,3,3
