time,particle_id,x,y,mesh_index,mesh_index_original
57280,5718,0.0457506,0,95,95
57280,5719,0.0355605,0,85,85
57280,5720,0.0253713,0,75,75
57280,5721,0.015183,0,65,65
57280,5722,0.00499564,0,54,54
57280,5723,-0.00519082,0,44,44
57280,5724,-0.0153763,0,34,34
57280,5725,-0.0255609,0,24,24
57280,5726,-0.0357445,0,14,14
57280,5727,-0.0459272,0,4,4
