time,particle_id,x,y,mesh_index,mesh_index_original
90560,9046,0.0426645,0,92,92
90560,9047,0.0323625,0,82,82
90560,9048,0.0220619,0,72,72
90560,9049,0.0117628,0,61,61
90560,9050,0.00146523,0,51,51
90560,9051,-0.00883088,0,41,41
90560,9052,-0.0191255,0,30,30
90560,9053,-0.0294185,0,20,20
90560,9054,-0.03971,0,10,10
