time,particle_id,x,y,mesh_index,mesh_index_original
68240,6814,0.0450674,0,95,95
68240,6815,0.0348405,0,84,84
68240,6816,0.0246147,0,74,74
68240,6817,0.01439,0,64,64
68240,6818,0.00416638,0,54,54
68240,6819,-0.00605614,0,43,43
68240,6820,-0.0162775,0,33,33
68240,6821,-0.0264978,0,23,23
68240,6822,-0.0367169,0,13,13
68240,6823,-0.0469348,0,3,3
