time,particle_id,x,y,mesh_index,mesh_index_original
31170,3107,0.0469676,0,96,96
31170,3108,0.0368647,0,86,86
31170,3109,0.0267623,0,76,76
31170,3110,0.0166604,0,66,66
31170,3111,0.00655892,0,56,56
31170,3112,-0.00354204,0,46,46
31170,3113,-0.0136425,0,36,36
31170,3114,-0.0237425,0,26,26
31170,3115,-0.0338419,0,16,16
31170,3116,-0.0439409,0,6,6
