time,particle_id,x,y,mesh_index,mesh_index_original
9740,964,0.0493088,0,99,99
9740,965,0.039277,0,89,89
9740,966,0.0292453,0,79,79
9740,967,0.0192138,0,69,69
9740,968,0.0091824,0,59,59
9740,969,-0.000848868,0,49,49
9740,970,-0.01088,0,39,39
9740,971,-0.020911,0,29,29
9740,972,-0.0309418,0,19,19
9740,973,-0.0409725,0,9,9
