time,particle_id,x,y,mesh_index,mesh_index_original
13610,1351,0.0484285,0,98,98
13610,1352,0.0383839,0,88,88
13610,1353,0.0283395,0,78,78
13610,1354,0.0182953,0,68,68
13610,1355,0.00825125,0,58,58
13610,1356,-0.00179256,0,48,48
13610,1357,-0.0118362,0,38,38
13610,1358,-0.0218796,0,28,28
13610,1359,-0.0319228,0,18,18
13610,1360,-0.0419658,0,8,8
