time,particle_id,x,y,mesh_index,mesh_index_original
38300,3820,0.0471911,0,97,97
38300,3821,0.0370644,0,87,87
38300,3822,0.0269383,0,76,76
38300,3823,0.0168129,0,66,66
38300,3824,0.00668797,0,56,56
38300,3825,-0.0034363,0,46,46
38300,3826,-0.01356,0,36,36
38300,3827,-0.023683,0,26,26
38300,3828,-0.0338054,0,16,16
38300,3829,-0.0439272,0,6,6
