time,particle_id,x,y,mesh_index,mesh_index_original
37310,3721,0.04716,0,97,97
37310,3722,0.0370366,0,87,87
37310,3723,0.0269139,0,76,76
37310,3724,0.0167917,0,66,66
37310,3725,0.00667003,0,56,56
37310,3726,-0.003451,0,46,46
37310,3727,-0.0135714,0,36,36
37310,3728,-0.0236913,0,26,26
37310,3729,-0.0338105,0,16,16
37310,3730,-0.0439291,0,6,6
