time,particle_id,x,y,mesh_index,mesh_index_original
79690,7959,0.0443931,0,94,94
79690,7960,0.0341276,0,84,84
79690,7961,0.0238634,0,73,73
79690,7962,0.0136005,0,63,63
79690,7963,0.00333894,0,53,53
79690,7964,-0.00692136,0,43,43
79690,7965,-0.0171803,0,32,32
79690,7966,-0.027438,0,22,22
79690,7967,-0.0376943,0,12,12
79690,7968,-0.0479492,0,2,2
