time,particle_id,x,y,mesh_index,mesh_index_original
85850,8575,0.0435524,0,93,93
85850,8576,0.0332662,0,83,83
85850,8577,0.0229814,0,72,72
85850,8578,0.012698,0,62,62
85850,8579,0.00241595,0,52,52
85850,8580,-0.00786466,0,42,42
85850,8581,-0.0181438,0,31,31
85850,8582,-0.0284216,0,21,21
85850,8583,-0.0386978,0,11,11
85850,8584,-0.0489726,0,1,1
