time,particle_id,x,y,mesh_index,mesh_index_original
25310,2521,0.0477927,0,97,97
25310,2522,0.0377093,0,87,87
25310,2523,0.0276262,0,77,77
25310,2524,0.0175436,0,67,67
25310,2525,0.00746131,0,57,57
25310,2526,-0.00262056,0,47,47
25310,2527,-0.012702,0,37,37
25310,2528,-0.0227831,0,27,27
25310,2529,-0.0328638,0,17,17
25310,2530,-0.0429441,0,7,7
