time,particle_id,x,y,mesh_index,mesh_index_original
97310,9721,0.0428667,0,92,92
97310,9722,0.0325418,0,82,82
97310,9723,0.0222184,0,72,72
97310,9724,0.0118966,0,61,61
97310,9725,0.0015764,0,51,51
97310,9726,-0.00874218,0,41,41
97310,9727,-0.0190591,0,30,30
97310,9728,-0.0293744,0,20,20
97310,9729,-0.0396881,0,10,10
