time,particle_id,x,y,mesh_index,mesh_index_original
12040,1194,0.0483786,0,98,98
12040,1195,0.0383392,0,88,88
12040,1196,0.0283,0,78,78
12040,1197,0.0182609,0,68,68
12040,1198,0.00822203,0,58,58
12040,1199,-0.00181669,0,48,48
12040,1200,-0.0118552,0,38,38
12040,1201,-0.0218936,0,28,28
12040,1202,-0.0319318,0,18,18
12040,1203,-0.0419697,0,8,8
