time,particle_id,x,y,mesh_index,mesh_index_original
1240,114,0.0490367,0,99,99
1240,115,0.039033,0,89,89
1240,116,0.0290292,0,79,79
1240,117,0.0190255,0,69,69
1240,118,0.00902182,0,59,59
1240,119,-0.000981887,0,49,49
1240,120,-0.0109856,0,39,39
1240,121,-0.0209893,0,29,29
1240,122,-0.030993,0,19,19
1240,123,-0.0409967,0,9,9
