time,particle_id,x,y,mesh_index,mesh_index_original
46230,4613,0.0464249,0,96,96
46230,4614,0.0362718,0,86,86
46230,4615,0.0261194,0,76,76
46230,4616,0.0159677,0,65,65
46230,4617,0.0058168,0,55,55
46230,4618,-0.0043334,0,45,45
46230,4619,-0.0144829,0,35,35
46230,4620,-0.0246316,0,25,25
46230,4621,-0.0347795,0,15,15
46230,4622,-0.0449267,0,5,5
