time,particle_id,x,y,mesh_index,mesh_index_original
18660,1856,0.0485891,0,98,98
18660,1857,0.0385278,0,88,88
18660,1858,0.0284667,0,78,78
18660,1859,0.0184059,0,68,68
18660,1860,0.00834536,0,58,58
18660,1861,-0.00171488,0,48,48
18660,1862,-0.0117748,0,38,38
18660,1863,-0.0218345,0,28,28
18660,1864,-0.0318939,0,18,18
18660,1865,-0.041953,0,8,8
