time,particle_id,x,y,mesh_index,mesh_index_original
89230,8913,0.0436546,0,93,93
89230,8914,0.0333569,0,83,83
89230,8915,0.0230607,0,73,73
89230,8916,0.0127659,0,62,62
89230,8917,0.00247262,0,52,52
89230,8918,-0.00781922,0,42,42
89230,8919,-0.0181096,0,31,31
89230,8920,-0.0283984,0,21,21
89230,8921,-0.0386857,0,11,11
89230,8922,-0.0489715,0,1,1
