time,particle_id,x,y,mesh_index,mesh_index_original
53120,5302,0.045622,0,95,95
53120,5303,0.0354459,0,85,85
53120,5304,0.0252706,0,75,75
53120,5305,0.0150962,0,65,65
53120,5306,0.00492255,0,54,54
53120,5307,-0.00525021,0,44,44
53120,5308,-0.0154221,0,34,34
53120,5309,-0.0255931,0,24,24
53120,5310,-0.0357633,0,14,14
53120,5311,-0.0459325,0,4,4
