time,particle_id,x,y,mesh_index,mesh_index_original
4450,435,0.0491393,0,99,99
4450,436,0.039125,0,89,89
4450,437,0.0291108,0,79,79
4450,438,0.0190966,0,69,69
4450,439,0.00908241,0,59,59
4450,440,-0.000931699,0,49,49
4450,441,-0.0109457,0,39,39
4450,442,-0.0209597,0,29,29
4450,443,-0.0309737,0,19,19
4450,444,-0.0409876,0,9,9
