time,particle_id,x,y,mesh_index,mesh_index_original
72490,7239,0.0441738,0,94,94
72490,7240,0.0339327,0,83,83
72490,7241,0.0236927,0,73,73
72490,7242,0.0134539,0,63,63
72490,7243,0.0032163,0,53,53
72490,7244,-0.00702014,0,42,42
72490,7245,-0.0172554,0,32,32
72490,7246,-0.0274894,0,22,22
72490,7247,-0.0377222,0,12,12
72490,7248,-0.0479538,0,2,2
