time,particle_id,x,y,mesh_index,mesh_index_original
78680,7858,0.0443623,0,94,94
78680,7859,0.0341002,0,84,84
78680,7860,0.0238395,0,73,73
78680,7861,0.01358,0,63,63
78680,7862,0.00332172,0,53,53
78680,7863,-0.00693523,0,43,43
78680,7864,-0.0171909,0,32,32
78680,7865,-0.0274452,0,22,22
78680,7866,-0.0376982,0,12,12
78680,7867,-0.0479498,0,2,2
