time,particle_id,x,y,mesh_index,mesh_index_original
43090,4299,0.0463272,0,96,96
43090,4300,0.0361846,0,86,86
43090,4301,0.0260427,0,76,76
43090,4302,0.0159014,0,65,65
43090,4303,0.0057608,0,55,55
43090,4304,-0.0043791,0,45,45
43090,4305,-0.0145183,0,35,35
43090,4306,-0.0246568,0,25,25
43090,4307,-0.0347946,0,15,15
43090,4308,-0.0449317,0,5,5
