time,particle_id,x,y,mesh_index,mesh_index_original
31380,3128,0.0469741,0,96,96
31380,3129,0.0368706,0,86,86
31380,3130,0.0267675,0,76,76
31380,3131,0.0166648,0,66,66
31380,3132,0.00656271,0,56,56
31380,3133,-0.00353893,0,46,46
31380,3134,-0.0136401,0,36,36
31380,3135,-0.0237407,0,26,26
31380,3136,-0.0338408,0,16,16
31380,3137,-0.0439405,0,6,6
