time,particle_id,x,y,mesh_index,mesh_index_original
8130,803,0.0492572,0,99,99
8130,804,0.0392307,0,89,89
8130,805,0.0292044,0,79,79
8130,806,0.0191781,0,69,69
8130,807,0.00915194,0,59,59
8130,808,-0.000874093,0,49,49
8130,809,-0.0109,0,39,39
8130,810,-0.0209258,0,29,29
8130,811,-0.0309515,0,19,19
8130,812,-0.0409771,0,9,9
