time,particle_id,x,y,mesh_index,mesh_index_original
20640,2054,0.0476453,0,97,97
20640,2055,0.0375774,0,87,87
20640,2056,0.0275098,0,77,77
20640,2057,0.0174426,0,67,67
20640,2058,0.0073756,0,57,57
20640,2059,-0.00269105,0,47,47
20640,2060,-0.0127574,0,37,37
20640,2061,-0.0228234,0,27,27
20640,2062,-0.0328891,0,17,17
20640,2063,-0.0429544,0,7,7
