time,particle_id,x,y,mesh_index,mesh_index_original
30310,3021,0.0469406,0,96,96
30310,3022,0.0368406,0,86,86
30310,3023,0.0267411,0,76,76
30310,3024,0.016642,0,66,66
30310,3025,0.00654337,0,56,56
30310,3026,-0.00355477,0,46,46
30310,3027,-0.0136524,0,36,36
30310,3028,-0.0237496,0,26,26
30310,3029,-0.0338463,0,16,16
30310,3030,-0.0439425,0,6,6
