time,particle_id,x,y,mesh_index,mesh_index_original
40780,4068,0.0462554,0,96,96
40780,4069,0.0361205,0,86,86
40780,4070,0.0259862,0,75,75
40780,4071,0.0158526,0,65,65
40780,4072,0.00571965,0,55,55
40780,4073,-0.00441269,0,45,45
40780,4074,-0.0145444,0,35,35
40780,4075,-0.0246754,0,25,25
40780,4076,-0.0348057,0,15,15
40780,4077,-0.0449354,0,5,5
