time,particle_id,x,y,mesh_index,mesh_index_original
50880,5078,0.0455529,0,95,95
50880,5079,0.0353843,0,85,85
50880,5080,0.0252165,0,75,75
50880,5081,0.0150495,0,65,65
50880,5082,0.00488324,0,54,54
50880,5083,-0.00528216,0,44,44
50880,5084,-0.0154467,0,34,34
50880,5085,-0.0256105,0,24,24
50880,5086,-0.0357734,0,14,14
50880,5087,-0.0459354,0,4,4
