time,particle_id,x,y,mesh_index,mesh_index_original
91360,9126,0.0426884,0,92,92
91360,9127,0.0323837,0,82,82
91360,9128,0.0220804,0,72,72
91360,9129,0.0117787,0,61,61
91360,9130,0.00147839,0,51,51
91360,9131,-0.00882038,0,41,41
91360,9132,-0.0191176,0,30,30
91360,9133,-0.0294133,0,20,20
91360,9134,-0.0397074,0,10,10
