time,particle_id,x,y,mesh_index,mesh_index_original
53810,5371,0.0456434,0,95,95
53810,5372,0.0354649,0,85,85
53810,5373,0.0252873,0,75,75
53810,5374,0.0151106,0,65,65
53810,5375,0.00493467,0,54,54
53810,5376,-0.00524037,0,44,44
53810,5377,-0.0154145,0,34,34
53810,5378,-0.0255878,0,24,24
53810,5379,-0.0357602,0,14,14
53810,5380,-0.0459317,0,4,4
