time,particle_id,x,y,mesh_index,mesh_index_original
77840,7774,0.0443367,0,94,94
77840,7775,0.0340775,0,84,84
77840,7776,0.0238195,0,73,73
77840,7777,0.0135628,0,63,63
77840,7778,0.0033074,0,53,53
77840,7779,-0.00694676,0,43,43
77840,7780,-0.0171996,0,32,32
77840,7781,-0.0274512,0,22,22
77840,7782,-0.0377015,0,12,12
77840,7783,-0.0479504,0,2,2
