time,particle_id,x,y,mesh_index,mesh_index_original
99810,9971,0.0429418,0,92,92
99810,9972,0.0326083,0,82,82
99810,9973,0.0222764,0,72,72
99810,9974,0.0119462,0,61,61
99810,9975,0.00161764,0,51,51
99810,9976,-0.00870928,0,41,41
99810,9977,-0.0190345,0,30,30
99810,9978,-0.0293581,0,20,20
99810,9979,-0.0396799,0,10,10
