time,particle_id,x,y,mesh_index,mesh_index_original
49070,4897,0.0465134,0,96,96
49070,4898,0.0363508,0,86,86
49070,4899,0.0261889,0,76,76
49070,4900,0.0160278,0,66,66
49070,4901,0.0058675,0,55,55
49070,4902,-0.00429203,0,45,45
49070,4903,-0.0144508,0,35,35
49070,4904,-0.0246087,0,25,25
49070,4905,-0.0347658,0,15,15
49070,4906,-0.0449222,0,5,5
