time,particle_id,x,y,mesh_index,mesh_index_original
97860,9776,0.0428832,0,92,92
97860,9777,0.0325564,0,82,82
97860,9778,0.0222312,0,72,72
97860,9779,0.0119075,0,61,61
97860,9780,0.00158547,0,51,51
97860,9781,-0.00873495,0,41,41
97860,9782,-0.0190537,0,30,30
97860,9783,-0.0293708,0,20,20
97860,9784,-0.0396863,0,10,10
