time,particle_id,x,y,mesh_index,mesh_index_original
32960,3286,0.0470236,0,97,97
32960,3287,0.0369148,0,86,86
32960,3288,0.0268064,0,76,76
32960,3289,0.0166986,0,66,66
32960,3290,0.00659128,0,56,56
32960,3291,-0.00351552,0,46,46
32960,3292,-0.0136218,0,36,36
32960,3293,-0.0237276,0,26,26
32960,3294,-0.0338328,0,16,16
32960,3295,-0.0439375,0,6,6
