time,particle_id,x,y,mesh_index,mesh_index_original
94290,9419,0.0427762,0,92,92
94290,9420,0.0324615,0,82,82
94290,9421,0.0221483,0,72,72
94290,9422,0.0118367,0,61,61
94290,9423,0.00152663,0,51,51
94290,9424,-0.00878189,0,41,41
94290,9425,-0.0190888,0,30,30
94290,9426,-0.0293942,0,20,20
94290,9427,-0.0396979,0,10,10
