time,particle_id,x,y,mesh_index,mesh_index_original
17370,1727,0.048548,0,98,98
17370,1728,0.038491,0,88,88
17370,1729,0.0284342,0,78,78
17370,1730,0.0183776,0,68,68
17370,1731,0.0083213,0,58,58
17370,1732,-0.00173474,0,48,48
17370,1733,-0.0117905,0,38,38
17370,1734,-0.021846,0,28,28
17370,1735,-0.0319013,0,18,18
17370,1736,-0.0419562,0,8,8
