time,particle_id,x,y,mesh_index,mesh_index_original
24220,2412,0.0477583,0,97,97
24220,2413,0.0376785,0,87,87
24220,2414,0.027599,0,77,77
24220,2415,0.01752,0,67,67
24220,2416,0.00744129,0,57,57
24220,2417,-0.00263703,0,47,47
24220,2418,-0.012715,0,37,37
24220,2419,-0.0227925,0,27,27
24220,2420,-0.0328697,0,17,17
24220,2421,-0.0429465,0,7,7
