time,particle_id,x,y,mesh_index,mesh_index_original
34510,3441,0.0470722,0,97,97
34510,3442,0.0369582,0,86,86
34510,3443,0.0268447,0,76,76
34510,3444,0.0167317,0,66,66
34510,3445,0.00661933,0,56,56
34510,3446,-0.00349254,0,46,46
34510,3447,-0.0136039,0,36,36
34510,3448,-0.0237146,0,26,26
34510,3449,-0.0338248,0,16,16
34510,3450,-0.0439345,0,6,6
