time,particle_id,x,y,mesh_index,mesh_index_original
55000,5490,0.0456801,0,95,95
55000,5491,0.0354977,0,85,85
55000,5492,0.0253161,0,75,75
55000,5493,0.0151354,0,65,65
55000,5494,0.00495557,0,54,54
55000,5495,-0.00522338,0,44,44
55000,5496,-0.0154014,0,34,34
55000,5497,-0.0255786,0,24,24
55000,5498,-0.0357548,0,14,14
55000,5499,-0.0459301,0,4,4
