time,particle_id,x,y,mesh_index,mesh_index_original
74320,7422,0.0442295,0,94,94
74320,7423,0.0339822,0,83,83
74320,7424,0.0237361,0,73,73
74320,7425,0.0134912,0,63,63
74320,7426,0.00324744,0,53,53
74320,7427,-0.00699506,0,43,43
74320,7428,-0.0172363,0,32,32
74320,7429,-0.0274764,0,22,22
74320,7430,-0.0377151,0,12,12
74320,7431,-0.0479527,0,2,2
