time,particle_id,x,y,mesh_index,mesh_index_original
66380,6628,0.0450103,0,95,95
66380,6629,0.0347897,0,84,84
66380,6630,0.0245701,0,74,74
66380,6631,0.0143516,0,64,64
66380,6632,0.00413418,0,54,54
66380,6633,-0.00608219,0,43,43
66380,6634,-0.0162975,0,33,33
66380,6635,-0.0265116,0,23,23
66380,6636,-0.0367247,0,13,13
66380,6637,-0.0469366,0,3,3
