time,particle_id,x,y,mesh_index,mesh_index_original
52070,5197,0.0455896,0,95,95
52070,5198,0.035417,0,85,85
52070,5199,0.0252452,0,75,75
52070,5200,0.0150743,0,65,65
52070,5201,0.00490412,0,54,54
52070,5202,-0.00526519,0,44,44
52070,5203,-0.0154337,0,34,34
52070,5204,-0.0256013,0,24,24
52070,5205,-0.035768,0,14,14
52070,5206,-0.0459339,0,4,4
