time,particle_id,x,y,mesh_index,mesh_index_original
58510,5841,0.0457886,0,95,95
58510,5842,0.0355944,0,85,85
58510,5843,0.0254011,0,75,75
58510,5844,0.0152087,0,65,65
58510,5845,0.00501727,0,55,55
58510,5846,-0.00517324,0,44,44
58510,5847,-0.0153628,0,34,34
58510,5848,-0.0255514,0,24,24
58510,5849,-0.035739,0,14,14
58510,5850,-0.0459256,0,4,4
