time,particle_id,x,y,mesh_index,mesh_index_original
48330,4823,0.0464903,0,96,96
48330,4824,0.0363302,0,86,86
48330,4825,0.0261708,0,76,76
48330,4826,0.0160122,0,66,66
48330,4827,0.00585429,0,55,55
48330,4828,-0.00430281,0,45,45
48330,4829,-0.0144591,0,35,35
48330,4830,-0.0246147,0,25,25
48330,4831,-0.0347694,0,15,15
48330,4832,-0.0449233,0,5,5
