time,particle_id,x,y,mesh_index,mesh_index_original
42670,4257,0.0463141,0,96,96
42670,4258,0.0361729,0,86,86
42670,4259,0.0260324,0,76,76
42670,4260,0.0158925,0,65,65
42670,4261,0.00575332,0,55,55
42670,4262,-0.00438521,0,45,45
42670,4263,-0.0145231,0,35,35
42670,4264,-0.0246602,0,25,25
42670,4265,-0.0347967,0,15,15
42670,4266,-0.0449324,0,5,5
