time,particle_id,x,y,mesh_index,mesh_index_original
16130,1603,0.0485086,0,98,98
16130,1604,0.0384556,0,88,88
16130,1605,0.0284029,0,78,78
16130,1606,0.0183504,0,68,68
16130,1607,0.00829819,0,58,58
16130,1608,-0.00175382,0,48,48
16130,1609,-0.0118056,0,38,38
16130,1610,-0.0218571,0,28,28
16130,1611,-0.0319084,0,18,18
16130,1612,-0.0419594,0,8,8
