time,particle_id,x,y,mesh_index,mesh_index_original
93530,9343,0.0427534,0,92,92
93530,9344,0.0324413,0,82,82
93530,9345,0.0221307,0,72,72
93530,9346,0.0118216,0,61,61
93530,9347,0.00151411,0,51,51
93530,9348,-0.00879188,0,41,41
93530,9349,-0.0190963,0,30,30
93530,9350,-0.0293991,0,20,20
93530,9351,-0.0397004,0,10,10
