time,particle_id,x,y,mesh_index,mesh_index_original
99360,9926,0.0429283,0,92,92
99360,9927,0.0325963,0,82,82
99360,9928,0.022266,0,72,72
99360,9929,0.0119373,0,61,61
99360,9930,0.00161021,0,51,51
99360,9931,-0.00871521,0,41,41
99360,9932,-0.019039,0,30,30
99360,9933,-0.029361,0,20,20
99360,9934,-0.0396814,0,10,10
