time,particle_id,x,y,mesh_index,mesh_index_original
42850,4275,0.0463197,0,96,96
42850,4276,0.0361779,0,86,86
42850,4277,0.0260368,0,76,76
42850,4278,0.0158963,0,65,65
42850,4279,0.00575653,0,55,55
42850,4280,-0.00438259,0,45,45
42850,4281,-0.014521,0,35,35
42850,4282,-0.0246588,0,25,25
42850,4283,-0.0347958,0,15,15
42850,4284,-0.0449321,0,5,5
