time,particle_id,x,y,mesh_index,mesh_index_original
10190,1009,0.0483199,0,98,98
10190,1010,0.0382866,0,88,88
10190,1011,0.0282535,0,78,78
10190,1012,0.0182205,0,68,68
10190,1013,0.00818761,0,58,58
10190,1014,-0.00184509,0,48,48
10190,1015,-0.0118777,0,38,38
10190,1016,-0.0219101,0,28,28
10190,1017,-0.0319423,0,18,18
10190,1018,-0.0419744,0,8,8
