time,particle_id,x,y,mesh_index,mesh_index_original
29550,2945,0.0479266,0,97,97
29550,2946,0.0378291,0,87,87
29550,2947,0.027732,0,77,77
29550,2948,0.0176354,0,67,67
29550,2949,0.00753925,0,57,57
29550,2950,-0.00255646,0,47,47
29550,2951,-0.0126517,0,37,37
29550,2952,-0.0227465,0,27,27
29550,2953,-0.0328408,0,17,17
29550,2954,-0.0429346,0,7,7
