time,particle_id,x,y,mesh_index,mesh_index_original
40700,4060,0.0462529,0,96,96
40700,4061,0.0361183,0,86,86
40700,4062,0.0259843,0,75,75
40700,4063,0.0158509,0,65,65
40700,4064,0.00571822,0,55,55
40700,4065,-0.00441385,0,45,45
40700,4066,-0.0145453,0,35,35
40700,4067,-0.024676,0,25,25
40700,4068,-0.0348061,0,15,15
40700,4069,-0.0449355,0,5,5
