time,particle_id,x,y,mesh_index,mesh_index_original
47740,4764,0.046472,0,96,96
47740,4765,0.0363138,0,86,86
47740,4766,0.0261564,0,76,76
47740,4767,0.0159997,0,65,65
47740,4768,0.00584375,0,55,55
47740,4769,-0.00431141,0,45,45
47740,4770,-0.0144658,0,35,35
47740,4771,-0.0246194,0,25,25
47740,4772,-0.0347722,0,15,15
47740,4773,-0.0449243,0,5,5
