time,particle_id,x,y,mesh_index,mesh_index_original
97980,9788,0.0428868,0,92,92
97980,9789,0.0325596,0,82,82
97980,9790,0.022234,0,72,72
97980,9791,0.0119099,0,61,61
97980,9792,0.00158745,0,51,51
97980,9793,-0.00873337,0,41,41
97980,9794,-0.0190525,0,30,30
97980,9795,-0.02937,0,20,20
97980,9796,-0.0396859,0,10,10
