time,particle_id,x,y,mesh_index,mesh_index_original
43150,4305,0.0463291,0,96,96
43150,4306,0.0361863,0,86,86
43150,4307,0.0260441,0,76,76
43150,4308,0.0159027,0,65,65
43150,4309,0.00576187,0,55,55
43150,4310,-0.00437823,0,45,45
43150,4311,-0.0145176,0,35,35
43150,4312,-0.0246563,0,25,25
43150,4313,-0.0347943,0,15,15
43150,4314,-0.0449316,0,5,5
