time,particle_id,x,y,mesh_index,mesh_index_original
27380,2728,0.0478581,0,97,97
27380,2729,0.0377678,0,87,87
27380,2730,0.0276779,0,77,77
27380,2731,0.0175884,0,67,67
27380,2732,0.00749935,0,57,57
27380,2733,-0.00258928,0,47,47
27380,2734,-0.0126775,0,37,37
27380,2735,-0.0227652,0,27,27
27380,2736,-0.0328526,0,17,17
27380,2737,-0.0429394,0,7,7
