time,particle_id,x,y,mesh_index,mesh_index_original
3650,355,0.0491137,0,99,99
3650,356,0.0391021,0,89,89
3650,357,0.0290904,0,79,79
3650,358,0.0190789,0,69,69
3650,359,0.0090673,0,59,59
3650,360,-0.000944212,0,49,49
3650,361,-0.0109557,0,39,39
3650,362,-0.0209671,0,29,29
3650,363,-0.0309785,0,19,19
3650,364,-0.0409898,0,9,9
