time,particle_id,x,y,mesh_index,mesh_index_original
64530,6443,0.0449536,0,94,94
64530,6444,0.0347392,0,84,84
64530,6445,0.0245258,0,74,74
64530,6446,0.0143135,0,64,64
64530,6447,0.00410217,0,54,54
64530,6448,-0.00610809,0,43,43
64530,6449,-0.0163173,0,33,33
64530,6450,-0.0265254,0,23,23
64530,6451,-0.0367325,0,13,13
64530,6452,-0.0469384,0,3,3
