time,particle_id,x,y,mesh_index,mesh_index_original
31990,3189,0.0469932,0,96,96
31990,3190,0.0368876,0,86,86
31990,3191,0.0267825,0,76,76
31990,3192,0.0166779,0,66,66
31990,3193,0.00657374,0,56,56
31990,3194,-0.00352989,0,46,46
31990,3195,-0.013633,0,36,36
31990,3196,-0.0237356,0,26,26
31990,3197,-0.0338377,0,16,16
31990,3198,-0.0439393,0,6,6
