time,particle_id,x,y,mesh_index,mesh_index_original
66880,6678,0.0450257,0,95,95
66880,6679,0.0348034,0,84,84
66880,6680,0.0245821,0,74,74
66880,6681,0.0143619,0,64,64
66880,6682,0.00414283,0,54,54
66880,6683,-0.00607519,0,43,43
66880,6684,-0.0162921,0,33,33
66880,6685,-0.0265079,0,23,23
66880,6686,-0.0367226,0,13,13
66880,6687,-0.0469362,0,3,3
