time,particle_id,x,y,mesh_index,mesh_index_original
29940,2984,0.047939,0,97,97
29940,2985,0.0378402,0,87,87
29940,2986,0.0277418,0,77,77
29940,2987,0.0176439,0,67,67
29940,2988,0.00754642,0,57,57
29940,2989,-0.00255056,0,47,47
29940,2990,-0.0126471,0,37,37
29940,2991,-0.0227431,0,27,27
29940,2992,-0.0328387,0,17,17
29940,2993,-0.0429337,0,7,7
