time,particle_id,x,y,mesh_index,mesh_index_original
51430,5133,0.0455699,0,95,95
51430,5134,0.0353994,0,85,85
51430,5135,0.0252298,0,75,75
51430,5136,0.0150609,0,65,65
51430,5137,0.00489289,0,54,54
51430,5138,-0.00527432,0,44,44
51430,5139,-0.0154407,0,34,34
51430,5140,-0.0256062,0,24,24
51430,5141,-0.0357709,0,14,14
51430,5142,-0.0459347,0,4,4
