time,particle_id,x,y,mesh_index,mesh_index_original
90430,9033,0.0426606,0,92,92
90430,9034,0.032359,0,82,82
90430,9035,0.0220589,0,72,72
90430,9036,0.0117603,0,61,61
90430,9037,0.00146309,0,51,51
90430,9038,-0.00883259,0,41,41
90430,9039,-0.0191268,0,30,30
90430,9040,-0.0294194,0,20,20
90430,9041,-0.0397105,0,10,10
