time,particle_id,x,y,mesh_index,mesh_index_original
92800,9270,0.0427316,0,92,92
92800,9271,0.0324219,0,82,82
92800,9272,0.0221138,0,72,72
92800,9273,0.0118072,0,61,61
92800,9274,0.00150209,0,51,51
92800,9275,-0.00880147,0,41,41
92800,9276,-0.0191035,0,30,30
92800,9277,-0.0294039,0,20,20
92800,9278,-0.0397028,0,10,10
