time,particle_id,x,y,mesh_index,mesh_index_original
85360,8526,0.0435376,0,93,93
85360,8527,0.033253,0,83,83
85360,8528,0.0229699,0,72,72
85360,8529,0.0126881,0,62,62
85360,8530,0.00240773,0,52,52
85360,8531,-0.00787124,0,42,42
85360,8532,-0.0181488,0,31,31
85360,8533,-0.0284249,0,21,21
85360,8534,-0.0386996,0,11,11
85360,8535,-0.0489728,0,1,1
