time,particle_id,x,y,mesh_index,mesh_index_original
18300,1820,0.0485776,0,98,98
18300,1821,0.0385175,0,88,88
18300,1822,0.0284576,0,78,78
18300,1823,0.018398,0,68,68
18300,1824,0.00833865,0,58,58
18300,1825,-0.00172042,0,48,48
18300,1826,-0.0117792,0,38,38
18300,1827,-0.0218377,0,28,28
18300,1828,-0.0318959,0,18,18
18300,1829,-0.0419539,0,8,8
