time,particle_id,x,y,mesh_index,mesh_index_original
31860,3176,0.0469892,0,96,96
31860,3177,0.036884,0,86,86
31860,3178,0.0267793,0,76,76
31860,3179,0.0166751,0,66,66
31860,3180,0.00657139,0,56,56
31860,3181,-0.00353182,0,46,46
31860,3182,-0.0136345,0,36,36
31860,3183,-0.0237367,0,26,26
31860,3184,-0.0338384,0,16,16
31860,3185,-0.0439396,0,6,6
