time,particle_id,x,y,mesh_index,mesh_index_original
50,0,1.29476e-07,0,50,50
50,1,-0.0109999,0,39,39
50,2,-0.021,0,29,29
50,3,-0.031,0,18,18
50,4,-0.041,0,8,8
