time,particle_id,x,y,mesh_index,mesh_index_original
34070,3397,0.0470584,0,97,97
34070,3398,0.0369459,0,86,86
34070,3399,0.0268338,0,76,76
34070,3400,0.0167223,0,66,66
34070,3401,0.00661137,0,56,56
34070,3402,-0.00349906,0,46,46
34070,3403,-0.013609,0,36,36
34070,3404,-0.0237183,0,26,26
34070,3405,-0.0338271,0,16,16
34070,3406,-0.0439353,0,6,6
