time,particle_id,x,y,mesh_index,mesh_index_original
72770,7267,0.0441823,0,94,94
72770,7268,0.0339403,0,83,83
72770,7269,0.0236994,0,73,73
72770,7270,0.0134596,0,63,63
72770,7271,0.00322107,0,53,53
72770,7272,-0.00701631,0,42,42
72770,7273,-0.0172525,0,32,32
72770,7274,-0.0274874,0,22,22
72770,7275,-0.0377212,0,12,12
72770,7276,-0.0479537,0,2,2
