time,particle_id,x,y,mesh_index,mesh_index_original
12330,1223,0.0483878,0,98,98
12330,1224,0.0383475,0,88,88
12330,1225,0.0283073,0,78,78
12330,1226,0.0182673,0,68,68
12330,1227,0.00822742,0,58,58
12330,1228,-0.00181223,0,48,48
12330,1229,-0.0118517,0,38,38
12330,1230,-0.021891,0,28,28
12330,1231,-0.0319301,0,18,18
12330,1232,-0.041969,0,8,8
