time,particle_id,x,y,mesh_index,mesh_index_original
81550,8145,0.0434225,0,93,93
81550,8146,0.0331509,0,83,83
81550,8147,0.0228806,0,72,72
81550,8148,0.0126116,0,62,62
81550,8149,0.00234394,0,52,52
81550,8150,-0.00792238,0,42,42
81550,8151,-0.0181874,0,31,31
81550,8152,-0.028451,0,21,21
81550,8153,-0.0387132,0,11,11
81550,8154,-0.048974,0,1,1
