time,particle_id,x,y,mesh_index,mesh_index_original
80520,8042,0.0433915,0,93,93
80520,8043,0.0331233,0,83,83
80520,8044,0.0228565,0,72,72
80520,8045,0.0125909,0,62,62
80520,8046,0.00232671,0,52,52
80520,8047,-0.0079362,0,42,42
80520,8048,-0.0181978,0,31,31
80520,8049,-0.028458,0,21,21
80520,8050,-0.0387168,0,11,11
80520,8051,-0.0489743,0,1,1
