time,particle_id,x,y,mesh_index,mesh_index_original
10090,999,0.04932,0,99,99
10090,1000,0.0382838,0,88,88
10090,1001,0.028251,0,78,78
10090,1002,0.0182183,0,68,68
10090,1003,0.00818576,0,58,58
10090,1004,-0.00184662,0,48,48
10090,1005,-0.0118789,0,38,38
10090,1006,-0.021911,0,28,28
10090,1007,-0.0319429,0,18,18
10090,1008,-0.0419747,0,8,8
