time,particle_id,x,y,mesh_index,mesh_index_original
71030,7093,0.0441294,0,94,94
71030,7094,0.0338932,0,83,83
71030,7095,0.0236582,0,73,73
71030,7096,0.0134242,0,63,63
71030,7097,0.00319147,0,53,53
71030,7098,-0.00704015,0,42,42
71030,7099,-0.0172706,0,32,32
71030,7100,-0.0274999,0,22,22
71030,7101,-0.0377279,0,12,12
71030,7102,-0.0479548,0,2,2
