time,particle_id,x,y,mesh_index,mesh_index_original
63150,6305,0.0449113,0,94,94
63150,6306,0.0347015,0,84,84
63150,6307,0.0244928,0,74,74
63150,6308,0.014285,0,64,64
63150,6309,0.00407831,0,54,54
63150,6310,-0.0061274,0,43,43
63150,6311,-0.0163321,0,33,33
63150,6312,-0.0265357,0,23,23
63150,6313,-0.0367383,0,13,13
63150,6314,-0.0469398,0,3,3
