time,particle_id,x,y,mesh_index,mesh_index_original
36690,3659,0.0471405,0,97,97
36690,3660,0.0370193,0,87,87
36690,3661,0.0268985,0,76,76
36690,3662,0.0167784,0,66,66
36690,3663,0.0066588,0,56,56
36690,3664,-0.0034602,0,46,46
36690,3665,-0.0135786,0,36,36
36690,3666,-0.0236965,0,26,26
36690,3667,-0.0338137,0,16,16
36690,3668,-0.0439303,0,6,6
