time,particle_id,x,y,mesh_index,mesh_index_original
61920,6182,0.0448736,0,94,94
61920,6183,0.034668,0,84,84
61920,6184,0.0244633,0,74,74
61920,6185,0.0142597,0,64,64
61920,6186,0.00405705,0,54,54
61920,6187,-0.0061446,0,43,43
61920,6188,-0.0163452,0,33,33
61920,6189,-0.0265448,0,23,23
61920,6190,-0.0367434,0,13,13
61920,6191,-0.0469409,0,3,3
