time,particle_id,x,y,mesh_index,mesh_index_original
50290,5019,0.0455347,0,95,95
50290,5020,0.0353681,0,85,85
50290,5021,0.0252022,0,75,75
50290,5022,0.0150372,0,65,65
50290,5023,0.00487289,0,54,54
50290,5024,-0.00529057,0,44,44
50290,5025,-0.0154532,0,34,34
50290,5026,-0.025615,0,24,24
50290,5027,-0.035776,0,14,14
50290,5028,-0.0459362,0,4,4
