time,particle_id,x,y,mesh_index,mesh_index_original
53500,5340,0.0456338,0,95,95
53500,5341,0.0354564,0,85,85
53500,5342,0.0252798,0,75,75
53500,5343,0.0151041,0,65,65
53500,5344,0.00492922,0,54,54
53500,5345,-0.00524479,0,44,44
53500,5346,-0.0154179,0,34,34
53500,5347,-0.0255902,0,24,24
53500,5348,-0.0357616,0,14,14
53500,5349,-0.0459321,0,4,4
