time,particle_id,x,y,mesh_index,mesh_index_original
67200,6710,0.0450355,0,95,95
67200,6711,0.0348121,0,84,84
67200,6712,0.0245898,0,74,74
67200,6713,0.0143685,0,64,64
67200,6714,0.00414837,0,54,54
67200,6715,-0.00607071,0,43,43
67200,6716,-0.0162887,0,33,33
67200,6717,-0.0265055,0,23,23
67200,6718,-0.0367213,0,13,13
67200,6719,-0.0469358,0,3,3
