time,particle_id,x,y,mesh_index,mesh_index_original
75770,7567,0.0442736,0,94,94
75770,7568,0.0340214,0,84,84
75770,7569,0.0237704,0,73,73
75770,7570,0.0135207,0,63,63
75770,7571,0.00327213,0,53,53
75770,7572,-0.00697517,0,43,43
75770,7573,-0.0172212,0,32,32
75770,7574,-0.027466,0,22,22
75770,7575,-0.0377095,0,12,12
75770,7576,-0.0479517,0,2,2
