time,particle_id,x,y,mesh_index,mesh_index_original
9440,934,0.0492992,0,99,99
9440,935,0.0392684,0,89,89
9440,936,0.0292377,0,79,79
9440,937,0.0192071,0,69,69
9440,938,0.00917672,0,59,59
9440,939,-0.000853569,0,49,49
9440,940,-0.0108837,0,39,39
9440,941,-0.0209137,0,29,29
9440,942,-0.0309436,0,19,19
9440,943,-0.0409734,0,9,9
