time,particle_id,x,y,mesh_index,mesh_index_original
19070,1897,0.0486022,0,98,98
19070,1898,0.0385394,0,88,88
19070,1899,0.028477,0,78,78
19070,1900,0.0184149,0,68,68
19070,1901,0.00835301,0,58,58
19070,1902,-0.00170857,0,48,48
19070,1903,-0.0117698,0,38,38
19070,1904,-0.0218308,0,28,28
19070,1905,-0.0318915,0,18,18
19070,1906,-0.0419519,0,8,8
