time,particle_id,x,y,mesh_index,mesh_index_original
57080,5698,0.0457444,0,95,95
57080,5699,0.035555,0,85,85
57080,5700,0.0253665,0,75,75
57080,5701,0.0151788,0,65,65
57080,5702,0.00499212,0,54,54
57080,5703,-0.00519367,0,44,44
57080,5704,-0.0153785,0,34,34
57080,5705,-0.0255625,0,24,24
57080,5706,-0.0357454,0,14,14
57080,5707,-0.0459275,0,4,4
