time,particle_id,x,y,mesh_index,mesh_index_original
11920,1182,0.0483748,0,98,98
11920,1183,0.0383358,0,88,88
11920,1184,0.028297,0,78,78
11920,1185,0.0182583,0,68,68
11920,1186,0.00821979,0,58,58
11920,1187,-0.00181853,0,48,48
11920,1188,-0.0118567,0,38,38
11920,1189,-0.0218946,0,28,28
11920,1190,-0.0319324,0,18,18
11920,1191,-0.04197,0,8,8
