time,particle_id,x,y,mesh_index,mesh_index_original
22200,2210,0.0476945,0,97,97
22200,2211,0.0376214,0,87,87
22200,2212,0.0275487,0,77,77
22200,2213,0.0174763,0,67,67
22200,2214,0.00740422,0,57,57
22200,2215,-0.00266752,0,47,47
22200,2216,-0.0127389,0,37,37
22200,2217,-0.02281,0,27,27
22200,2218,-0.0328806,0,17,17
22200,2219,-0.042951,0,7,7
