time,particle_id,x,y,mesh_index,mesh_index_original
17140,1704,0.0485407,0,98,98
17140,1705,0.0384844,0,88,88
17140,1706,0.0284284,0,78,78
17140,1707,0.0183726,0,68,68
17140,1708,0.00831702,0,58,58
17140,1709,-0.00173828,0,48,48
17140,1710,-0.0117933,0,38,38
17140,1711,-0.0218481,0,28,28
17140,1712,-0.0319026,0,18,18
17140,1713,-0.0419568,0,8,8
