time,particle_id,x,y,mesh_index,mesh_index_original
61930,6183,0.0448739,0,94,94
61930,6184,0.0346682,0,84,84
61930,6185,0.0244636,0,74,74
61930,6186,0.0142599,0,64,64
61930,6187,0.00405722,0,54,54
61930,6188,-0.00614446,0,43,43
61930,6189,-0.0163451,0,33,33
61930,6190,-0.0265448,0,23,23
61930,6191,-0.0367434,0,13,13
61930,6192,-0.0469409,0,3,3
