time,particle_id,x,y,mesh_index,mesh_index_original
5660,556,0.0491781,0,99,99
5660,557,0.0391598,0,89,89
5660,558,0.0291415,0,79,79
5660,559,0.0191234,0,69,69
5660,560,0.00910526,0,59,59
5660,561,-0.000912766,0,49,49
5660,562,-0.0109307,0,39,39
5660,563,-0.0209486,0,29,29
5660,564,-0.0309664,0,19,19
5660,565,-0.0409841,0,9,9
