time,particle_id,x,y,mesh_index,mesh_index_original
85420,8532,0.0435394,0,93,93
85420,8533,0.0332546,0,83,83
85420,8534,0.0229713,0,72,72
85420,8535,0.0126893,0,62,62
85420,8536,0.00240874,0,52,52
85420,8537,-0.00787043,0,42,42
85420,8538,-0.0181482,0,31,31
85420,8539,-0.0284245,0,21,21
85420,8540,-0.0386994,0,11,11
85420,8541,-0.0489727,0,1,1
