time,particle_id,x,y,mesh_index,mesh_index_original
5630,553,0.0491771,0,99,99
5630,554,0.0391589,0,89,89
5630,555,0.0291408,0,79,79
5630,556,0.0191227,0,69,69
5630,557,0.00910469,0,59,59
5630,558,-0.000913236,0,49,49
5630,559,-0.0109311,0,39,39
5630,560,-0.0209489,0,29,29
5630,561,-0.0309666,0,19,19
5630,562,-0.0409842,0,9,9
