time,particle_id,x,y,mesh_index,mesh_index_original
42880,4278,0.0463207,0,96,96
42880,4279,0.0361788,0,86,86
42880,4280,0.0260375,0,76,76
42880,4281,0.015897,0,65,65
42880,4282,0.00575706,0,55,55
42880,4283,-0.00438215,0,45,45
42880,4284,-0.0145207,0,35,35
42880,4285,-0.0246585,0,25,25
42880,4286,-0.0347956,0,15,15
42880,4287,-0.0449321,0,5,5
