time,particle_id,x,y,mesh_index,mesh_index_original
55950,5585,0.0457095,0,95,95
55950,5586,0.0355239,0,85,85
55950,5587,0.0253391,0,75,75
55950,5588,0.0151552,0,65,65
55950,5589,0.00497226,0,54,54
55950,5590,-0.00520981,0,44,44
55950,5591,-0.015391,0,34,34
55950,5592,-0.0255712,0,24,24
55950,5593,-0.0357505,0,14,14
55950,5594,-0.0459289,0,4,4
