time,particle_id,x,y,mesh_index,mesh_index_original
57040,5694,0.0457432,0,95,95
57040,5695,0.0355539,0,85,85
57040,5696,0.0253655,0,75,75
57040,5697,0.015178,0,65,65
57040,5698,0.00499142,0,54,54
57040,5699,-0.00519424,0,44,44
57040,5700,-0.015379,0,34,34
57040,5701,-0.0255628,0,24,24
57040,5702,-0.0357456,0,14,14
57040,5703,-0.0459275,0,4,4
