time,particle_id,x,y,mesh_index,mesh_index_original
94250,9415,0.042775,0,92,92
94250,9416,0.0324604,0,82,82
94250,9417,0.0221474,0,72,72
94250,9418,0.0118359,0,61,61
94250,9419,0.00152597,0,51,51
94250,9420,-0.00878242,0,41,41
94250,9421,-0.0190892,0,30,30
94250,9422,-0.0293944,0,20,20
94250,9423,-0.039698,0,10,10
