time,particle_id,x,y,mesh_index,mesh_index_original
38230,3813,0.0471889,0,97,97
38230,3814,0.0370624,0,87,87
38230,3815,0.0269366,0,76,76
38230,3816,0.0168114,0,66,66
38230,3817,0.0066867,0,56,56
38230,3818,-0.00343734,0,46,46
38230,3819,-0.0135608,0,36,36
38230,3820,-0.0236836,0,26,26
38230,3821,-0.0338058,0,16,16
38230,3822,-0.0439274,0,6,6
