time,particle_id,x,y,mesh_index,mesh_index_original
350,25,0.0490082,0,99,99
350,26,0.0390074,0,89,89
350,27,0.0290067,0,79,79
350,28,0.0190059,0,69,69
350,29,0.00900503,0,59,59
350,30,-0.000995792,0,49,49
350,31,-0.0109966,0,39,39
350,32,-0.0209975,0,29,29
350,33,-0.0309983,0,19,19
350,34,-0.0409992,0,9,9
