time,particle_id,x,y,mesh_index,mesh_index_original
52970,5287,0.0456174,0,95,95
52970,5288,0.0354418,0,85,85
52970,5289,0.025267,0,75,75
52970,5290,0.015093,0,65,65
52970,5291,0.00491992,0,54,54
52970,5292,-0.00525235,0,44,44
52970,5293,-0.0154238,0,34,34
52970,5294,-0.0255943,0,24,24
52970,5295,-0.035764,0,14,14
52970,5296,-0.0459327,0,4,4
