time,particle_id,x,y,mesh_index,mesh_index_original
4600,450,0.0491441,0,99,99
4600,451,0.0391293,0,89,89
4600,452,0.0291146,0,79,79
4600,453,0.0190999,0,69,69
4600,454,0.00908524,0,59,59
4600,455,-0.000929352,0,49,49
4600,456,-0.0109439,0,39,39
4600,457,-0.0209584,0,29,29
4600,458,-0.0309728,0,19,19
4600,459,-0.0409871,0,9,9
