time,particle_id,x,y,mesh_index,mesh_index_original
26780,2668,0.0478391,0,97,97
26780,2669,0.0377508,0,87,87
26780,2670,0.0276629,0,77,77
26780,2671,0.0175754,0,67,67
26780,2672,0.00748832,0,57,57
26780,2673,-0.00259835,0,47,47
26780,2674,-0.0126846,0,37,37
26780,2675,-0.0227704,0,27,27
26780,2676,-0.0328558,0,17,17
26780,2677,-0.0429408,0,7,7
