time,particle_id,x,y,mesh_index,mesh_index_original
66600,6650,0.0450171,0,95,95
66600,6651,0.0347957,0,84,84
66600,6652,0.0245754,0,74,74
66600,6653,0.0143562,0,64,64
66600,6654,0.00413798,0,54,54
66600,6655,-0.00607911,0,43,43
66600,6656,-0.0162951,0,33,33
66600,6657,-0.02651,0,23,23
66600,6658,-0.0367238,0,13,13
66600,6659,-0.0469364,0,3,3
