time,particle_id,x,y,mesh_index,mesh_index_original
24510,2441,0.0477674,0,97,97
24510,2442,0.0376867,0,87,87
24510,2443,0.0276063,0,77,77
24510,2444,0.0175263,0,67,67
24510,2445,0.00744662,0,57,57
24510,2446,-0.00263265,0,47,47
24510,2447,-0.0127115,0,37,37
24510,2448,-0.02279,0,27,27
24510,2449,-0.0328681,0,17,17
24510,2450,-0.0429458,0,7,7
