time,particle_id,x,y,mesh_index,mesh_index_original
77780,7768,0.0443348,0,94,94
77780,7769,0.0340759,0,84,84
77780,7770,0.0238181,0,73,73
77780,7771,0.0135616,0,63,63
77780,7772,0.00330638,0,53,53
77780,7773,-0.00694759,0,43,43
77780,7774,-0.0172003,0,32,32
77780,7775,-0.0274516,0,22,22
77780,7776,-0.0377017,0,12,12
77780,7777,-0.0479504,0,2,2
