time,particle_id,x,y,mesh_index,mesh_index_original
22590,2249,0.0477068,0,97,97
22590,2250,0.0376324,0,87,87
22590,2251,0.0275584,0,77,77
22590,2252,0.0174847,0,67,67
22590,2253,0.00741137,0,57,57
22590,2254,-0.00266163,0,47,47
22590,2255,-0.0127343,0,37,37
22590,2256,-0.0228066,0,27,27
22590,2257,-0.0328785,0,17,17
22590,2258,-0.0429501,0,7,7
