time,particle_id,x,y,mesh_index,mesh_index_original
89490,8939,0.0436624,0,93,93
89490,8940,0.0333639,0,83,83
89490,8941,0.0230668,0,73,73
89490,8942,0.0127712,0,62,62
89490,8943,0.00247698,0,52,52
89490,8944,-0.00781572,0,42,42
89490,8945,-0.0181069,0,31,31
89490,8946,-0.0283966,0,21,21
89490,8947,-0.0386848,0,11,11
89490,8948,-0.0489714,0,1,1
