time,particle_id,x,y,mesh_index,mesh_index_original
93550,9345,0.042754,0,92,92
93550,9346,0.0324419,0,82,82
93550,9347,0.0221312,0,72,72
93550,9348,0.011822,0,61,61
93550,9349,0.00151444,0,51,51
93550,9350,-0.00879162,0,41,41
93550,9351,-0.0190961,0,30,30
93550,9352,-0.029399,0,20,20
93550,9353,-0.0397003,0,10,10
