time,particle_id,x,y,mesh_index,mesh_index_original
14580,1448,0.0484593,0,98,98
14580,1449,0.0384115,0,88,88
14580,1450,0.0283639,0,78,78
14580,1451,0.0183165,0,68,68
14580,1452,0.00826931,0,58,58
14580,1453,-0.00177765,0,48,48
14580,1454,-0.0118244,0,38,38
14580,1455,-0.0218709,0,28,28
14580,1456,-0.0319172,0,18,18
14580,1457,-0.0419633,0,8,8
