time,particle_id,x,y,mesh_index,mesh_index_original
71010,7091,0.0441288,0,94,94
71010,7092,0.0338927,0,83,83
71010,7093,0.0236577,0,73,73
71010,7094,0.0134238,0,63,63
71010,7095,0.00319113,0,53,53
71010,7096,-0.00704042,0,42,42
71010,7097,-0.0172708,0,32,32
71010,7098,-0.0275,0,22,22
71010,7099,-0.037728,0,12,12
71010,7100,-0.0479548,0,2,2
