time,particle_id,x,y,mesh_index,mesh_index_original
78620,7852,0.0443604,0,94,94
78620,7853,0.0340986,0,84,84
78620,7854,0.023838,0,73,73
78620,7855,0.0135787,0,63,63
78620,7856,0.00332069,0,53,53
78620,7857,-0.00693605,0,43,43
78620,7858,-0.0171915,0,32,32
78620,7859,-0.0274456,0,22,22
78620,7860,-0.0376984,0,12,12
78620,7861,-0.0479499,0,2,2
