time,particle_id,x,y,mesh_index,mesh_index_original
930,83,0.0490268,0,99,99
930,84,0.0390241,0,89,89
930,85,0.0290214,0,79,79
930,86,0.0190187,0,69,69
930,87,0.00901597,0,59,59
930,88,-0.000986731,0,49,49
930,89,-0.0109894,0,39,39
930,90,-0.0209921,0,29,29
930,91,-0.0309949,0,19,19
930,92,-0.0409976,0,9,9
