time,particle_id,x,y,mesh_index,mesh_index_original
54440,5434,0.0456628,0,95,95
54440,5435,0.0354823,0,85,85
54440,5436,0.0253026,0,75,75
54440,5437,0.0151237,0,65,65
54440,5438,0.00494573,0,54,54
54440,5439,-0.00523137,0,44,44
54440,5440,-0.0154076,0,34,34
54440,5441,-0.0255829,0,24,24
54440,5442,-0.0357573,0,14,14
54440,5443,-0.0459309,0,4,4
