time,particle_id,x,y,mesh_index,mesh_index_original
57130,5703,0.045746,0,95,95
57130,5704,0.0355564,0,85,85
57130,5705,0.0253677,0,75,75
57130,5706,0.0151799,0,65,65
57130,5707,0.004993,0,54,54
57130,5708,-0.00519296,0,44,44
57130,5709,-0.015378,0,34,34
57130,5710,-0.0255621,0,24,24
57130,5711,-0.0357452,0,14,14
57130,5712,-0.0459274,0,4,4
