time,particle_id,x,y,mesh_index,mesh_index_original
52340,5224,0.045598,0,95,95
52340,5225,0.0354245,0,85,85
52340,5226,0.0252518,0,75,75
52340,5227,0.0150799,0,65,65
52340,5228,0.00490886,0,54,54
52340,5229,-0.00526134,0,44,44
52340,5230,-0.0154307,0,34,34
52340,5231,-0.0255992,0,24,24
52340,5232,-0.0357668,0,14,14
52340,5233,-0.0459335,0,4,4
