time,particle_id,x,y,mesh_index,mesh_index_original
90480,9038,0.0426621,0,92,92
90480,9039,0.0323604,0,82,82
90480,9040,0.0220601,0,72,72
90480,9041,0.0117612,0,61,61
90480,9042,0.00146391,0,51,51
90480,9043,-0.00883193,0,41,41
90480,9044,-0.0191263,0,30,30
90480,9045,-0.0294191,0,20,20
90480,9046,-0.0397103,0,10,10
