time,particle_id,x,y,mesh_index,mesh_index_original
14290,1419,0.0484501,0,98,98
14290,1420,0.0384032,0,88,88
14290,1421,0.0283566,0,78,78
14290,1422,0.0183101,0,68,68
14290,1423,0.00826391,0,58,58
14290,1424,-0.00178211,0,48,48
14290,1425,-0.0118279,0,38,38
14290,1426,-0.0218735,0,28,28
14290,1427,-0.0319189,0,18,18
14290,1428,-0.041964,0,8,8
