time,particle_id,x,y,mesh_index,mesh_index_original
74020,7392,0.0442203,0,94,94
74020,7393,0.0339741,0,83,83
74020,7394,0.023729,0,73,73
74020,7395,0.0134851,0,63,63
74020,7396,0.00324234,0,53,53
74020,7397,-0.00699917,0,43,43
74020,7398,-0.0172395,0,32,32
74020,7399,-0.0274785,0,22,22
74020,7400,-0.0377163,0,12,12
74020,7401,-0.0479528,0,2,2
