time,particle_id,x,y,mesh_index,mesh_index_original
33890,3379,0.0470528,0,97,97
33890,3380,0.0369408,0,86,86
33890,3381,0.0268294,0,76,76
33890,3382,0.0167185,0,66,66
33890,3383,0.00660811,0,56,56
33890,3384,-0.00350173,0,46,46
33890,3385,-0.013611,0,36,36
33890,3386,-0.0237198,0,26,26
33890,3387,-0.033828,0,16,16
33890,3388,-0.0439357,0,6,6
