time,particle_id,x,y,mesh_index,mesh_index_original
61450,6135,0.0448592,0,94,94
61450,6136,0.0346551,0,84,84
61450,6137,0.0244521,0,74,74
61450,6138,0.01425,0,64,64
61450,6139,0.00404893,0,54,54
61450,6140,-0.00615117,0,43,43
61450,6141,-0.0163503,0,33,33
61450,6142,-0.0265483,0,23,23
61450,6143,-0.0367454,0,13,13
61450,6144,-0.0469414,0,3,3
