time,particle_id,x,y,mesh_index,mesh_index_original
10640,1054,0.0483342,0,98,98
10640,1055,0.0382994,0,88,88
10640,1056,0.0282648,0,78,78
10640,1057,0.0182303,0,68,68
10640,1058,0.00819598,0,58,58
10640,1059,-0.00183819,0,48,48
10640,1060,-0.0118722,0,38,38
10640,1061,-0.0219061,0,28,28
10640,1062,-0.0319398,0,18,18
10640,1063,-0.0419733,0,8,8
