time,particle_id,x,y,mesh_index,mesh_index_original
51530,5143,0.045573,0,95,95
51530,5144,0.0354022,0,85,85
51530,5145,0.0252322,0,75,75
51530,5146,0.015063,0,65,65
51530,5147,0.00489464,0,54,54
51530,5148,-0.00527289,0,44,44
51530,5149,-0.0154396,0,34,34
51530,5150,-0.0256054,0,24,24
51530,5151,-0.0357704,0,14,14
51530,5152,-0.0459346,0,4,4
