time,particle_id,x,y,mesh_index,mesh_index_original
26480,2638,0.0478296,0,97,97
26480,2639,0.0377423,0,87,87
26480,2640,0.0276554,0,77,77
26480,2641,0.0175689,0,67,67
26480,2642,0.0074828,0,57,57
26480,2643,-0.00260288,0,47,47
26480,2644,-0.0126882,0,37,37
26480,2645,-0.022773,0,27,27
26480,2646,-0.0328574,0,17,17
26480,2647,-0.0429415,0,7,7
