time,particle_id,x,y,mesh_index,mesh_index_original
49430,4933,0.0465246,0,96,96
49430,4934,0.0363608,0,86,86
49430,4935,0.0261977,0,76,76
49430,4936,0.0160354,0,66,66
49430,4937,0.00587393,0,55,55
49430,4938,-0.00428678,0,45,45
49430,4939,-0.0144467,0,35,35
49430,4940,-0.0246058,0,25,25
49430,4941,-0.0347641,0,15,15
49430,4942,-0.0449216,0,5,5
