time,particle_id,x,y,mesh_index,mesh_index_original
94970,9487,0.0427966,0,92,92
94970,9488,0.0324796,0,82,82
94970,9489,0.0221641,0,72,72
94970,9490,0.0118502,0,61,61
94970,9491,0.00153783,0,51,51
94970,9492,-0.00877296,0,41,41
94970,9493,-0.0190821,0,30,30
94970,9494,-0.0293897,0,20,20
94970,9495,-0.0396957,0,10,10
