time,particle_id,x,y,mesh_index,mesh_index_original
43420,4332,0.0463375,0,96,96
43420,4333,0.0361938,0,86,86
43420,4334,0.0260507,0,76,76
43420,4335,0.0159084,0,65,65
43420,4336,0.00576669,0,55,55
43420,4337,-0.0043743,0,45,45
43420,4338,-0.0145146,0,35,35
43420,4339,-0.0246542,0,25,25
43420,4340,-0.034793,0,15,15
43420,4341,-0.0449312,0,5,5
