time,particle_id,x,y,mesh_index,mesh_index_original
87100,8700,0.0435901,0,93,93
87100,8701,0.0332997,0,83,83
87100,8702,0.0230107,0,73,73
87100,8703,0.0127231,0,62,62
87100,8704,0.0024369,0,52,52
87100,8705,-0.00784786,0,42,42
87100,8706,-0.0181312,0,31,31
87100,8707,-0.028413,0,21,21
87100,8708,-0.0386933,0,11,11
87100,8709,-0.0489722,0,1,1
