time,particle_id,x,y,mesh_index,mesh_index_original
46650,4655,0.046438,0,96,96
46650,4656,0.0362835,0,86,86
46650,4657,0.0261297,0,76,76
46650,4658,0.0159766,0,65,65
46650,4659,0.0058243,0,55,55
46650,4660,-0.00432729,0,45,45
46650,4661,-0.0144781,0,35,35
46650,4662,-0.0246282,0,25,25
46650,4663,-0.0347775,0,15,15
46650,4664,-0.044926,0,5,5
