time,particle_id,x,y,mesh_index,mesh_index_original
37170,3707,0.0471556,0,97,97
37170,3708,0.0370327,0,87,87
37170,3709,0.0269104,0,76,76
37170,3710,0.0167887,0,66,66
37170,3711,0.0066675,0,56,56
37170,3712,-0.00345308,0,46,46
37170,3713,-0.0135731,0,36,36
37170,3714,-0.0236924,0,26,26
37170,3715,-0.0338112,0,16,16
37170,3716,-0.0439294,0,6,6
