time,particle_id,x,y,mesh_index,mesh_index_original
75870,7577,0.0442767,0,94,94
75870,7578,0.0340241,0,84,84
75870,7579,0.0237728,0,73,73
75870,7580,0.0135227,0,63,63
75870,7581,0.00327384,0,53,53
75870,7582,-0.0069738,0,43,43
75870,7583,-0.0172202,0,32,32
75870,7584,-0.0274653,0,22,22
75870,7585,-0.0377091,0,12,12
75870,7586,-0.0479516,0,2,2
