time,particle_id,x,y,mesh_index,mesh_index_original
55280,5518,0.0456888,0,95,95
55280,5519,0.0355054,0,85,85
55280,5520,0.0253229,0,75,75
55280,5521,0.0151413,0,65,65
55280,5522,0.00496049,0,54,54
55280,5523,-0.00521938,0,44,44
55280,5524,-0.0153984,0,34,34
55280,5525,-0.0255764,0,24,24
55280,5526,-0.0357536,0,14,14
55280,5527,-0.0459298,0,4,4
