time,particle_id,x,y,mesh_index,mesh_index_original
70450,7035,0.0441118,0,94,94
70450,7036,0.0338776,0,83,83
70450,7037,0.0236444,0,73,73
70450,7038,0.0134125,0,63,63
70450,7039,0.00318161,0,53,53
70450,7040,-0.00704809,0,42,42
70450,7041,-0.0172766,0,32,32
70450,7042,-0.027504,0,22,22
70450,7043,-0.0377302,0,12,12
70450,7044,-0.0479551,0,2,2
