time,particle_id,x,y,mesh_index,mesh_index_original
13400,1330,0.0484218,0,98,98
13400,1331,0.0383779,0,88,88
13400,1332,0.0283342,0,78,78
13400,1333,0.0182907,0,68,68
13400,1334,0.00824734,0,58,58
13400,1335,-0.00179579,0,48,48
13400,1336,-0.0118387,0,38,38
13400,1337,-0.0218815,0,28,28
13400,1338,-0.031924,0,18,18
13400,1339,-0.0419663,0,8,8
