time,particle_id,x,y,mesh_index,mesh_index_original
23300,2320,0.0477292,0,97,97
23300,2321,0.0376525,0,87,87
23300,2322,0.0275761,0,77,77
23300,2323,0.0175001,0,67,67
23300,2324,0.0074244,0,57,57
23300,2325,-0.00265092,0,47,47
23300,2326,-0.0127259,0,37,37
23300,2327,-0.0228005,0,27,27
23300,2328,-0.0328747,0,17,17
23300,2329,-0.0429485,0,7,7
