time,particle_id,x,y,mesh_index,mesh_index_original
91080,9098,0.0426801,0,92,92
91080,9099,0.0323763,0,82,82
91080,9100,0.022074,0,72,72
91080,9101,0.0117731,0,61,61
91080,9102,0.00147378,0,51,51
91080,9103,-0.00882406,0,41,41
91080,9104,-0.0191204,0,30,30
91080,9105,-0.0294151,0,20,20
91080,9106,-0.0397084,0,10,10
