time,particle_id,x,y,mesh_index,mesh_index_original
64060,6396,0.0449391,0,94,94
64060,6397,0.0347264,0,84,84
64060,6398,0.0245146,0,74,74
64060,6399,0.0143038,0,64,64
64060,6400,0.00409404,0,54,54
64060,6401,-0.00611467,0,43,43
64060,6402,-0.0163223,0,33,33
64060,6403,-0.0265289,0,23,23
64060,6404,-0.0367344,0,13,13
64060,6405,-0.0469389,0,3,3
