time,particle_id,x,y,mesh_index,mesh_index_original
12280,1218,0.0483862,0,98,98
12280,1219,0.038346,0,88,88
12280,1220,0.028306,0,78,78
12280,1221,0.0182662,0,68,68
12280,1222,0.00822649,0,58,58
12280,1223,-0.001813,0,48,48
12280,1224,-0.0118523,0,38,38
12280,1225,-0.0218914,0,28,28
12280,1226,-0.0319304,0,18,18
12280,1227,-0.0419691,0,8,8
