time,particle_id,x,y,mesh_index,mesh_index_original
19720,1962,0.0486229,0,98,98
19720,1963,0.038558,0,88,88
19720,1964,0.0284934,0,78,78
19720,1965,0.0184291,0,68,68
19720,1966,0.00836513,0,58,58
19720,1967,-0.00169856,0,48,48
19720,1968,-0.0117619,0,38,38
19720,1969,-0.021825,0,28,28
19720,1970,-0.0318878,0,18,18
19720,1971,-0.0419503,0,8,8
