time,particle_id,x,y,mesh_index,mesh_index_original
84430,8433,0.0435095,0,93,93
84430,8434,0.0332281,0,83,83
84430,8435,0.0229481,0,72,72
84430,8436,0.0126694,0,62,62
84430,8437,0.00239216,0,52,52
84430,8438,-0.00788373,0,42,42
84430,8439,-0.0181582,0,31,31
84430,8440,-0.0284313,0,21,21
84430,8441,-0.0387029,0,11,11
84430,8442,-0.0489731,0,1,1
