time,particle_id,x,y,mesh_index,mesh_index_original
99150,9905,0.042922,0,92,92
99150,9906,0.0325907,0,82,82
99150,9907,0.0222611,0,72,72
99150,9908,0.0119331,0,61,61
99150,9909,0.00160675,0,51,51
99150,9910,-0.00871797,0,41,41
99150,9911,-0.019041,0,30,30
99150,9912,-0.0293624,0,20,20
99150,9913,-0.0396821,0,10,10
