time,particle_id,x,y,mesh_index,mesh_index_original
16510,1641,0.0485207,0,98,98
16510,1642,0.0384665,0,88,88
16510,1643,0.0284125,0,78,78
16510,1644,0.0183588,0,68,68
16510,1645,0.00830527,0,58,58
16510,1646,-0.00174797,0,48,48
16510,1647,-0.011801,0,38,38
16510,1648,-0.0218537,0,28,28
16510,1649,-0.0319062,0,18,18
16510,1650,-0.0419584,0,8,8
