time,particle_id,x,y,mesh_index,mesh_index_original
30470,3037,0.0469456,0,96,96
30470,3038,0.0368451,0,86,86
30470,3039,0.026745,0,76,76
30470,3040,0.0166454,0,66,66
30470,3041,0.00654626,0,56,56
30470,3042,-0.0035524,0,46,46
30470,3043,-0.0136506,0,36,36
30470,3044,-0.0237483,0,26,26
30470,3045,-0.0338455,0,16,16
30470,3046,-0.0439422,0,6,6
