time,particle_id,x,y,mesh_index,mesh_index_original
64770,6467,0.0449609,0,94,94
64770,6468,0.0347457,0,84,84
64770,6469,0.0245316,0,74,74
64770,6470,0.0143184,0,64,64
64770,6471,0.00410632,0,54,54
64770,6472,-0.00610473,0,43,43
64770,6473,-0.0163147,0,33,33
64770,6474,-0.0265236,0,23,23
64770,6475,-0.0367315,0,13,13
64770,6476,-0.0469382,0,3,3
