time,particle_id,x,y,mesh_index,mesh_index_original
1650,155,0.0490498,0,99,99
1650,156,0.0390447,0,89,89
1650,157,0.0290397,0,79,79
1650,158,0.0190346,0,69,69
1650,159,0.00902956,0,59,59
1650,160,-0.00097548,0,49,49
1650,161,-0.0109805,0,39,39
1650,162,-0.0209855,0,29,29
1650,163,-0.0309905,0,19,19
1650,164,-0.0409955,0,9,9
