time,particle_id,x,y,mesh_index,mesh_index_original
13060,1296,0.048411,0,98,98
13060,1297,0.0383682,0,88,88
13060,1298,0.0283256,0,78,78
13060,1299,0.0182832,0,68,68
13060,1300,0.00824101,0,58,58
13060,1301,-0.00180101,0,48,48
13060,1302,-0.0118428,0,38,38
13060,1303,-0.0218845,0,28,28
13060,1304,-0.0319259,0,18,18
13060,1305,-0.0419672,0,8,8
