time,particle_id,x,y,mesh_index,mesh_index_original
65890,6579,0.0449953,0,94,94
65890,6580,0.0347763,0,84,84
65890,6581,0.0245584,0,74,74
65890,6582,0.0143415,0,64,64
65890,6583,0.0041257,0,54,54
65890,6584,-0.00608905,0,43,43
65890,6585,-0.0163027,0,33,33
65890,6586,-0.0265153,0,23,23
65890,6587,-0.0367268,0,13,13
65890,6588,-0.0469371,0,3,3
