time,particle_id,x,y,mesh_index,mesh_index_original
1640,154,0.0490495,0,99,99
1640,155,0.0390444,0,89,89
1640,156,0.0290394,0,79,79
1640,157,0.0190344,0,69,69
1640,158,0.00902937,0,59,59
1640,159,-0.000975636,0,49,49
1640,160,-0.0109806,0,39,39
1640,161,-0.0209856,0,29,29
1640,162,-0.0309906,0,19,19
1640,163,-0.0409955,0,9,9
