time,particle_id,x,y,mesh_index,mesh_index_original
59210,5911,0.0458103,0,95,95
59210,5912,0.0356137,0,85,85
59210,5913,0.0254181,0,75,75
59210,5914,0.0152234,0,65,65
59210,5915,0.00502959,0,55,55
59210,5916,-0.00516323,0,44,44
59210,5917,-0.0153551,0,34,34
59210,5918,-0.0255459,0,24,24
59210,5919,-0.0357358,0,14,14
59210,5920,-0.0459247,0,4,4
