time,particle_id,x,y,mesh_index,mesh_index_original
47090,4699,0.0464517,0,96,96
47090,4700,0.0362957,0,86,86
47090,4701,0.0261405,0,76,76
47090,4702,0.0159859,0,65,65
47090,4703,0.00583215,0,55,55
47090,4704,-0.00432088,0,45,45
47090,4705,-0.0144731,0,35,35
47090,4706,-0.0246247,0,25,25
47090,4707,-0.0347754,0,15,15
47090,4708,-0.0449253,0,5,5
