time,particle_id,x,y,mesh_index,mesh_index_original
65590,6549,0.0449861,0,94,94
65590,6550,0.0347681,0,84,84
65590,6551,0.0245512,0,74,74
65590,6552,0.0143353,0,64,64
65590,6553,0.00412051,0,54,54
65590,6554,-0.00609325,0,43,43
65590,6555,-0.0163059,0,33,33
65590,6556,-0.0265175,0,23,23
65590,6557,-0.036728,0,13,13
65590,6558,-0.0469374,0,3,3
