time,particle_id,x,y,mesh_index,mesh_index_original
30840,3074,0.0469572,0,96,96
30840,3075,0.0368554,0,86,86
30840,3076,0.0267541,0,76,76
30840,3077,0.0166533,0,66,66
30840,3078,0.00655295,0,56,56
30840,3079,-0.00354693,0,46,46
30840,3080,-0.0136463,0,36,36
30840,3081,-0.0237452,0,26,26
30840,3082,-0.0338436,0,16,16
30840,3083,-0.0439415,0,6,6
