time,particle_id,x,y,mesh_index,mesh_index_original
43980,4388,0.0463549,0,96,96
43980,4389,0.0362093,0,86,86
43980,4390,0.0260644,0,76,76
43980,4391,0.0159202,0,65,65
43980,4392,0.00577667,0,55,55
43980,4393,-0.00436615,0,45,45
43980,4394,-0.0145083,0,35,35
43980,4395,-0.0246497,0,25,25
43980,4396,-0.0347903,0,15,15
43980,4397,-0.0449303,0,5,5
