time,particle_id,x,y,mesh_index,mesh_index_original
35280,3518,0.0470963,0,97,97
35280,3519,0.0369797,0,86,86
35280,3520,0.0268637,0,76,76
35280,3521,0.0167482,0,66,66
35280,3522,0.00663327,0,56,56
35280,3523,-0.00348112,0,46,46
35280,3524,-0.013595,0,36,36
35280,3525,-0.0237082,0,26,26
35280,3526,-0.0338209,0,16,16
35280,3527,-0.043933,0,6,6
