time,particle_id,x,y,mesh_index,mesh_index_original
16310,1621,0.0485143,0,98,98
16310,1622,0.0384608,0,88,88
16310,1623,0.0284075,0,78,78
16310,1624,0.0183544,0,68,68
16310,1625,0.00830155,0,58,58
16310,1626,-0.00175105,0,48,48
16310,1627,-0.0118034,0,38,38
16310,1628,-0.0218555,0,28,28
16310,1629,-0.0319073,0,18,18
16310,1630,-0.0419589,0,8,8
