time,particle_id,x,y,mesh_index,mesh_index_original
62600,6250,0.0448944,0,94,94
62600,6251,0.0346865,0,84,84
62600,6252,0.0244796,0,74,74
62600,6253,0.0142737,0,64,64
62600,6254,0.0040688,0,54,54
62600,6255,-0.00613509,0,43,43
62600,6256,-0.016338,0,33,33
62600,6257,-0.0265398,0,23,23
62600,6258,-0.0367406,0,13,13
62600,6259,-0.0469403,0,3,3
