time,particle_id,x,y,mesh_index,mesh_index_original
9570,947,0.0493034,0,99,99
9570,948,0.0392721,0,89,89
9570,949,0.029241,0,79,79
9570,950,0.01921,0,69,69
9570,951,0.00917918,0,59,59
9570,952,-0.000851532,0,49,49
9570,953,-0.0108821,0,39,39
9570,954,-0.0209125,0,29,29
9570,955,-0.0309428,0,19,19
9570,956,-0.040973,0,9,9
