time,particle_id,x,y,mesh_index,mesh_index_original
67450,6735,0.0450432,0,95,95
67450,6736,0.0348189,0,84,84
67450,6737,0.0245958,0,74,74
67450,6738,0.0143737,0,64,64
67450,6739,0.0041527,0,54,54
67450,6740,-0.0060672,0,43,43
67450,6741,-0.016286,0,33,33
67450,6742,-0.0265037,0,23,23
67450,6743,-0.0367202,0,13,13
67450,6744,-0.0469356,0,3,3
