time,particle_id,x,y,mesh_index,mesh_index_original
47770,4767,0.0464729,0,96,96
47770,4768,0.0363146,0,86,86
47770,4769,0.0261571,0,76,76
47770,4770,0.0160003,0,66,66
47770,4771,0.00584429,0,55,55
47770,4772,-0.00431097,0,45,45
47770,4773,-0.0144655,0,35,35
47770,4774,-0.0246192,0,25,25
47770,4775,-0.0347721,0,15,15
47770,4776,-0.0449242,0,5,5
