time,particle_id,x,y,mesh_index,mesh_index_original
70480,7038,0.0441127,0,94,94
70480,7039,0.0338784,0,83,83
70480,7040,0.0236452,0,73,73
70480,7041,0.0134131,0,63,63
70480,7042,0.00318212,0,53,53
70480,7043,-0.00704768,0,42,42
70480,7044,-0.0172763,0,32,32
70480,7045,-0.0275038,0,22,22
70480,7046,-0.03773,0,12,12
70480,7047,-0.0479551,0,2,2
