time,particle_id,x,y,mesh_index,mesh_index_original
24830,2473,0.0477775,0,97,97
24830,2474,0.0376957,0,87,87
24830,2475,0.0276143,0,77,77
24830,2476,0.0175332,0,67,67
24830,2477,0.00745249,0,57,57
24830,2478,-0.00262781,0,47,47
24830,2479,-0.0127077,0,37,37
24830,2480,-0.0227873,0,27,27
24830,2481,-0.0328664,0,17,17
24830,2482,-0.0429451,0,7,7
