time,particle_id,x,y,mesh_index,mesh_index_original
5140,504,0.0491614,0,99,99
5140,505,0.0391448,0,89,89
5140,506,0.0291283,0,79,79
5140,507,0.0191118,0,69,69
5140,508,0.00909544,0,59,59
5140,509,-0.000920903,0,49,49
5140,510,-0.0109372,0,39,39
5140,511,-0.0209534,0,29,29
5140,512,-0.0309695,0,19,19
5140,513,-0.0409856,0,9,9
