time,particle_id,x,y,mesh_index,mesh_index_original
95670,9557,0.0428176,0,92,92
95670,9558,0.0324982,0,82,82
95670,9559,0.0221803,0,72,72
95670,9560,0.0118641,0,61,61
95670,9561,0.00154936,0,51,51
95670,9562,-0.00876375,0,41,41
95670,9563,-0.0190753,0,30,30
95670,9564,-0.0293852,0,20,20
95670,9565,-0.0396934,0,10,10
