time,particle_id,x,y,mesh_index,mesh_index_original
30220,3012,0.0469378,0,96,96
30220,3013,0.0368381,0,86,86
30220,3014,0.0267389,0,76,76
30220,3015,0.0166401,0,66,66
30220,3016,0.00654174,0,56,56
30220,3017,-0.00355611,0,46,46
30220,3018,-0.0136535,0,36,36
30220,3019,-0.0237504,0,26,26
30220,3020,-0.0338468,0,16,16
30220,3021,-0.0439427,0,6,6
