time,particle_id,x,y,mesh_index,mesh_index_original
47640,4754,0.0464688,0,96,96
47640,4755,0.036311,0,86,86
47640,4756,0.0261539,0,76,76
47640,4757,0.0159976,0,65,65
47640,4758,0.00584197,0,55,55
47640,4759,-0.00431287,0,45,45
47640,4760,-0.0144669,0,35,35
47640,4761,-0.0246202,0,25,25
47640,4762,-0.0347727,0,15,15
47640,4763,-0.0449244,0,5,5
