time,particle_id,x,y,mesh_index,mesh_index_original
46480,4638,0.0464327,0,96,96
46480,4639,0.0362788,0,86,86
46480,4640,0.0261255,0,76,76
46480,4641,0.015973,0,65,65
46480,4642,0.00582126,0,55,55
46480,4643,-0.00432976,0,45,45
46480,4644,-0.01448,0,35,35
46480,4645,-0.0246296,0,25,25
46480,4646,-0.0347783,0,15,15
46480,4647,-0.0449263,0,5,5
