time,particle_id,x,y,mesh_index,mesh_index_original
2540,244,0.0490782,0,99,99
2540,245,0.0390702,0,89,89
2540,246,0.0290622,0,79,79
2540,247,0.0190543,0,69,69
2540,248,0.00904635,0,59,59
2540,249,-0.000961568,0,49,49
2540,250,-0.0109695,0,39,39
2540,251,-0.0209773,0,29,29
2540,252,-0.0309852,0,19,19
2540,253,-0.040993,0,9,9
