time,particle_id,x,y,mesh_index,mesh_index_original
89750,8965,0.0436703,0,93,93
89750,8966,0.0333709,0,83,83
89750,8967,0.0230729,0,73,73
89750,8968,0.0127764,0,62,62
89750,8969,0.00248134,0,52,52
89750,8970,-0.00781222,0,42,42
89750,8971,-0.0181043,0,31,31
89750,8972,-0.0283948,0,21,21
89750,8973,-0.0386839,0,11,11
89750,8974,-0.0489713,0,1,1
