time,particle_id,x,y,mesh_index,mesh_index_original
87960,8786,0.0436161,0,93,93
87960,8787,0.0333228,0,83,83
87960,8788,0.0230309,0,73,73
87960,8789,0.0127404,0,62,62
87960,8790,0.00245132,0,52,52
87960,8791,-0.0078363,0,42,42
87960,8792,-0.0181224,0,31,31
87960,8793,-0.0284071,0,21,21
87960,8794,-0.0386903,0,11,11
87960,8795,-0.0489719,0,1,1
