time,particle_id,x,y,mesh_index,mesh_index_original
33170,3307,0.0470302,0,97,97
33170,3308,0.0369207,0,86,86
33170,3309,0.0268116,0,76,76
33170,3310,0.0167031,0,66,66
33170,3311,0.00659508,0,56,56
33170,3312,-0.00351241,0,46,46
33170,3313,-0.0136194,0,36,36
33170,3314,-0.0237258,0,26,26
33170,3315,-0.0338317,0,16,16
33170,3316,-0.0439371,0,6,6
