time,particle_id,x,y,mesh_index,mesh_index_original
2130,203,0.0490651,0,99,99
2130,204,0.0390585,0,89,89
2130,205,0.0290518,0,79,79
2130,206,0.0190452,0,69,69
2130,207,0.00903861,0,59,59
2130,208,-0.000967978,0,49,49
2130,209,-0.0109745,0,39,39
2130,210,-0.0209811,0,29,29
2130,211,-0.0309876,0,19,19
2130,212,-0.0409942,0,9,9
