time,particle_id,x,y,mesh_index,mesh_index_original
42250,4215,0.0463011,0,96,96
42250,4216,0.0361613,0,86,86
42250,4217,0.0260221,0,76,76
42250,4218,0.0158837,0,65,65
42250,4219,0.00574583,0,55,55
42250,4220,-0.00439132,0,45,45
42250,4221,-0.0145278,0,35,35
42250,4222,-0.0246636,0,25,25
42250,4223,-0.0347987,0,15,15
42250,4224,-0.0449331,0,5,5
