time,particle_id,x,y,mesh_index,mesh_index_original
72200,7210,0.044165,0,94,94
72200,7211,0.0339249,0,83,83
72200,7212,0.0236859,0,73,73
72200,7213,0.013448,0,63,63
72200,7214,0.00321137,0,53,53
72200,7215,-0.00702412,0,42,42
72200,7216,-0.0172584,0,32,32
72200,7217,-0.0274915,0,22,22
72200,7218,-0.0377234,0,12,12
72200,7219,-0.047954,0,2,2
