time,particle_id,x,y,mesh_index,mesh_index_original
54950,5485,0.0456786,0,95,95
54950,5486,0.0354963,0,85,85
54950,5487,0.0253149,0,75,75
54950,5488,0.0151344,0,65,65
54950,5489,0.00495469,0,54,54
54950,5490,-0.00522409,0,44,44
54950,5491,-0.015402,0,34,34
54950,5492,-0.025579,0,24,24
54950,5493,-0.035755,0,14,14
54950,5494,-0.0459302,0,4,4
