time,particle_id,x,y,mesh_index,mesh_index_original
1920,182,0.0490584,0,99,99
1920,183,0.0390525,0,89,89
1920,184,0.0290465,0,79,79
1920,185,0.0190406,0,69,69
1920,186,0.00903465,0,59,59
1920,187,-0.00097126,0,49,49
1920,188,-0.0109772,0,39,39
1920,189,-0.020983,0,29,29
1920,190,-0.0309889,0,19,19
1920,191,-0.0409948,0,9,9
