time,particle_id,x,y,mesh_index,mesh_index_original
97900,9780,0.0428844,0,92,92
97900,9781,0.0325575,0,82,82
97900,9782,0.0222321,0,72,72
97900,9783,0.0119083,0,61,61
97900,9784,0.00158613,0,51,51
97900,9785,-0.00873442,0,41,41
97900,9786,-0.0190533,0,30,30
97900,9787,-0.0293706,0,20,20
97900,9788,-0.0396861,0,10,10
