time,particle_id,x,y,mesh_index,mesh_index_original
49160,4906,0.0465162,0,96,96
49160,4907,0.0363533,0,86,86
49160,4908,0.0261911,0,76,76
49160,4909,0.0160297,0,66,66
49160,4910,0.00586911,0,55,55
49160,4911,-0.00429072,0,45,45
49160,4912,-0.0144498,0,35,35
49160,4913,-0.024608,0,25,25
49160,4914,-0.0347654,0,15,15
49160,4915,-0.044922,0,5,5
