time,particle_id,x,y,mesh_index,mesh_index_original
96530,9643,0.0428433,0,92,92
96530,9644,0.032521,0,82,82
96530,9645,0.0222003,0,72,72
96530,9646,0.0118811,0,61,61
96530,9647,0.00156354,0,51,51
96530,9648,-0.00875244,0,41,41
96530,9649,-0.0190668,0,30,30
96530,9650,-0.0293795,0,20,20
96530,9651,-0.0396906,0,10,10
