time,particle_id,x,y,mesh_index,mesh_index_original
98180,9808,0.0428928,0,92,92
98180,9809,0.0325649,0,82,82
98180,9810,0.0222386,0,72,72
98180,9811,0.0119139,0,61,61
98180,9812,0.00159075,0,51,51
98180,9813,-0.00873074,0,41,41
98180,9814,-0.0190506,0,30,30
98180,9815,-0.0293687,0,20,20
98180,9816,-0.0396852,0,10,10
