time,particle_id,x,y,mesh_index,mesh_index_original
87500,8740,0.0436022,0,93,93
87500,8741,0.0333105,0,83,83
87500,8742,0.0230201,0,73,73
87500,8743,0.0127311,0,62,62
87500,8744,0.0024436,0,52,52
87500,8745,-0.00784248,0,42,42
87500,8746,-0.0181271,0,31,31
87500,8747,-0.0284103,0,21,21
87500,8748,-0.0386919,0,11,11
87500,8749,-0.0489721,0,1,1
