time,particle_id,x,y,mesh_index,mesh_index_original
31700,3160,0.0469841,0,96,96
31700,3161,0.0368795,0,86,86
31700,3162,0.0267754,0,76,76
31700,3163,0.0166717,0,66,66
31700,3164,0.0065685,0,56,56
31700,3165,-0.00353419,0,46,46
31700,3166,-0.0136364,0,36,36
31700,3167,-0.023738,0,26,26
31700,3168,-0.0338392,0,16,16
31700,3169,-0.0439399,0,6,6
