time,particle_id,x,y,mesh_index,mesh_index_original
70720,7062,0.04412,0,94,94
70720,7063,0.0338848,0,83,83
70720,7064,0.0236508,0,73,73
70720,7065,0.0134179,0,63,63
70720,7066,0.0031862,0,53,53
70720,7067,-0.00704439,0,42,42
70720,7068,-0.0172738,0,32,32
70720,7069,-0.0275021,0,22,22
70720,7070,-0.0377291,0,12,12
70720,7071,-0.047955,0,2,2
