time,particle_id,x,y,mesh_index,mesh_index_original
61680,6158,0.0448662,0,94,94
61680,6159,0.0346614,0,84,84
61680,6160,0.0244576,0,74,74
61680,6161,0.0142548,0,64,64
61680,6162,0.0040529,0,54,54
61680,6163,-0.00614795,0,43,43
61680,6164,-0.0163478,0,33,33
61680,6165,-0.0265466,0,23,23
61680,6166,-0.0367444,0,13,13
61680,6167,-0.0469412,0,3,3
