time,particle_id,x,y,mesh_index,mesh_index_original
69220,6912,0.0450975,0,95,95
69220,6913,0.0348673,0,84,84
69220,6914,0.0246382,0,74,74
69220,6915,0.0144102,0,64,64
69220,6916,0.00418335,0,54,54
69220,6917,-0.0060424,0,43,43
69220,6918,-0.016267,0,33,33
69220,6919,-0.0264905,0,23,23
69220,6920,-0.0367128,0,13,13
69220,6921,-0.0469339,0,3,3
