time,particle_id,x,y,mesh_index,mesh_index_original
9310,921,0.049295,0,99,99
9310,922,0.0392646,0,89,89
9310,923,0.0292344,0,79,79
9310,924,0.0192043,0,69,69
9310,925,0.00917426,0,59,59
9310,926,-0.000855606,0,49,49
9310,927,-0.0108853,0,39,39
9310,928,-0.0209149,0,29,29
9310,929,-0.0309444,0,19,19
9310,930,-0.0409737,0,9,9
