time,particle_id,x,y,mesh_index,mesh_index_original
58740,5864,0.0457958,0,95,95
58740,5865,0.0356008,0,85,85
58740,5866,0.0254067,0,75,75
58740,5867,0.0152135,0,65,65
58740,5868,0.00502132,0,55,55
58740,5869,-0.00516995,0,44,44
58740,5870,-0.0153603,0,34,34
58740,5871,-0.0255496,0,24,24
58740,5872,-0.035738,0,14,14
58740,5873,-0.0459253,0,4,4
