time,particle_id,x,y,mesh_index,mesh_index_original
25690,2559,0.0478047,0,97,97
25690,2560,0.03772,0,87,87
25690,2561,0.0276357,0,77,77
25690,2562,0.0175518,0,67,67
25690,2563,0.00746829,0,57,57
25690,2564,-0.00261482,0,47,47
25690,2565,-0.0126975,0,37,37
25690,2566,-0.0227798,0,27,27
25690,2567,-0.0328617,0,17,17
25690,2568,-0.0429432,0,7,7
