time,particle_id,x,y,mesh_index,mesh_index_original
98050,9795,0.0428889,0,92,92
98050,9796,0.0325615,0,82,82
98050,9797,0.0222356,0,72,72
98050,9798,0.0119113,0,61,61
98050,9799,0.0015886,0,51,51
98050,9800,-0.00873245,0,41,41
98050,9801,-0.0190519,0,30,30
98050,9802,-0.0293696,0,20,20
98050,9803,-0.0396856,0,10,10
