time,particle_id,x,y,mesh_index,mesh_index_original
53680,5358,0.0456393,0,95,95
53680,5359,0.0354613,0,85,85
53680,5360,0.0252842,0,75,75
53680,5361,0.0151079,0,65,65
53680,5362,0.00493238,0,54,54
53680,5363,-0.00524222,0,44,44
53680,5364,-0.015416,0,34,34
53680,5365,-0.0255888,0,24,24
53680,5366,-0.0357608,0,14,14
53680,5367,-0.0459318,0,4,4
