time,particle_id,x,y,mesh_index,mesh_index_original
69010,6891,0.0450911,0,95,95
69010,6892,0.0348616,0,84,84
69010,6893,0.0246332,0,74,74
69010,6894,0.0144059,0,64,64
69010,6895,0.00417971,0,54,54
69010,6896,-0.00604535,0,43,43
69010,6897,-0.0162693,0,33,33
69010,6898,-0.026492,0,23,23
69010,6899,-0.0367137,0,13,13
69010,6900,-0.0469341,0,3,3
