time,particle_id,x,y,mesh_index,mesh_index_original
47720,4762,0.0464713,0,96,96
47720,4763,0.0363132,0,86,86
47720,4764,0.0261559,0,76,76
47720,4765,0.0159993,0,65,65
47720,4766,0.0058434,0,55,55
47720,4767,-0.0043117,0,45,45
47720,4768,-0.014466,0,35,35
47720,4769,-0.0246196,0,25,25
47720,4770,-0.0347723,0,15,15
47720,4771,-0.0449243,0,5,5
