time,particle_id,x,y,mesh_index,mesh_index_original
60380,6028,0.0448264,0,94,94
60380,6029,0.034626,0,84,84
60380,6030,0.0244265,0,74,74
60380,6031,0.014228,0,64,64
60380,6032,0.00403045,0,54,54
60380,6033,-0.00616613,0,43,43
60380,6034,-0.0163617,0,33,33
60380,6035,-0.0265563,0,23,23
60380,6036,-0.0367499,0,13,13
60380,6037,-0.0469424,0,3,3
