time,particle_id,x,y,mesh_index,mesh_index_original
80620,8052,0.0433945,0,93,93
80620,8053,0.033126,0,83,83
80620,8054,0.0228588,0,72,72
80620,8055,0.012593,0,62,62
80620,8056,0.00232839,0,52,52
80620,8057,-0.00793486,0,42,42
80620,8058,-0.0181968,0,31,31
80620,8059,-0.0284573,0,21,21
80620,8060,-0.0387165,0,11,11
80620,8061,-0.0489743,0,1,1
