time,particle_id,x,y,mesh_index,mesh_index_original
84210,8411,0.0435028,0,93,93
84210,8412,0.0332222,0,83,83
84210,8413,0.0229429,0,72,72
84210,8414,0.012665,0,62,62
84210,8415,0.00238847,0,52,52
84210,8416,-0.00788668,0,42,42
84210,8417,-0.0181604,0,31,31
84210,8418,-0.0284328,0,21,21
84210,8419,-0.0387037,0,11,11
84210,8420,-0.0489731,0,1,1
