time,particle_id,x,y,mesh_index,mesh_index_original
29150,2905,0.047914,0,97,97
29150,2906,0.0378178,0,87,87
29150,2907,0.0277221,0,77,77
29150,2908,0.0176267,0,67,67
29150,2909,0.00753189,0,57,57
29150,2910,-0.00256252,0,47,47
29150,2911,-0.0126565,0,37,37
29150,2912,-0.0227499,0,27,27
29150,2913,-0.032843,0,17,17
29150,2914,-0.0429355,0,7,7
