time,particle_id,x,y,mesh_index,mesh_index_original
6790,669,0.0492143,0,99,99
6790,670,0.0391922,0,89,89
6790,671,0.0291703,0,79,79
6790,672,0.0191484,0,69,69
6790,673,0.00912661,0,59,59
6790,674,-0.000895078,0,49,49
6790,675,-0.0109167,0,39,39
6790,676,-0.0209382,0,29,29
6790,677,-0.0309596,0,19,19
6790,678,-0.0409809,0,9,9
