time,particle_id,x,y,mesh_index,mesh_index_original
95430,9533,0.0428104,0,92,92
95430,9534,0.0324918,0,82,82
95430,9535,0.0221748,0,72,72
95430,9536,0.0118593,0,61,61
95430,9537,0.00154541,0,51,51
95430,9538,-0.00876691,0,41,41
95430,9539,-0.0190776,0,30,30
95430,9540,-0.0293867,0,20,20
95430,9541,-0.0396942,0,10,10
