time,particle_id,x,y,mesh_index,mesh_index_original
74310,7421,0.0442292,0,94,94
74310,7422,0.0339819,0,83,83
74310,7423,0.0237358,0,73,73
74310,7424,0.013491,0,63,63
74310,7425,0.00324727,0,53,53
74310,7426,-0.0069952,0,43,43
74310,7427,-0.0172364,0,32,32
74310,7428,-0.0274764,0,22,22
74310,7429,-0.0377152,0,12,12
74310,7430,-0.0479527,0,2,2
