time,particle_id,x,y,mesh_index,mesh_index_original
49740,4964,0.0465343,0,96,96
49740,4965,0.0363694,0,86,86
49740,4966,0.0262053,0,76,76
49740,4967,0.016042,0,66,66
49740,4968,0.00587947,0,55,55
49740,4969,-0.00428226,0,45,45
49740,4970,-0.0144432,0,35,35
49740,4971,-0.0246033,0,25,25
49740,4972,-0.0347626,0,15,15
49740,4973,-0.0449211,0,5,5
