time,particle_id,x,y,mesh_index,mesh_index_original
85060,8496,0.0435285,0,93,93
85060,8497,0.033245,0,83,83
85060,8498,0.0229629,0,72,72
85060,8499,0.0126821,0,62,62
85060,8500,0.00240271,0,52,52
85060,8501,-0.00787527,0,42,42
85060,8502,-0.0181518,0,31,31
85060,8503,-0.028427,0,21,21
85060,8504,-0.0387006,0,11,11
85060,8505,-0.0489729,0,1,1
