time,particle_id,x,y,mesh_index,mesh_index_original
55310,5521,0.0456897,0,95,95
55310,5522,0.0355062,0,85,85
55310,5523,0.0253236,0,75,75
55310,5524,0.0151419,0,65,65
55310,5525,0.00496102,0,54,54
55310,5526,-0.00521895,0,44,44
55310,5527,-0.015398,0,34,34
55310,5528,-0.0255762,0,24,24
55310,5529,-0.0357534,0,14,14
55310,5530,-0.0459297,0,4,4
