time,particle_id,x,y,mesh_index,mesh_index_original
29690,2959,0.0479311,0,97,97
29690,2960,0.0378331,0,87,87
29690,2961,0.0277355,0,77,77
29690,2962,0.0176385,0,67,67
29690,2963,0.00754182,0,57,57
29690,2964,-0.00255435,0,47,47
29690,2965,-0.01265,0,37,37
29690,2966,-0.0227453,0,27,27
29690,2967,-0.03284,0,17,17
29690,2968,-0.0429343,0,7,7
