time,particle_id,x,y,mesh_index,mesh_index_original
2550,245,0.0490786,0,99,99
2550,246,0.0390705,0,89,89
2550,247,0.0290625,0,79,79
2550,248,0.0190545,0,69,69
2550,249,0.00904654,0,59,59
2550,250,-0.000961412,0,49,49
2550,251,-0.0109693,0,39,39
2550,252,-0.0209772,0,29,29
2550,253,-0.0309851,0,19,19
2550,254,-0.040993,0,9,9
