time,particle_id,x,y,mesh_index,mesh_index_original
20400,2030,0.0476378,0,97,97
20400,2031,0.0375707,0,87,87
20400,2032,0.0275039,0,77,77
20400,2033,0.0174374,0,67,67
20400,2034,0.0073712,0,57,57
20400,2035,-0.00269467,0,47,47
20400,2036,-0.0127602,0,37,37
20400,2037,-0.0228255,0,27,27
20400,2038,-0.0328904,0,17,17
20400,2039,-0.042955,0,7,7
