time,particle_id,x,y,mesh_index,mesh_index_original
98900,9880,0.0429144,0,92,92
98900,9881,0.0325841,0,82,82
98900,9882,0.0222553,0,72,72
98900,9883,0.0119282,0,61,61
98900,9884,0.00160262,0,51,51
98900,9885,-0.00872126,0,41,41
98900,9886,-0.0190435,0,30,30
98900,9887,-0.029364,0,20,20
98900,9888,-0.0396829,0,10,10
