time,particle_id,x,y,mesh_index,mesh_index_original
81770,8167,0.0434292,0,93,93
81770,8168,0.0331568,0,83,83
81770,8169,0.0228858,0,72,72
81770,8170,0.012616,0,62,62
81770,8171,0.00234762,0,52,52
81770,8172,-0.00791943,0,42,42
81770,8173,-0.0181851,0,31,31
81770,8174,-0.0284495,0,21,21
81770,8175,-0.0387124,0,11,11
81770,8176,-0.0489739,0,1,1
