time,particle_id,x,y,mesh_index,mesh_index_original
6950,685,0.0492194,0,99,99
6950,686,0.0391968,0,89,89
6950,687,0.0291743,0,79,79
6950,688,0.0191519,0,69,69
6950,689,0.00912964,0,59,59
6950,690,-0.000892573,0,49,49
6950,691,-0.0109147,0,39,39
6950,692,-0.0209367,0,29,29
6950,693,-0.0309586,0,19,19
6950,694,-0.0409804,0,9,9
