time,particle_id,x,y,mesh_index,mesh_index_original
40060,3996,0.0472463,0,97,97
40060,3997,0.0371138,0,87,87
40060,3998,0.0269818,0,76,76
40060,3999,0.0168505,0,66,66
40060,4000,0.00570684,0,55,55
40060,4001,-0.00442314,0,45,45
40060,4002,-0.0145525,0,35,35
40060,4003,-0.0246812,0,25,25
40060,4004,-0.0348092,0,15,15
40060,4005,-0.0449366,0,5,5
