time,particle_id,x,y,mesh_index,mesh_index_original
65980,6588,0.044998,0,94,94
65980,6589,0.0347788,0,84,84
65980,6590,0.0245605,0,74,74
65980,6591,0.0143434,0,64,64
65980,6592,0.00412725,0,54,54
65980,6593,-0.00608779,0,43,43
65980,6594,-0.0163018,0,33,33
65980,6595,-0.0265146,0,23,23
65980,6596,-0.0367264,0,13,13
65980,6597,-0.046937,0,3,3
