time,particle_id,x,y,mesh_index,mesh_index_original
390,29,0.0490095,0,99,99
390,30,0.0390086,0,89,89
390,31,0.0290077,0,79,79
390,32,0.0190067,0,69,69
390,33,0.00900579,0,59,59
390,34,-0.000995168,0,49,49
390,35,-0.0109961,0,39,39
390,36,-0.0209971,0,29,29
390,37,-0.0309981,0,19,19
390,38,-0.0409991,0,9,9
