time,particle_id,x,y,mesh_index,mesh_index_original
21610,2151,0.0476759,0,97,97
21610,2152,0.0376048,0,87,87
21610,2153,0.027534,0,77,77
21610,2154,0.0174635,0,67,67
21610,2155,0.00739339,0,57,57
21610,2156,-0.00267642,0,47,47
21610,2157,-0.0127459,0,37,37
21610,2158,-0.022815,0,27,27
21610,2159,-0.0328838,0,17,17
21610,2160,-0.0429523,0,7,7
