time,particle_id,x,y,mesh_index,mesh_index_original
81750,8165,0.0434286,0,93,93
81750,8166,0.0331563,0,83,83
81750,8167,0.0228853,0,72,72
81750,8168,0.0126156,0,62,62
81750,8169,0.00234729,0,52,52
81750,8170,-0.0079197,0,42,42
81750,8171,-0.0181853,0,31,31
81750,8172,-0.0284496,0,21,21
81750,8173,-0.0387125,0,11,11
81750,8174,-0.0489739,0,1,1
