time,particle_id,x,y,mesh_index,mesh_index_original
32810,3271,0.0470189,0,97,97
32810,3272,0.0369106,0,86,86
32810,3273,0.0268027,0,76,76
32810,3274,0.0166954,0,66,66
32810,3275,0.00658857,0,56,56
32810,3276,-0.00351774,0,46,46
32810,3277,-0.0136235,0,36,36
32810,3278,-0.0237288,0,26,26
32810,3279,-0.0338335,0,16,16
32810,3280,-0.0439377,0,6,6
