time,particle_id,x,y,mesh_index,mesh_index_original
85990,8589,0.0435566,0,93,93
85990,8590,0.0332699,0,83,83
85990,8591,0.0229847,0,72,72
85990,8592,0.0127008,0,62,62
85990,8593,0.00241829,0,52,52
85990,8594,-0.00786278,0,42,42
85990,8595,-0.0181424,0,31,31
85990,8596,-0.0284206,0,21,21
85990,8597,-0.0386973,0,11,11
85990,8598,-0.0489726,0,1,1
