time,particle_id,x,y,mesh_index,mesh_index_original
22870,2277,0.0477156,0,97,97
22870,2278,0.0376404,0,87,87
22870,2279,0.0275654,0,77,77
22870,2280,0.0174908,0,67,67
22870,2281,0.00741651,0,57,57
22870,2282,-0.00265741,0,47,47
22870,2283,-0.012731,0,37,37
22870,2284,-0.0228042,0,27,27
22870,2285,-0.032877,0,17,17
22870,2286,-0.0429495,0,7,7
