time,particle_id,x,y,mesh_index,mesh_index_original
94240,9414,0.0427747,0,92,92
94240,9415,0.0324602,0,82,82
94240,9416,0.0221472,0,72,72
94240,9417,0.0118357,0,61,61
94240,9418,0.0015258,0,51,51
94240,9419,-0.00878255,0,41,41
94240,9420,-0.0190893,0,30,30
94240,9421,-0.0293945,0,20,20
94240,9422,-0.0396981,0,10,10
