time,particle_id,x,y,mesh_index,mesh_index_original
89840,8974,0.043673,0,93,93
89840,8975,0.0333733,0,83,83
89840,8976,0.023075,0,73,73
89840,8977,0.0127782,0,62,62
89840,8978,0.00248285,0,52,52
89840,8979,-0.00781101,0,42,42
89840,8980,-0.0181034,0,31,31
89840,8981,-0.0283942,0,21,21
89840,8982,-0.0386835,0,11,11
89840,8983,-0.0489713,0,1,1
