time,particle_id,x,y,mesh_index,mesh_index_original
94100,9400,0.0427705,0,92,92
94100,9401,0.0324565,0,82,82
94100,9402,0.0221439,0,72,72
94100,9403,0.0118329,0,61,61
94100,9404,0.0015235,0,51,51
94100,9405,-0.00878439,0,41,41
94100,9406,-0.0190907,0,30,30
94100,9407,-0.0293954,0,20,20
94100,9408,-0.0396985,0,10,10
