time,particle_id,x,y,mesh_index,mesh_index_original
37970,3787,0.0471807,0,97,97
37970,3788,0.0370551,0,87,87
37970,3789,0.0269302,0,76,76
37970,3790,0.0168058,0,66,66
37970,3791,0.00668199,0,56,56
37970,3792,-0.0034412,0,46,46
37970,3793,-0.0135638,0,36,36
37970,3794,-0.0236858,0,26,26
37970,3795,-0.0338071,0,16,16
37970,3796,-0.0439279,0,6,6
