time,particle_id,x,y,mesh_index,mesh_index_original
63600,6350,0.044925,0,94,94
63600,6351,0.0347138,0,84,84
63600,6352,0.0245035,0,74,74
63600,6353,0.0142943,0,64,64
63600,6354,0.00408609,0,54,54
63600,6355,-0.0061211,0,43,43
63600,6356,-0.0163272,0,33,33
63600,6357,-0.0265323,0,23,23
63600,6358,-0.0367364,0,13,13
63600,6359,-0.0469393,0,3,3
