time,particle_id,x,y,mesh_index,mesh_index_original
34490,3439,0.0470716,0,97,97
34490,3440,0.0369576,0,86,86
34490,3441,0.0268442,0,76,76
34490,3442,0.0167313,0,66,66
34490,3443,0.00661897,0,56,56
34490,3444,-0.00349284,0,46,46
34490,3445,-0.0136041,0,36,36
34490,3446,-0.0237148,0,26,26
34490,3447,-0.0338249,0,16,16
34490,3448,-0.0439345,0,6,6
