time,particle_id,x,y,mesh_index,mesh_index_original
19420,1932,0.0486133,0,98,98
19420,1933,0.0385494,0,88,88
19420,1934,0.0284858,0,78,78
19420,1935,0.0184225,0,68,68
19420,1936,0.00835954,0,58,58
19420,1937,-0.00170318,0,48,48
19420,1938,-0.0117656,0,38,38
19420,1939,-0.0218277,0,28,28
19420,1940,-0.0318895,0,18,18
19420,1941,-0.041951,0,8,8
