time,particle_id,x,y,mesh_index,mesh_index_original
25270,2517,0.0477914,0,97,97
25270,2518,0.0377081,0,87,87
25270,2519,0.0276252,0,77,77
25270,2520,0.0175427,0,67,67
25270,2521,0.00746058,0,57,57
25270,2522,-0.00262117,0,47,47
25270,2523,-0.0127025,0,37,37
25270,2524,-0.0227835,0,27,27
25270,2525,-0.032864,0,17,17
25270,2526,-0.0429441,0,7,7
