time,particle_id,x,y,mesh_index,mesh_index_original
59500,5940,0.0458193,0,95,95
59500,5941,0.0356217,0,85,85
59500,5942,0.0254251,0,75,75
59500,5943,0.0152294,0,65,65
59500,5944,0.00503469,0,55,55
59500,5945,-0.00515908,0,44,44
59500,5946,-0.0153519,0,34,34
59500,5947,-0.0255437,0,24,24
59500,5948,-0.0357345,0,14,14
59500,5949,-0.0459244,0,4,4
