time,particle_id,x,y,mesh_index,mesh_index_original
37750,3765,0.0471738,0,97,97
37750,3766,0.037049,0,87,87
37750,3767,0.0269247,0,76,76
37750,3768,0.0168011,0,66,66
37750,3769,0.006678,0,56,56
37750,3770,-0.00344447,0,46,46
37750,3771,-0.0135663,0,36,36
37750,3772,-0.0236876,0,26,26
37750,3773,-0.0338083,0,16,16
37750,3774,-0.0439283,0,6,6
