time,particle_id,x,y,mesh_index,mesh_index_original
83430,8333,0.0434793,0,93,93
83430,8334,0.0332013,0,83,83
83430,8335,0.0229246,0,72,72
83430,8336,0.0126493,0,62,62
83430,8337,0.00237541,0,52,52
83430,8338,-0.00789716,0,42,42
83430,8339,-0.0181683,0,31,31
83430,8340,-0.0284381,0,21,21
83430,8341,-0.0387065,0,11,11
83430,8342,-0.0489734,0,1,1
