time,particle_id,x,y,mesh_index,mesh_index_original
96180,9608,0.0428328,0,92,92
96180,9609,0.0325117,0,82,82
96180,9610,0.0221922,0,72,72
96180,9611,0.0118742,0,61,61
96180,9612,0.00155777,0,51,51
96180,9613,-0.00875705,0,41,41
96180,9614,-0.0190703,0,30,30
96180,9615,-0.0293818,0,20,20
96180,9616,-0.0396917,0,10,10
