time,particle_id,x,y,mesh_index,mesh_index_original
57600,5750,0.0457605,0,95,95
57600,5751,0.0355693,0,85,85
57600,5752,0.0253791,0,75,75
57600,5753,0.0151897,0,65,65
57600,5754,0.00500127,0,55,55
57600,5755,-0.00518624,0,44,44
57600,5756,-0.0153728,0,34,34
57600,5757,-0.0255584,0,24,24
57600,5758,-0.0357431,0,14,14
57600,5759,-0.0459268,0,4,4
