time,particle_id,x,y,mesh_index,mesh_index_original
43930,4383,0.0463533,0,96,96
43930,4384,0.0362079,0,86,86
43930,4385,0.0260632,0,76,76
43930,4386,0.0159191,0,65,65
43930,4387,0.00577578,0,55,55
43930,4388,-0.00436688,0,45,45
43930,4389,-0.0145088,0,35,35
43930,4390,-0.0246501,0,25,25
43930,4391,-0.0347906,0,15,15
43930,4392,-0.0449304,0,5,5
