time,particle_id,x,y,mesh_index,mesh_index_original
31110,3101,0.0469657,0,96,96
31110,3102,0.036863,0,86,86
31110,3103,0.0267608,0,76,76
31110,3104,0.0166591,0,66,66
31110,3105,0.00655783,0,56,56
31110,3106,-0.00354293,0,46,46
31110,3107,-0.0136432,0,36,36
31110,3108,-0.023743,0,26,26
31110,3109,-0.0338422,0,16,16
31110,3110,-0.043941,0,6,6
