time,particle_id,x,y,mesh_index,mesh_index_original
36980,3688,0.0471496,0,97,97
36980,3689,0.0370274,0,87,87
36980,3690,0.0269057,0,76,76
36980,3691,0.0167846,0,66,66
36980,3692,0.00666405,0,56,56
36980,3693,-0.0034559,0,46,46
36980,3694,-0.0135753,0,36,36
36980,3695,-0.023694,0,26,26
36980,3696,-0.0338122,0,16,16
36980,3697,-0.0439298,0,6,6
