time,particle_id,x,y,mesh_index,mesh_index_original
85310,8521,0.043536,0,93,93
85310,8522,0.0332517,0,83,83
85310,8523,0.0229687,0,72,72
85310,8524,0.0126871,0,62,62
85310,8525,0.0024069,0,52,52
85310,8526,-0.00787191,0,42,42
85310,8527,-0.0181493,0,31,31
85310,8528,-0.0284252,0,21,21
85310,8529,-0.0386997,0,11,11
85310,8530,-0.0489728,0,1,1
