time,particle_id,x,y,mesh_index,mesh_index_original
98800,9870,0.0429114,0,92,92
98800,9871,0.0325814,0,82,82
98800,9872,0.022253,0,72,72
98800,9873,0.0119262,0,61,61
98800,9874,0.00160097,0,51,51
98800,9875,-0.00872258,0,41,41
98800,9876,-0.0190445,0,30,30
98800,9877,-0.0293647,0,20,20
98800,9878,-0.0396832,0,10,10
