time,particle_id,x,y,mesh_index,mesh_index_original
91620,9152,0.0426962,0,92,92
91620,9153,0.0323906,0,82,82
91620,9154,0.0220865,0,72,72
91620,9155,0.0117838,0,61,61
91620,9156,0.00148267,0,51,51
91620,9157,-0.00881697,0,41,41
91620,9158,-0.0191151,0,30,30
91620,9159,-0.0294116,0,20,20
91620,9160,-0.0397066,0,10,10
