time,particle_id,x,y,mesh_index,mesh_index_original
4200,410,0.0491313,0,99,99
4200,411,0.0391179,0,89,89
4200,412,0.0291044,0,79,79
4200,413,0.019091,0,69,69
4200,414,0.00907768,0,59,59
4200,415,-0.00093561,0,49,49
4200,416,-0.0109489,0,39,39
4200,417,-0.020962,0,29,29
4200,418,-0.0309752,0,19,19
4200,419,-0.0409883,0,9,9
