time,particle_id,x,y,mesh_index,mesh_index_original
62880,6278,0.044903,0,94,94
62880,6279,0.0346942,0,84,84
62880,6280,0.0244863,0,74,74
62880,6281,0.0142795,0,64,64
62880,6282,0.00407364,0,54,54
62880,6283,-0.00613117,0,43,43
62880,6284,-0.016335,0,33,33
62880,6285,-0.0265377,0,23,23
62880,6286,-0.0367394,0,13,13
62880,6287,-0.04694,0,3,3
