time,particle_id,x,y,mesh_index,mesh_index_original
56110,5601,0.0457144,0,95,95
56110,5602,0.0355283,0,85,85
56110,5603,0.025343,0,75,75
56110,5604,0.0151586,0,65,65
56110,5605,0.00497507,0,54,54
56110,5606,-0.00520753,0,44,44
56110,5607,-0.0153892,0,34,34
56110,5608,-0.02557,0,24,24
56110,5609,-0.0357498,0,14,14
56110,5610,-0.0459287,0,4,4
