time,particle_id,x,y,mesh_index,mesh_index_original
10510,1041,0.04833,0,98,98
10510,1042,0.0382957,0,88,88
10510,1043,0.0282615,0,78,78
10510,1044,0.0182275,0,68,68
10510,1045,0.00819356,0,58,58
10510,1046,-0.00184018,0,48,48
10510,1047,-0.0118738,0,38,38
10510,1048,-0.0219072,0,28,28
10510,1049,-0.0319405,0,18,18
10510,1050,-0.0419736,0,8,8
