time,particle_id,x,y,mesh_index,mesh_index_original
21200,2110,0.047663,0,97,97
21200,2111,0.0375932,0,87,87
21200,2112,0.0275238,0,77,77
21200,2113,0.0174547,0,67,67
21200,2114,0.00738587,0,57,57
21200,2115,-0.0026826,0,47,47
21200,2116,-0.0127508,0,37,37
21200,2117,-0.0228186,0,27,27
21200,2118,-0.0328861,0,17,17
21200,2119,-0.0429532,0,7,7
