time,particle_id,x,y,mesh_index,mesh_index_original
8580,848,0.0492716,0,99,99
8580,849,0.0392437,0,89,89
8580,850,0.0292158,0,79,79
8580,851,0.0191881,0,69,69
8580,852,0.00916045,0,59,59
8580,853,-0.000867044,0,49,49
8580,854,-0.0108944,0,39,39
8580,855,-0.0209217,0,29,29
8580,856,-0.0309488,0,19,19
8580,857,-0.0409758,0,9,9
