time,particle_id,x,y,mesh_index,mesh_index_original
3910,381,0.0491221,0,99,99
3910,382,0.0391095,0,89,89
3910,383,0.0290971,0,79,79
3910,384,0.0190846,0,69,69
3910,385,0.00907221,0,59,59
3910,386,-0.000940146,0,49,49
3910,387,-0.0109525,0,39,39
3910,388,-0.0209647,0,29,29
3910,389,-0.0309769,0,19,19
3910,390,-0.0409891,0,9,9
