time,particle_id,x,y,mesh_index,mesh_index_original
47270,4717,0.0464573,0,96,96
47270,4718,0.0363007,0,86,86
47270,4719,0.0261449,0,76,76
47270,4720,0.0159897,0,65,65
47270,4721,0.00583536,0,55,55
47270,4722,-0.00431826,0,45,45
47270,4723,-0.0144711,0,35,35
47270,4724,-0.0246232,0,25,25
47270,4725,-0.0347745,0,15,15
47270,4726,-0.044925,0,5,5
