time,particle_id,x,y,mesh_index,mesh_index_original
80960,8086,0.0434047,0,93,93
80960,8087,0.0331351,0,83,83
80960,8088,0.0228668,0,72,72
80960,8089,0.0125998,0,62,62
80960,8090,0.00233407,0,52,52
80960,8091,-0.0079303,0,42,42
80960,8092,-0.0181933,0,31,31
80960,8093,-0.028455,0,21,21
80960,8094,-0.0387153,0,11,11
80960,8095,-0.0489742,0,1,1
