time,particle_id,x,y,mesh_index,mesh_index_original
73340,7324,0.0441997,0,94,94
73340,7325,0.0339557,0,83,83
73340,7326,0.0237129,0,73,73
73340,7327,0.0134712,0,63,63
73340,7328,0.00323077,0,53,53
73340,7329,-0.00700849,0,42,42
73340,7330,-0.0172465,0,32,32
73340,7331,-0.0274834,0,22,22
73340,7332,-0.0377189,0,12,12
73340,7333,-0.0479533,0,2,2
