time,particle_id,x,y,mesh_index,mesh_index_original
87130,8703,0.043591,0,93,93
87130,8704,0.0333005,0,83,83
87130,8705,0.0230114,0,73,73
87130,8706,0.0127237,0,62,62
87130,8707,0.0024374,0,52,52
87130,8708,-0.00784746,0,42,42
87130,8709,-0.0181309,0,31,31
87130,8710,-0.0284128,0,21,21
87130,8711,-0.0386932,0,11,11
87130,8712,-0.0489722,0,1,1
