time,particle_id,x,y,mesh_index,mesh_index_original
18780,1868,0.0485929,0,98,98
18780,1869,0.0385312,0,88,88
18780,1870,0.0284697,0,78,78
18780,1871,0.0184085,0,68,68
18780,1872,0.0083476,0,58,58
18780,1873,-0.00171303,0,48,48
18780,1874,-0.0117734,0,38,38
18780,1875,-0.0218334,0,28,28
18780,1876,-0.0318932,0,18,18
18780,1877,-0.0419526,0,8,8
