time,particle_id,x,y,mesh_index,mesh_index_original
80970,8087,0.043405,0,93,93
80970,8088,0.0331354,0,83,83
80970,8089,0.022867,0,72,72
80970,8090,0.0126,0,62,62
80970,8091,0.00233424,0,52,52
80970,8092,-0.00793016,0,42,42
80970,8093,-0.0181932,0,31,31
80970,8094,-0.0284549,0,21,21
80970,8095,-0.0387152,0,11,11
80970,8096,-0.0489742,0,1,1
