time,particle_id,x,y,mesh_index,mesh_index_original
35100,3500,0.0470907,0,97,97
35100,3501,0.0369747,0,86,86
35100,3502,0.0268593,0,76,76
35100,3503,0.0167444,0,66,66
35100,3504,0.00663001,0,56,56
35100,3505,-0.00348379,0,46,46
35100,3506,-0.013597,0,36,36
35100,3507,-0.0237097,0,26,26
35100,3508,-0.0338218,0,16,16
35100,3509,-0.0439334,0,6,6
