time,particle_id,x,y,mesh_index,mesh_index_original
66150,6605,0.0450033,0,95,95
66150,6606,0.0347834,0,84,84
66150,6607,0.0245646,0,74,74
66150,6608,0.0143469,0,64,64
66150,6609,0.0041302,0,54,54
66150,6610,-0.00608541,0,43,43
66150,6611,-0.0162999,0,33,33
66150,6612,-0.0265134,0,23,23
66150,6613,-0.0367257,0,13,13
66150,6614,-0.0469369,0,3,3
