time,particle_id,x,y,mesh_index,mesh_index_original
35410,3531,0.0471004,0,97,97
35410,3532,0.0369834,0,86,86
35410,3533,0.0268669,0,76,76
35410,3534,0.016751,0,66,66
35410,3535,0.00663562,0,56,56
35410,3536,-0.00347919,0,46,46
35410,3537,-0.0135934,0,36,36
35410,3538,-0.0237071,0,26,26
35410,3539,-0.0338202,0,16,16
35410,3540,-0.0439328,0,6,6
