time,particle_id,x,y,mesh_index,mesh_index_original
15330,1523,0.0484832,0,98,98
15330,1524,0.0384329,0,88,88
15330,1525,0.0283828,0,78,78
15330,1526,0.0183329,0,68,68
15330,1527,0.00828329,0,58,58
15330,1528,-0.00176612,0,48,48
15330,1529,-0.0118153,0,38,38
15330,1530,-0.0218642,0,28,28
15330,1531,-0.0319129,0,18,18
15330,1532,-0.0419614,0,8,8
