time,particle_id,x,y,mesh_index,mesh_index_original
43080,4298,0.0463269,0,96,96
43080,4299,0.0361843,0,86,86
43080,4300,0.0260424,0,76,76
43080,4301,0.0159012,0,65,65
43080,4302,0.00576063,0,55,55
43080,4303,-0.00437925,0,45,45
43080,4304,-0.0145184,0,35,35
43080,4305,-0.0246569,0,25,25
43080,4306,-0.0347947,0,15,15
43080,4307,-0.0449317,0,5,5
