time,particle_id,x,y,mesh_index,mesh_index_original
96230,9613,0.0428343,0,92,92
96230,9614,0.0325131,0,82,82
96230,9615,0.0221933,0,72,72
96230,9616,0.0118752,0,61,61
96230,9617,0.00155859,0,51,51
96230,9618,-0.00875639,0,41,41
96230,9619,-0.0190698,0,30,30
96230,9620,-0.0293815,0,20,20
96230,9621,-0.0396916,0,10,10
