time,particle_id,x,y,mesh_index,mesh_index_original
32900,3280,0.0470217,0,97,97
32900,3281,0.0369131,0,86,86
32900,3282,0.026805,0,76,76
32900,3283,0.0166973,0,66,66
32900,3284,0.0065902,0,56,56
32900,3285,-0.00351641,0,46,46
32900,3286,-0.0136225,0,36,36
32900,3287,-0.0237281,0,26,26
32900,3288,-0.0338331,0,16,16
32900,3289,-0.0439376,0,6,6
