time,particle_id,x,y,mesh_index,mesh_index_original
12800,1270,0.0484027,0,98,98
12800,1271,0.0383608,0,88,88
12800,1272,0.0283191,0,78,78
12800,1273,0.0182775,0,68,68
12800,1274,0.00823617,0,58,58
12800,1275,-0.00180501,0,48,48
12800,1276,-0.011846,0,38,38
12800,1277,-0.0218868,0,28,28
12800,1278,-0.0319274,0,18,18
12800,1279,-0.0419678,0,8,8
