time,particle_id,x,y,mesh_index,mesh_index_original
72510,7241,0.0441744,0,94,94
72510,7242,0.0339332,0,83,83
72510,7243,0.0236932,0,73,73
72510,7244,0.0134543,0,63,63
72510,7245,0.00321664,0,53,53
72510,7246,-0.00701987,0,42,42
72510,7247,-0.0172552,0,32,32
72510,7248,-0.0274893,0,22,22
72510,7249,-0.0377222,0,12,12
72510,7250,-0.0479538,0,2,2
