time,particle_id,x,y,mesh_index,mesh_index_original
55510,5541,0.0456959,0,95,95
55510,5542,0.0355117,0,85,85
55510,5543,0.0253285,0,75,75
55510,5544,0.0151461,0,65,65
55510,5545,0.00496453,0,54,54
55510,5546,-0.0052161,0,44,44
55510,5547,-0.0153958,0,34,34
55510,5548,-0.0255746,0,24,24
55510,5549,-0.0357525,0,14,14
55510,5550,-0.0459295,0,4,4
