time,particle_id,x,y,mesh_index,mesh_index_original
58250,5815,0.0457806,0,95,95
58250,5816,0.0355872,0,85,85
58250,5817,0.0253948,0,75,75
58250,5818,0.0152033,0,65,65
58250,5819,0.0050127,0,55,55
58250,5820,-0.00517695,0,44,44
58250,5821,-0.0153657,0,34,34
58250,5822,-0.0255534,0,24,24
58250,5823,-0.0357402,0,14,14
58250,5824,-0.045926,0,4,4
