time,particle_id,x,y,mesh_index,mesh_index_original
23220,2312,0.0477267,0,97,97
23220,2313,0.0376502,0,87,87
23220,2314,0.0275741,0,77,77
23220,2315,0.0174983,0,67,67
23220,2316,0.00742294,0,57,57
23220,2317,-0.00265212,0,47,47
23220,2318,-0.0127268,0,37,37
23220,2319,-0.0228012,0,27,27
23220,2320,-0.0328751,0,17,17
23220,2321,-0.0429487,0,7,7
