time,particle_id,x,y,mesh_index,mesh_index_original
55910,5581,0.0457082,0,95,95
55910,5582,0.0355228,0,85,85
55910,5583,0.0253381,0,75,75
55910,5584,0.0151544,0,65,65
55910,5585,0.00497156,0,54,54
55910,5586,-0.00521039,0,44,44
55910,5587,-0.0153914,0,34,34
55910,5588,-0.0255715,0,24,24
55910,5589,-0.0357507,0,14,14
55910,5590,-0.045929,0,4,4
