time,particle_id,x,y,mesh_index,mesh_index_original
6170,607,0.0491944,0,99,99
6170,608,0.0391744,0,89,89
6170,609,0.0291545,0,79,79
6170,610,0.0191347,0,69,69
6170,611,0.0091149,0,59,59
6170,612,-0.000904784,0,49,49
6170,613,-0.0109244,0,39,39
6170,614,-0.0209439,0,29,29
6170,615,-0.0309633,0,19,19
6170,616,-0.0409827,0,9,9
