time,particle_id,x,y,mesh_index,mesh_index_original
3420,332,0.0491064,0,99,99
3420,333,0.0390955,0,89,89
3420,334,0.0290846,0,79,79
3420,335,0.0190738,0,69,69
3420,336,0.00906296,0,59,59
3420,337,-0.000947809,0,49,49
3420,338,-0.0109585,0,39,39
3420,339,-0.0209692,0,29,29
3420,340,-0.0309799,0,19,19
3420,341,-0.0409905,0,9,9
