time,particle_id,x,y,mesh_index,mesh_index_original
44680,4458,0.0463767,0,96,96
44680,4459,0.0362288,0,86,86
44680,4460,0.0260815,0,76,76
44680,4461,0.015935,0,65,65
44680,4462,0.00578915,0,55,55
44680,4463,-0.00435597,0,45,45
44680,4464,-0.0145004,0,35,35
44680,4465,-0.024644,0,25,25
44680,4466,-0.034787,0,15,15
44680,4467,-0.0449292,0,5,5
