time,particle_id,x,y,mesh_index,mesh_index_original
25950,2585,0.0478129,0,97,97
25950,2586,0.0377273,0,87,87
25950,2587,0.0276422,0,77,77
25950,2588,0.0175574,0,67,67
25950,2589,0.00747307,0,57,57
25950,2590,-0.00261089,0,47,47
25950,2591,-0.0126944,0,37,37
25950,2592,-0.0227776,0,27,27
25950,2593,-0.0328603,0,17,17
25950,2594,-0.0429426,0,7,7
