time,particle_id,x,y,mesh_index,mesh_index_original
58230,5813,0.04578,0,95,95
58230,5814,0.0355867,0,85,85
58230,5815,0.0253943,0,75,75
58230,5816,0.0152029,0,65,65
58230,5817,0.00501235,0,55,55
58230,5818,-0.00517724,0,44,44
58230,5819,-0.0153659,0,34,34
58230,5820,-0.0255536,0,24,24
58230,5821,-0.0357403,0,14,14
58230,5822,-0.045926,0,4,4
