time,particle_id,x,y,mesh_index,mesh_index_original
55750,5565,0.0457033,0,95,95
55750,5566,0.0355183,0,85,85
55750,5567,0.0253343,0,75,75
55750,5568,0.0151511,0,65,65
55750,5569,0.00496875,0,54,54
55750,5570,-0.00521267,0,44,44
55750,5571,-0.0153932,0,34,34
55750,5572,-0.0255728,0,24,24
55750,5573,-0.0357514,0,14,14
55750,5574,-0.0459292,0,4,4
