time,particle_id,x,y,mesh_index,mesh_index_original
12860,1276,0.0484047,0,98,98
12860,1277,0.0383625,0,88,88
12860,1278,0.0283206,0,78,78
12860,1279,0.0182789,0,68,68
12860,1280,0.00823729,0,58,58
12860,1281,-0.00180409,0,48,48
12860,1282,-0.0118453,0,38,38
12860,1283,-0.0218863,0,28,28
12860,1284,-0.0319271,0,18,18
12860,1285,-0.0419677,0,8,8
