time,particle_id,x,y,mesh_index,mesh_index_original
36340,3624,0.0471296,0,97,97
36340,3625,0.0370095,0,87,87
36340,3626,0.0268899,0,76,76
36340,3627,0.0167709,0,66,66
36340,3628,0.00665246,0,56,56
36340,3629,-0.0034654,0,46,46
36340,3630,-0.0135827,0,36,36
36340,3631,-0.0236994,0,26,26
36340,3632,-0.0338155,0,16,16
36340,3633,-0.043931,0,6,6
