time,particle_id,x,y,mesh_index,mesh_index_original
69810,6971,0.0451156,0,95,95
69810,6972,0.0348834,0,84,84
69810,6973,0.0246524,0,74,74
69810,6974,0.0144224,0,64,64
69810,6975,0.00419357,0,54,54
69810,6976,-0.00603413,0,43,43
69810,6977,-0.0162607,0,33,33
69810,6978,-0.0264861,0,23,23
69810,6979,-0.0367103,0,13,13
69810,6980,-0.0469333,0,3,3
