time,particle_id,x,y,mesh_index,mesh_index_original
53990,5389,0.0456489,0,95,95
53990,5390,0.0354699,0,85,85
53990,5391,0.0252917,0,75,75
53990,5392,0.0151143,0,65,65
53990,5393,0.00493783,0,54,54
53990,5394,-0.0052378,0,44,44
53990,5395,-0.0154125,0,34,34
53990,5396,-0.0255864,0,24,24
53990,5397,-0.0357594,0,14,14
53990,5398,-0.0459314,0,4,4
