time,particle_id,x,y,mesh_index,mesh_index_original
44270,4417,0.0463639,0,96,96
44270,4418,0.0362174,0,86,86
44270,4419,0.0260715,0,76,76
44270,4420,0.0159263,0,65,65
44270,4421,0.00578184,0,55,55
44270,4422,-0.00436193,0,45,45
44270,4423,-0.014505,0,35,35
44270,4424,-0.0246473,0,25,25
44270,4425,-0.034789,0,15,15
44270,4426,-0.0449298,0,5,5
