time,particle_id,x,y,mesh_index,mesh_index_original
27160,2706,0.0478511,0,97,97
27160,2707,0.0377615,0,87,87
27160,2708,0.0276724,0,77,77
27160,2709,0.0175836,0,67,67
27160,2710,0.0074953,0,57,57
27160,2711,-0.00259261,0,47,47
27160,2712,-0.0126801,0,37,37
27160,2713,-0.0227671,0,27,27
27160,2714,-0.0328538,0,17,17
27160,2715,-0.0429399,0,7,7
