time,particle_id,x,y,mesh_index,mesh_index_original
59300,5920,0.0458131,0,95,95
59300,5921,0.0356162,0,85,85
59300,5922,0.0254203,0,75,75
59300,5923,0.0152252,0,65,65
59300,5924,0.00503117,0,55,55
59300,5925,-0.00516194,0,44,44
59300,5926,-0.0153541,0,34,34
59300,5927,-0.0255453,0,24,24
59300,5928,-0.0357354,0,14,14
59300,5929,-0.0459246,0,4,4
