time,particle_id,x,y,mesh_index,mesh_index_original
26280,2618,0.0478233,0,97,97
26280,2619,0.0377367,0,87,87
26280,2620,0.0276504,0,77,77
26280,2621,0.0175646,0,67,67
26280,2622,0.00747913,0,57,57
26280,2623,-0.00260591,0,47,47
26280,2624,-0.0126905,0,37,37
26280,2625,-0.0227747,0,27,27
26280,2626,-0.0328585,0,17,17
26280,2627,-0.0429419,0,7,7
