time,particle_id,x,y,mesh_index,mesh_index_original
88600,8850,0.0436355,0,93,93
88600,8851,0.03334,0,83,83
88600,8852,0.0230459,0,73,73
88600,8853,0.0127533,0,62,62
88600,8854,0.00246205,0,52,52
88600,8855,-0.00782769,0,42,42
88600,8856,-0.018116,0,31,31
88600,8857,-0.0284027,0,21,21
88600,8858,-0.038688,0,11,11
88600,8859,-0.0489717,0,1,1
