time,particle_id,x,y,mesh_index,mesh_index_original
4560,446,0.0491429,0,99,99
4560,447,0.0391282,0,89,89
4560,448,0.0291136,0,79,79
4560,449,0.019099,0,69,69
4560,450,0.00908448,0,59,59
4560,451,-0.000929978,0,49,49
4560,452,-0.0109444,0,39,39
4560,453,-0.0209587,0,29,29
4560,454,-0.030973,0,19,19
4560,455,-0.0409872,0,9,9
