time,particle_id,x,y,mesh_index,mesh_index_original
25120,2502,0.0477867,0,97,97
25120,2503,0.0377039,0,87,87
25120,2504,0.0276215,0,77,77
25120,2505,0.0175395,0,67,67
25120,2506,0.00745782,0,57,57
25120,2507,-0.00262343,0,47,47
25120,2508,-0.0127043,0,37,37
25120,2509,-0.0227848,0,27,27
25120,2510,-0.0328648,0,17,17
25120,2511,-0.0429445,0,7,7
