time,particle_id,x,y,mesh_index,mesh_index_original
53370,5327,0.0456298,0,95,95
53370,5328,0.0354528,0,85,85
53370,5329,0.0252767,0,75,75
53370,5330,0.0151014,0,65,65
53370,5331,0.00492694,0,54,54
53370,5332,-0.00524664,0,44,44
53370,5333,-0.0154194,0,34,34
53370,5334,-0.0255912,0,24,24
53370,5335,-0.0357622,0,14,14
53370,5336,-0.0459322,0,4,4
