time,particle_id,x,y,mesh_index,mesh_index_original
5000,490,0.0491569,0,99,99
5000,491,0.0391408,0,89,89
5000,492,0.0291248,0,79,79
5000,493,0.0191087,0,69,69
5000,494,0.00909279,0,59,59
5000,495,-0.000923094,0,49,49
5000,496,-0.0109389,0,39,39
5000,497,-0.0209547,0,29,29
5000,498,-0.0309704,0,19,19
5000,499,-0.040986,0,9,9
