time,particle_id,x,y,mesh_index,mesh_index_original
95270,9517,0.0428056,0,92,92
95270,9518,0.0324876,0,82,82
95270,9519,0.0221711,0,72,72
95270,9520,0.0118561,0,61,61
95270,9521,0.00154277,0,51,51
95270,9522,-0.00876901,0,41,41
95270,9523,-0.0190792,0,30,30
95270,9524,-0.0293878,0,20,20
95270,9525,-0.0396947,0,10,10
