time,particle_id,x,y,mesh_index,mesh_index_original
99700,9960,0.0429385,0,92,92
99700,9961,0.0326054,0,82,82
99700,9962,0.0222739,0,72,72
99700,9963,0.011944,0,61,61
99700,9964,0.00161582,0,51,51
99700,9965,-0.00871073,0,41,41
99700,9966,-0.0190356,0,30,30
99700,9967,-0.0293588,0,20,20
99700,9968,-0.0396803,0,10,10
