time,particle_id,x,y,mesh_index,mesh_index_original
31790,3169,0.046987,0,96,96
31790,3170,0.036882,0,86,86
31790,3171,0.0267776,0,76,76
31790,3172,0.0166736,0,66,66
31790,3173,0.00657012,0,56,56
31790,3174,-0.00353285,0,46,46
31790,3175,-0.0136353,0,36,36
31790,3176,-0.0237373,0,26,26
31790,3177,-0.0338388,0,16,16
31790,3178,-0.0439397,0,6,6
