time,particle_id,x,y,mesh_index,mesh_index_original
83950,8385,0.043495,0,93,93
83950,8386,0.0332152,0,83,83
83950,8387,0.0229368,0,72,72
83950,8388,0.0126598,0,62,62
83950,8389,0.00238412,0,52,52
83950,8390,-0.00789017,0,42,42
83950,8391,-0.0181631,0,31,31
83950,8392,-0.0284345,0,21,21
83950,8393,-0.0387046,0,11,11
83950,8394,-0.0489732,0,1,1
