time,particle_id,x,y,mesh_index,mesh_index_original
14250,1415,0.0484488,0,98,98
14250,1416,0.0384021,0,88,88
14250,1417,0.0283556,0,78,78
14250,1418,0.0183093,0,68,68
14250,1419,0.00826317,0,58,58
14250,1420,-0.00178273,0,48,48
14250,1421,-0.0118284,0,38,38
14250,1422,-0.0218739,0,28,28
14250,1423,-0.0319191,0,18,18
14250,1424,-0.0419641,0,8,8
