time,particle_id,x,y,mesh_index,mesh_index_original
32740,3264,0.0470167,0,97,97
32740,3265,0.0369086,0,86,86
32740,3266,0.026801,0,76,76
32740,3267,0.0166939,0,66,66
32740,3268,0.00658731,0,56,56
32740,3269,-0.00351878,0,46,46
32740,3270,-0.0136243,0,36,36
32740,3271,-0.0237294,0,26,26
32740,3272,-0.0338339,0,16,16
32740,3273,-0.0439379,0,6,6
