time,particle_id,x,y,mesh_index,mesh_index_original
19160,1906,0.048605,0,98,98
19160,1907,0.038542,0,88,88
19160,1908,0.0284793,0,78,78
19160,1909,0.0184168,0,68,68
19160,1910,0.00835469,0,58,58
19160,1911,-0.00170718,0,48,48
19160,1912,-0.0117688,0,38,38
19160,1913,-0.02183,0,28,28
19160,1914,-0.031891,0,18,18
19160,1915,-0.0419517,0,8,8
