time,particle_id,x,y,mesh_index,mesh_index_original
62390,6229,0.044888,0,94,94
62390,6230,0.0346808,0,84,84
62390,6231,0.0244746,0,74,74
62390,6232,0.0142694,0,64,64
62390,6233,0.00406517,0,54,54
62390,6234,-0.00613803,0,43,43
62390,6235,-0.0163402,0,33,33
62390,6236,-0.0265413,0,23,23
62390,6237,-0.0367414,0,13,13
62390,6238,-0.0469405,0,3,3
