time,particle_id,x,y,mesh_index,mesh_index_original
36110,3601,0.0471223,0,97,97
36110,3602,0.037003,0,87,87
36110,3603,0.0268842,0,76,76
36110,3604,0.016766,0,66,66
36110,3605,0.0066483,0,56,56
36110,3606,-0.00346881,0,46,46
36110,3607,-0.0135853,0,36,36
36110,3608,-0.0237013,0,26,26
36110,3609,-0.0338167,0,16,16
36110,3610,-0.0439314,0,6,6
