time,particle_id,x,y,mesh_index,mesh_index_original
71530,7143,0.0441446,0,94,94
71530,7144,0.0339067,0,83,83
71530,7145,0.02367,0,73,73
71530,7146,0.0134344,0,63,63
71530,7147,0.00319998,0,53,53
71530,7148,-0.0070333,0,42,42
71530,7149,-0.0172654,0,32,32
71530,7150,-0.0274963,0,22,22
71530,7151,-0.037726,0,12,12
71530,7152,-0.0479545,0,2,2
