time,particle_id,x,y,mesh_index,mesh_index_original
66470,6637,0.0450131,0,95,95
66470,6638,0.0347922,0,84,84
66470,6639,0.0245723,0,74,74
66470,6640,0.0143535,0,64,64
66470,6641,0.00413573,0,54,54
66470,6642,-0.00608093,0,43,43
66470,6643,-0.0162965,0,33,33
66470,6644,-0.026511,0,23,23
66470,6645,-0.0367243,0,13,13
66470,6646,-0.0469366,0,3,3
