time,particle_id,x,y,mesh_index,mesh_index_original
88990,8889,0.0436473,0,93,93
88990,8890,0.0333505,0,83,83
88990,8891,0.0230551,0,73,73
88990,8892,0.0127611,0,62,62
88990,8893,0.00246859,0,52,52
88990,8894,-0.00782245,0,42,42
88990,8895,-0.018112,0,31,31
88990,8896,-0.0284,0,21,21
88990,8897,-0.0386866,0,11,11
88990,8898,-0.0489716,0,1,1
