time,particle_id,x,y,mesh_index,mesh_index_original
64800,6470,0.0449618,0,94,94
64800,6471,0.0347466,0,84,84
64800,6472,0.0245323,0,74,74
64800,6473,0.014319,0,64,64
64800,6474,0.00410684,0,54,54
64800,6475,-0.00610431,0,43,43
64800,6476,-0.0163144,0,33,33
64800,6477,-0.0265234,0,23,23
64800,6478,-0.0367313,0,13,13
64800,6479,-0.0469382,0,3,3
