time,particle_id,x,y,mesh_index,mesh_index_original
19270,1917,0.0486085,0,98,98
19270,1918,0.0385452,0,88,88
19270,1919,0.0284821,0,78,78
19270,1920,0.0184193,0,68,68
19270,1921,0.00835674,0,58,58
19270,1922,-0.00170549,0,48,48
19270,1923,-0.0117674,0,38,38
19270,1924,-0.021829,0,28,28
19270,1925,-0.0318904,0,18,18
19270,1926,-0.0419514,0,8,8
