time,particle_id,x,y,mesh_index,mesh_index_original
27620,2752,0.0478656,0,97,97
27620,2753,0.0377745,0,87,87
27620,2754,0.0276839,0,77,77
27620,2755,0.0175936,0,67,67
27620,2756,0.00750376,0,57,57
27620,2757,-0.00258565,0,47,47
27620,2758,-0.0126746,0,37,37
27620,2759,-0.0227632,0,27,27
27620,2760,-0.0328513,0,17,17
27620,2761,-0.0429389,0,7,7
