time,particle_id,x,y,mesh_index,mesh_index_original
79480,7938,0.0443867,0,94,94
79480,7939,0.0341219,0,84,84
79480,7940,0.0238584,0,73,73
79480,7941,0.0135963,0,63,63
79480,7942,0.00333536,0,53,53
79480,7943,-0.00692424,0,43,43
79480,7944,-0.0171825,0,32,32
79480,7945,-0.0274395,0,22,22
79480,7946,-0.0376951,0,12,12
79480,7947,-0.0479493,0,2,2
