time,particle_id,x,y,mesh_index,mesh_index_original
95020,9492,0.0427981,0,92,92
95020,9493,0.0324809,0,82,82
95020,9494,0.0221653,0,72,72
95020,9495,0.0118512,0,61,61
95020,9496,0.00153865,0,51,51
95020,9497,-0.0087723,0,41,41
95020,9498,-0.0190817,0,30,30
95020,9499,-0.0293894,0,20,20
95020,9500,-0.0396955,0,10,10
