time,particle_id,x,y,mesh_index,mesh_index_original
69570,6947,0.0451083,0,95,95
69570,6948,0.0348769,0,84,84
69570,6949,0.0246466,0,74,74
69570,6950,0.0144175,0,64,64
69570,6951,0.00418941,0,54,54
69570,6952,-0.0060375,0,43,43
69570,6953,-0.0162633,0,33,33
69570,6954,-0.0264879,0,23,23
69570,6955,-0.0367113,0,13,13
69570,6956,-0.0469336,0,3,3
