time,particle_id,x,y,mesh_index,mesh_index_original
88220,8812,0.043624,0,93,93
88220,8813,0.0333298,0,83,83
88220,8814,0.023037,0,73,73
88220,8815,0.0127456,0,62,62
88220,8816,0.00245568,0,52,52
88220,8817,-0.0078328,0,42,42
88220,8818,-0.0181198,0,31,31
88220,8819,-0.0284053,0,21,21
88220,8820,-0.0386893,0,11,11
88220,8821,-0.0489718,0,1,1
