time,particle_id,x,y,mesh_index,mesh_index_original
62820,6272,0.0449011,0,94,94
62820,6273,0.0346925,0,84,84
62820,6274,0.0244849,0,74,74
62820,6275,0.0142782,0,64,64
62820,6276,0.0040726,0,54,54
62820,6277,-0.00613201,0,43,43
62820,6278,-0.0163356,0,33,33
62820,6279,-0.0265381,0,23,23
62820,6280,-0.0367396,0,13,13
62820,6281,-0.0469401,0,3,3
