time,particle_id,x,y,mesh_index,mesh_index_original
21410,2131,0.0476696,0,97,97
21410,2132,0.0375992,0,87,87
21410,2133,0.027529,0,77,77
21410,2134,0.0174592,0,67,67
21410,2135,0.00738972,0,57,57
21410,2136,-0.00267944,0,47,47
21410,2137,-0.0127483,0,37,37
21410,2138,-0.0228168,0,27,27
21410,2139,-0.0328849,0,17,17
21410,2140,-0.0429527,0,7,7
