time,particle_id,x,y,mesh_index,mesh_index_original
22880,2278,0.047716,0,97,97
22880,2279,0.0376406,0,87,87
22880,2280,0.0275656,0,77,77
22880,2281,0.017491,0,67,67
22880,2282,0.00741669,0,57,57
22880,2283,-0.00265726,0,47,47
22880,2284,-0.0127309,0,37,37
22880,2285,-0.0228041,0,27,27
22880,2286,-0.032877,0,17,17
22880,2287,-0.0429495,0,7,7
