time,particle_id,x,y,mesh_index,mesh_index_original
95460,9536,0.0428113,0,92,92
95460,9537,0.0324926,0,82,82
95460,9538,0.0221755,0,72,72
95460,9539,0.0118599,0,61,61
95460,9540,0.0015459,0,51,51
95460,9541,-0.00876651,0,41,41
95460,9542,-0.0190773,0,30,30
95460,9543,-0.0293865,0,20,20
95460,9544,-0.0396941,0,10,10
