time,particle_id,x,y,mesh_index,mesh_index_original
18790,1869,0.0485932,0,98,98
18790,1870,0.0385315,0,88,88
18790,1871,0.02847,0,78,78
18790,1872,0.0184087,0,68,68
18790,1873,0.00834778,0,58,58
18790,1874,-0.00171288,0,48,48
18790,1875,-0.0117733,0,38,38
18790,1876,-0.0218333,0,28,28
18790,1877,-0.0318931,0,18,18
18790,1878,-0.0419526,0,8,8
