time,particle_id,x,y,mesh_index,mesh_index_original
68830,6873,0.0450855,0,95,95
68830,6874,0.0348567,0,84,84
68830,6875,0.0246289,0,74,74
68830,6876,0.0144022,0,64,64
68830,6877,0.0041766,0,54,54
68830,6878,-0.00604787,0,43,43
68830,6879,-0.0162712,0,33,33
68830,6880,-0.0264934,0,23,23
68830,6881,-0.0367144,0,13,13
68830,6882,-0.0469343,0,3,3
