time,particle_id,x,y,mesh_index,mesh_index_original
25230,2513,0.0477901,0,97,97
25230,2514,0.037707,0,87,87
25230,2515,0.0276242,0,77,77
25230,2516,0.0175418,0,67,67
25230,2517,0.00745984,0,57,57
25230,2518,-0.00262177,0,47,47
25230,2519,-0.012703,0,37,37
25230,2520,-0.0227838,0,27,27
25230,2521,-0.0328642,0,17,17
25230,2522,-0.0429442,0,7,7
