time,particle_id,x,y,mesh_index,mesh_index_original
66850,6675,0.0450247,0,95,95
66850,6676,0.0348025,0,84,84
66850,6677,0.0245814,0,74,74
66850,6678,0.0143613,0,64,64
66850,6679,0.00414231,0,54,54
66850,6680,-0.00607561,0,43,43
66850,6681,-0.0162924,0,33,33
66850,6682,-0.0265081,0,23,23
66850,6683,-0.0367227,0,13,13
66850,6684,-0.0469362,0,3,3
