time,particle_id,x,y,mesh_index,mesh_index_original
41030,4093,0.0462632,0,96,96
41030,4094,0.0361274,0,86,86
41030,4095,0.0259924,0,75,75
41030,4096,0.0158579,0,65,65
41030,4097,0.0057241,0,55,55
41030,4098,-0.00440905,0,45,45
41030,4099,-0.0145415,0,35,35
41030,4100,-0.0246734,0,25,25
41030,4101,-0.0348045,0,15,15
41030,4102,-0.044935,0,5,5
