time,particle_id,x,y,mesh_index,mesh_index_original
35390,3529,0.0470998,0,97,97
35390,3530,0.0369828,0,86,86
35390,3531,0.0268664,0,76,76
35390,3532,0.0167506,0,66,66
35390,3533,0.00663526,0,56,56
35390,3534,-0.00347949,0,46,46
35390,3535,-0.0135937,0,36,36
35390,3536,-0.0237073,0,26,26
35390,3537,-0.0338203,0,16,16
35390,3538,-0.0439328,0,6,6
