time,particle_id,x,y,mesh_index,mesh_index_original
11410,1131,0.0483586,0,98,98
11410,1132,0.0383213,0,88,88
11410,1133,0.0282841,0,78,78
11410,1134,0.0182471,0,68,68
11410,1135,0.00821031,0,58,58
11410,1136,-0.00182636,0,48,48
11410,1137,-0.0118629,0,38,38
11410,1138,-0.0218992,0,28,28
11410,1139,-0.0319354,0,18,18
11410,1140,-0.0419713,0,8,8
