time,particle_id,x,y,mesh_index,mesh_index_original
63860,6376,0.044933,0,94,94
63860,6377,0.0347209,0,84,84
63860,6378,0.0245098,0,74,74
63860,6379,0.0142997,0,64,64
63860,6380,0.00409058,0,54,54
63860,6381,-0.00611746,0,43,43
63860,6382,-0.0163245,0,33,33
63860,6383,-0.0265304,0,23,23
63860,6384,-0.0367353,0,13,13
63860,6385,-0.0469391,0,3,3
