time,particle_id,x,y,mesh_index,mesh_index_original
92460,9236,0.0427214,0,92,92
92460,9237,0.0324129,0,82,82
92460,9238,0.0221059,0,72,72
92460,9239,0.0118005,0,61,61
92460,9240,0.00149649,0,51,51
92460,9241,-0.00880594,0,41,41
92460,9242,-0.0191068,0,30,30
92460,9243,-0.0294061,0,20,20
92460,9244,-0.0397039,0,10,10
