time,particle_id,x,y,mesh_index,mesh_index_original
1000,90,0.049029,0,99,99
1000,91,0.0390261,0,89,89
1000,92,0.0290232,0,79,79
1000,93,0.0190202,0,69,69
1000,94,0.00901729,0,59,59
1000,95,-0.000985637,0,49,49
1000,96,-0.0109886,0,39,39
1000,97,-0.0209915,0,29,29
1000,98,-0.0309944,0,19,19
1000,99,-0.0409974,0,9,9
