time,particle_id,x,y,mesh_index,mesh_index_original
5150,505,0.0491618,0,99,99
5150,506,0.0391451,0,89,89
5150,507,0.0291286,0,79,79
5150,508,0.0191121,0,69,69
5150,509,0.00909563,0,59,59
5150,510,-0.000920747,0,49,49
5150,511,-0.0109371,0,39,39
5150,512,-0.0209533,0,29,29
5150,513,-0.0309695,0,19,19
5150,514,-0.0409856,0,9,9
