time,particle_id,x,y,mesh_index,mesh_index_original
58780,5868,0.045797,0,95,95
58780,5869,0.0356019,0,85,85
58780,5870,0.0254077,0,75,75
58780,5871,0.0152144,0,65,65
58780,5872,0.00502202,0,55,55
58780,5873,-0.00516938,0,44,44
58780,5874,-0.0153598,0,34,34
58780,5875,-0.0255493,0,24,24
58780,5876,-0.0357378,0,14,14
58780,5877,-0.0459253,0,4,4
