time,particle_id,x,y,mesh_index,mesh_index_original
36520,3642,0.0471352,0,97,97
36520,3643,0.0370145,0,87,87
36520,3644,0.0268943,0,76,76
36520,3645,0.0167747,0,66,66
36520,3646,0.00665572,0,56,56
36520,3647,-0.00346273,0,46,46
36520,3648,-0.0135806,0,36,36
36520,3649,-0.0236979,0,26,26
36520,3650,-0.0338146,0,16,16
36520,3651,-0.0439306,0,6,6
