time,particle_id,x,y,mesh_index,mesh_index_original
16170,1607,0.0485099,0,98,98
16170,1608,0.0384568,0,88,88
16170,1609,0.0284039,0,78,78
16170,1610,0.0183513,0,68,68
16170,1611,0.00829894,0,58,58
16170,1612,-0.0017532,0,48,48
16170,1613,-0.0118051,0,38,38
16170,1614,-0.0218567,0,28,28
16170,1615,-0.0319081,0,18,18
16170,1616,-0.0419593,0,8,8
