time,particle_id,x,y,mesh_index,mesh_index_original
60520,6042,0.0448307,0,94,94
60520,6043,0.0346298,0,84,84
60520,6044,0.0244299,0,74,74
60520,6045,0.0142309,0,64,64
60520,6046,0.00403286,0,54,54
60520,6047,-0.00616417,0,43,43
60520,6048,-0.0163602,0,33,33
60520,6049,-0.0265553,0,23,23
60520,6050,-0.0367493,0,13,13
60520,6051,-0.0469423,0,3,3
