time,particle_id,x,y,mesh_index,mesh_index_original
29020,2892,0.0479099,0,97,97
29020,2893,0.0378141,0,87,87
29020,2894,0.0277188,0,77,77
29020,2895,0.0176239,0,67,67
29020,2896,0.0075295,0,57,57
29020,2897,-0.00256448,0,47,47
29020,2898,-0.012658,0,37,37
29020,2899,-0.0227511,0,27,27
29020,2900,-0.0328437,0,17,17
29020,2901,-0.0429358,0,7,7
