time,particle_id,x,y,mesh_index,mesh_index_original
98150,9805,0.0428919,0,92,92
98150,9806,0.0325641,0,82,82
98150,9807,0.0222379,0,72,72
98150,9808,0.0119133,0,61,61
98150,9809,0.00159025,0,51,51
98150,9810,-0.00873113,0,41,41
98150,9811,-0.0190509,0,30,30
98150,9812,-0.0293689,0,20,20
98150,9813,-0.0396853,0,10,10
