time,particle_id,x,y,mesh_index,mesh_index_original
23070,2297,0.047722,0,97,97
23070,2298,0.037646,0,87,87
23070,2299,0.0275704,0,77,77
23070,2300,0.0174951,0,67,67
23070,2301,0.00742018,0,57,57
23070,2302,-0.00265439,0,47,47
23070,2303,-0.0127286,0,37,37
23070,2304,-0.0228024,0,27,27
23070,2305,-0.0328759,0,17,17
23070,2306,-0.042949,0,7,7
