time,particle_id,x,y,mesh_index,mesh_index_original
77660,7756,0.0443312,0,94,94
77660,7757,0.0340726,0,84,84
77660,7758,0.0238153,0,73,73
77660,7759,0.0135592,0,63,63
77660,7760,0.00330433,0,53,53
77660,7761,-0.00694923,0,43,43
77660,7762,-0.0172015,0,32,32
77660,7763,-0.0274525,0,22,22
77660,7764,-0.0377022,0,12,12
77660,7765,-0.0479505,0,2,2
