time,particle_id,x,y,mesh_index,mesh_index_original
37730,3763,0.0471732,0,97,97
37730,3764,0.0370484,0,87,87
37730,3765,0.0269242,0,76,76
37730,3766,0.0168006,0,66,66
37730,3767,0.00667764,0,56,56
37730,3768,-0.00344477,0,46,46
37730,3769,-0.0135666,0,36,36
37730,3770,-0.0236878,0,26,26
37730,3771,-0.0338084,0,16,16
37730,3772,-0.0439283,0,6,6
