time,particle_id,x,y,mesh_index,mesh_index_original
45430,4533,0.0464,0,96,96
45430,4534,0.0362496,0,86,86
45430,4535,0.0260999,0,76,76
45430,4536,0.0159508,0,65,65
45430,4537,0.00580253,0,55,55
45430,4538,-0.00434505,0,45,45
45430,4539,-0.0144919,0,35,35
45430,4540,-0.024638,0,25,25
45430,4541,-0.0347834,0,15,15
45430,4542,-0.044928,0,5,5
