time,particle_id,x,y,mesh_index,mesh_index_original
53070,5297,0.0456205,0,95,95
53070,5298,0.0354446,0,85,85
53070,5299,0.0252694,0,75,75
53070,5300,0.0150951,0,65,65
53070,5301,0.00492167,0,54,54
53070,5302,-0.00525092,0,44,44
53070,5303,-0.0154227,0,34,34
53070,5304,-0.0255935,0,24,24
53070,5305,-0.0357635,0,14,14
53070,5306,-0.0459326,0,4,4
