time,particle_id,x,y,mesh_index,mesh_index_original
67760,6766,0.0450527,0,95,95
67760,6767,0.0348274,0,84,84
67760,6768,0.0246032,0,74,74
67760,6769,0.0143801,0,64,64
67760,6770,0.00415807,0,54,54
67760,6771,-0.00606286,0,43,43
67760,6772,-0.0162827,0,33,33
67760,6773,-0.0265014,0,23,23
67760,6774,-0.0367189,0,13,13
67760,6775,-0.0469353,0,3,3
