time,particle_id,x,y,mesh_index,mesh_index_original
10660,1056,0.0483348,0,98,98
10660,1057,0.0383,0,88,88
10660,1058,0.0282653,0,78,78
10660,1059,0.0182307,0,68,68
10660,1060,0.00819635,0,58,58
10660,1061,-0.00183788,0,48,48
10660,1062,-0.011872,0,38,38
10660,1063,-0.0219059,0,28,28
10660,1064,-0.0319396,0,18,18
10660,1065,-0.0419732,0,8,8
