time,particle_id,x,y,mesh_index,mesh_index_original
67420,6732,0.0450422,0,95,95
67420,6733,0.0348181,0,84,84
67420,6734,0.0245951,0,74,74
67420,6735,0.0143731,0,64,64
67420,6736,0.00415218,0,54,54
67420,6737,-0.00606762,0,43,43
67420,6738,-0.0162863,0,33,33
67420,6739,-0.0265039,0,23,23
67420,6740,-0.0367203,0,13,13
67420,6741,-0.0469356,0,3,3
