time,particle_id,x,y,mesh_index,mesh_index_original
77050,7695,0.0443126,0,94,94
77050,7696,0.0340561,0,84,84
77050,7697,0.0238008,0,73,73
77050,7698,0.0135467,0,63,63
77050,7699,0.00329394,0,53,53
77050,7700,-0.00695761,0,43,43
77050,7701,-0.0172079,0,32,32
77050,7702,-0.0274569,0,22,22
77050,7703,-0.0377045,0,12,12
77050,7704,-0.0479509,0,2,2
