time,particle_id,x,y,mesh_index,mesh_index_original
31900,3180,0.0469904,0,96,96
31900,3181,0.0368851,0,86,86
31900,3182,0.0267803,0,76,76
31900,3183,0.016676,0,66,66
31900,3184,0.00657211,0,56,56
31900,3185,-0.00353122,0,46,46
31900,3186,-0.0136341,0,36,36
31900,3187,-0.0237364,0,26,26
31900,3188,-0.0338382,0,16,16
31900,3189,-0.0439395,0,6,6
