time,particle_id,x,y,mesh_index,mesh_index_original
72610,7251,0.0441774,0,94,94
72610,7252,0.0339359,0,83,83
72610,7253,0.0236956,0,73,73
72610,7254,0.0134564,0,63,63
72610,7255,0.00321834,0,53,53
72610,7256,-0.0070185,0,42,42
72610,7257,-0.0172541,0,32,32
72610,7258,-0.0274886,0,22,22
72610,7259,-0.0377218,0,12,12
72610,7260,-0.0479538,0,2,2
