time,particle_id,x,y,mesh_index,mesh_index_original
62060,6196,0.0448778,0,94,94
62060,6197,0.0346718,0,84,84
62060,6198,0.0244667,0,74,74
62060,6199,0.0142626,0,64,64
62060,6200,0.00405947,0,54,54
62060,6201,-0.00614264,0,43,43
62060,6202,-0.0163437,0,33,33
62060,6203,-0.0265438,0,23,23
62060,6204,-0.0367428,0,13,13
62060,6205,-0.0469408,0,3,3
