time,particle_id,x,y,mesh_index,mesh_index_original
28100,2800,0.0478808,0,97,97
28100,2801,0.0377881,0,87,87
28100,2802,0.0276958,0,77,77
28100,2803,0.017604,0,67,67
28100,2804,0.00751258,0,57,57
28100,2805,-0.0025784,0,47,47
28100,2806,-0.0126689,0,37,37
28100,2807,-0.022759,0,27,27
28100,2808,-0.0328487,0,17,17
28100,2809,-0.0429378,0,7,7
