time,particle_id,x,y,mesh_index,mesh_index_original
11270,1117,0.0483542,0,98,98
11270,1118,0.0383173,0,88,88
11270,1119,0.0282806,0,78,78
11270,1120,0.0182441,0,68,68
11270,1121,0.0082077,0,58,58
11270,1122,-0.00182851,0,48,48
11270,1123,-0.0118646,0,38,38
11270,1124,-0.0219004,0,28,28
11270,1125,-0.0319362,0,18,18
11270,1126,-0.0419717,0,8,8
