time,particle_id,x,y,mesh_index,mesh_index_original
87150,8705,0.0435917,0,93,93
87150,8706,0.0333011,0,83,83
87150,8707,0.0230119,0,73,73
87150,8708,0.0127241,0,62,62
87150,8709,0.00243773,0,52,52
87150,8710,-0.00784719,0,42,42
87150,8711,-0.0181307,0,31,31
87150,8712,-0.0284127,0,21,21
87150,8713,-0.0386932,0,11,11
87150,8714,-0.0489722,0,1,1
