time,particle_id,x,y,mesh_index,mesh_index_original
50900,5080,0.0455535,0,95,95
50900,5081,0.0353848,0,85,85
50900,5082,0.025217,0,75,75
50900,5083,0.0150499,0,65,65
50900,5084,0.00488359,0,54,54
50900,5085,-0.00528187,0,44,44
50900,5086,-0.0154465,0,34,34
50900,5087,-0.0256103,0,24,24
50900,5088,-0.0357733,0,14,14
50900,5089,-0.0459354,0,4,4
