time,particle_id,x,y,mesh_index,mesh_index_original
28780,2868,0.0479023,0,97,97
28780,2869,0.0378073,0,87,87
28780,2870,0.0277128,0,77,77
28780,2871,0.0176187,0,67,67
28780,2872,0.00752509,0,57,57
28780,2873,-0.00256811,0,47,47
28780,2874,-0.0126609,0,37,37
28780,2875,-0.0227531,0,27,27
28780,2876,-0.032845,0,17,17
28780,2877,-0.0429363,0,7,7
