time,particle_id,x,y,mesh_index,mesh_index_original
26700,2660,0.0478366,0,97,97
26700,2661,0.0377485,0,87,87
26700,2662,0.0276609,0,77,77
26700,2663,0.0175737,0,67,67
26700,2664,0.00748685,0,57,57
26700,2665,-0.00259956,0,47,47
26700,2666,-0.0126855,0,37,37
26700,2667,-0.0227711,0,27,27
26700,2668,-0.0328563,0,17,17
26700,2669,-0.042941,0,7,7
