time,particle_id,x,y,mesh_index,mesh_index_original
38920,3882,0.0472105,0,97,97
38920,3883,0.0370818,0,87,87
38920,3884,0.0269537,0,76,76
38920,3885,0.0168261,0,66,66
38920,3886,0.00669921,0,56,56
38920,3887,-0.0034271,0,46,46
38920,3888,-0.0135528,0,36,36
38920,3889,-0.0236778,0,26,26
38920,3890,-0.0338023,0,16,16
38920,3891,-0.043926,0,6,6
