time,particle_id,x,y,mesh_index,mesh_index_original
3170,307,0.0490984,0,99,99
3170,308,0.0390883,0,89,89
3170,309,0.0290783,0,79,79
3170,310,0.0190682,0,69,69
3170,311,0.00905824,0,59,59
3170,312,-0.000951718,0,49,49
3170,313,-0.0109616,0,39,39
3170,314,-0.0209715,0,29,29
3170,315,-0.0309814,0,19,19
3170,316,-0.0409912,0,9,9
