time,particle_id,x,y,mesh_index,mesh_index_original
93290,9319,0.0427462,0,92,92
93290,9320,0.0324349,0,82,82
93290,9321,0.0221252,0,72,72
93290,9322,0.0118169,0,61,61
93290,9323,0.00151016,0,51,51
93290,9324,-0.00879503,0,41,41
93290,9325,-0.0190987,0,30,30
93290,9326,-0.0294007,0,20,20
93290,9327,-0.0397012,0,10,10
