time,particle_id,x,y,mesh_index,mesh_index_original
62630,6253,0.0448953,0,94,94
62630,6254,0.0346873,0,84,84
62630,6255,0.0244803,0,74,74
62630,6256,0.0142743,0,64,64
62630,6257,0.00406932,0,54,54
62630,6258,-0.00613467,0,43,43
62630,6259,-0.0163376,0,33,33
62630,6260,-0.0265396,0,23,23
62630,6261,-0.0367404,0,13,13
62630,6262,-0.0469403,0,3,3
