time,particle_id,x,y,mesh_index,mesh_index_original
43440,4334,0.0463381,0,96,96
43440,4335,0.0361943,0,86,86
43440,4336,0.0260512,0,76,76
43440,4337,0.0159088,0,65,65
43440,4338,0.00576704,0,55,55
43440,4339,-0.00437401,0,45,45
43440,4340,-0.0145144,0,35,35
43440,4341,-0.024654,0,25,25
43440,4342,-0.0347929,0,15,15
43440,4343,-0.0449312,0,5,5
