time,particle_id,x,y,mesh_index,mesh_index_original
29120,2902,0.0479131,0,97,97
29120,2903,0.037817,0,87,87
29120,2904,0.0277213,0,77,77
29120,2905,0.0176261,0,67,67
29120,2906,0.00753134,0,57,57
29120,2907,-0.00256297,0,47,47
29120,2908,-0.0126568,0,37,37
29120,2909,-0.0227502,0,27,27
29120,2910,-0.0328431,0,17,17
29120,2911,-0.0429356,0,7,7
