time,particle_id,x,y,mesh_index,mesh_index_original
78320,7822,0.0443513,0,94,94
78320,7823,0.0340905,0,84,84
78320,7824,0.0238309,0,73,73
78320,7825,0.0135726,0,63,63
78320,7826,0.00331558,0,53,53
78320,7827,-0.00694017,0,43,43
78320,7828,-0.0171946,0,32,32
78320,7829,-0.0274478,0,22,22
78320,7830,-0.0376996,0,12,12
78320,7831,-0.0479501,0,2,2
