time,particle_id,x,y,mesh_index,mesh_index_original
36560,3646,0.0471365,0,97,97
36560,3647,0.0370156,0,87,87
36560,3648,0.0268953,0,76,76
36560,3649,0.0167756,0,66,66
36560,3650,0.00665645,0,56,56
36560,3651,-0.00346213,0,46,46
36560,3652,-0.0135801,0,36,36
36560,3653,-0.0236975,0,26,26
36560,3654,-0.0338144,0,16,16
36560,3655,-0.0439306,0,6,6
