time,particle_id,x,y,mesh_index,mesh_index_original
29730,2963,0.0479323,0,97,97
29730,2964,0.0378342,0,87,87
29730,2965,0.0277365,0,77,77
29730,2966,0.0176393,0,67,67
29730,2967,0.00754256,0,57,57
29730,2968,-0.00255374,0,47,47
29730,2969,-0.0126496,0,37,37
29730,2970,-0.0227449,0,27,27
29730,2971,-0.0328398,0,17,17
29730,2972,-0.0429342,0,7,7
