time,particle_id,x,y,mesh_index,mesh_index_original
48560,4846,0.0464975,0,96,96
48560,4847,0.0363366,0,86,86
48560,4848,0.0261764,0,76,76
48560,4849,0.016017,0,66,66
48560,4850,0.0058584,0,55,55
48560,4851,-0.00429946,0,45,45
48560,4852,-0.0144565,0,35,35
48560,4853,-0.0246128,0,25,25
48560,4854,-0.0347683,0,15,15
48560,4855,-0.044923,0,5,5
