time,particle_id,x,y,mesh_index,mesh_index_original
87560,8746,0.043604,0,93,93
87560,8747,0.0333121,0,83,83
87560,8748,0.0230215,0,73,73
87560,8749,0.0127323,0,62,62
87560,8750,0.00244461,0,52,52
87560,8751,-0.00784168,0,42,42
87560,8752,-0.0181265,0,31,31
87560,8753,-0.0284098,0,21,21
87560,8754,-0.0386917,0,11,11
87560,8755,-0.048972,0,1,1
