time,particle_id,x,y,mesh_index,mesh_index_original
93910,9381,0.0427648,0,92,92
93910,9382,0.0324514,0,82,82
93910,9383,0.0221395,0,72,72
93910,9384,0.0118292,0,61,61
93910,9385,0.00152037,0,51,51
93910,9386,-0.00878689,0,41,41
93910,9387,-0.0190926,0,30,30
93910,9388,-0.0293967,0,20,20
93910,9389,-0.0396991,0,10,10
