time,particle_id,x,y,mesh_index,mesh_index_original
19820,1972,0.048626,0,98,98
19820,1973,0.0385608,0,88,88
19820,1974,0.0284959,0,78,78
19820,1975,0.0184313,0,68,68
19820,1976,0.008367,0,58,58
19820,1977,-0.00169702,0,48,48
19820,1978,-0.0117607,0,38,38
19820,1979,-0.0218241,0,28,28
19820,1980,-0.0318872,0,18,18
19820,1981,-0.04195,0,8,8
