time,particle_id,x,y,mesh_index,mesh_index_original
81650,8155,0.0434255,0,93,93
81650,8156,0.0331536,0,83,83
81650,8157,0.0228829,0,72,72
81650,8158,0.0126136,0,62,62
81650,8159,0.00234562,0,52,52
81650,8160,-0.00792104,0,42,42
81650,8161,-0.0181863,0,31,31
81650,8162,-0.0284503,0,21,21
81650,8163,-0.0387128,0,11,11
81650,8164,-0.048974,0,1,1
