time,particle_id,x,y,mesh_index,mesh_index_original
9690,959,0.0493072,0,99,99
9690,960,0.0392756,0,89,89
9690,961,0.0292441,0,79,79
9690,962,0.0192127,0,69,69
9690,963,0.00918145,0,59,59
9690,964,-0.000849651,0,49,49
9690,965,-0.0108806,0,39,39
9690,966,-0.0209114,0,29,29
9690,967,-0.0309421,0,19,19
9690,968,-0.0409726,0,9,9
