time,particle_id,x,y,mesh_index,mesh_index_original
90070,8997,0.04368,0,93,93
90070,8998,0.0333795,0,83,83
90070,8999,0.0230804,0,73,73
90070,9000,0.0117532,0,61,61
90070,9001,0.00145718,0,51,51
90070,9002,-0.0088373,0,41,41
90070,9003,-0.0191303,0,30,30
90070,9004,-0.0294217,0,20,20
90070,9005,-0.0397116,0,10,10
