time,particle_id,x,y,mesh_index,mesh_index_original
77100,7700,0.0443141,0,94,94
77100,7701,0.0340574,0,84,84
77100,7702,0.023802,0,73,73
77100,7703,0.0135478,0,63,63
77100,7704,0.00329479,0,53,53
77100,7705,-0.00695692,0,43,43
77100,7706,-0.0172074,0,32,32
77100,7707,-0.0274565,0,22,22
77100,7708,-0.0377043,0,12,12
77100,7709,-0.0479509,0,2,2
