time,particle_id,x,y,mesh_index,mesh_index_original
13640,1354,0.0484294,0,98,98
13640,1355,0.0383847,0,88,88
13640,1356,0.0283402,0,78,78
13640,1357,0.0182959,0,68,68
13640,1358,0.00825181,0,58,58
13640,1359,-0.0017921,0,48,48
13640,1360,-0.0118358,0,38,38
13640,1361,-0.0218793,0,28,28
13640,1362,-0.0319226,0,18,18
13640,1363,-0.0419657,0,8,8
