time,particle_id,x,y,mesh_index,mesh_index_original
77750,7765,0.0443339,0,94,94
77750,7766,0.034075,0,84,84
77750,7767,0.0238174,0,73,73
77750,7768,0.013561,0,63,63
77750,7769,0.00330586,0,53,53
77750,7770,-0.006948,0,43,43
77750,7771,-0.0172006,0,32,32
77750,7772,-0.0274518,0,22,22
77750,7773,-0.0377018,0,12,12
77750,7774,-0.0479504,0,2,2
