time,particle_id,x,y,mesh_index,mesh_index_original
28990,2889,0.0479089,0,97,97
28990,2890,0.0378133,0,87,87
28990,2891,0.0277181,0,77,77
28990,2892,0.0176233,0,67,67
28990,2893,0.00752895,0,57,57
28990,2894,-0.00256494,0,47,47
28990,2895,-0.0126584,0,37,37
28990,2896,-0.0227513,0,27,27
28990,2897,-0.0328438,0,17,17
28990,2898,-0.0429359,0,7,7
