time,particle_id,x,y,mesh_index,mesh_index_original
39440,3934,0.0472268,0,97,97
39440,3935,0.0370964,0,87,87
39440,3936,0.0269665,0,76,76
39440,3937,0.0168373,0,66,66
39440,3938,0.00670863,0,56,56
39440,3939,-0.00341938,0,46,46
39440,3940,-0.0135468,0,36,36
39440,3941,-0.0236735,0,26,26
39440,3942,-0.0337996,0,16,16
39440,3943,-0.043925,0,6,6
