time,particle_id,x,y,mesh_index,mesh_index_original
7650,755,0.0492418,0,99,99
7650,756,0.0392169,0,89,89
7650,757,0.0291921,0,79,79
7650,758,0.0191675,0,69,69
7650,759,0.00914287,0,59,59
7650,760,-0.000881611,0,49,49
7650,761,-0.010906,0,39,39
7650,762,-0.0209303,0,29,29
7650,763,-0.0309544,0,19,19
7650,764,-0.0409785,0,9,9
