time,particle_id,x,y,mesh_index,mesh_index_original
50860,5076,0.0455523,0,95,95
50860,5077,0.0353837,0,85,85
50860,5078,0.025216,0,75,75
50860,5079,0.015049,0,65,65
50860,5080,0.00488289,0,54,54
50860,5081,-0.00528244,0,44,44
50860,5082,-0.015447,0,34,34
50860,5083,-0.0256106,0,24,24
50860,5084,-0.0357735,0,14,14
50860,5085,-0.0459354,0,4,4
