time,particle_id,x,y,mesh_index,mesh_index_original
16090,1599,0.0485073,0,98,98
16090,1600,0.0384545,0,88,88
16090,1601,0.0284019,0,78,78
16090,1602,0.0183496,0,68,68
16090,1603,0.00829745,0,58,58
16090,1604,-0.00175443,0,48,48
16090,1605,-0.0118061,0,38,38
16090,1606,-0.0218575,0,28,28
16090,1607,-0.0319086,0,18,18
16090,1608,-0.0419595,0,8,8
