time,particle_id,x,y,mesh_index,mesh_index_original
17490,1739,0.0485519,0,98,98
17490,1740,0.0384944,0,88,88
17490,1741,0.0284372,0,78,78
17490,1742,0.0183802,0,68,68
17490,1743,0.00832354,0,58,58
17490,1744,-0.00173289,0,48,48
17490,1745,-0.0117891,0,38,38
17490,1746,-0.021845,0,28,28
17490,1747,-0.0319006,0,18,18
17490,1748,-0.0419559,0,8,8
