time,particle_id,x,y,mesh_index,mesh_index_original
65720,6562,0.0449901,0,94,94
65720,6563,0.0347717,0,84,84
65720,6564,0.0245543,0,74,74
65720,6565,0.014338,0,64,64
65720,6566,0.00412276,0,54,54
65720,6567,-0.00609143,0,43,43
65720,6568,-0.0163045,0,33,33
65720,6569,-0.0265166,0,23,23
65720,6570,-0.0367275,0,13,13
65720,6571,-0.0469373,0,3,3
