time,particle_id,x,y,mesh_index,mesh_index_original
82860,8276,0.0434621,0,93,93
82860,8277,0.033186,0,83,83
82860,8278,0.0229113,0,72,72
82860,8279,0.0126379,0,62,62
82860,8280,0.00236587,0,52,52
82860,8281,-0.00790481,0,42,42
82860,8282,-0.0181741,0,31,31
82860,8283,-0.028442,0,21,21
82860,8284,-0.0387085,0,11,11
82860,8285,-0.0489736,0,1,1
