time,particle_id,x,y,mesh_index,mesh_index_original
43520,4342,0.0463406,0,96,96
43520,4343,0.0361965,0,86,86
43520,4344,0.0260532,0,76,76
43520,4345,0.0159105,0,65,65
43520,4346,0.00576847,0,55,55
43520,4347,-0.00437285,0,45,45
43520,4348,-0.0145135,0,35,35
43520,4349,-0.0246534,0,25,25
43520,4350,-0.0347926,0,15,15
43520,4351,-0.044931,0,5,5
