time,particle_id,x,y,mesh_index,mesh_index_original
83520,8342,0.043482,0,93,93
83520,8343,0.0332037,0,83,83
83520,8344,0.0229268,0,72,72
83520,8345,0.0126512,0,62,62
83520,8346,0.00237692,0,52,52
83520,8347,-0.00789595,0,42,42
83520,8348,-0.0181674,0,31,31
83520,8349,-0.0284375,0,21,21
83520,8350,-0.0387061,0,11,11
83520,8351,-0.0489734,0,1,1
