time,particle_id,x,y,mesh_index,mesh_index_original
42540,4244,0.0463101,0,96,96
42540,4245,0.0361693,0,86,86
42540,4246,0.0260292,0,76,76
42540,4247,0.0158898,0,65,65
42540,4248,0.005751,0,55,55
42540,4249,-0.0043871,0,45,45
42540,4250,-0.0145245,0,35,35
42540,4251,-0.0246612,0,25,25
42540,4252,-0.0347973,0,15,15
42540,4253,-0.0449326,0,5,5
