time,particle_id,x,y,mesh_index,mesh_index_original
60260,6016,0.0448227,0,94,94
60260,6017,0.0346227,0,84,84
60260,6018,0.0244236,0,74,74
60260,6019,0.0142255,0,64,64
60260,6020,0.00402837,0,54,54
60260,6021,-0.0061678,0,43,43
60260,6022,-0.016363,0,33,33
60260,6023,-0.0265572,0,23,23
60260,6024,-0.0367504,0,13,13
60260,6025,-0.0469425,0,3,3
