time,particle_id,x,y,mesh_index,mesh_index_original
21010,2091,0.047657,0,97,97
21010,2092,0.0375879,0,87,87
21010,2093,0.0275191,0,77,77
21010,2094,0.0174506,0,67,67
21010,2095,0.00738239,0,57,57
21010,2096,-0.00268547,0,47,47
21010,2097,-0.012753,0,37,37
21010,2098,-0.0228202,0,27,27
21010,2099,-0.0328871,0,17,17
21010,2100,-0.0429536,0,7,7
