time,particle_id,x,y,mesh_index,mesh_index_original
18420,1832,0.0485815,0,98,98
18420,1833,0.0385209,0,88,88
18420,1834,0.0284606,0,78,78
18420,1835,0.0184006,0,68,68
18420,1836,0.00834088,0,58,58
18420,1837,-0.00171857,0,48,48
18420,1838,-0.0117778,0,38,38
18420,1839,-0.0218366,0,28,28
18420,1840,-0.0318952,0,18,18
18420,1841,-0.0419536,0,8,8
