time,particle_id,x,y,mesh_index,mesh_index_original
20350,2025,0.0476362,0,97,97
20350,2026,0.0375693,0,87,87
20350,2027,0.0275026,0,77,77
20350,2028,0.0174363,0,67,67
20350,2029,0.00737028,0,57,57
20350,2030,-0.00269543,0,47,47
20350,2031,-0.0127608,0,37,37
20350,2032,-0.0228259,0,27,27
20350,2033,-0.0328907,0,17,17
20350,2034,-0.0429551,0,7,7
