time,particle_id,x,y,mesh_index,mesh_index_original
7150,705,0.0492257,0,4,4
7150,706,0.0392026,0,4,4
7150,707,0.0291794,0,3,3
7150,708,0.0191564,0,3,3
7150,709,0.00913339,0,2,2
7150,710,-0.000889409,0,2,2
7150,711,-0.0109122,0,1,1
7150,712,-0.0209348,0,1,1
7150,713,-0.0309574,0,0,0
7150,714,-0.0409798,0,0,0
