time,particle_id,x,y,mesh_index,mesh_index_original
62920,6282,0.0449045,0,4,4
62920,6283,0.0346956,0,4,4
62920,6284,0.0244876,0,3,3
62920,6285,0.0142806,0,3,3
62920,6286,0.00407473,0,2,2
62920,6287,-0.00613032,0,2,2
62920,6288,-0.0163341,0,1,1
62920,6289,-0.0265371,0,1,1
62920,6290,-0.0367388,0,0,0
62920,6291,-0.0469397,0,0,0
