time,particle_id,x,y,mesh_index,mesh_index_original
78760,7866,0.0443652,0,4,4
78760,7867,0.0341028,0,4,4
78760,7868,0.0238419,0,3,3
78760,7869,0.0135819,0,3,3
78760,7870,0.00332362,0,2,2
78760,7871,-0.00693382,0,2,2
78760,7872,-0.0171895,0,1,1
78760,7873,-0.0274443,0,1,1
78760,7874,-0.0376973,0,0,0
78760,7875,-0.0479495,0,0,0
