time,particle_id,x,y,mesh_index,mesh_index_original
32670,3257,0.0470146,0,4,4
32670,3258,0.0369068,0,4,4
32670,3259,0.0267994,0,3,3
32670,3260,0.0166926,0,3,3
32670,3261,0.00658616,0,2,2
32670,3262,-0.0035196,0,2,2
32670,3263,-0.013625,0,1,1
32670,3264,-0.0237297,0,1,1
32670,3265,-0.0338341,0,0,0
32670,3266,-0.0439378,0,0,0
