time,particle_id,x,y,mesh_index,mesh_index_original
52030,5193,0.0455886,0,4,4
52030,5194,0.0354162,0,4,4
52030,5195,0.0252445,0,3,3
52030,5196,0.0150737,0,3,3
52030,5197,0.00490371,0,2,2
52030,5198,-0.00526547,0,2,2
52030,5199,-0.0154338,0,1,1
52030,5200,-0.0256013,0,1,1
52030,5201,-0.0357678,0,0,0
52030,5202,-0.0459337,0,0,0
