time,particle_id,x,y,mesh_index,mesh_index_original
22070,2197,0.0476904,0,4,4
22070,2198,0.0376179,0,4,4
22070,2199,0.0275455,0,3,3
22070,2200,0.0174736,0,3,3
22070,2201,0.00740189,0,2,2
22070,2202,-0.00266933,0,2,2
22070,2203,-0.0127404,0,1,1
22070,2204,-0.0228109,0,1,1
22070,2205,-0.0328813,0,0,0
22070,2206,-0.0429511,0,0,0
