time,particle_id,x,y,mesh_index,mesh_index_original
94360,9426,0.0427789,0,4,4
94360,9427,0.0324636,0,4,4
94360,9428,0.0221506,0,3,3
94360,9429,0.0118383,0,3,3
94360,9430,0.00152849,0,2,2
94360,9431,-0.00878082,0,2,2
94360,9432,-0.0190874,0,1,1
94360,9433,-0.0293936,0,1,1
94360,9434,-0.0396969,0,0,0
