time,particle_id,x,y,mesh_index,mesh_index_original
33200,3310,0.0470312,0,4,4
33200,3311,0.0369217,0,4,4
33200,3312,0.0268125,0,3,3
33200,3313,0.0167039,0,3,3
33200,3314,0.00659575,0,2,2
33200,3315,-0.00351174,0,2,2
33200,3316,-0.0136189,0,1,1
33200,3317,-0.0237253,0,1,1
33200,3318,-0.0338314,0,0,0
33200,3319,-0.0439368,0,0,0
