time,particle_id,x,y,mesh_index,mesh_index_original
74320,7422,0.0442299,0,4,4
74320,7423,0.0339825,0,4,4
74320,7424,0.0237365,0,3,3
74320,7425,0.0134915,0,3,3
74320,7426,0.00324795,0,2,2
74320,7427,-0.00699477,0,2,2
74320,7428,-0.0172358,0,1,1
74320,7429,-0.0274761,0,1,1
74320,7430,-0.0377146,0,0,0
74320,7431,-0.0479524,0,0,0
