time,particle_id,x,y,mesh_index,mesh_index_original
62270,6217,0.0448846,0,4,4
62270,6218,0.0346778,0,4,4
62270,6219,0.0244721,0,3,3
62270,6220,0.0142672,0,3,3
62270,6221,0.00406349,0,2,2
62270,6222,-0.00613941,0,2,2
62270,6223,-0.0163411,0,1,1
62270,6224,-0.026542,0,1,1
62270,6225,-0.0367415,0,0,0
62270,6226,-0.0469403,0,0,0
