time,particle_id,x,y,mesh_index,mesh_index_original
23550,2345,0.0477371,0,4,4
23550,2346,0.0376597,0,4,4
23550,2347,0.0275824,0,3,3
23550,2348,0.0175056,0,3,3
23550,2349,0.00742905,0,2,2
23550,2350,-0.00264698,0,2,2
23550,2351,-0.0127228,0,1,1
23550,2352,-0.0227981,0,1,1
23550,2353,-0.0328732,0,0,0
23550,2354,-0.0429478,0,0,0
