time,particle_id,x,y,mesh_index,mesh_index_original
79500,7940,0.0443877,0,4,4
79500,7941,0.0341228,0,4,4
79500,7942,0.0238594,0,3,3
79500,7943,0.013597,0,3,3
79500,7944,0.00333624,0,2,2
79500,7945,-0.00692366,0,2,2
79500,7946,-0.0171817,0,1,1
79500,7947,-0.027439,0,1,1
79500,7948,-0.0376944,0,0,0
79500,7949,-0.0479491,0,0,0
