time,particle_id,x,y,mesh_index,mesh_index_original
64530,6443,0.0449539,0,4,4
64530,6444,0.0347395,0,4,4
64530,6445,0.0245262,0,3,3
64530,6446,0.0143138,0,3,3
64530,6447,0.00410258,0,2,2
64530,6448,-0.00610778,0,2,2
64530,6449,-0.0163168,0,1,1
64530,6450,-0.0265251,0,1,1
64530,6451,-0.036732,0,0,0
64530,6452,-0.0469381,0,0,0
