time,particle_id,x,y,mesh_index,mesh_index_original
87570,8747,0.0436049,0,4,4
87570,8748,0.0333127,0,4,4
87570,8749,0.0230223,0,3,3
87570,8750,0.0127328,0,3,3
87570,8751,0.00244541,0,2,2
87570,8752,-0.00784129,0,2,2
87570,8753,-0.0181257,0,1,1
87570,8754,-0.0284096,0,1,1
87570,8755,-0.038691,0,0,0
87570,8756,-0.0489719,0,0,0
