time,particle_id,x,y,mesh_index,mesh_index_original
4230,413,0.0491322,0,4,4
4230,414,0.0391187,0,4,4
4230,415,0.0291051,0,3,3
4230,416,0.0190917,0,3,3
4230,417,0.00907822,0,2,2
4230,418,-0.000935133,0,2,2
4230,419,-0.0109485,0,1,1
4230,420,-0.0209617,0,1,1
4230,421,-0.030975,0,0,0
4230,422,-0.0409881,0,0,0
