time,particle_id,x,y,mesh_index,mesh_index_original
26630,2653,0.0478344,0,4,4
26630,2654,0.0377467,0,4,4
26630,2655,0.0276592,0,3,3
26630,2656,0.0175723,0,3,3
26630,2657,0.00748563,0,2,2
26630,2658,-0.00260044,0,2,2
26630,2659,-0.0126863,0,1,1
26630,2660,-0.0227715,0,1,1
26630,2661,-0.0328565,0,0,0
26630,2662,-0.0429409,0,0,0
