time,particle_id,x,y,mesh_index,mesh_index_original
54000,5390,0.0456495,0,4,4
54000,5391,0.0354704,0,4,4
54000,5392,0.0252922,0,3,3
54000,5393,0.0151148,0,3,3
54000,5394,0.00493831,0,2,2
54000,5395,-0.00523736,0,2,2
54000,5396,-0.0154121,0,1,1
54000,5397,-0.025586,0,1,1
54000,5398,-0.035759,0,0,0
54000,5399,-0.0459311,0,0,0
