time,particle_id,x,y,mesh_index,mesh_index_original
7060,696,0.0492229,0,4,4
7060,697,0.0392,0,4,4
7060,698,0.0291771,0,3,3
7060,699,0.0191544,0,3,3
7060,700,0.00913169,0,2,2
7060,701,-0.000890819,0,2,2
7060,702,-0.0109133,0,1,1
7060,703,-0.0209356,0,1,1
7060,704,-0.030958,0,0,0
7060,705,-0.0409801,0,0,0
