time,particle_id,x,y,mesh_index,mesh_index_original
70820,7072,0.0441234,0,4,4
70820,7073,0.0338879,0,4,4
70820,7074,0.0236536,0,3,3
70820,7075,0.0134203,0,3,3
70820,7076,0.00318839,0,2,2
70820,7077,-0.00704275,0,2,2
70820,7078,-0.0172723,0,1,1
70820,7079,-0.0275011,0,1,1
70820,7080,-0.0377282,0,0,0
70820,7081,-0.0479547,0,0,0
