time,particle_id,x,y,mesh_index,mesh_index_original
43440,4334,0.0463382,0,4,4
43440,4335,0.0361946,0,4,4
43440,4336,0.0260514,0,3,3
43440,4337,0.015909,0,3,3
43440,4338,0.00576725,0,2,2
43440,4339,-0.00437374,0,2,2
43440,4340,-0.0145141,0,1,1
43440,4341,-0.0246537,0,1,1
43440,4342,-0.0347927,0,0,0
43440,4343,-0.0449309,0,0,0
