time,particle_id,x,y,mesh_index,mesh_index_original
98350,9825,0.0428986,0,4,4
98350,9826,0.0325698,0,4,4
98350,9827,0.0222432,0,3,3
98350,9828,0.0119175,0,3,3
98350,9829,0.00159429,0,2,2
98350,9830,-0.00872833,0,2,2
98350,9831,-0.0190481,0,1,1
98350,9832,-0.0293675,0,1,1
98350,9833,-0.0396839,0,0,0
