time,particle_id,x,y,mesh_index,mesh_index_original
82130,8203,0.0434405,0,4,4
82130,8204,0.0331668,0,4,4
82130,8205,0.0228947,0,3,3
82130,8206,0.0126235,0,3,3
82130,8207,0.00235425,0,2,2
82130,8208,-0.00791438,0,2,2
82130,8209,-0.0181809,0,1,1
82130,8210,-0.0284468,0,1,1
82130,8211,-0.0387104,0,0,0
82130,8212,-0.0489737,0,0,0
