time,particle_id,x,y,mesh_index,mesh_index_original
68970,6887,0.0450902,0,4,4
68970,6888,0.0348608,0,4,4
68970,6889,0.0246326,0,3,3
68970,6890,0.0144054,0,3,3
68970,6891,0.00417945,0,2,2
68970,6892,-0.00604557,0,2,2
68970,6893,-0.0162692,0,1,1
68970,6894,-0.026492,0,1,1
68970,6895,-0.0367133,0,0,0
68970,6896,-0.0469338,0,0,0
