time,particle_id,x,y,mesh_index,mesh_index_original
51860,5176,0.0455834,0,4,4
51860,5177,0.0354115,0,4,4
51860,5178,0.0252404,0,3,3
51860,5179,0.0150702,0,3,3
51860,5180,0.00490073,0,2,2
51860,5181,-0.0052679,0,2,2
51860,5182,-0.0154356,0,1,1
51860,5183,-0.0256026,0,1,1
51860,5184,-0.0357686,0,0,0
51860,5185,-0.0459339,0,0,0
