time,particle_id,x,y,mesh_index,mesh_index_original
18010,1791,0.0485684,0,4,4
18010,1792,0.0385093,0,4,4
18010,1793,0.0284503,0,3,3
18010,1794,0.0183917,0,3,3
18010,1795,0.00833325,0,2,2
18010,1796,-0.00172477,0,2,2
18010,1797,-0.0117827,0,1,1
18010,1798,-0.0218402,0,1,1
18010,1799,-0.0318976,0,0,0
18010,1800,-0.0419545,0,0,0
