time,particle_id,x,y,mesh_index,mesh_index_original
97880,9778,0.0428845,0,4,4
97880,9779,0.0325572,0,4,4
97880,9780,0.0222323,0,3,3
97880,9781,0.0119081,0,3,3
97880,9782,0.00158654,0,2,2
97880,9783,-0.00873452,0,2,2
97880,9784,-0.0190527,0,1,1
97880,9785,-0.0293706,0,1,1
97880,9786,-0.0396854,0,0,0
