time,particle_id,x,y,mesh_index,mesh_index_original
50970,5087,0.0455559,0,4,4
50970,5088,0.035387,0,4,4
50970,5089,0.0252189,0,3,3
50970,5090,0.0150516,0,3,3
50970,5091,0.00488511,0,2,2
50970,5092,-0.0052806,0,2,2
50970,5093,-0.0154454,0,1,1
50970,5094,-0.0256095,0,1,1
50970,5095,-0.0357726,0,0,0
50970,5096,-0.045935,0,0,0
