time,particle_id,x,y,mesh_index,mesh_index_original
45990,4589,0.0464176,0,4,4
45990,4590,0.0362654,0,4,4
45990,4591,0.0261137,0,3,3
45990,4592,0.015963,0,3,3
45990,4593,0.00581274,0,2,2
45990,4594,-0.00433661,0,2,2
45990,4595,-0.0144853,0,1,1
45990,4596,-0.0246332,0,1,1
45990,4597,-0.0347804,0,0,0
45990,4598,-0.0449268,0,0,0
