time,particle_id,x,y,mesh_index,mesh_index_original
69370,6927,0.0451025,0,4,4
69370,6928,0.0348718,0,4,4
69370,6929,0.0246422,0,3,3
69370,6930,0.0144137,0,3,3
69370,6931,0.00418638,0,2,2
69370,6932,-0.00603996,0,2,2
69370,6933,-0.0162649,0,1,1
69370,6934,-0.026489,0,1,1
69370,6935,-0.0367116,0,0,0
69370,6936,-0.0469334,0,0,0
