time,particle_id,x,y,mesh_index,mesh_index_original
81490,8139,0.0434212,0,4,4
81490,8140,0.0331496,0,4,4
81490,8141,0.0228798,0,3,3
81490,8142,0.0126107,0,3,3
81490,8143,0.00234353,0,2,2
81490,8144,-0.00792296,0,2,2
81490,8145,-0.0181873,0,1,1
81490,8146,-0.0284512,0,1,1
81490,8147,-0.0387127,0,0,0
81490,8148,-0.0489739,0,0,0
