time,particle_id,x,y,mesh_index,mesh_index_original
20860,2076,0.0476523,0,4,4
20860,2077,0.0375838,0,4,4
20860,2078,0.0275154,0,3,3
20860,2079,0.0174475,0,3,3
20860,2080,0.00737969,0,2,2
20860,2081,-0.0026876,0,2,2
20860,2082,-0.0127547,0,1,1
20860,2083,-0.0228214,0,1,1
20860,2084,-0.0328878,0,0,0
20860,2085,-0.0429538,0,0,0
