time,particle_id,x,y,mesh_index,mesh_index_original
53440,5334,0.0456322,0,4,4
53440,5335,0.035455,0,4,4
53440,5336,0.0252786,0,3,3
53440,5337,0.0151031,0,3,3
53440,5338,0.00492847,0,2,2
53440,5339,-0.00524535,0,2,2
53440,5340,-0.0154183,0,1,1
53440,5341,-0.0255904,0,1,1
53440,5342,-0.0357615,0,0,0
53440,5343,-0.0459318,0,0,0
