time,particle_id,x,y,mesh_index,mesh_index_original
13220,1312,0.0484161,0,4,4
13220,1313,0.0383728,0,4,4
13220,1314,0.0283297,0,3,3
13220,1315,0.0182868,0,3,3
13220,1316,0.00824399,0,2,2
13220,1317,-0.00179848,0,2,2
13220,1318,-0.0118409,0,1,1
13220,1319,-0.021883,0,1,1
13220,1320,-0.031925,0,0,0
13220,1321,-0.0419666,0,0,0
