time,particle_id,x,y,mesh_index,mesh_index_original
44750,4465,0.046379,0,4,4
44750,4466,0.036231,0,4,4
44750,4467,0.0260834,0,3,3
44750,4468,0.0159367,0,3,3
44750,4469,0.00579062,0,2,2
44750,4470,-0.00435467,0,2,2
44750,4471,-0.0144993,0,1,1
44750,4472,-0.0246432,0,1,1
44750,4473,-0.0347864,0,0,0
44750,4474,-0.0449288,0,0,0
