time,particle_id,x,y,mesh_index,mesh_index_original
77970,7787,0.0443411,0,4,4
77970,7788,0.0340814,0,4,4
77970,7789,0.0238231,0,3,3
77970,7790,0.0135658,0,3,3
77970,7791,0.00331014,0,2,2
77970,7792,-0.00694467,0,2,2
77970,7793,-0.0171977,0,1,1
77970,7794,-0.02745,0,1,1
77970,7795,-0.0377003,0,0,0
77970,7796,-0.0479501,0,0,0
