time,particle_id,x,y,mesh_index,mesh_index_original
89610,8951,0.0436666,0,4,4
89610,8952,0.0333675,0,4,4
89610,8953,0.0230702,0,3,3
89610,8954,0.0127739,0,3,3
89610,8955,0.00247964,0,2,2
89610,8956,-0.00781385,0,2,2
89610,8957,-0.018105,0,1,1
89610,8958,-0.0283956,0,1,1
89610,8959,-0.0386836,0,0,0
89610,8960,-0.0489712,0,0,0
