time,particle_id,x,y,mesh_index,mesh_index_original
27840,2774,0.0478726,0,4,4
27840,2775,0.0377809,0,4,4
27840,2776,0.0276894,0,3,3
27840,2777,0.0175985,0,3,3
27840,2778,0.00750787,0,2,2
27840,2779,-0.00258214,0,2,2
27840,2780,-0.0126719,0,1,1
27840,2781,-0.0227611,0,1,1
27840,2782,-0.03285,0,0,0
27840,2783,-0.0429382,0,0,0
