time,particle_id,x,y,mesh_index,mesh_index_original
52740,5264,0.0456106,0,4,4
52740,5265,0.0354358,0,4,4
52740,5266,0.0252617,0,3,3
52740,5267,0.0150885,0,3,3
52740,5268,0.00491618,0,2,2
52740,5269,-0.00525534,0,2,2
52740,5270,-0.015426,0,1,1
52740,5271,-0.0255958,0,1,1
52740,5272,-0.0357646,0,0,0
52740,5273,-0.0459327,0,0,0
