time,particle_id,x,y,mesh_index,mesh_index_original
65970,6587,0.0449981,0,4,4
65970,6588,0.0347788,0,4,4
65970,6589,0.0245607,0,3,3
65970,6590,0.0143435,0,3,3
65970,6591,0.0041275,0,2,2
65970,6592,-0.00608762,0,2,2
65970,6593,-0.0163014,0,1,1
65970,6594,-0.0265144,0,1,1
65970,6595,-0.0367259,0,0,0
65970,6596,-0.0469368,0,0,0
