time,particle_id,x,y,mesh_index,mesh_index_original
84000,8390,0.043497,0,4,4
84000,8391,0.0332169,0,4,4
84000,8392,0.0229386,0,3,3
84000,8393,0.0126611,0,3,3
84000,8394,0.00238556,0,2,2
84000,8395,-0.00788927,0,2,2
84000,8396,-0.0181619,0,1,1
84000,8397,-0.028434,0,1,1
84000,8398,-0.0387037,0,0,0
84000,8399,-0.0489731,0,0,0
