time,particle_id,x,y,mesh_index,mesh_index_original
29400,2930,0.0479219,0,4,4
29400,2931,0.0378251,0,4,4
29400,2932,0.0277284,0,3,3
29400,2933,0.0176324,0,3,3
29400,2934,0.00753657,0,2,2
29400,2935,-0.00255853,0,2,2
29400,2936,-0.0126534,0,1,1
29400,2937,-0.0227476,0,1,1
29400,2938,-0.0328415,0,0,0
29400,2939,-0.0429347,0,0,0
