time,particle_id,x,y,mesh_index,mesh_index_original
66130,6603,0.045003,0,4,4
66130,6604,0.0347832,0,4,4
66130,6605,0.0245645,0,3,3
66130,6606,0.0143468,0,3,3
66130,6607,0.00413027,0,2,2
66130,6608,-0.00608538,0,2,2
66130,6609,-0.0162997,0,1,1
66130,6610,-0.0265132,0,1,1
66130,6611,-0.0367253,0,0,0
66130,6612,-0.0469366,0,0,0
