time,particle_id,x,y,mesh_index,mesh_index_original
36480,3638,0.047134,0,4,4
36480,3639,0.0370136,0,4,4
36480,3640,0.0268935,0,3,3
36480,3641,0.0167741,0,3,3
36480,3642,0.00665514,0,2,2
36480,3643,-0.00346308,0,2,2
36480,3644,-0.0135809,0,1,1
36480,3645,-0.023698,0,1,1
36480,3646,-0.0338146,0,0,0
36480,3647,-0.0439305,0,0,0
