time,particle_id,x,y,mesh_index,mesh_index_original
51600,5150,0.0455754,0,4,4
51600,5151,0.0354044,0,4,4
51600,5152,0.0252341,0,3,3
51600,5153,0.0150647,0,3,3
51600,5154,0.00489617,0,2,2
51600,5155,-0.00527161,0,2,2
51600,5156,-0.0154385,0,1,1
51600,5157,-0.0256046,0,1,1
51600,5158,-0.0357698,0,0,0
51600,5159,-0.0459342,0,0,0
