time,particle_id,x,y,mesh_index,mesh_index_original
98030,9793,0.042889,0,4,4
98030,9794,0.0325612,0,4,4
98030,9795,0.0222358,0,3,3
98030,9796,0.0119111,0,3,3
98030,9797,0.00158901,0,2,2
98030,9798,-0.00873254,0,2,2
98030,9799,-0.0190513,0,1,1
98030,9800,-0.0293696,0,1,1
98030,9801,-0.0396849,0,0,0
