time,particle_id,x,y,mesh_index,mesh_index_original
40620,4052,0.0462506,0,4,4
40620,4053,0.0361163,0,4,4
40620,4054,0.0259825,0,3,3
40620,4055,0.0158495,0,3,3
40620,4056,0.005717,0,2,2
40620,4057,-0.00441477,0,2,2
40620,4058,-0.014546,0,1,1
40620,4059,-0.0246764,0,1,1
40620,4060,-0.0348063,0,0,0
40620,4061,-0.0449354,0,0,0
