time,particle_id,x,y,mesh_index,mesh_index_original
90270,9017,0.0426564,0,4,4
90270,9018,0.032355,0,4,4
90270,9019,0.0220559,0,3,3
90270,9020,0.0117573,0,3,3
90270,9021,0.00146114,0,2,2
90270,9022,-0.00883455,0,2,2
90270,9023,-0.0191276,0,1,1
90270,9024,-0.0294204,0,1,1
90270,9025,-0.0397102,0,0,0
