time,particle_id,x,y,mesh_index,mesh_index_original
4250,415,0.0491329,0,4,4
4250,416,0.0391193,0,4,4
4250,417,0.0291056,0,3,3
4250,418,0.0190921,0,3,3
4250,419,0.0090786,0,2,2
4250,420,-0.00093482,0,2,2
4250,421,-0.0109483,0,1,1
4250,422,-0.0209616,0,1,1
4250,423,-0.0309749,0,0,0
4250,424,-0.0409881,0,0,0
