time,particle_id,x,y,mesh_index,mesh_index_original
94960,9486,0.0427969,0,4,4
94960,9487,0.0324796,0,4,4
94960,9488,0.0221646,0,3,3
94960,9489,0.0118502,0,3,3
94960,9490,0.00153838,0,2,2
94960,9491,-0.00877293,0,2,2
94960,9492,-0.0190815,0,1,1
94960,9493,-0.0293897,0,1,1
94960,9494,-0.0396949,0,0,0
