time,particle_id,x,y,mesh_index,mesh_index_original
34510,3441,0.0470723,0,4,4
34510,3442,0.0369584,0,4,4
34510,3443,0.0268448,0,3,3
34510,3444,0.016732,0,3,3
34510,3445,0.00661946,0,2,2
34510,3446,-0.00349231,0,2,2
34510,3447,-0.0136037,0,1,1
34510,3448,-0.0237144,0,1,1
34510,3449,-0.0338247,0,0,0
34510,3450,-0.0439342,0,0,0
