time,particle_id,x,y,mesh_index,mesh_index_original
4970,487,0.0491559,0,4,4
4970,488,0.0391399,0,4,4
4970,489,0.0291239,0,3,3
4970,490,0.0191081,0,3,3
4970,491,0.00909219,0,2,2
4970,492,-0.00092355,0,2,2
4970,493,-0.0109393,0,1,1
4970,494,-0.0209549,0,1,1
4970,495,-0.0309706,0,0,0
4970,496,-0.040986,0,0,0
