time,particle_id,x,y,mesh_index,mesh_index_original
80810,8071,0.0434007,0,4,4
80810,8072,0.0331314,0,4,4
80810,8073,0.0228638,0,3,3
80810,8074,0.012597,0,3,3
80810,8075,0.00233215,0,2,2
80810,8076,-0.00793209,0,2,2
80810,8077,-0.0181942,0,1,1
80810,8078,-0.0284558,0,1,1
80810,8079,-0.0387152,0,0,0
80810,8080,-0.0489741,0,0,0
