time,particle_id,x,y,mesh_index,mesh_index_original
63120,6302,0.0449107,0,4,4
63120,6303,0.034701,0,4,4
63120,6304,0.0244924,0,3,3
63120,6305,0.0142847,0,3,3
63120,6306,0.00407819,0,2,2
63120,6307,-0.00612752,0,2,2
63120,6308,-0.016332,0,1,1
63120,6309,-0.0265356,0,1,1
63120,6310,-0.0367379,0,0,0
63120,6311,-0.0469395,0,0,0
