time,particle_id,x,y,mesh_index,mesh_index_original
95080,9498,0.0428005,0,4,4
95080,9499,0.0324828,0,4,4
95080,9500,0.0221673,0,3,3
95080,9501,0.0118526,0,3,3
95080,9502,0.00154036,0,2,2
95080,9503,-0.00877135,0,2,2
95080,9504,-0.0190803,0,1,1
95080,9505,-0.0293889,0,1,1
95080,9506,-0.0396945,0,0,0
