time,particle_id,x,y,mesh_index,mesh_index_original
87070,8697,0.0435898,0,4,4
87070,8698,0.0332993,0,4,4
87070,8699,0.0230106,0,3,3
87070,8700,0.0127228,0,3,3
87070,8701,0.00243702,0,2,2
87070,8702,-0.00784801,0,2,2
87070,8703,-0.0181308,0,1,1
87070,8704,-0.028413,0,1,1
87070,8705,-0.0386927,0,0,0
87070,8706,-0.0489721,0,0,0
