time,particle_id,x,y,mesh_index,mesh_index_original
47030,4693,0.04645,0,4,4
47030,4694,0.0362943,0,4,4
47030,4695,0.0261392,0,3,3
47030,4696,0.0159849,0,3,3
47030,4697,0.00583131,0,2,2
47030,4698,-0.00432146,0,2,2
47030,4699,-0.0144736,0,1,1
47030,4700,-0.0246248,0,1,1
47030,4701,-0.0347754,0,0,0
47030,4702,-0.0449251,0,0,0
