time,particle_id,x,y,mesh_index,mesh_index_original
52870,5277,0.0456146,0,4,4
52870,5278,0.0354393,0,4,4
52870,5279,0.0252649,0,3,3
52870,5280,0.0150912,0,3,3
52870,5281,0.00491846,0,2,2
52870,5282,-0.00525349,0,2,2
52870,5283,-0.0154245,0,1,1
52870,5284,-0.0255948,0,1,1
52870,5285,-0.0357641,0,0,0
52870,5286,-0.0459326,0,0,0
