time,particle_id,x,y,mesh_index,mesh_index_original
74540,7444,0.0442366,0,4,4
74540,7445,0.0339885,0,4,4
74540,7446,0.0237418,0,3,3
74540,7447,0.0134959,0,3,3
74540,7448,0.0032517,0,2,2
74540,7449,-0.00699175,0,2,2
74540,7450,-0.0172335,0,1,1
74540,7451,-0.0274745,0,1,1
74540,7452,-0.0377137,0,0,0
74540,7453,-0.0479523,0,0,0
