time,particle_id,x,y,mesh_index,mesh_index_original
46640,4654,0.0464379,0,4,4
46640,4655,0.0362835,0,4,4
46640,4656,0.0261296,0,3,3
46640,4657,0.0159767,0,3,3
46640,4658,0.00582435,0,2,2
46640,4659,-0.00432715,0,2,2
46640,4660,-0.014478,0,1,1
46640,4661,-0.024628,0,1,1
46640,4662,-0.0347773,0,0,0
46640,4663,-0.0449257,0,0,0
