time,particle_id,x,y,mesh_index,mesh_index_original
18060,1796,0.04857,0,4,4
18060,1797,0.0385108,0,4,4
18060,1798,0.0284516,0,3,3
18060,1799,0.0183928,0,3,3
18060,1800,0.00833418,0,2,2
18060,1801,-0.001724,0,2,2
18060,1802,-0.0117821,0,1,1
18060,1803,-0.0218397,0,1,1
18060,1804,-0.0318973,0,0,0
18060,1805,-0.0419543,0,0,0
