time,particle_id,x,y,mesh_index,mesh_index_original
11720,1162,0.0483684,0,4,4
11720,1163,0.0383302,0,4,4
11720,1164,0.0282919,0,3,3
11720,1165,0.018254,0,3,3
11720,1166,0.00821607,0,2,2
11720,1167,-0.00182153,0,2,2
11720,1168,-0.0118591,0,1,1
11720,1169,-0.0218963,0,1,1
11720,1170,-0.0319336,0,0,0
11720,1171,-0.0419705,0,0,0
