time,particle_id,x,y,mesh_index,mesh_index_original
43710,4361,0.0463466,0,4,4
43710,4362,0.0362021,0,4,4
43710,4363,0.026058,0,3,3
43710,4364,0.0159148,0,3,3
43710,4365,0.00577207,0,2,2
43710,4366,-0.00436981,0,2,2
43710,4367,-0.0145111,0,1,1
43710,4368,-0.0246516,0,1,1
43710,4369,-0.0347914,0,0,0
43710,4370,-0.0449305,0,0,0
