time,particle_id,x,y,mesh_index,mesh_index_original
86060,8596,0.0435592,0,4,4
86060,8597,0.0332721,0,4,4
86060,8598,0.0229869,0,3,3
86060,8599,0.0127025,0,3,3
86060,8600,0.00242009,0,2,2
86060,8601,-0.00786159,0,2,2
86060,8602,-0.018141,0,1,1
86060,8603,-0.0284199,0,1,1
86060,8604,-0.0386964,0,0,0
86060,8605,-0.0489724,0,0,0
