time,particle_id,x,y,mesh_index,mesh_index_original
87370,8727,0.0435988,0,4,4
87370,8728,0.0333073,0,4,4
87370,8729,0.0230176,0,3,3
87370,8730,0.0127288,0,3,3
87370,8731,0.00244205,0,2,2
87370,8732,-0.00784398,0,2,2
87370,8733,-0.0181278,0,1,1
87370,8734,-0.0284109,0,1,1
87370,8735,-0.0386917,0,0,0
87370,8736,-0.048972,0,0,0
