time,particle_id,x,y,mesh_index,mesh_index_original
54310,5421,0.045659,0,4,4
54310,5422,0.035479,0,4,4
54310,5423,0.0252997,0,3,3
54310,5424,0.0151213,0,3,3
54310,5425,0.00494376,0,2,2
54310,5426,-0.00523293,0,2,2
54310,5427,-0.0154087,0,1,1
54310,5428,-0.0255836,0,1,1
54310,5429,-0.0357576,0,0,0
54310,5430,-0.0459307,0,0,0
