time,particle_id,x,y,mesh_index,mesh_index_original
79960,7986,0.0444017,0,4,4
79960,7987,0.0341353,0,4,4
79960,7988,0.0238703,0,3,3
79960,7989,0.0136064,0,3,3
79960,7990,0.00334409,0,2,2
79960,7991,-0.00691733,0,2,2
79960,7992,-0.0171769,0,1,1
79960,7993,-0.0274358,0,1,1
79960,7994,-0.0376926,0,0,0
79960,7995,-0.0479488,0,0,0
