time,particle_id,x,y,mesh_index,mesh_index_original
62480,6238,0.044891,0,4,4
62480,6239,0.0346835,0,4,4
62480,6240,0.0244771,0,3,3
62480,6241,0.0142715,0,3,3
62480,6242,0.00406712,0,2,2
62480,6243,-0.00613647,0,2,2
62480,6244,-0.0163388,0,1,1
62480,6245,-0.0265404,0,1,1
62480,6246,-0.0367406,0,0,0
62480,6247,-0.0469401,0,0,0
