time,particle_id,x,y,mesh_index,mesh_index_original
58680,5858,0.0457942,0,4,4
58680,5859,0.0355994,0,4,4
58680,5860,0.0254055,0,3,3
58680,5861,0.0152126,0,3,3
58680,5862,0.00502059,0,2,2
58680,5863,-0.00517048,0,2,2
58680,5864,-0.0153606,0,1,1
58680,5865,-0.0255497,0,1,1
58680,5866,-0.0357378,0,0,0
58680,5867,-0.0459251,0,0,0
