time,particle_id,x,y,mesh_index,mesh_index_original
32510,3241,0.0470096,0,4,4
32510,3242,0.0369024,0,4,4
32510,3243,0.0267954,0,3,3
32510,3244,0.0166892,0,3,3
32510,3245,0.00658327,0,2,2
32510,3246,-0.00352198,0,2,2
32510,3247,-0.0136269,0,1,1
32510,3248,-0.0237311,0,1,1
32510,3249,-0.0338349,0,0,0
32510,3250,-0.0439381,0,0,0
