time,particle_id,x,y,mesh_index,mesh_index_original
70020,6992,0.0451224,0,4,4
70020,6993,0.0348896,0,4,4
70020,6994,0.0246578,0,3,3
70020,6995,0.0144271,0,3,3
70020,6996,0.00419765,0,2,2
70020,6997,-0.00603085,0,2,2
70020,6998,-0.016258,0,1,1
70020,6999,-0.0264842,0,1,1
70020,7000,-0.0377313,0,0,0
70020,7001,-0.0479552,0,0,0
