time,particle_id,x,y,mesh_index,mesh_index_original
64940,6484,0.0449665,0,4,4
64940,6485,0.0347507,0,4,4
64940,6486,0.024536,0,3,3
64940,6487,0.0143222,0,3,3
64940,6488,0.00410967,0,2,2
64940,6489,-0.00610204,0,2,2
64940,6490,-0.0163125,0,1,1
64940,6491,-0.0265221,0,1,1
64940,6492,-0.0367303,0,0,0
64940,6493,-0.0469377,0,0,0
