time,particle_id,x,y,mesh_index,mesh_index_original
46790,4669,0.0464425,0,4,4
46790,4670,0.0362877,0,4,4
46790,4671,0.0261333,0,3,3
46790,4672,0.0159799,0,3,3
46790,4673,0.00582702,0,2,2
46790,4674,-0.00432496,0,2,2
46790,4675,-0.0144763,0,1,1
46790,4676,-0.0246268,0,1,1
46790,4677,-0.0347765,0,0,0
46790,4678,-0.0449255,0,0,0
