time,particle_id,x,y,mesh_index,mesh_index_original
33270,3317,0.0470334,0,4,4
33270,3318,0.0369237,0,4,4
33270,3319,0.0268142,0,3,3
33270,3320,0.0167054,0,3,3
33270,3321,0.00659702,0,2,2
33270,3322,-0.00351071,0,2,2
33270,3323,-0.0136181,0,1,1
33270,3324,-0.0237247,0,1,1
33270,3325,-0.033831,0,0,0
33270,3326,-0.0439366,0,0,0
