time,particle_id,x,y,mesh_index,mesh_index_original
83480,8338,0.0434813,0,4,4
83480,8339,0.0332029,0,4,4
83480,8340,0.0229264,0,3,3
83480,8341,0.0126506,0,3,3
83480,8342,0.00237685,0,2,2
83480,8343,-0.00789625,0,2,2
83480,8344,-0.0181672,0,1,1
83480,8345,-0.0284376,0,1,1
83480,8346,-0.0387056,0,0,0
83480,8347,-0.0489732,0,0,0
