time,particle_id,x,y,mesh_index,mesh_index_original
48830,4873,0.0465061,0,4,4
48830,4874,0.0363444,0,4,4
48830,4875,0.0261832,0,3,3
48830,4876,0.016023,0,3,3
48830,4877,0.00586345,0,2,2
48830,4878,-0.00429522,0,2,2
48830,4879,-0.0144532,0,1,1
48830,4880,-0.0246103,0,1,1
48830,4881,-0.0347667,0,0,0
48830,4882,-0.0449222,0,0,0
