time,particle_id,x,y,mesh_index,mesh_index_original
67510,6741,0.0450453,0,4,4
67510,6742,0.0348209,0,4,4
67510,6743,0.0245976,0,3,3
67510,6744,0.0143753,0,3,3
67510,6745,0.00415416,0,2,2
67510,6746,-0.00606604,0,2,2
67510,6747,-0.0162849,0,1,1
67510,6748,-0.0265029,0,1,1
67510,6749,-0.0367195,0,0,0
67510,6750,-0.0469353,0,0,0
