time,particle_id,x,y,mesh_index,mesh_index_original
93590,9349,0.0427558,0,4,4
93590,9350,0.0324432,0,4,4
93590,9351,0.0221328,0,3,3
93590,9352,0.0118231,0,3,3
93590,9353,0.0015158,0,2,2
93590,9354,-0.00879094,0,2,2
93590,9355,-0.019095,0,1,1
93590,9356,-0.0293987,0,1,1
93590,9357,-0.0396994,0,0,0
