time,particle_id,x,y,mesh_index,mesh_index_original
64380,6428,0.0449493,0,4,4
64380,6429,0.0347354,0,4,4
64380,6430,0.0245226,0,3,3
64380,6431,0.0143107,0,3,3
64380,6432,0.00409998,0,2,2
64380,6433,-0.00610988,0,2,2
64380,6434,-0.0163185,0,1,1
64380,6435,-0.0265262,0,1,1
64380,6436,-0.0367326,0,0,0
64380,6437,-0.0469383,0,0,0
