time,particle_id,x,y,mesh_index,mesh_index_original
65140,6504,0.0449726,0,4,4
65140,6505,0.0347562,0,4,4
65140,6506,0.0245408,0,3,3
65140,6507,0.0143264,0,3,3
65140,6508,0.00411313,0,2,2
65140,6509,-0.00609924,0,2,2
65140,6510,-0.0163103,0,1,1
65140,6511,-0.0265206,0,1,1
65140,6512,-0.0367294,0,0,0
65140,6513,-0.0469376,0,0,0
