time,particle_id,x,y,mesh_index,mesh_index_original
43770,4367,0.0463485,0,4,4
43770,4368,0.0362037,0,4,4
43770,4369,0.0260595,0,3,3
43770,4370,0.015916,0,3,3
43770,4371,0.00577314,0,2,2
43770,4372,-0.00436894,0,2,2
43770,4373,-0.0145104,0,1,1
43770,4374,-0.0246511,0,1,1
43770,4375,-0.0347911,0,0,0
43770,4376,-0.0449304,0,0,0
