time,particle_id,x,y,mesh_index,mesh_index_original
28650,2855,0.0478982,0,4,4
28650,2856,0.0378038,0,4,4
28650,2857,0.0277096,0,3,3
28650,2858,0.0176161,0,3,3
28650,2859,0.00752277,0,2,2
28650,2860,-0.00256988,0,2,2
28650,2861,-0.0126623,0,1,1
28650,2862,-0.0227541,0,1,1
28650,2863,-0.0328456,0,0,0
28650,2864,-0.0429364,0,0,0
