time,particle_id,x,y,mesh_index,mesh_index_original
17850,1775,0.0485633,0,4,4
17850,1776,0.0385048,0,4,4
17850,1777,0.0284463,0,3,3
17850,1778,0.0183882,0,3,3
17850,1779,0.00833027,0,2,2
17850,1780,-0.00172723,0,2,2
17850,1781,-0.0117847,0,1,1
17850,1782,-0.0218416,0,1,1
17850,1783,-0.0318985,0,0,0
17850,1784,-0.0419549,0,0,0
