time,particle_id,x,y,mesh_index,mesh_index_original
3090,299,0.0490958,0,4,4
3090,300,0.039086,0,4,4
3090,301,0.0290762,0,3,3
3090,302,0.0190664,0,3,3
3090,303,0.00905669,0,2,2
3090,304,-0.000952972,0,2,2
3090,305,-0.0109627,0,1,1
3090,306,-0.0209723,0,1,1
3090,307,-0.0309819,0,0,0
3090,308,-0.0409914,0,0,0
