time,particle_id,x,y,mesh_index,mesh_index_original
42110,4201,0.0462969,0,4,4
42110,4202,0.0361576,0,4,4
42110,4203,0.0260189,0,3,3
42110,4204,0.015881,0,3,3
42110,4205,0.00574354,0,2,2
42110,4206,-0.0043931,0,2,2
42110,4207,-0.0145291,0,1,1
42110,4208,-0.0246644,0,1,1
42110,4209,-0.0347991,0,0,0
42110,4210,-0.044933,0,0,0
