time,particle_id,x,y,mesh_index,mesh_index_original
97560,9746,0.0428749,0,4,4
97560,9747,0.0325487,0,4,4
97560,9748,0.0222249,0,3,3
97560,9749,0.0119018,0,3,3
97560,9750,0.00158126,0,2,2
97560,9751,-0.00873873,0,2,2
97560,9752,-0.0190559,0,1,1
97560,9753,-0.0293727,0,1,1
97560,9754,-0.0396864,0,0,0
