time,particle_id,x,y,mesh_index,mesh_index_original
4820,472,0.0491511,0,4,4
4820,473,0.0391356,0,4,4
4820,474,0.0291201,0,3,3
4820,475,0.0191048,0,3,3
4820,476,0.00908936,0,2,2
4820,477,-0.000925898,0,2,2
4820,478,-0.0109412,0,1,1
4820,479,-0.0209563,0,1,1
4820,480,-0.0309715,0,0,0
4820,481,-0.0409865,0,0,0
