time,particle_id,x,y,mesh_index,mesh_index_original
75320,7522,0.0442603,0,4,4
75320,7523,0.0340096,0,4,4
75320,7524,0.0237603,0,3,3
75320,7525,0.0135118,0,3,3
75320,7526,0.00326498,0,2,2
75320,7527,-0.00698105,0,2,2
75320,7528,-0.0172254,0,1,1
75320,7529,-0.027469,0,1,1
75320,7530,-0.0377107,0,0,0
75320,7531,-0.0479518,0,0,0
