time,particle_id,x,y,mesh_index,mesh_index_original
99090,9899,0.0429208,0,4,4
99090,9900,0.0325894,0,4,4
99090,9901,0.0222604,0,3,3
99090,9902,0.0119322,0,3,3
99090,9903,0.0016065,0,2,2
99090,9904,-0.00871859,0,2,2
99090,9905,-0.0190408,0,1,1
99090,9906,-0.0293627,0,1,1
99090,9907,-0.0396814,0,0,0
