time,particle_id,x,y,mesh_index,mesh_index_original
88470,8837,0.0436321,0,4,4
88470,8838,0.0333368,0,4,4
88470,8839,0.0230435,0,3,3
88470,8840,0.0127509,0,3,3
88470,8841,0.00246051,0,2,2
88470,8842,-0.00782919,0,2,2
88470,8843,-0.0181166,0,1,1
88470,8844,-0.0284034,0,1,1
88470,8845,-0.0386877,0,0,0
88470,8846,-0.0489716,0,0,0
