time,particle_id,x,y,mesh_index,mesh_index_original
85050,8495,0.0435287,0,4,4
85050,8496,0.033245,0,4,4
85050,8497,0.0229632,0,3,3
85050,8498,0.0126822,0,3,3
85050,8499,0.00240316,0,2,2
85050,8500,-0.00787516,0,2,2
85050,8501,-0.0181513,0,1,1
85050,8502,-0.0284268,0,1,1
85050,8503,-0.0387,0,0,0
85050,8504,-0.0489727,0,0,0
