time,particle_id,x,y,mesh_index,mesh_index_original
74330,7423,0.0442302,0,4,4
74330,7424,0.0339828,0,4,4
74330,7425,0.0237368,0,3,3
74330,7426,0.0134917,0,3,3
74330,7427,0.00324812,0,2,2
74330,7428,-0.00699464,0,2,2
74330,7429,-0.0172357,0,1,1
74330,7430,-0.027476,0,1,1
74330,7431,-0.0377145,0,0,0
74330,7432,-0.0479524,0,0,0
