time,particle_id,x,y,mesh_index,mesh_index_original
940,84,0.049027,0,4,4
940,85,0.0390243,0,4,4
940,86,0.0290216,0,3,3
940,87,0.0190189,0,3,3
940,88,0.00901612,0,2,2
940,89,-0.000986596,0,2,2
940,90,-0.0109893,0,1,1
940,91,-0.0209921,0,1,1
940,92,-0.0309948,0,0,0
940,93,-0.0409975,0,0,0
