time,particle_id,x,y,mesh_index,mesh_index_original
25770,2567,0.0478072,0,4,4
25770,2568,0.0377224,0,4,4
25770,2569,0.0276377,0,3,3
25770,2570,0.0175537,0,3,3
25770,2571,0.00746983,0,2,2
25770,2572,-0.00261344,0,2,2
25770,2573,-0.0126965,0,1,1
25770,2574,-0.022779,0,1,1
25770,2575,-0.0328612,0,0,0
25770,2576,-0.0429428,0,0,0
