time,particle_id,x,y,mesh_index,mesh_index_original
47850,4775,0.0464756,0,4,4
47850,4776,0.0363171,0,4,4
47850,4777,0.0261593,0,3,3
47850,4778,0.0160023,0,3,3
47850,4779,0.00584595,0,2,2
47850,4780,-0.00430951,0,2,2
47850,4781,-0.0144643,0,1,1
47850,4782,-0.0246182,0,1,1
47850,4783,-0.0347714,0,0,0
47850,4784,-0.0449238,0,0,0
