time,particle_id,x,y,mesh_index,mesh_index_original
41280,4118,0.0462711,0,4,4
41280,4119,0.0361346,0,4,4
41280,4120,0.0259986,0,3,3
41280,4121,0.0158634,0,3,3
41280,4122,0.00572875,0,2,2
41280,4123,-0.00440517,0,2,2
41280,4124,-0.0145385,0,1,1
41280,4125,-0.0246711,0,1,1
41280,4126,-0.0348031,0,0,0
41280,4127,-0.0449344,0,0,0
