time,particle_id,x,y,mesh_index,mesh_index_original
30770,3067,0.0469551,0,4,4
30770,3068,0.0368537,0,4,4
30770,3069,0.0267525,0,3,3
30770,3070,0.016652,0,3,3
30770,3071,0.0065518,0,2,2
30770,3072,-0.00354776,0,2,2
30770,3073,-0.013647,0,1,1
30770,3074,-0.0237456,0,1,1
30770,3075,-0.0338438,0,0,0
30770,3076,-0.0439414,0,0,0
