time,particle_id,x,y,mesh_index,mesh_index_original
94320,9422,0.0427777,0,4,4
94320,9423,0.0324626,0,4,4
94320,9424,0.0221497,0,3,3
94320,9425,0.0118375,0,3,3
94320,9426,0.00152783,0,2,2
94320,9427,-0.00878135,0,2,2
94320,9428,-0.0190878,0,1,1
94320,9429,-0.0293939,0,1,1
94320,9430,-0.039697,0,0,0
