time,particle_id,x,y,mesh_index,mesh_index_original
25810,2571,0.0478085,0,4,4
25810,2572,0.0377235,0,4,4
25810,2573,0.0276387,0,3,3
25810,2574,0.0175546,0,3,3
25810,2575,0.00747056,0,2,2
25810,2576,-0.00261283,0,2,2
25810,2577,-0.012696,0,1,1
25810,2578,-0.0227786,0,1,1
25810,2579,-0.032861,0,0,0
25810,2580,-0.0429427,0,0,0
