time,particle_id,x,y,mesh_index,mesh_index_original
76760,7666,0.0443042,0,4,4
76760,7667,0.0340486,0,4,4
76760,7668,0.0237944,0,3,3
76760,7669,0.0135412,0,3,3
76760,7670,0.00328952,0,2,2
76760,7671,-0.00696129,0,2,2
76760,7672,-0.0172103,0,1,1
76760,7673,-0.0274587,0,1,1
76760,7674,-0.0377051,0,0,0
76760,7675,-0.0479508,0,0,0
