time,particle_id,x,y,mesh_index,mesh_index_original
42040,4194,0.0462947,0,4,4
42040,4195,0.0361557,0,4,4
42040,4196,0.0260172,0,3,3
42040,4197,0.0158795,0,3,3
42040,4198,0.0057423,0,2,2
42040,4199,-0.00439411,0,2,2
42040,4200,-0.0145299,0,1,1
42040,4201,-0.024665,0,1,1
42040,4202,-0.0347994,0,0,0
42040,4203,-0.0449331,0,0,0
