time,particle_id,x,y,mesh_index,mesh_index_original
76380,7628,0.0442926,0,4,4
76380,7629,0.0340383,0,4,4
76380,7630,0.0237854,0,3,3
76380,7631,0.0135334,0,3,3
76380,7632,0.00328304,0,2,2
76380,7633,-0.00696651,0,2,2
76380,7634,-0.0172143,0,1,1
76380,7635,-0.0274614,0,1,1
76380,7636,-0.0377065,0,0,0
76380,7637,-0.0479511,0,0,0
