time,particle_id,x,y,mesh_index,mesh_index_original
87390,8729,0.0435995,0,4,4
87390,8730,0.0333078,0,4,4
87390,8731,0.0230181,0,3,3
87390,8732,0.0127292,0,3,3
87390,8733,0.00244239,0,2,2
87390,8734,-0.00784371,0,2,2
87390,8735,-0.0181275,0,1,1
87390,8736,-0.0284108,0,1,1
87390,8737,-0.0386916,0,0,0
87390,8738,-0.048972,0,0,0
