time,particle_id,x,y,mesh_index,mesh_index_original
39650,3955,0.0472335,0,4,4
39650,3956,0.0371025,0,4,4
39650,3957,0.0269718,0,3,3
39650,3958,0.016842,0,3,3
39650,3959,0.00671259,0,2,2
39650,3960,-0.00341599,0,2,2
39650,3961,-0.0135441,0,1,1
39650,3962,-0.0236715,0,1,1
39650,3963,-0.0337983,0,0,0
39650,3964,-0.0439244,0,0,0
