time,particle_id,x,y,mesh_index,mesh_index_original
97100,9700,0.0428611,0,4,4
97100,9701,0.0325365,0,4,4
97100,9702,0.0222142,0,3,3
97100,9703,0.0118927,0,3,3
97100,9704,0.00157367,0,2,2
97100,9705,-0.00874478,0,2,2
97100,9706,-0.0190604,0,1,1
97100,9707,-0.0293757,0,1,1
97100,9708,-0.0396879,0,0,0
