time,particle_id,x,y,mesh_index,mesh_index_original
8640,854,0.0492735,0,4,4
8640,855,0.0392454,0,4,4
8640,856,0.0292173,0,3,3
8640,857,0.0191894,0,3,3
8640,858,0.00916156,0,2,2
8640,859,-0.00086606,0,2,2
8640,860,-0.0108937,0,1,1
8640,861,-0.0209211,0,1,1
8640,862,-0.0309484,0,0,0
8640,863,-0.0409756,0,0,0
