time,particle_id,x,y,mesh_index,mesh_index_original
63520,6342,0.0449229,0,4,4
63520,6343,0.0347119,0,4,4
63520,6344,0.024502,0,3,3
63520,6345,0.014293,0,3,3
63520,6346,0.00408511,0,2,2
63520,6347,-0.00612192,0,2,2
63520,6348,-0.0163277,0,1,1
63520,6349,-0.0265326,0,1,1
63520,6350,-0.0367362,0,0,0
63520,6351,-0.0469391,0,0,0
