time,particle_id,x,y,mesh_index,mesh_index_original
12310,1221,0.0483872,0,4,4
12310,1222,0.0383469,0,4,4
12310,1223,0.0283068,0,3,3
12310,1224,0.0182669,0,3,3
12310,1225,0.00822705,0,2,2
12310,1226,-0.00181247,0,2,2
12310,1227,-0.0118519,0,1,1
12310,1228,-0.0218911,0,1,1
12310,1229,-0.0319302,0,0,0
12310,1230,-0.041969,0,0,0
