time,particle_id,x,y,mesh_index,mesh_index_original
12780,1268,0.0484021,0,4,4
12780,1269,0.0383603,0,4,4
12780,1270,0.0283186,0,3,3
12780,1271,0.0182772,0,3,3
12780,1272,0.0082358,0,2,2
12780,1273,-0.00180524,0,2,2
12780,1274,-0.0118462,0,1,1
12780,1275,-0.0218869,0,1,1
12780,1276,-0.0319275,0,0,0
12780,1277,-0.0419678,0,0,0
