time,particle_id,x,y,mesh_index,mesh_index_original
75300,7520,0.0442597,0,4,4
75300,7521,0.034009,0,4,4
75300,7522,0.0237598,0,3,3
75300,7523,0.0135114,0,3,3
75300,7524,0.00326464,0,2,2
75300,7525,-0.00698133,0,2,2
75300,7526,-0.0172256,0,1,1
75300,7527,-0.0274691,0,1,1
75300,7528,-0.0377107,0,0,0
75300,7529,-0.0479518,0,0,0
