time,particle_id,x,y,mesh_index,mesh_index_original
99620,9952,0.0429367,0,4,4
99620,9953,0.0326036,0,4,4
99620,9954,0.0222727,0,3,3
99620,9955,0.0119427,0,3,3
99620,9956,0.00161525,0,2,2
99620,9957,-0.00871161,0,2,2
99620,9958,-0.0190356,0,1,1
99620,9959,-0.0293592,0,1,1
99620,9960,-0.0396797,0,0,0
