time,particle_id,x,y,mesh_index,mesh_index_original
81140,8104,0.0434107,0,4,4
81140,8105,0.0331402,0,4,4
81140,8106,0.0228716,0,3,3
81140,8107,0.0126036,0,3,3
81140,8108,0.00233767,0,2,2
81140,8109,-0.00792766,0,2,2
81140,8110,-0.0181909,0,1,1
81140,8111,-0.0284536,0,1,1
81140,8112,-0.038714,0,0,0
81140,8113,-0.048974,0,0,0
