time,particle_id,x,y,mesh_index,mesh_index_original
61820,6172,0.0448708,0,4,4
61820,6173,0.0346655,0,4,4
61820,6174,0.0244613,0,3,3
61820,6175,0.0142579,0,3,3
61820,6176,0.00405571,0,2,2
61820,6177,-0.00614571,0,2,2
61820,6178,-0.0163459,0,1,1
61820,6179,-0.0265453,0,1,1
61820,6180,-0.0367434,0,0,0
61820,6181,-0.0469408,0,0,0
