time,particle_id,x,y,mesh_index,mesh_index_original
17680,1758,0.0485579,0,4,4
17680,1759,0.0384999,0,4,4
17680,1760,0.028442,0,3,3
17680,1761,0.0183845,0,3,3
17680,1762,0.0083271,0,2,2
17680,1763,-0.00172985,0,2,2
17680,1764,-0.0117867,0,1,1
17680,1765,-0.0218431,0,1,1
17680,1766,-0.0318994,0,0,0
17680,1767,-0.0419553,0,0,0
