time,particle_id,x,y,mesh_index,mesh_index_original
41380,4128,0.0462742,0,4,4
41380,4129,0.0361374,0,4,4
41380,4130,0.0260011,0,3,3
41380,4131,0.0158655,0,3,3
41380,4132,0.00573054,0,2,2
41380,4133,-0.00440371,0,2,2
41380,4134,-0.0145374,0,1,1
41380,4135,-0.0246703,0,1,1
41380,4136,-0.0348026,0,0,0
41380,4137,-0.0449342,0,0,0
