time,particle_id,x,y,mesh_index,mesh_index_original
18400,1830,0.0485808,0,4,4
18400,1831,0.0385204,0,4,4
18400,1832,0.0284601,0,3,3
18400,1833,0.0184003,0,3,3
18400,1834,0.00834053,0,2,2
18400,1835,-0.00171876,0,2,2
18400,1836,-0.011778,0,1,1
18400,1837,-0.0218367,0,1,1
18400,1838,-0.0318953,0,0,0
18400,1839,-0.0419535,0,0,0
