time,particle_id,x,y,mesh_index,mesh_index_original
58140,5804,0.0457775,0,4,4
58140,5805,0.0355845,0,4,4
58140,5806,0.0253924,0,3,3
58140,5807,0.0152013,0,3,3
58140,5808,0.00501109,0,2,2
58140,5809,-0.0051782,0,2,2
58140,5810,-0.0153665,0,1,1
58140,5811,-0.0255539,0,1,1
58140,5812,-0.0357403,0,0,0
58140,5813,-0.0459258,0,0,0
