time,particle_id,x,y,mesh_index,mesh_index_original
24110,2401,0.0477548,0,4,4
24110,2402,0.0376755,0,4,4
24110,2403,0.0275963,0,3,3
24110,2404,0.0175178,0,3,3
24110,2405,0.00743933,0,2,2
24110,2406,-0.00263852,0,2,2
24110,2407,-0.0127162,0,1,1
24110,2408,-0.0227933,0,1,1
24110,2409,-0.0328702,0,0,0
24110,2410,-0.0429465,0,0,0
