time,particle_id,x,y,mesh_index,mesh_index_original
34380,3428,0.0470682,0,4,4
34380,3429,0.0369547,0,4,4
34380,3430,0.0268416,0,3,3
34380,3431,0.0167292,0,3,3
34380,3432,0.00661711,0,2,2
34380,3433,-0.00349424,0,2,2
34380,3434,-0.0136052,0,1,1
34380,3435,-0.0237155,0,1,1
34380,3436,-0.0338253,0,0,0
34380,3437,-0.0439345,0,0,0
