time,particle_id,x,y,mesh_index,mesh_index_original
3640,354,0.0491134,0,4,4
3640,355,0.0391018,0,4,4
3640,356,0.0290901,0,3,3
3640,357,0.0190786,0,3,3
3640,358,0.00906708,0,2,2
3640,359,-0.000944367,0,2,2
3640,360,-0.0109558,0,1,1
3640,361,-0.0209672,0,1,1
3640,362,-0.0309786,0,0,0
3640,363,-0.0409898,0,0,0
