time,particle_id,x,y,mesh_index,mesh_index_original
28410,2831,0.0478906,0,4,4
28410,2832,0.0377971,0,4,4
28410,2833,0.0277036,0,3,3
28410,2834,0.0176109,0,3,3
28410,2835,0.00751836,0,2,2
28410,2836,-0.00257351,0,2,2
28410,2837,-0.0126652,0,1,1
28410,2838,-0.0227561,0,1,1
28410,2839,-0.0328469,0,0,0
28410,2840,-0.0429369,0,0,0
