time,particle_id,x,y,mesh_index,mesh_index_original
95650,9555,0.0428176,0,4,4
95650,9556,0.0324979,0,4,4
95650,9557,0.0221806,0,3,3
95650,9558,0.0118639,0,3,3
95650,9559,0.00154975,0,2,2
95650,9560,-0.00876386,0,2,2
95650,9561,-0.0190747,0,1,1
95650,9562,-0.0293852,0,1,1
95650,9563,-0.0396927,0,0,0
