time,particle_id,x,y,mesh_index,mesh_index_original
16940,1684,0.0485344,0,4,4
16940,1685,0.0384788,0,4,4
16940,1686,0.0284233,0,3,3
16940,1687,0.0183683,0,3,3
16940,1688,0.0083133,0,2,2
16940,1689,-0.00174124,0,2,2
16940,1690,-0.0117957,0,1,1
16940,1691,-0.0218497,0,1,1
16940,1692,-0.0319037,0,0,0
16940,1693,-0.0419572,0,0,0
