time,particle_id,x,y,mesh_index,mesh_index_original
54290,5419,0.0456584,0,4,4
54290,5420,0.0354784,0,4,4
54290,5421,0.0252992,0,3,3
54290,5422,0.0151209,0,3,3
54290,5423,0.0049434,0,2,2
54290,5424,-0.00523321,0,2,2
54290,5425,-0.0154089,0,1,1
54290,5426,-0.0255838,0,1,1
54290,5427,-0.0357577,0,0,0
54290,5428,-0.0459308,0,0,0
