time,particle_id,x,y,mesh_index,mesh_index_original
29160,2906,0.0479144,0,4,4
29160,2907,0.0378183,0,4,4
29160,2908,0.0277224,0,3,3
29160,2909,0.0176272,0,3,3
29160,2910,0.00753215,0,2,2
29160,2911,-0.00256216,0,2,2
29160,2912,-0.0126563,0,1,1
29160,2913,-0.0227496,0,1,1
29160,2914,-0.0328428,0,0,0
29160,2915,-0.0429353,0,0,0
