time,particle_id,x,y,mesh_index,mesh_index_original
43560,4346,0.046342,0,4,4
43560,4347,0.0361979,0,4,4
43560,4348,0.0260543,0,3,3
43560,4349,0.0159116,0,3,3
43560,4350,0.00576939,0,2,2
43560,4351,-0.004372,0,2,2
43560,4352,-0.0145128,0,1,1
43560,4353,-0.0246528,0,1,1
43560,4354,-0.0347921,0,0,0
43560,4355,-0.0449307,0,0,0
