time,particle_id,x,y,mesh_index,mesh_index_original
84260,8416,0.0435049,0,4,4
84260,8417,0.0332239,0,4,4
84260,8418,0.0229447,0,3,3
84260,8419,0.0126663,0,3,3
84260,8420,0.00238992,0,2,2
84260,8421,-0.00788578,0,2,2
84260,8422,-0.0181593,0,1,1
84260,8423,-0.0284322,0,1,1
84260,8424,-0.0387028,0,0,0
84260,8425,-0.048973,0,0,0
