time,particle_id,x,y,mesh_index,mesh_index_original
10140,1004,0.0483183,0,4,4
10140,1005,0.0382852,0,4,4
10140,1006,0.0282522,0,3,3
10140,1007,0.0182194,0,3,3
10140,1008,0.00818668,0,2,2
10140,1009,-0.00184581,0,2,2
10140,1010,-0.0118783,0,1,1
10140,1011,-0.0219104,0,1,1
10140,1012,-0.0319426,0,0,0
10140,1013,-0.0419745,0,0,0
