time,particle_id,x,y,mesh_index,mesh_index_original
1040,94,0.0490302,0,4,4
1040,95,0.0390272,0,4,4
1040,96,0.0290241,0,3,3
1040,97,0.0190211,0,3,3
1040,98,0.00901801,0,2,2
1040,99,-0.000985033,0,2,2
1040,100,-0.0109881,0,1,1
1040,101,-0.0209911,0,1,1
1040,102,-0.0309942,0,0,0
1040,103,-0.0409972,0,0,0
