time,particle_id,x,y,mesh_index,mesh_index_original
51560,5146,0.0455741,0,4,4
51560,5147,0.0354033,0,4,4
51560,5148,0.0252332,0,3,3
51560,5149,0.0150639,0,3,3
51560,5150,0.00489546,0,2,2
51560,5151,-0.00527218,0,2,2
51560,5152,-0.0154389,0,1,1
51560,5153,-0.0256049,0,1,1
51560,5154,-0.03577,0,0,0
51560,5155,-0.0459343,0,0,0
