time,particle_id,x,y,mesh_index,mesh_index_original
93150,9305,0.0427427,0,4,4
93150,9306,0.0324315,0,4,4
93150,9307,0.0221226,0,3,3
93150,9308,0.0118143,0,3,3
93150,9309,0.00150855,0,2,2
93150,9310,-0.00879672,0,2,2
93150,9311,-0.0190993,0,1,1
93150,9312,-0.0294015,0,1,1
93150,9313,-0.0397008,0,0,0
