time,particle_id,x,y,mesh_index,mesh_index_original
29860,2976,0.0479365,0,4,4
29860,2977,0.0378381,0,4,4
29860,2978,0.0277399,0,3,3
29860,2979,0.0176423,0,3,3
29860,2980,0.00754503,0,2,2
29860,2981,-0.00255157,0,2,2
29860,2982,-0.0126479,0,1,1
29860,2983,-0.0227436,0,1,1
29860,2984,-0.032839,0,0,0
29860,2985,-0.0429337,0,0,0
