time,particle_id,x,y,mesh_index,mesh_index_original
92740,9264,0.0427304,0,4,4
92740,9265,0.0324206,0,4,4
92740,9266,0.0221131,0,3,3
92740,9267,0.0118062,0,3,3
92740,9268,0.0015018,0,2,2
92740,9269,-0.00880211,0,2,2
92740,9270,-0.0191033,0,1,1
92740,9271,-0.0294042,0,1,1
92740,9272,-0.0397022,0,0,0
