time,particle_id,x,y,mesh_index,mesh_index_original
67940,6784,0.0450585,0,4,4
67940,6785,0.0348327,0,4,4
67940,6786,0.0246079,0,3,3
67940,6787,0.0143841,0,3,3
67940,6788,0.00416161,0,2,2
67940,6789,-0.00606001,0,2,2
67940,6790,-0.0162803,0,1,1
67940,6791,-0.0264997,0,1,1
67940,6792,-0.0367176,0,0,0
67940,6793,-0.0469348,0,0,0
