time,particle_id,x,y,mesh_index,mesh_index_original
55410,5531,0.045693,0,4,4
55410,5532,0.0355093,0,4,4
55410,5533,0.0253263,0,3,3
55410,5534,0.0151443,0,3,3
55410,5535,0.00496309,0,2,2
55410,5536,-0.00521722,0,2,2
55410,5537,-0.0153966,0,1,1
55410,5538,-0.0255751,0,1,1
55410,5539,-0.0357526,0,0,0
55410,5540,-0.0459293,0,0,0
