time,particle_id,x,y,mesh_index,mesh_index_original
37220,3712,0.0471573,0,4,4
37220,3713,0.0370343,0,4,4
37220,3714,0.0269118,0,3,3
37220,3715,0.01679,0,3,3
37220,3716,0.00666855,0,2,2
37220,3717,-0.00345209,0,2,2
37220,3718,-0.0135723,0,1,1
37220,3719,-0.0236918,0,1,1
37220,3720,-0.0338108,0,0,0
37220,3721,-0.043929,0,0,0
