time,particle_id,x,y,mesh_index,mesh_index_original
70060,6996,0.0451237,0,4,4
70060,6997,0.0348906,0,4,4
70060,6998,0.0246588,0,3,3
70060,6999,0.0144279,0,3,3
70060,7000,0.00317548,0,2,2
70060,7001,-0.00705315,0,2,2
70060,7002,-0.0172802,0,1,1
70060,7003,-0.0275065,0,1,1
70060,7004,-0.0377311,0,0,0
70060,7005,-0.0479552,0,0,0
