time,particle_id,x,y,mesh_index,mesh_index_original
39630,3953,0.0472329,0,4,4
39630,3954,0.037102,0,4,4
39630,3955,0.0269713,0,3,3
39630,3956,0.0168416,0,3,3
39630,3957,0.00671223,0,2,2
39630,3958,-0.00341629,0,2,2
39630,3959,-0.0135444,0,1,1
39630,3960,-0.0236716,0,1,1
39630,3961,-0.0337984,0,0,0
39630,3962,-0.0439244,0,0,0
