time,particle_id,x,y,mesh_index,mesh_index_original
89300,8920,0.0436572,0,4,4
89300,8921,0.0333591,0,4,4
89300,8922,0.0230629,0,3,3
89300,8923,0.0127676,0,3,3
89300,8924,0.00247444,0,2,2
89300,8925,-0.00781802,0,2,2
89300,8926,-0.0181082,0,1,1
89300,8927,-0.0283977,0,1,1
89300,8928,-0.0386847,0,0,0
89300,8929,-0.0489713,0,0,0
