time,particle_id,x,y,mesh_index,mesh_index_original
55710,5561,0.0457023,0,4,4
55710,5562,0.0355176,0,4,4
55710,5563,0.0253336,0,3,3
55710,5564,0.0151505,0,3,3
55710,5565,0.00496836,0,2,2
55710,5566,-0.00521293,0,2,2
55710,5567,-0.0153933,0,1,1
55710,5568,-0.0255728,0,1,1
55710,5569,-0.0357512,0,0,0
55710,5570,-0.0459289,0,0,0
