time,particle_id,x,y,mesh_index,mesh_index_original
15320,1522,0.0484828,0,4,4
15320,1523,0.0384327,0,4,4
15320,1524,0.0283825,0,3,3
15320,1525,0.0183328,0,3,3
15320,1526,0.00828311,0,2,2
15320,1527,-0.00176618,0,2,2
15320,1528,-0.0118154,0,1,1
15320,1529,-0.0218642,0,1,1
15320,1530,-0.031913,0,0,0
15320,1531,-0.0419613,0,0,0
