time,particle_id,x,y,mesh_index,mesh_index_original
59860,5976,0.0458307,0,4,4
59860,5977,0.035632,0,4,4
59860,5978,0.0254341,0,3,3
59860,5979,0.0152373,0,3,3
59860,5980,0.00504136,0,2,2
59860,5981,-0.0051536,0,2,2
59860,5982,-0.0153475,0,1,1
59860,5983,-0.0255406,0,1,1
59860,5984,-0.0357325,0,0,0
59860,5985,-0.0459236,0,0,0
