time,particle_id,x,y,mesh_index,mesh_index_original
40500,4040,0.0462468,0,4,4
40500,4041,0.036113,0,4,4
40500,4042,0.0259796,0,3,3
40500,4043,0.015847,0,3,3
40500,4044,0.00571486,0,2,2
40500,4045,-0.00441651,0,2,2
40500,4046,-0.0145473,0,1,1
40500,4047,-0.0246774,0,1,1
40500,4048,-0.0348068,0,0,0
40500,4049,-0.0449356,0,0,0
