time,particle_id,x,y,mesh_index,mesh_index_original
77980,7788,0.0443414,0,4,4
77980,7789,0.0340816,0,4,4
77980,7790,0.0238233,0,3,3
77980,7791,0.013566,0,3,3
77980,7792,0.00331031,0,2,2
77980,7793,-0.00694454,0,2,2
77980,7794,-0.0171976,0,1,1
77980,7795,-0.0274499,0,1,1
77980,7796,-0.0377003,0,0,0
77980,7797,-0.04795,0,0,0
