time,particle_id,x,y,mesh_index,mesh_index_original
13730,1363,0.0484323,0,4,4
13730,1364,0.0383874,0,4,4
13730,1365,0.0283425,0,3,3
13730,1366,0.018298,0,3,3
13730,1367,0.00825349,0,2,2
13730,1368,-0.00179063,0,2,2
13730,1369,-0.0118347,0,1,1
13730,1370,-0.0218784,0,1,1
13730,1371,-0.0319221,0,0,0
13730,1372,-0.0419653,0,0,0
