time,particle_id,x,y,mesh_index,mesh_index_original
1470,137,0.049044,0,4,4
1470,138,0.0390395,0,4,4
1470,139,0.029035,0,3,3
1470,140,0.0190306,0,3,3
1470,141,0.00902612,0,2,2
1470,142,-0.00097831,0,2,2
1470,143,-0.0109828,0,1,1
1470,144,-0.0209872,0,1,1
1470,145,-0.0309916,0,0,0
1470,146,-0.040996,0,0,0
