time,particle_id,x,y,mesh_index,mesh_index_original
41760,4166,0.046286,0,4,4
41760,4167,0.0361479,0,4,4
41760,4168,0.0260104,0,3,3
41760,4169,0.0158736,0,3,3
41760,4170,0.00573731,0,2,2
41760,4171,-0.00439819,0,2,2
41760,4172,-0.0145331,0,1,1
41760,4173,-0.0246673,0,1,1
41760,4174,-0.0348008,0,0,0
41760,4175,-0.0449336,0,0,0
