time,particle_id,x,y,mesh_index,mesh_index_original
57240,5714,0.0457496,0,4,4
57240,5715,0.0355597,0,4,4
57240,5716,0.0253706,0,3,3
57240,5717,0.0151825,0,3,3
57240,5718,0.00499526,0,2,2
57240,5719,-0.00519107,0,2,2
57240,5720,-0.0153764,0,1,1
57240,5721,-0.0255609,0,1,1
57240,5722,-0.0357443,0,0,0
57240,5723,-0.0459269,0,0,0
