time,particle_id,x,y,mesh_index,mesh_index_original
33230,3313,0.0470322,0,4,4
33230,3314,0.0369225,0,4,4
33230,3315,0.0268132,0,3,3
33230,3316,0.0167046,0,3,3
33230,3317,0.0065963,0,2,2
33230,3318,-0.0035113,0,2,2
33230,3319,-0.0136185,0,1,1
33230,3320,-0.0237251,0,1,1
33230,3321,-0.0338312,0,0,0
33230,3322,-0.0439367,0,0,0
