time,particle_id,x,y,mesh_index,mesh_index_original
26350,2625,0.0478255,0,4,4
26350,2626,0.0377388,0,4,4
26350,2627,0.0276522,0,3,3
26350,2628,0.0175663,0,3,3
26350,2629,0.00748048,0,2,2
26350,2630,-0.00260467,0,2,2
26350,2631,-0.0126896,0,1,1
26350,2632,-0.0227739,0,1,1
26350,2633,-0.0328581,0,0,0
26350,2634,-0.0429415,0,0,0
