time,particle_id,x,y,mesh_index,mesh_index_original
66120,6602,0.0450027,0,4,4
66120,6603,0.0347829,0,4,4
66120,6604,0.0245643,0,3,3
66120,6605,0.0143466,0,3,3
66120,6606,0.00413009,0,2,2
66120,6607,-0.00608552,0,2,2
66120,6608,-0.0162998,0,1,1
66120,6609,-0.0265133,0,1,1
66120,6610,-0.0367253,0,0,0
66120,6611,-0.0469366,0,0,0
