time,particle_id,x,y,mesh_index,mesh_index_original
57800,5770,0.0457669,0,4,4
57800,5771,0.0355752,0,4,4
57800,5772,0.0253842,0,3,3
57800,5773,0.0151942,0,3,3
57800,5774,0.00500511,0,2,2
57800,5775,-0.00518306,0,2,2
57800,5776,-0.0153703,0,1,1
57800,5777,-0.0255566,0,1,1
57800,5778,-0.0357418,0,0,0
57800,5779,-0.0459262,0,0,0
