time,particle_id,x,y,mesh_index,mesh_index_original
25330,2523,0.0477933,0,4,4
25330,2524,0.03771,0,4,4
25330,2525,0.0276268,0,3,3
25330,2526,0.0175442,0,3,3
25330,2527,0.00746174,0,2,2
25330,2528,-0.00262009,0,2,2
25330,2529,-0.0127017,0,1,1
25330,2530,-0.0227828,0,1,1
25330,2531,-0.0328636,0,0,0
25330,2532,-0.0429438,0,0,0
