time,particle_id,x,y,mesh_index,mesh_index_original
74380,7428,0.0442317,0,4,4
74380,7429,0.0339841,0,4,4
74380,7430,0.023738,0,3,3
74380,7431,0.0134927,0,3,3
74380,7432,0.00324897,0,2,2
74380,7433,-0.00699395,0,2,2
74380,7434,-0.0172352,0,1,1
74380,7435,-0.0274757,0,1,1
74380,7436,-0.0377143,0,0,0
74380,7437,-0.0479524,0,0,0
