time,particle_id,x,y,mesh_index,mesh_index_original
73950,7385,0.0442186,0,4,4
73950,7386,0.0339725,0,4,4
73950,7387,0.0237278,0,3,3
73950,7388,0.0134839,0,3,3
73950,7389,0.00324165,0,2,2
73950,7390,-0.00699985,0,2,2
73950,7391,-0.0172396,0,1,1
73950,7392,-0.0274787,0,1,1
73950,7393,-0.037716,0,0,0
73950,7394,-0.0479527,0,0,0
