time,particle_id,x,y,mesh_index,mesh_index_original
12120,1202,0.0483811,0,4,4
12120,1203,0.0383415,0,4,4
12120,1204,0.028302,0,3,3
12120,1205,0.0182627,0,3,3
12120,1206,0.00822352,0,2,2
12120,1207,-0.00181539,0,2,2
12120,1208,-0.0118542,0,1,1
12120,1209,-0.0218928,0,1,1
12120,1210,-0.0319313,0,0,0
12120,1211,-0.0419694,0,0,0
