time,particle_id,x,y,mesh_index,mesh_index_original
76230,7613,0.0442881,0,4,4
76230,7614,0.0340342,0,4,4
76230,7615,0.0237818,0,3,3
76230,7616,0.0135304,0,3,3
76230,7617,0.00328049,0,2,2
76230,7618,-0.00696856,0,2,2
76230,7619,-0.0172159,0,1,1
76230,7620,-0.0274624,0,1,1
76230,7621,-0.0377071,0,0,0
76230,7622,-0.0479512,0,0,0
