time,particle_id,x,y,mesh_index,mesh_index_original
88160,8806,0.0436227,0,4,4
88160,8807,0.0333285,0,4,4
88160,8808,0.0230362,0,3,3
88160,8809,0.0127447,0,3,3
88160,8810,0.00245531,0,2,2
88160,8811,-0.00783336,0,2,2
88160,8812,-0.0181197,0,1,1
88160,8813,-0.0284055,0,1,1
88160,8814,-0.0386888,0,0,0
88160,8815,-0.0489717,0,0,0
