time,particle_id,x,y,mesh_index,mesh_index_original
69150,6905,0.0450957,0,4,4
69150,6906,0.0348658,0,4,4
69150,6907,0.0246369,0,3,3
69150,6908,0.0144091,0,3,3
69150,6909,0.00418257,0,2,2
69150,6910,-0.00604305,0,2,2
69150,6911,-0.0162673,0,1,1
69150,6912,-0.0264907,0,1,1
69150,6913,-0.0367126,0,0,0
69150,6914,-0.0469337,0,0,0
