time,particle_id,x,y,mesh_index,mesh_index_original
69640,6954,0.0451108,0,4,4
69640,6955,0.0348792,0,4,4
69640,6956,0.0246487,0,3,3
69640,6957,0.0144192,0,3,3
69640,6958,0.00419106,0,2,2
69640,6959,-0.00603618,0,2,2
69640,6960,-0.016262,0,1,1
69640,6961,-0.026487,0,1,1
69640,6962,-0.0367105,0,0,0
69640,6963,-0.0469332,0,0,0
