time,particle_id,x,y,mesh_index,mesh_index_original
15460,1536,0.0484873,0,4,4
15460,1537,0.0384366,0,4,4
15460,1538,0.028386,0,3,3
15460,1539,0.0183359,0,3,3
15460,1540,0.00828572,0,2,2
15460,1541,-0.00176402,0,2,2
15460,1542,-0.0118137,0,1,1
15460,1543,-0.021863,0,1,1
15460,1544,-0.0319122,0,0,0
15460,1545,-0.0419609,0,0,0
