time,particle_id,x,y,mesh_index,mesh_index_original
58400,5830,0.0457855,0,4,4
58400,5831,0.0355917,0,4,4
58400,5832,0.0253987,0,3,3
58400,5833,0.0152068,0,3,3
58400,5834,0.00501566,0,2,2
58400,5835,-0.00517448,0,2,2
58400,5836,-0.0153636,0,1,1
58400,5837,-0.0255519,0,1,1
58400,5838,-0.0357391,0,0,0
58400,5839,-0.0459254,0,0,0
