time,particle_id,x,y,mesh_index,mesh_index_original
31930,3183,0.0469914,0,4,4
31930,3184,0.0368861,0,4,4
31930,3185,0.0267811,0,3,3
31930,3186,0.0166768,0,3,3
31930,3187,0.00657278,0,2,2
31930,3188,-0.00353057,0,2,2
31930,3189,-0.0136336,0,1,1
31930,3190,-0.0237359,0,1,1
31930,3191,-0.0338379,0,0,0
31930,3192,-0.0439392,0,0,0
