time,particle_id,x,y,mesh_index,mesh_index_original
55130,5503,0.0456844,0,4,4
55130,5504,0.0355016,0,4,4
55130,5505,0.0253195,0,3,3
55130,5506,0.0151384,0,3,3
55130,5507,0.00495816,0,2,2
55130,5508,-0.00522122,0,2,2
55130,5509,-0.0153997,0,1,1
55130,5510,-0.0255773,0,1,1
55130,5511,-0.0357539,0,0,0
55130,5512,-0.0459297,0,0,0
