time,particle_id,x,y,mesh_index,mesh_index_original
52810,5271,0.0456127,0,4,4
52810,5272,0.0354377,0,4,4
52810,5273,0.0252634,0,3,3
52810,5274,0.01509,0,3,3
52810,5275,0.00491741,0,2,2
52810,5276,-0.00525434,0,2,2
52810,5277,-0.0154252,0,1,1
52810,5278,-0.0255953,0,1,1
52810,5279,-0.0357643,0,0,0
52810,5280,-0.0459327,0,0,0
