time,particle_id,x,y,mesh_index,mesh_index_original
9350,925,0.0492963,0,4,4
9350,926,0.0392658,0,4,4
9350,927,0.0292354,0,3,3
9350,928,0.0192052,0,3,3
9350,929,0.00917499,0,2,2
9350,930,-0.000854929,0,2,2
9350,931,-0.0108849,0,1,1
9350,932,-0.0209145,0,1,1
9350,933,-0.0309442,0,0,0
9350,934,-0.0409735,0,0,0
