time,particle_id,x,y,mesh_index,mesh_index_original
66090,6599,0.0450018,0,4,4
66090,6600,0.0347821,0,4,4
66090,6601,0.0245636,0,3,3
66090,6602,0.014346,0,3,3
66090,6603,0.00412957,0,2,2
66090,6604,-0.00608594,0,2,2
66090,6605,-0.0163001,0,1,1
66090,6606,-0.0265135,0,1,1
66090,6607,-0.0367254,0,0,0
66090,6608,-0.0469366,0,0,0
