time,particle_id,x,y,mesh_index,mesh_index_original
9380,928,0.0492972,0,4,4
9380,929,0.0392667,0,4,4
9380,930,0.0292361,0,3,3
9380,931,0.0192059,0,3,3
9380,932,0.00917556,0,2,2
9380,933,-0.000854459,0,2,2
9380,934,-0.0108845,0,1,1
9380,935,-0.0209142,0,1,1
9380,936,-0.030944,0,0,0
9380,937,-0.0409735,0,0,0
