time,particle_id,x,y,mesh_index,mesh_index_original
59440,5934,0.0458177,0,4,4
59440,5935,0.0356204,0,4,4
59440,5936,0.0254239,0,3,3
59440,5937,0.0152285,0,3,3
59440,5938,0.00503396,0,2,2
59440,5939,-0.00515961,0,2,2
59440,5940,-0.0153522,0,1,1
59440,5941,-0.0255438,0,1,1
59440,5942,-0.0357344,0,0,0
59440,5943,-0.0459241,0,0,0
