time,particle_id,x,y,mesh_index,mesh_index_original
43460,4336,0.0463389,0,4,4
43460,4337,0.0361951,0,4,4
43460,4338,0.0260519,0,3,3
43460,4339,0.0159095,0,3,3
43460,4340,0.00576761,0,2,2
43460,4341,-0.00437345,0,2,2
43460,4342,-0.0145139,0,1,1
43460,4343,-0.0246536,0,1,1
43460,4344,-0.0347926,0,0,0
43460,4345,-0.0449309,0,0,0
