time,particle_id,x,y,mesh_index,mesh_index_original
33470,3337,0.0470397,0,4,4
33470,3338,0.0369293,0,4,4
33470,3339,0.0268191,0,3,3
33470,3340,0.0167097,0,3,3
33470,3341,0.00660064,0,2,2
33470,3342,-0.00350774,0,2,2
33470,3343,-0.0136158,0,1,1
33470,3344,-0.0237231,0,1,1
33470,3345,-0.03383,0,0,0
33470,3346,-0.0439362,0,0,0
