time,particle_id,x,y,mesh_index,mesh_index_original
8710,861,0.0492757,0,4,4
8710,862,0.0392474,0,4,4
8710,863,0.0292191,0,3,3
8710,864,0.019191,0,3,3
8710,865,0.00916289,0,2,2
8710,866,-0.000864963,0,2,2
8710,867,-0.0108928,0,1,1
8710,868,-0.0209204,0,1,1
8710,869,-0.030948,0,0,0
8710,870,-0.0409754,0,0,0
