time,particle_id,x,y,mesh_index,mesh_index_original
14710,1461,0.0484634,0,4,4
14710,1462,0.0384153,0,4,4
14710,1463,0.0283672,0,3,3
14710,1464,0.0183194,0,3,3
14710,1465,0.00827174,0,2,2
14710,1466,-0.00177556,0,2,2
14710,1467,-0.0118228,0,1,1
14710,1468,-0.0218697,0,1,1
14710,1469,-0.0319165,0,0,0
14710,1470,-0.0419629,0,0,0
