time,particle_id,x,y,mesh_index,mesh_index_original
2420,232,0.0490743,0,4,4
2420,233,0.0390668,0,4,4
2420,234,0.0290592,0,3,3
2420,235,0.0190516,0,3,3
2420,236,0.00904405,0,2,2
2420,237,-0.000963453,0,2,2
2420,238,-0.010971,0,1,1
2420,239,-0.0209784,0,1,1
2420,240,-0.0309859,0,0,0
2420,241,-0.0409933,0,0,0
