time,particle_id,x,y,mesh_index,mesh_index_original
67230,6713,0.0450367,0,4,4
67230,6714,0.0348133,0,4,4
67230,6715,0.0245909,0,3,3
67230,6716,0.0143695,0,3,3
67230,6717,0.00414931,0,2,2
67230,6718,-0.00606996,0,2,2
67230,6719,-0.0162879,0,1,1
67230,6720,-0.026505,0,1,1
67230,6721,-0.0367206,0,0,0
67230,6722,-0.0469355,0,0,0
