time,particle_id,x,y,mesh_index,mesh_index_original
26320,2622,0.0478246,0,4,4
26320,2623,0.037738,0,4,4
26320,2624,0.0276515,0,3,3
26320,2625,0.0175656,0,3,3
26320,2626,0.00747993,0,2,2
26320,2627,-0.00260512,0,2,2
26320,2628,-0.01269,0,1,1
26320,2629,-0.0227742,0,1,1
26320,2630,-0.0328582,0,0,0
26320,2631,-0.0429416,0,0,0
