time,particle_id,x,y,mesh_index,mesh_index_original
99030,9893,0.042919,0,4,4
99030,9894,0.0325879,0,4,4
99030,9895,0.022259,0,3,3
99030,9896,0.011931,0,3,3
99030,9897,0.00160551,0,2,2
99030,9898,-0.00871938,0,2,2
99030,9899,-0.0190414,0,1,1
99030,9900,-0.0293631,0,1,1
99030,9901,-0.0396816,0,0,0
