time,particle_id,x,y,mesh_index,mesh_index_original
21000,2090,0.0476567,0,4,4
21000,2091,0.0375877,0,4,4
21000,2092,0.0275188,0,3,3
21000,2093,0.0174505,0,3,3
21000,2094,0.00738225,0,2,2
21000,2095,-0.00268548,0,2,2
21000,2096,-0.0127531,0,1,1
21000,2097,-0.0228201,0,1,1
21000,2098,-0.0328871,0,0,0
21000,2099,-0.0429535,0,0,0
