time,particle_id,x,y,mesh_index,mesh_index_original
73490,7339,0.0442046,0,4,4
73490,7340,0.0339601,0,4,4
73490,7341,0.0237169,0,3,3
73490,7342,0.0134746,0,3,3
73490,7343,0.00323382,0,2,2
73490,7344,-0.00700616,0,2,2
73490,7345,-0.0172444,0,1,1
73490,7346,-0.027482,0,1,1
73490,7347,-0.0377178,0,0,0
73490,7348,-0.047953,0,0,0
