time,particle_id,x,y,mesh_index,mesh_index_original
32180,3208,0.0469993,0,4,4
32180,3209,0.0368931,0,4,4
32180,3210,0.0267873,0,3,3
32180,3211,0.0166821,0,3,3
32180,3212,0.0065773,0,2,2
32180,3213,-0.00352687,0,2,2
32180,3214,-0.0136307,0,1,1
32180,3215,-0.0237338,0,1,1
32180,3216,-0.0338366,0,0,0
32180,3217,-0.0439387,0,0,0
