time,particle_id,x,y,mesh_index,mesh_index_original
4890,479,0.0491534,0,4,4
4890,480,0.0391377,0,4,4
4890,481,0.0291219,0,3,3
4890,482,0.0191063,0,3,3
4890,483,0.00909068,0,2,2
4890,484,-0.000924803,0,2,2
4890,485,-0.0109403,0,1,1
4890,486,-0.0209557,0,1,1
4890,487,-0.030971,0,0,0
4890,488,-0.0409863,0,0,0
