time,particle_id,x,y,mesh_index,mesh_index_original
88350,8825,0.0436285,0,4,4
88350,8826,0.0333336,0,4,4
88350,8827,0.0230406,0,3,3
88350,8828,0.0127485,0,3,3
88350,8829,0.00245849,0,2,2
88350,8830,-0.0078308,0,2,2
88350,8831,-0.0181178,0,1,1
88350,8832,-0.0284042,0,1,1
88350,8833,-0.0386882,0,0,0
88350,8834,-0.0489716,0,0,0
