time,particle_id,x,y,mesh_index,mesh_index_original
72100,7200,0.0441624,0,4,4
72100,7201,0.0339225,0,4,4
72100,7202,0.023684,0,3,3
72100,7203,0.0134463,0,3,3
72100,7204,0.00321016,0,2,2
72100,7205,-0.00702521,0,2,2
72100,7206,-0.0172589,0,1,1
72100,7207,-0.027492,0,1,1
72100,7208,-0.0377232,0,0,0
72100,7209,-0.0479539,0,0,0
