time,particle_id,x,y,mesh_index,mesh_index_original
36940,3684,0.0471485,0,4,4
36940,3685,0.0370265,0,4,4
36940,3686,0.0269048,0,3,3
36940,3687,0.016784,0,3,3
36940,3688,0.00666347,0,2,2
36940,3689,-0.00345625,0,2,2
36940,3690,-0.0135756,0,1,1
36940,3691,-0.0236941,0,1,1
36940,3692,-0.0338122,0,0,0
36940,3693,-0.0439296,0,0,0
