time,particle_id,x,y,mesh_index,mesh_index_original
50570,5047,0.0455436,0,4,4
50570,5048,0.035376,0,4,4
50570,5049,0.0252092,0,3,3
50570,5050,0.0150433,0,3,3
50570,5051,0.00487809,0,2,2
50570,5052,-0.0052863,0,2,2
50570,5053,-0.0154498,0,1,1
50570,5054,-0.0256126,0,1,1
50570,5055,-0.0357744,0,0,0
50570,5056,-0.0459355,0,0,0
