time,particle_id,x,y,mesh_index,mesh_index_original
76170,7607,0.0442862,0,4,4
76170,7608,0.0340326,0,4,4
76170,7609,0.0237804,0,3,3
76170,7610,0.0135291,0,3,3
76170,7611,0.00327946,0,2,2
76170,7612,-0.00696939,0,2,2
76170,7613,-0.0172165,0,1,1
76170,7614,-0.0274629,0,1,1
76170,7615,-0.0377074,0,0,0
76170,7616,-0.0479512,0,0,0
