time,particle_id,x,y,mesh_index,mesh_index_original
55610,5551,0.0456992,0,4,4
55610,5552,0.0355148,0,4,4
55610,5553,0.0253312,0,3,3
55610,5554,0.0151484,0,3,3
55610,5555,0.0049666,0,2,2
55610,5556,-0.00521436,0,2,2
55610,5557,-0.0153944,0,1,1
55610,5558,-0.0255736,0,1,1
55610,5559,-0.0357517,0,0,0
55610,5560,-0.045929,0,0,0
