time,particle_id,x,y,mesh_index,mesh_index_original
6890,679,0.0492174,0,4,4
6890,680,0.0391951,0,4,4
6890,681,0.0291728,0,3,3
6890,682,0.0191506,0,3,3
6890,683,0.00912847,0,2,2
6890,684,-0.000893483,0,2,2
6890,685,-0.0109154,0,1,1
6890,686,-0.0209372,0,1,1
6890,687,-0.030959,0,0,0
6890,688,-0.0409806,0,0,0
