time,particle_id,x,y,mesh_index,mesh_index_original
20280,2018,0.047634,0,4,4
20280,2019,0.0375674,0,4,4
20280,2020,0.0275009,0,3,3
20280,2021,0.0174349,0,3,3
20280,2022,0.00736905,0,2,2
20280,2023,-0.00269635,0,2,2
20280,2024,-0.0127616,0,1,1
20280,2025,-0.0228264,0,1,1
20280,2026,-0.032891,0,0,0
20280,2027,-0.0429551,0,0,0
