time,particle_id,x,y,mesh_index,mesh_index_original
31090,3099,0.0469651,0,4,4
31090,3100,0.0368626,0,4,4
31090,3101,0.0267604,0,3,3
31090,3102,0.0166588,0,3,3
31090,3103,0.00655759,0,2,2
31090,3104,-0.00354302,0,2,2
31090,3105,-0.0136433,0,1,1
31090,3106,-0.0237429,0,1,1
31090,3107,-0.0338422,0,0,0
31090,3108,-0.0439408,0,0,0
