time,particle_id,x,y,mesh_index,mesh_index_original
26780,2668,0.0478391,0,4,4
26780,2669,0.037751,0,4,4
26780,2670,0.0276629,0,3,3
26780,2671,0.0175756,0,3,3
26780,2672,0.00748839,0,2,2
26780,2673,-0.00259817,0,2,2
26780,2674,-0.0126845,0,1,1
26780,2675,-0.0227702,0,1,1
26780,2676,-0.0328557,0,0,0
26780,2677,-0.0429406,0,0,0
