time,particle_id,x,y,mesh_index,mesh_index_original
48240,4814,0.0464877,0,4,4
48240,4815,0.036328,0,4,4
48240,4816,0.0261688,0,3,3
48240,4817,0.0160106,0,3,3
48240,4818,0.00585291,0,2,2
48240,4819,-0.00430383,0,2,2
48240,4820,-0.0144599,0,1,1
48240,4821,-0.0246151,0,1,1
48240,4822,-0.0347696,0,0,0
48240,4823,-0.0449232,0,0,0
