time,particle_id,x,y,mesh_index,mesh_index_original
10040,994,0.0493184,0,4,4
10040,995,0.0392857,0,4,4
10040,996,0.0292529,0,3,3
10040,997,0.0192205,0,3,3
10040,998,0.00918804,0,2,2
10040,999,-0.000844113,0,2,2
10040,1000,-0.0118795,0,1,1
10040,1001,-0.0219113,0,1,1
10040,1002,-0.0319432,0,0,0
10040,1003,-0.0419747,0,0,0
