time,particle_id,x,y,mesh_index,mesh_index_original
64870,6477,0.0449643,0,4,4
64870,6478,0.0347488,0,4,4
64870,6479,0.0245343,0,3,3
64870,6480,0.0143208,0,3,3
64870,6481,0.00410846,0,2,2
64870,6482,-0.00610302,0,2,2
64870,6483,-0.0163132,0,1,1
64870,6484,-0.0265226,0,1,1
64870,6485,-0.0367306,0,0,0
64870,6486,-0.0469378,0,0,0
