time,particle_id,x,y,mesh_index,mesh_index_original
59250,5915,0.0458118,0,4,4
59250,5916,0.0356152,0,4,4
59250,5917,0.0254193,0,3,3
59250,5918,0.0152245,0,3,3
59250,5919,0.00503062,0,2,2
59250,5920,-0.00516233,0,2,2
59250,5921,-0.0153543,0,1,1
59250,5922,-0.0255453,0,1,1
59250,5923,-0.0357353,0,0,0
59250,5924,-0.0459244,0,0,0
