time,particle_id,x,y,mesh_index,mesh_index_original
47750,4765,0.0464724,0,4,4
47750,4766,0.0363144,0,4,4
47750,4767,0.0261568,0,3,3
47750,4768,0.0160002,0,3,3
47750,4769,0.00584416,0,2,2
47750,4770,-0.00431097,0,2,2
47750,4771,-0.0144654,0,1,1
47750,4772,-0.024619,0,1,1
47750,4773,-0.0347719,0,0,0
47750,4774,-0.044924,0,0,0
