time,particle_id,x,y,mesh_index,mesh_index_original
30510,3041,0.046947,0,4,4
30510,3042,0.0368464,0,4,4
30510,3043,0.0267461,0,3,3
30510,3044,0.0166464,0,3,3
30510,3045,0.0065471,0,2,2
30510,3046,-0.00355162,0,2,2
30510,3047,-0.01365,0,1,1
30510,3048,-0.0237478,0,1,1
30510,3049,-0.0338451,0,0,0
30510,3050,-0.0439419,0,0,0
