time,particle_id,x,y,mesh_index,mesh_index_original
28490,2839,0.0478932,0,4,4
28490,2840,0.0377993,0,4,4
28490,2841,0.0277056,0,3,3
28490,2842,0.0176126,0,3,3
28490,2843,0.00751983,0,2,2
28490,2844,-0.0025723,0,2,2
28490,2845,-0.0126642,0,1,1
28490,2846,-0.0227554,0,1,1
28490,2847,-0.0328464,0,0,0
28490,2848,-0.0429368,0,0,0
