time,particle_id,x,y,mesh_index,mesh_index_original
97410,9731,0.0428704,0,4,4
97410,9732,0.0325447,0,4,4
97410,9733,0.0222214,0,3,3
97410,9734,0.0118988,0,3,3
97410,9735,0.00157878,0,2,2
97410,9736,-0.0087407,0,2,2
97410,9737,-0.0190574,0,1,1
97410,9738,-0.0293737,0,1,1
97410,9739,-0.0396869,0,0,0
