time,particle_id,x,y,mesh_index,mesh_index_original
63660,6356,0.0449272,0,4,4
63660,6357,0.0347158,0,4,4
63660,6358,0.0245054,0,3,3
63660,6359,0.0142959,0,3,3
63660,6360,0.00408753,0,2,2
63660,6361,-0.00611996,0,2,2
63660,6362,-0.0163262,0,1,1
63660,6363,-0.0265316,0,1,1
63660,6364,-0.0367356,0,0,0
63660,6365,-0.046939,0,0,0
