time,particle_id,x,y,mesh_index,mesh_index_original
25660,2556,0.0478038,0,4,4
25660,2557,0.0377193,0,4,4
25660,2558,0.027635,0,3,3
25660,2559,0.0175513,0,3,3
25660,2560,0.0074678,0,2,2
25660,2561,-0.0026151,0,2,2
25660,2562,-0.0126978,0,1,1
25660,2563,-0.0227799,0,1,1
25660,2564,-0.0328618,0,0,0
25660,2565,-0.0429431,0,0,0
