time,particle_id,x,y,mesh_index,mesh_index_original
21240,2114,0.0476643,0,4,4
21240,2115,0.0375945,0,4,4
21240,2116,0.0275248,0,3,3
21240,2117,0.0174557,0,3,3
21240,2118,0.00738666,0,2,2
21240,2119,-0.00268186,0,2,2
21240,2120,-0.0127502,0,1,1
21240,2121,-0.0228181,0,1,1
21240,2122,-0.0328858,0,0,0
21240,2123,-0.0429529,0,0,0
