time,particle_id,x,y,mesh_index,mesh_index_original
54410,5431,0.0456621,0,4,4
54410,5432,0.0354817,0,4,4
54410,5433,0.0253021,0,3,3
54410,5434,0.0151234,0,3,3
54410,5435,0.00494551,0,2,2
54410,5436,-0.0052315,0,2,2
54410,5437,-0.0154076,0,1,1
54410,5438,-0.0255829,0,1,1
54410,5439,-0.0357571,0,0,0
54410,5440,-0.0459306,0,0,0
