time,particle_id,x,y,mesh_index,mesh_index_original
67280,6718,0.0450383,0,4,4
67280,6719,0.0348146,0,4,4
67280,6720,0.0245921,0,3,3
67280,6721,0.0143705,0,3,3
67280,6722,0.00415018,0,2,2
67280,6723,-0.00606926,0,2,2
67280,6724,-0.0162874,0,1,1
67280,6725,-0.0265046,0,1,1
67280,6726,-0.0367204,0,0,0
67280,6727,-0.0469355,0,0,0
