time,particle_id,x,y,mesh_index,mesh_index_original
57260,5716,0.0457502,0,4,4
57260,5717,0.0355603,0,4,4
57260,5718,0.0253711,0,3,3
57260,5719,0.0151829,0,3,3
57260,5720,0.00499561,0,2,2
57260,5721,-0.00519078,0,2,2
57260,5722,-0.0153762,0,1,1
57260,5723,-0.0255608,0,1,1
57260,5724,-0.0357442,0,0,0
57260,5725,-0.0459269,0,0,0
