time,particle_id,x,y,mesh_index,mesh_index_original
41400,4130,0.0462748,0,4,4
41400,4131,0.0361379,0,4,4
41400,4132,0.0260016,0,3,3
41400,4133,0.015866,0,3,3
41400,4134,0.00573089,0,2,2
41400,4135,-0.00440342,0,2,2
41400,4136,-0.0145372,0,1,1
41400,4137,-0.0246701,0,1,1
41400,4138,-0.0348025,0,0,0
41400,4139,-0.0449342,0,0,0
