time,particle_id,x,y,mesh_index,mesh_index_original
44710,4461,0.0463778,0,4,4
44710,4462,0.0362298,0,4,4
44710,4463,0.0260824,0,3,3
44710,4464,0.0159359,0,3,3
44710,4465,0.0057899,0,2,2
44710,4466,-0.00435526,0,2,2
44710,4467,-0.0144998,0,1,1
44710,4468,-0.0246435,0,1,1
44710,4469,-0.0347866,0,0,0
44710,4470,-0.0449288,0,0,0
