time,particle_id,x,y,mesh_index,mesh_index_original
67600,6750,0.0450481,0,4,4
67600,6751,0.0348234,0,4,4
67600,6752,0.0245998,0,3,3
67600,6753,0.0143771,0,3,3
67600,6754,0.00415572,0,2,2
67600,6755,-0.00606478,0,2,2
67600,6756,-0.0162839,0,1,1
67600,6757,-0.0265022,0,1,1
67600,6758,-0.0367191,0,0,0
67600,6759,-0.0469352,0,0,0
