time,particle_id,x,y,mesh_index,mesh_index_original
98840,9874,0.0429133,0,4,4
98840,9875,0.0325828,0,4,4
98840,9876,0.0222546,0,3,3
98840,9877,0.0119272,0,3,3
98840,9878,0.00160238,0,2,2
98840,9879,-0.00872188,0,2,2
98840,9880,-0.0190433,0,1,1
98840,9881,-0.0293643,0,1,1
98840,9882,-0.0396823,0,0,0
