time,particle_id,x,y,mesh_index,mesh_index_original
7570,747,0.0492392,0,4,4
7570,748,0.0392146,0,4,4
7570,749,0.0291901,0,3,3
7570,750,0.0191657,0,3,3
7570,751,0.00914133,0,2,2
7570,752,-0.000882829,0,2,2
7570,753,-0.010907,0,1,1
7570,754,-0.0209309,0,1,1
7570,755,-0.0309549,0,0,0
7570,756,-0.0409786,0,0,0
