time,particle_id,x,y,mesh_index,mesh_index_original
85030,8493,0.0435281,0,4,4
85030,8494,0.0332445,0,4,4
85030,8495,0.0229627,0,3,3
85030,8496,0.0126818,0,3,3
85030,8497,0.00240282,0,2,2
85030,8498,-0.00787543,0,2,2
85030,8499,-0.0181515,0,1,1
85030,8500,-0.028427,0,1,1
85030,8501,-0.0387001,0,0,0
85030,8502,-0.0489727,0,0,0
