time,particle_id,x,y,mesh_index,mesh_index_original
59060,5896,0.0458059,0,4,4
59060,5897,0.0356099,0,4,4
59060,5898,0.0254147,0,3,3
59060,5899,0.0152206,0,3,3
59060,5900,0.00502728,0,2,2
59060,5901,-0.00516504,0,2,2
59060,5902,-0.0153564,0,1,1
59060,5903,-0.0255468,0,1,1
59060,5904,-0.0357361,0,0,0
59060,5905,-0.0459246,0,0,0
