time,particle_id,x,y,mesh_index,mesh_index_original
20170,2007,0.0476305,0,4,4
20170,2008,0.0375643,0,4,4
20170,2009,0.0274982,0,3,3
20170,2010,0.0174325,0,3,3
20170,2011,0.00736703,0,2,2
20170,2012,-0.00269801,0,2,2
20170,2013,-0.0127629,0,1,1
20170,2014,-0.0228273,0,1,1
20170,2015,-0.0328916,0,0,0
20170,2016,-0.0429553,0,0,0
