time,particle_id,x,y,mesh_index,mesh_index_original
78070,7797,0.0443441,0,4,4
78070,7798,0.0340841,0,4,4
78070,7799,0.0238255,0,3,3
78070,7800,0.0135679,0,3,3
78070,7801,0.00331185,0,2,2
78070,7802,-0.0069433,0,2,2
78070,7803,-0.0171967,0,1,1
78070,7804,-0.0274493,0,1,1
78070,7805,-0.0376999,0,0,0
78070,7806,-0.04795,0,0,0
