time,particle_id,x,y,mesh_index,mesh_index_original
88420,8832,0.0436306,0,4,4
88420,8833,0.0333355,0,4,4
88420,8834,0.0230423,0,3,3
88420,8835,0.0127499,0,3,3
88420,8836,0.00245967,0,2,2
88420,8837,-0.00782986,0,2,2
88420,8838,-0.0181171,0,1,1
88420,8839,-0.0284038,0,1,1
88420,8840,-0.0386879,0,0,0
88420,8841,-0.0489716,0,0,0
