time,particle_id,x,y,mesh_index,mesh_index_original
45200,4510,0.046393,0,4,4
45200,4511,0.0362435,0,4,4
45200,4512,0.0260944,0,3,3
45200,4513,0.0159462,0,3,3
45200,4514,0.00579865,0,2,2
45200,4515,-0.00434812,0,2,2
45200,4516,-0.0144943,0,1,1
45200,4517,-0.0246396,0,1,1
45200,4518,-0.0347842,0,0,0
45200,4519,-0.0449281,0,0,0
