time,particle_id,x,y,mesh_index,mesh_index_original
73270,7317,0.0441979,0,4,4
73270,7318,0.0339541,0,4,4
73270,7319,0.0237117,0,3,3
73270,7320,0.0134701,0,3,3
73270,7321,0.00323008,0,2,2
73270,7322,-0.00700917,0,2,2
73270,7323,-0.0172467,0,1,1
73270,7324,-0.0274836,0,1,1
73270,7325,-0.0377186,0,0,0
73270,7326,-0.0479531,0,0,0
