time,particle_id,x,y,mesh_index,mesh_index_original
88830,8873,0.043643,0,4,4
88830,8874,0.0333465,0,4,4
88830,8875,0.0230519,0,3,3
88830,8876,0.0127582,0,3,3
88830,8877,0.00246655,0,2,2
88830,8878,-0.00782434,0,2,2
88830,8879,-0.0181129,0,1,1
88830,8880,-0.0284009,0,1,1
88830,8881,-0.0386864,0,0,0
88830,8882,-0.0489715,0,0,0
