time,particle_id,x,y,mesh_index,mesh_index_original
23760,2366,0.0477438,0,4,4
23760,2367,0.0376656,0,4,4
23760,2368,0.0275876,0,3,3
23760,2369,0.0175102,0,3,3
23760,2370,0.00743291,0,2,2
23760,2371,-0.00264381,0,2,2
23760,2372,-0.0127203,0,1,1
23760,2373,-0.0227963,0,1,1
23760,2374,-0.0328721,0,0,0
23760,2375,-0.0429473,0,0,0
