time,particle_id,x,y,mesh_index,mesh_index_original
24730,2463,0.0477744,0,4,4
24730,2464,0.037693,0,4,4
24730,2465,0.0276118,0,3,3
24730,2466,0.0175312,0,3,3
24730,2467,0.00745072,0,2,2
24730,2468,-0.00262916,0,2,2
24730,2469,-0.0127088,0,1,1
24730,2470,-0.0227879,0,1,1
24730,2471,-0.0328668,0,0,0
24730,2472,-0.0429452,0,0,0
