time,particle_id,x,y,mesh_index,mesh_index_original
90460,9036,0.0426621,0,4,4
90460,9037,0.0323601,0,4,4
90460,9038,0.0220603,0,3,3
90460,9039,0.0117611,0,3,3
90460,9040,0.00146426,0,2,2
90460,9041,-0.00883205,0,2,2
90460,9042,-0.0191257,0,1,1
90460,9043,-0.0294191,0,1,1
90460,9044,-0.0397096,0,0,0
