time,particle_id,x,y,mesh_index,mesh_index_original
35290,3519,0.0470967,0,4,4
35290,3520,0.0369802,0,4,4
35290,3521,0.0268641,0,3,3
35290,3522,0.0167487,0,3,3
35290,3523,0.00663359,0,2,2
35290,3524,-0.00348074,0,2,2
35290,3525,-0.0135947,0,1,1
35290,3526,-0.0237079,0,1,1
35290,3527,-0.0338207,0,0,0
35290,3528,-0.0439327,0,0,0
