time,particle_id,x,y,mesh_index,mesh_index_original
85460,8536,0.0435411,0,4,4
85460,8537,0.033256,0,4,4
85460,8538,0.0229728,0,3,3
85460,8539,0.0126904,0,3,3
85460,8540,0.00241003,0,2,2
85460,8541,-0.00786965,0,2,2
85460,8542,-0.0181471,0,1,1
85460,8543,-0.028424,0,1,1
85460,8544,-0.0386985,0,0,0
85460,8545,-0.0489726,0,0,0
