time,particle_id,x,y,mesh_index,mesh_index_original
70940,7084,0.0441271,0,4,4
70940,7085,0.0338911,0,4,4
70940,7086,0.0236565,0,3,3
70940,7087,0.0134227,0,3,3
70940,7088,0.00319043,0,2,2
70940,7089,-0.00704111,0,2,2
70940,7090,-0.017271,0,1,1
70940,7091,-0.0275002,0,1,1
70940,7092,-0.0377277,0,0,0
70940,7093,-0.0479546,0,0,0
