time,particle_id,x,y,mesh_index,mesh_index_original
47570,4747,0.0464668,0,4,4
47570,4748,0.0363093,0,4,4
47570,4749,0.0261524,0,3,3
47570,4750,0.0159964,0,3,3
47570,4751,0.00584095,0,2,2
47570,4752,-0.00431359,0,2,2
47570,4753,-0.0144675,0,1,1
47570,4754,-0.0246205,0,1,1
47570,4755,-0.0347728,0,0,0
47570,4756,-0.0449243,0,0,0
