time,particle_id,x,y,mesh_index,mesh_index_original
69030,6893,0.045092,0,4,4
69030,6894,0.0348625,0,4,4
69030,6895,0.0246341,0,3,3
69030,6896,0.0144066,0,3,3
69030,6897,0.00418049,0,2,2
69030,6898,-0.00604473,0,2,2
69030,6899,-0.0162686,0,1,1
69030,6900,-0.0264916,0,1,1
69030,6901,-0.0367131,0,0,0
69030,6902,-0.0469338,0,0,0
