time,particle_id,x,y,mesh_index,mesh_index_original
79900,7980,0.0443999,0,4,4
79900,7981,0.0341337,0,4,4
79900,7982,0.0238689,0,3,3
79900,7983,0.0136052,0,3,3
79900,7984,0.00334306,0,2,2
79900,7985,-0.00691816,0,2,2
79900,7986,-0.0171776,0,1,1
79900,7987,-0.0274362,0,1,1
79900,7988,-0.0376928,0,0,0
79900,7989,-0.0479488,0,0,0
