time,particle_id,x,y,mesh_index,mesh_index_original
54790,5469,0.0456739,0,4,4
54790,5470,0.0354922,0,4,4
54790,5471,0.0253113,0,3,3
54790,5472,0.0151313,0,3,3
54790,5473,0.00495219,0,2,2
54790,5474,-0.00522607,0,2,2
54790,5475,-0.0154034,0,1,1
54790,5476,-0.0255799,0,1,1
54790,5477,-0.0357554,0,0,0
54790,5478,-0.0459301,0,0,0
