time,particle_id,x,y,mesh_index,mesh_index_original
66760,6666,0.0450223,0,4,4
66760,6667,0.0348004,0,4,4
66760,6668,0.0245796,0,3,3
66760,6669,0.0143598,0,3,3
66760,6670,0.00414117,0,2,2
66760,6671,-0.00607655,0,2,2
66760,6672,-0.0162929,0,1,1
66760,6673,-0.0265085,0,1,1
66760,6674,-0.0367226,0,0,0
66760,6675,-0.046936,0,0,0
