time,particle_id,x,y,mesh_index,mesh_index_original
54900,5480,0.0456773,0,4,4
54900,5481,0.0354952,0,4,4
54900,5482,0.025314,0,3,3
54900,5483,0.0151336,0,3,3
54900,5484,0.00495412,0,2,2
54900,5485,-0.0052245,0,2,2
54900,5486,-0.0154022,0,1,1
54900,5487,-0.0255791,0,1,1
54900,5488,-0.0357549,0,0,0
54900,5489,-0.04593,0,0,0
