time,particle_id,x,y,mesh_index,mesh_index_original
14620,1452,0.0484606,0,4,4
14620,1453,0.0384127,0,4,4
14620,1454,0.0283649,0,3,3
14620,1455,0.0183175,0,3,3
14620,1456,0.00827007,0,2,2
14620,1457,-0.00177695,0,2,2
14620,1458,-0.0118239,0,1,1
14620,1459,-0.0218705,0,1,1
14620,1460,-0.031917,0,0,0
14620,1461,-0.0419631,0,0,0
