time,particle_id,x,y,mesh_index,mesh_index_original
78650,7855,0.0443618,0,4,4
78650,7856,0.0340998,0,4,4
78650,7857,0.0238392,0,3,3
78650,7858,0.0135797,0,3,3
78650,7859,0.00332174,0,2,2
78650,7860,-0.00693533,0,2,2
78650,7861,-0.0171906,0,1,1
78650,7862,-0.0274451,0,1,1
78650,7863,-0.0376977,0,0,0
78650,7864,-0.0479496,0,0,0
