time,particle_id,x,y,mesh_index,mesh_index_original
68650,6855,0.0450803,0,4,4
68650,6856,0.0348521,0,4,4
68650,6857,0.0246249,0,3,3
68650,6858,0.0143988,0,3,3
68650,6859,0.00417391,0,2,2
68650,6860,-0.00605006,0,2,2
68650,6861,-0.0162727,0,1,1
68650,6862,-0.0264944,0,1,1
68650,6863,-0.0367147,0,0,0
68650,6864,-0.0469341,0,0,0
