time,particle_id,x,y,mesh_index,mesh_index_original
71370,7127,0.0441402,0,4,4
71370,7128,0.0339027,0,4,4
71370,7129,0.0236667,0,3,3
71370,7130,0.0134315,0,3,3
71370,7131,0.00319774,0,2,2
71370,7132,-0.00703522,0,2,2
71370,7133,-0.0172665,0,1,1
71370,7134,-0.0274972,0,1,1
71370,7135,-0.037726,0,0,0
71370,7136,-0.0479543,0,0,0
