time,particle_id,x,y,mesh_index,mesh_index_original
50650,5055,0.045546,0,4,4
50650,5056,0.0353782,0,4,4
50650,5057,0.0252112,0,3,3
50650,5058,0.0150449,0,3,3
50650,5059,0.00487949,0,2,2
50650,5060,-0.00528516,0,2,2
50650,5061,-0.0154489,0,1,1
50650,5062,-0.025612,0,1,1
50650,5063,-0.0357741,0,0,0
50650,5064,-0.0459354,0,0,0
