time,particle_id,x,y,mesh_index,mesh_index_original
53300,5320,0.0456278,0,4,4
53300,5321,0.0354512,0,4,4
53300,5322,0.0252753,0,3,3
53300,5323,0.0151002,0,3,3
53300,5324,0.00492601,0,2,2
53300,5325,-0.00524735,0,2,2
53300,5326,-0.0154198,0,1,1
53300,5327,-0.0255915,0,1,1
53300,5328,-0.0357621,0,0,0
53300,5329,-0.045932,0,0,0
