time,particle_id,x,y,mesh_index,mesh_index_original
1370,127,0.0490408,0,4,4
1370,128,0.0390366,0,4,4
1370,129,0.0290325,0,3,3
1370,130,0.0190284,0,3,3
1370,131,0.00902423,0,2,2
1370,132,-0.000979873,0,2,2
1370,133,-0.010984,0,1,1
1370,134,-0.0209881,0,1,1
1370,135,-0.0309922,0,0,0
1370,136,-0.0409963,0,0,0
