time,particle_id,x,y,mesh_index,mesh_index_original
35380,3528,0.0470995,0,4,4
35380,3529,0.0369828,0,4,4
35380,3530,0.0268663,0,3,3
35380,3531,0.0167506,0,3,3
35380,3532,0.00663522,0,2,2
35380,3533,-0.00347941,0,2,2
35380,3534,-0.0135936,0,1,1
35380,3535,-0.0237071,0,1,1
35380,3536,-0.0338202,0,0,0
35380,3537,-0.0439326,0,0,0
