time,particle_id,x,y,mesh_index,mesh_index_original
66240,6614,0.0450064,0,4,4
66240,6615,0.0347862,0,4,4
66240,6616,0.0245672,0,3,3
66240,6617,0.0143491,0,3,3
66240,6618,0.00413217,0,2,2
66240,6619,-0.00608383,0,2,2
66240,6620,-0.0162985,0,1,1
66240,6621,-0.0265124,0,1,1
66240,6622,-0.0367248,0,0,0
66240,6623,-0.0469365,0,0,0
