time,particle_id,x,y,mesh_index,mesh_index_original
69040,6894,0.0450923,0,4,4
69040,6895,0.0348627,0,4,4
69040,6896,0.0246343,0,3,3
69040,6897,0.0144069,0,3,3
69040,6898,0.00418066,0,2,2
69040,6899,-0.00604459,0,2,2
69040,6900,-0.0162685,0,1,1
69040,6901,-0.0264915,0,1,1
69040,6902,-0.036713,0,0,0
69040,6903,-0.0469338,0,0,0
