time,particle_id,x,y,mesh_index,mesh_index_original
25920,2582,0.047812,0,4,4
25920,2583,0.0377266,0,4,4
25920,2584,0.0276415,0,3,3
25920,2585,0.0175569,0,3,3
25920,2586,0.00747258,0,2,2
25920,2587,-0.00261117,0,2,2
25920,2588,-0.0126947,0,1,1
25920,2589,-0.0227777,0,1,1
25920,2590,-0.0328604,0,0,0
25920,2591,-0.0429425,0,0,0
