time,particle_id,x,y,mesh_index,mesh_index_original
9990,989,0.0493168,0,4,4
9990,990,0.0392842,0,4,4
9990,991,0.0292517,0,3,3
9990,992,0.0192194,0,3,3
9990,993,0.0091871,0,2,2
9990,994,-0.000844894,0,2,2
9990,995,-0.0108769,0,1,1
9990,996,-0.0209086,0,1,1
9990,997,-0.0309403,0,0,0
9990,998,-0.0409717,0,0,0
