time,particle_id,x,y,mesh_index,mesh_index_original
730,63,0.0490203,0,4,4
730,64,0.0390183,0,4,4
730,65,0.0290162,0,3,3
730,66,0.0190142,0,3,3
730,67,0.00901216,0,2,2
730,68,-0.000989879,0,2,2
730,69,-0.0109919,0,1,1
730,70,-0.020994,0,1,1
730,71,-0.0309961,0,0,0
730,72,-0.0409981,0,0,0
