time,particle_id,x,y,mesh_index,mesh_index_original
81930,8183,0.0434345,0,4,4
81930,8184,0.0331614,0,4,4
81930,8185,0.0228901,0,3,3
81930,8186,0.0126195,0,3,3
81930,8187,0.0023509,0,2,2
81930,8188,-0.00791706,0,2,2
81930,8189,-0.0181829,0,1,1
81930,8190,-0.0284482,0,1,1
81930,8191,-0.0387112,0,0,0
81930,8192,-0.0489737,0,0,0
