time,particle_id,x,y,mesh_index,mesh_index_original
850,75,0.0490241,0,4,4
850,76,0.0390217,0,4,4
850,77,0.0290193,0,3,3
850,78,0.0190169,0,3,3
850,79,0.00901442,0,2,2
850,80,-0.000988003,0,2,2
850,81,-0.0109905,0,1,1
850,82,-0.0209929,0,1,1
850,83,-0.0309953,0,0,0
850,84,-0.0409978,0,0,0
