time,particle_id,x,y,mesh_index,mesh_index_original
69680,6958,0.045112,0,4,4
69680,6959,0.0348803,0,4,4
69680,6960,0.0246497,0,3,3
69680,6961,0.0144201,0,3,3
69680,6962,0.00419176,0,2,2
69680,6963,-0.00603562,0,2,2
69680,6964,-0.0162616,0,1,1
69680,6965,-0.0264867,0,1,1
69680,6966,-0.0367103,0,0,0
69680,6967,-0.0469331,0,0,0
