time,particle_id,x,y,mesh_index,mesh_index_original
33020,3292,0.0470256,0,4,4
33020,3293,0.0369166,0,4,4
33020,3294,0.026808,0,3,3
33020,3295,0.0167001,0,3,3
33020,3296,0.0065925,0,2,2
33020,3297,-0.00351441,0,2,2
33020,3298,-0.013621,0,1,1
33020,3299,-0.0237268,0,1,1
33020,3300,-0.0338323,0,0,0
33020,3301,-0.0439371,0,0,0
