time,particle_id,x,y,mesh_index,mesh_index_original
910,81,0.0490261,0,4,4
910,82,0.0390234,0,4,4
910,83,0.0290208,0,3,3
910,84,0.0190182,0,3,3
910,85,0.00901556,0,2,2
910,86,-0.000987065,0,2,2
910,87,-0.0109897,0,1,1
910,88,-0.0209923,0,1,1
910,89,-0.030995,0,0,0
910,90,-0.0409976,0,0,0
