time,particle_id,x,y,mesh_index,mesh_index_original
15780,1568,0.0484975,0,4,4
15780,1569,0.0384458,0,4,4
15780,1570,0.0283941,0,3,3
15780,1571,0.0183429,0,3,3
15780,1572,0.00829168,0,2,2
15780,1573,-0.0017591,0,2,2
15780,1574,-0.0118098,0,1,1
15780,1575,-0.0218601,0,1,1
15780,1576,-0.0319103,0,0,0
15780,1577,-0.0419601,0,0,0
