time,particle_id,x,y,mesh_index,mesh_index_original
59490,5939,0.0458192,0,4,4
59490,5940,0.0356218,0,4,4
59490,5941,0.0254252,0,3,3
59490,5942,0.0152295,0,3,3
59490,5943,0.00503484,0,2,2
59490,5944,-0.00515889,0,2,2
59490,5945,-0.0153516,0,1,1
59490,5946,-0.0255435,0,1,1
59490,5947,-0.0357342,0,0,0
59490,5948,-0.045924,0,0,0
