time,particle_id,x,y,mesh_index,mesh_index_original
19260,1916,0.0486082,0,4,4
19260,1917,0.038545,0,4,4
19260,1918,0.0284818,0,3,3
19260,1919,0.0184192,0,3,3
19260,1920,0.00835657,0,2,2
19260,1921,-0.00170551,0,2,2
19260,1922,-0.0117675,0,1,1
19260,1923,-0.021829,0,1,1
19260,1924,-0.0318904,0,0,0
19260,1925,-0.0419513,0,0,0
