time,particle_id,x,y,mesh_index,mesh_index_original
32560,3246,0.0470112,0,4,4
32560,3247,0.0369038,0,4,4
32560,3248,0.0267967,0,3,3
32560,3249,0.0166903,0,3,3
32560,3250,0.00658417,0,2,2
32560,3251,-0.00352123,0,2,2
32560,3252,-0.0136263,0,1,1
32560,3253,-0.0237307,0,1,1
32560,3254,-0.0338347,0,0,0
32560,3255,-0.043938,0,0,0
