time,particle_id,x,y,mesh_index,mesh_index_original
23310,2321,0.0477296,0,4,4
23310,2322,0.0376529,0,4,4
23310,2323,0.0275764,0,3,3
23310,2324,0.0175004,0,3,3
23310,2325,0.00742464,0,2,2
23310,2326,-0.00265061,0,2,2
23310,2327,-0.0127257,0,1,1
23310,2328,-0.0228002,0,1,1
23310,2329,-0.0328745,0,0,0
23310,2330,-0.0429483,0,0,0
