time,particle_id,x,y,mesh_index,mesh_index_original
79810,7971,0.0443972,0,4,4
79810,7972,0.0341312,0,4,4
79810,7973,0.0238668,0,3,3
79810,7974,0.0136033,0,3,3
79810,7975,0.00334153,0,2,2
79810,7976,-0.0069194,0,2,2
79810,7977,-0.0171785,0,1,1
79810,7978,-0.0274368,0,1,1
79810,7979,-0.0376932,0,0,0
79810,7980,-0.0479489,0,0,0
