time,particle_id,x,y,mesh_index,mesh_index_original
48330,4823,0.0464905,0,4,4
48330,4824,0.0363305,0,4,4
48330,4825,0.026171,0,3,3
48330,4826,0.0160125,0,3,3
48330,4827,0.00585452,0,2,2
48330,4828,-0.00430251,0,2,2
48330,4829,-0.0144589,0,1,1
48330,4830,-0.0246144,0,1,1
48330,4831,-0.0347691,0,0,0
48330,4832,-0.044923,0,0,0
