time,particle_id,x,y,mesh_index,mesh_index_original
51970,5187,0.0455868,0,4,4
51970,5188,0.0354146,0,4,4
51970,5189,0.0252431,0,3,3
51970,5190,0.0150725,0,3,3
51970,5191,0.00490266,0,2,2
51970,5192,-0.00526633,0,2,2
51970,5193,-0.0154344,0,1,1
51970,5194,-0.0256018,0,1,1
51970,5195,-0.0357681,0,0,0
51970,5196,-0.0459337,0,0,0
