time,particle_id,x,y,mesh_index,mesh_index_original
58830,5873,0.0457988,0,4,4
58830,5874,0.0356036,0,4,4
58830,5875,0.0254092,0,3,3
58830,5876,0.0152157,0,3,3
58830,5877,0.00502323,0,2,2
58830,5878,-0.00516833,0,2,2
58830,5879,-0.0153589,0,1,1
58830,5880,-0.0255486,0,1,1
58830,5881,-0.0357372,0,0,0
58830,5882,-0.0459249,0,0,0
