time,particle_id,x,y,mesh_index,mesh_index_original
47620,4752,0.0464684,0,4,4
47620,4753,0.0363107,0,4,4
47620,4754,0.0261536,0,3,3
47620,4755,0.0159974,0,3,3
47620,4756,0.00584184,0,2,2
47620,4757,-0.00431286,0,2,2
47620,4758,-0.0144669,0,1,1
47620,4759,-0.0246201,0,1,1
47620,4760,-0.0347725,0,0,0
47620,4761,-0.0449242,0,0,0
