time,particle_id,x,y,mesh_index,mesh_index_original
21400,2130,0.0476693,0,4,4
21400,2131,0.037599,0,4,4
21400,2132,0.0275288,0,3,3
21400,2133,0.0174591,0,3,3
21400,2134,0.00738959,0,2,2
21400,2135,-0.00267945,0,2,2
21400,2136,-0.0127483,0,1,1
21400,2137,-0.0228167,0,1,1
21400,2138,-0.0328849,0,0,0
21400,2139,-0.0429526,0,0,0
