time,particle_id,x,y,mesh_index,mesh_index_original
21350,2125,0.0476677,0,4,4
21350,2126,0.0375976,0,4,4
21350,2127,0.0275276,0,3,3
21350,2128,0.017458,0,3,3
21350,2129,0.00738867,0,2,2
21350,2130,-0.0026802,0,2,2
21350,2131,-0.0127489,0,1,1
21350,2132,-0.0228171,0,1,1
21350,2133,-0.0328852,0,0,0
21350,2134,-0.0429527,0,0,0
