time,particle_id,x,y,mesh_index,mesh_index_original
69760,6966,0.0451144,0,4,4
69760,6967,0.0348824,0,4,4
69760,6968,0.0246516,0,3,3
69760,6969,0.0144217,0,3,3
69760,6970,0.00419314,0,2,2
69760,6971,-0.00603449,0,2,2
69760,6972,-0.0162607,0,1,1
69760,6973,-0.0264861,0,1,1
69760,6974,-0.03671,0,0,0
69760,6975,-0.0469331,0,0,0
