time,particle_id,x,y,mesh_index,mesh_index_original
47840,4774,0.0464752,0,4,4
47840,4775,0.0363169,0,4,4
47840,4776,0.026159,0,3,3
47840,4777,0.0160021,0,3,3
47840,4778,0.00584577,0,2,2
47840,4779,-0.00430966,0,2,2
47840,4780,-0.0144644,0,1,1
47840,4781,-0.0246183,0,1,1
47840,4782,-0.0347715,0,0,0
47840,4783,-0.0449238,0,0,0
