time,particle_id,x,y,mesh_index,mesh_index_original
77390,7729,0.0443234,0,4,4
77390,7730,0.0340656,0,4,4
77390,7731,0.0238093,0,3,3
77390,7732,0.013554,0,3,3
77390,7733,0.00330026,0,2,2
77390,7734,-0.00695264,0,2,2
77390,7735,-0.0172038,0,1,1
77390,7736,-0.0274541,0,1,1
77390,7737,-0.0377026,0,0,0
77390,7738,-0.0479504,0,0,0
