time,particle_id,x,y,mesh_index,mesh_index_original
20670,2057,0.0476463,0,4,4
20670,2058,0.0375784,0,4,4
20670,2059,0.0275106,0,3,3
20670,2060,0.0174433,0,3,3
20670,2061,0.0073762,0,2,2
20670,2062,-0.00269046,0,2,2
20670,2063,-0.012757,0,1,1
20670,2064,-0.022823,0,1,1
20670,2065,-0.0328888,0,0,0
20670,2066,-0.0429542,0,0,0
