time,particle_id,x,y,mesh_index,mesh_index_original
10660,1056,0.0483348,0,4,4
10660,1057,0.0383,0,4,4
10660,1058,0.0282653,0,3,3
10660,1059,0.0182308,0,3,3
10660,1060,0.00819635,0,2,2
10660,1061,-0.00183782,0,2,2
10660,1062,-0.0118719,0,1,1
10660,1063,-0.0219058,0,1,1
10660,1064,-0.0319396,0,0,0
10660,1065,-0.0419732,0,0,0
