time,particle_id,x,y,mesh_index,mesh_index_original
18530,1843,0.048585,0,4,4
18530,1844,0.0385242,0,4,4
18530,1845,0.0284634,0,3,3
18530,1846,0.0184031,0,3,3
18530,1847,0.00834295,0,2,2
18530,1848,-0.00171676,0,2,2
18530,1849,-0.0117764,0,1,1
18530,1850,-0.0218355,0,1,1
18530,1851,-0.0318946,0,0,0
18530,1852,-0.0419531,0,0,0
