time,particle_id,x,y,mesh_index,mesh_index_original
24400,2430,0.047764,0,4,4
24400,2431,0.0376837,0,4,4
24400,2432,0.0276036,0,3,3
24400,2433,0.017524,0,3,3
24400,2434,0.00744466,0,2,2
24400,2435,-0.00263414,0,2,2
24400,2436,-0.0127128,0,1,1
24400,2437,-0.0227908,0,1,1
24400,2438,-0.0328686,0,0,0
24400,2439,-0.0429459,0,0,0
