time,particle_id,x,y,mesh_index,mesh_index_original
79710,7961,0.0443941,0,4,4
79710,7962,0.0341285,0,4,4
79710,7963,0.0238644,0,3,3
79710,7964,0.0136013,0,3,3
79710,7965,0.00333982,0,2,2
79710,7966,-0.00692077,0,2,2
79710,7967,-0.0171795,0,1,1
79710,7968,-0.0274375,0,1,1
79710,7969,-0.0376936,0,0,0
79710,7970,-0.0479489,0,0,0
