time,particle_id,x,y,mesh_index,mesh_index_original
7210,711,0.0492277,0,4,4
7210,712,0.0392043,0,4,4
7210,713,0.0291809,0,3,3
7210,714,0.0191577,0,3,3
7210,715,0.00913452,0,2,2
7210,716,-0.000888469,0,2,2
7210,717,-0.0109115,0,1,1
7210,718,-0.0209343,0,1,1
7210,719,-0.0309571,0,0,0
7210,720,-0.0409796,0,0,0
