time,particle_id,x,y,mesh_index,mesh_index_original
74220,7412,0.0442269,0,4,4
74220,7413,0.0339798,0,4,4
74220,7414,0.0237342,0,3,3
74220,7415,0.0134894,0,3,3
74220,7416,0.00324625,0,2,2
74220,7417,-0.00699614,0,2,2
74220,7418,-0.0172368,0,1,1
74220,7419,-0.0274768,0,1,1
74220,7420,-0.0377149,0,0,0
74220,7421,-0.0479525,0,0,0
