time,particle_id,x,y,mesh_index,mesh_index_original
92670,9257,0.0427283,0,4,4
92670,9258,0.0324188,0,4,4
92670,9259,0.0221115,0,3,3
92670,9260,0.0118048,0,3,3
92670,9261,0.00150065,0,2,2
92670,9262,-0.00880303,0,2,2
92670,9263,-0.019104,0,1,1
92670,9264,-0.0294047,0,1,1
92670,9265,-0.0397024,0,0,0
