time,particle_id,x,y,mesh_index,mesh_index_original
51530,5143,0.0455732,0,4,4
51530,5144,0.0354025,0,4,4
51530,5145,0.0252324,0,3,3
51530,5146,0.0150633,0,3,3
51530,5147,0.00489494,0,2,2
51530,5148,-0.00527261,0,2,2
51530,5149,-0.0154393,0,1,1
51530,5150,-0.0256052,0,1,1
51530,5151,-0.0357701,0,0,0
51530,5152,-0.0459343,0,0,0
