time,particle_id,x,y,mesh_index,mesh_index_original
77030,7693,0.0443124,0,4,4
77030,7694,0.0340559,0,4,4
77030,7695,0.0238008,0,3,3
77030,7696,0.0135467,0,3,3
77030,7697,0.00329412,0,2,2
77030,7698,-0.00695758,0,2,2
77030,7699,-0.0172075,0,1,1
77030,7700,-0.0274567,0,1,1
77030,7701,-0.037704,0,0,0
77030,7702,-0.0479507,0,0,0
