time,particle_id,x,y,mesh_index,mesh_index_original
86920,8682,0.0435852,0,4,4
86920,8683,0.0332952,0,4,4
86920,8684,0.0230071,0,3,3
86920,8685,0.0127198,0,3,3
86920,8686,0.00243451,0,2,2
86920,8687,-0.00785003,0,2,2
86920,8688,-0.0181323,0,1,1
86920,8689,-0.028414,0,1,1
86920,8690,-0.0386933,0,0,0
86920,8691,-0.0489721,0,0,0
