time,particle_id,x,y,mesh_index,mesh_index_original
63050,6295,0.0449085,0,4,4
63050,6296,0.0346991,0,4,4
63050,6297,0.0244907,0,3,3
63050,6298,0.0142833,0,3,3
63050,6299,0.00407698,0,2,2
63050,6300,-0.0061285,0,2,2
63050,6301,-0.0163327,0,1,1
63050,6302,-0.0265361,0,1,1
63050,6303,-0.0367382,0,0,0
63050,6304,-0.0469396,0,0,0
