time,particle_id,x,y,mesh_index,mesh_index_original
59120,5902,0.0458078,0,4,4
59120,5903,0.0356116,0,4,4
59120,5904,0.0254162,0,3,3
59120,5905,0.0152218,0,3,3
59120,5906,0.00502833,0,2,2
59120,5907,-0.00516419,0,2,2
59120,5908,-0.0153557,0,1,1
59120,5909,-0.0255463,0,1,1
59120,5910,-0.0357358,0,0,0
59120,5911,-0.0459245,0,0,0
