time,particle_id,x,y,mesh_index,mesh_index_original
51570,5147,0.0455744,0,4,4
51570,5148,0.0354036,0,4,4
51570,5149,0.0252334,0,3,3
51570,5150,0.0150641,0,3,3
51570,5151,0.00489564,0,2,2
51570,5152,-0.00527204,0,2,2
51570,5153,-0.0154388,0,1,1
51570,5154,-0.0256049,0,1,1
51570,5155,-0.0357699,0,0,0
51570,5156,-0.0459343,0,0,0
