time,particle_id,x,y,mesh_index,mesh_index_original
1450,135,0.0490433,0,4,4
1450,136,0.0390389,0,4,4
1450,137,0.0290345,0,3,3
1450,138,0.0190301,0,3,3
1450,139,0.00902574,0,2,2
1450,140,-0.000978622,0,2,2
1450,141,-0.010983,0,1,1
1450,142,-0.0209874,0,1,1
1450,143,-0.0309917,0,0,0
1450,144,-0.0409961,0,0,0
