time,particle_id,x,y,mesh_index,mesh_index_original
64560,6446,0.0449548,0,4,4
64560,6447,0.0347403,0,4,4
64560,6448,0.0245269,0,3,3
64560,6449,0.0143144,0,3,3
64560,6450,0.0041031,0,2,2
64560,6451,-0.00610736,0,2,2
64560,6452,-0.0163165,0,1,1
64560,6453,-0.0265249,0,1,1
64560,6454,-0.0367319,0,0,0
64560,6455,-0.0469381,0,0,0
