time,particle_id,x,y,mesh_index,mesh_index_original
61640,6154,0.0448653,0,4,4
61640,6155,0.0346606,0,4,4
61640,6156,0.024457,0,3,3
61640,6157,0.0142542,0,3,3
61640,6158,0.0040526,0,2,2
61640,6159,-0.00614822,0,2,2
61640,6160,-0.0163478,0,1,1
61640,6161,-0.0265466,0,1,1
61640,6162,-0.0367441,0,0,0
61640,6163,-0.0469409,0,0,0
