time,particle_id,x,y,mesh_index,mesh_index_original
89570,8947,0.0436654,0,4,4
89570,8948,0.0333664,0,4,4
89570,8949,0.0230693,0,3,3
89570,8950,0.0127731,0,3,3
89570,8951,0.00247897,0,2,2
89570,8952,-0.00781439,0,2,2
89570,8953,-0.0181054,0,1,1
89570,8954,-0.0283959,0,1,1
89570,8955,-0.0386838,0,0,0
89570,8956,-0.0489713,0,0,0
