time,particle_id,x,y,mesh_index,mesh_index_original
34520,3442,0.0470726,0,4,4
34520,3443,0.0369587,0,4,4
34520,3444,0.0268451,0,3,3
34520,3445,0.0167322,0,3,3
34520,3446,0.00661964,0,2,2
34520,3447,-0.00349217,0,2,2
34520,3448,-0.0136036,0,1,1
34520,3449,-0.0237143,0,1,1
34520,3450,-0.0338246,0,0,0
34520,3451,-0.0439342,0,0,0
