time,particle_id,x,y,mesh_index,mesh_index_original
63100,6300,0.04491,0,4,4
63100,6301,0.0347005,0,4,4
63100,6302,0.0244919,0,3,3
63100,6303,0.0142843,0,3,3
63100,6304,0.00407784,0,2,2
63100,6305,-0.0061278,0,2,2
63100,6306,-0.0163322,0,1,1
63100,6307,-0.0265358,0,1,1
63100,6308,-0.036738,0,0,0
63100,6309,-0.0469395,0,0,0
