time,particle_id,x,y,mesh_index,mesh_index_original
36960,3686,0.0471491,0,4,4
36960,3687,0.0370271,0,4,4
36960,3688,0.0269053,0,3,3
36960,3689,0.0167844,0,3,3
36960,3690,0.00666383,0,2,2
36960,3691,-0.00345595,0,2,2
36960,3692,-0.0135753,0,1,1
36960,3693,-0.0236939,0,1,1
36960,3694,-0.0338121,0,0,0
36960,3695,-0.0439295,0,0,0
