time,particle_id,x,y,mesh_index,mesh_index_original
64360,6426,0.0449487,0,4,4
64360,6427,0.0347349,0,4,4
64360,6428,0.0245221,0,3,3
64360,6429,0.0143103,0,3,3
64360,6430,0.00409964,0,2,2
64360,6431,-0.00611016,0,2,2
64360,6432,-0.0163187,0,1,1
64360,6433,-0.0265264,0,1,1
64360,6434,-0.0367327,0,0,0
64360,6435,-0.0469383,0,0,0
