time,particle_id,x,y,mesh_index,mesh_index_original
24420,2432,0.0477646,0,4,4
24420,2433,0.0376843,0,4,4
24420,2434,0.0276041,0,3,3
24420,2435,0.0175245,0,3,3
24420,2436,0.00744503,0,2,2
24420,2437,-0.00263384,0,2,2
24420,2438,-0.0127125,0,1,1
24420,2439,-0.0227906,0,1,1
24420,2440,-0.0328685,0,0,0
24420,2441,-0.0429459,0,0,0
