time,particle_id,x,y,mesh_index,mesh_index_original
24520,2442,0.0477678,0,4,4
24520,2443,0.0376871,0,4,4
24520,2444,0.0276066,0,3,3
24520,2445,0.0175266,0,3,3
24520,2446,0.00744686,0,2,2
24520,2447,-0.00263233,0,2,2
24520,2448,-0.0127113,0,1,1
24520,2449,-0.0227898,0,1,1
24520,2450,-0.032868,0,0,0
24520,2451,-0.0429456,0,0,0
