time,particle_id,x,y,mesh_index,mesh_index_original
41460,4136,0.0462767,0,4,4
41460,4137,0.0361396,0,4,4
41460,4138,0.026003,0,3,3
41460,4139,0.0158672,0,3,3
41460,4140,0.00573196,0,2,2
41460,4141,-0.00440255,0,2,2
41460,4142,-0.0145365,0,1,1
41460,4143,-0.0246697,0,1,1
41460,4144,-0.0348022,0,0,0
41460,4145,-0.0449341,0,0,0
