time,particle_id,x,y,mesh_index,mesh_index_original
7110,701,0.0492245,0,4,4
7110,702,0.0392014,0,4,4
7110,703,0.0291784,0,3,3
7110,704,0.0191555,0,3,3
7110,705,0.00913263,0,2,2
7110,706,-0.000890036,0,2,2
7110,707,-0.0109127,0,1,1
7110,708,-0.0209352,0,1,1
7110,709,-0.0309577,0,0,0
7110,710,-0.0409799,0,0,0
