time,particle_id,x,y,mesh_index,mesh_index_original
57650,5755,0.0457623,0,4,4
57650,5756,0.035571,0,4,4
57650,5757,0.0253806,0,3,3
57650,5758,0.0151911,0,3,3
57650,5759,0.00500247,0,2,2
57650,5760,-0.00518521,0,2,2
57650,5761,-0.0153719,0,1,1
57650,5762,-0.0255577,0,1,1
57650,5763,-0.0357425,0,0,0
57650,5764,-0.0459264,0,0,0
