time,particle_id,x,y,mesh_index,mesh_index_original
87640,8754,0.043607,0,4,4
87640,8755,0.0333146,0,4,4
87640,8756,0.023024,0,3,3
87640,8757,0.0127342,0,3,3
87640,8758,0.00244658,0,2,2
87640,8759,-0.00784035,0,2,2
87640,8760,-0.018125,0,1,1
87640,8761,-0.0284091,0,1,1
87640,8762,-0.0386907,0,0,0
87640,8763,-0.0489719,0,0,0
