time,particle_id,x,y,mesh_index,mesh_index_original
6690,659,0.049211,0,4,4
6690,660,0.0391894,0,4,4
6690,661,0.0291677,0,3,3
6690,662,0.0191462,0,3,3
6690,663,0.00912469,0,2,2
6690,664,-0.000896616,0,2,2
6690,665,-0.0109179,0,1,1
6690,666,-0.0209391,0,1,1
6690,667,-0.0309602,0,0,0
6690,668,-0.0409811,0,0,0
