time,particle_id,x,y,mesh_index,mesh_index_original
27410,2731,0.047859,0,4,4
27410,2732,0.0377688,0,4,4
27410,2733,0.0276787,0,3,3
27410,2734,0.0175892,0,3,3
27410,2735,0.00749997,0,2,2
27410,2736,-0.00258864,0,2,2
27410,2737,-0.012677,0,1,1
27410,2738,-0.0227648,0,1,1
27410,2739,-0.0328523,0,0,0
27410,2740,-0.0429392,0,0,0
