time,particle_id,x,y,mesh_index,mesh_index_original
23810,2371,0.0477453,0,4,4
23810,2372,0.037667,0,4,4
23810,2373,0.0275889,0,3,3
23810,2374,0.0175113,0,3,3
23810,2375,0.00743382,0,2,2
23810,2376,-0.00264306,0,2,2
23810,2377,-0.0127198,0,1,1
23810,2378,-0.0227959,0,1,1
23810,2379,-0.0328718,0,0,0
23810,2380,-0.0429472,0,0,0
