time,particle_id,x,y,mesh_index,mesh_index_original
94210,9411,0.0427744,0,4,4
94210,9412,0.0324597,0,4,4
94210,9413,0.0221472,0,3,3
94210,9414,0.0118353,0,3,3
94210,9415,0.00152602,0,2,2
94210,9416,-0.00878279,0,2,2
94210,9417,-0.0190889,0,1,1
94210,9418,-0.0293946,0,1,1
94210,9419,-0.0396974,0,0,0
