time,particle_id,x,y,mesh_index,mesh_index_original
15020,1492,0.0484733,0,4,4
15020,1493,0.0384241,0,4,4
15020,1494,0.028375,0,3,3
15020,1495,0.0183262,0,3,3
15020,1496,0.00827752,0,2,2
15020,1497,-0.00177079,0,2,2
15020,1498,-0.011819,0,1,1
15020,1499,-0.0218669,0,1,1
15020,1500,-0.0319147,0,0,0
15020,1501,-0.0419621,0,0,0
