time,particle_id,x,y,mesh_index,mesh_index_original
63570,6347,0.0449245,0,4,4
63570,6348,0.0347133,0,4,4
63570,6349,0.0245032,0,3,3
63570,6350,0.014294,0,3,3
63570,6351,0.00408597,0,2,2
63570,6352,-0.00612122,0,2,2
63570,6353,-0.0163271,0,1,1
63570,6354,-0.0265323,0,1,1
63570,6355,-0.036736,0,0,0
63570,6356,-0.0469391,0,0,0
