time,particle_id,x,y,mesh_index,mesh_index_original
71640,7154,0.0441484,0,4,4
71640,7155,0.03391,0,4,4
71640,7156,0.0236731,0,3,3
71640,7157,0.0134369,0,3,3
71640,7158,0.00320234,0,2,2
71640,7159,-0.00703152,0,2,2
71640,7160,-0.0172637,0,1,1
71640,7161,-0.0274953,0,1,1
71640,7162,-0.037725,0,0,0
71640,7163,-0.0479542,0,0,0
