time,particle_id,x,y,mesh_index,mesh_index_original
22030,2193,0.0476892,0,4,4
22030,2194,0.0376168,0,4,4
22030,2195,0.0275445,0,3,3
22030,2196,0.0174728,0,3,3
22030,2197,0.00740115,0,2,2
22030,2198,-0.00266994,0,2,2
22030,2199,-0.0127409,0,1,1
22030,2200,-0.0228113,0,1,1
22030,2201,-0.0328815,0,0,0
22030,2202,-0.0429512,0,0,0
