time,particle_id,x,y,mesh_index,mesh_index_original
25440,2534,0.0477968,0,4,4
25440,2535,0.0377131,0,4,4
25440,2536,0.0276295,0,3,3
25440,2537,0.0175465,0,3,3
25440,2538,0.00746376,0,2,2
25440,2539,-0.00261843,0,2,2
25440,2540,-0.0127004,0,1,1
25440,2541,-0.0227818,0,1,1
25440,2542,-0.032863,0,0,0
25440,2543,-0.0429436,0,0,0
