time,particle_id,x,y,mesh_index,mesh_index_original
91310,9121,0.0426875,0,4,4
91310,9122,0.0323826,0,4,4
91310,9123,0.0220799,0,3,3
91310,9124,0.0117779,0,3,3
91310,9125,0.00147825,0,2,2
91310,9126,-0.00882089,0,2,2
91310,9127,-0.0191174,0,1,1
91310,9128,-0.0294136,0,1,1
91310,9129,-0.0397069,0,0,0
