time,particle_id,x,y,mesh_index,mesh_index_original
63260,6316,0.044915,0,4,4
63260,6317,0.0347048,0,4,4
63260,6318,0.0244958,0,3,3
63260,6319,0.0142876,0,3,3
63260,6320,0.00408061,0,2,2
63260,6321,-0.00612556,0,2,2
63260,6322,-0.0163305,0,1,1
63260,6323,-0.0265346,0,1,1
63260,6324,-0.0367373,0,0,0
63260,6325,-0.0469394,0,0,0
