time,particle_id,x,y,mesh_index,mesh_index_original
26660,2656,0.0478353,0,4,4
26660,2657,0.0377476,0,4,4
26660,2658,0.02766,0,3,3
26660,2659,0.017573,0,3,3
26660,2660,0.00748618,0,2,2
26660,2661,-0.00259998,0,2,2
26660,2662,-0.0126859,0,1,1
26660,2663,-0.0227713,0,1,1
26660,2664,-0.0328564,0,0,0
26660,2665,-0.0429408,0,0,0
