time,particle_id,x,y,mesh_index,mesh_index_original
97130,9703,0.042862,0,4,4
97130,9704,0.0325373,0,4,4
97130,9705,0.0222149,0,3,3
97130,9706,0.0118933,0,3,3
97130,9707,0.00157416,0,2,2
97130,9708,-0.00874439,0,2,2
97130,9709,-0.0190601,0,1,1
97130,9710,-0.0293755,0,1,1
97130,9711,-0.0396878,0,0,0
