time,particle_id,x,y,mesh_index,mesh_index_original
30830,3073,0.046957,0,4,4
30830,3074,0.0368553,0,4,4
30830,3075,0.026754,0,3,3
30830,3076,0.0166533,0,3,3
30830,3077,0.00655289,0,2,2
30830,3078,-0.00354687,0,2,2
30830,3079,-0.0136463,0,1,1
30830,3080,-0.0237451,0,1,1
30830,3081,-0.0338435,0,0,0
30830,3082,-0.0439413,0,0,0
