time,particle_id,x,y,mesh_index,mesh_index_original
71140,7104,0.0441332,0,4,4
71140,7105,0.0338965,0,4,4
71140,7106,0.0236612,0,3,3
71140,7107,0.0134268,0,3,3
71140,7108,0.00319383,0,2,2
71140,7109,-0.00703837,0,2,2
71140,7110,-0.0172689,0,1,1
71140,7111,-0.0274988,0,1,1
71140,7112,-0.0377269,0,0,0
71140,7113,-0.0479545,0,0,0
