time,particle_id,x,y,mesh_index,mesh_index_original
73730,7363,0.0442119,0,4,4
73730,7364,0.0339666,0,4,4
73730,7365,0.0237226,0,3,3
73730,7366,0.0134795,0,3,3
73730,7367,0.00323791,0,2,2
73730,7368,-0.00700286,0,2,2
73730,7369,-0.0172419,0,1,1
73730,7370,-0.0274803,0,1,1
73730,7371,-0.0377169,0,0,0
73730,7372,-0.0479528,0,0,0
