time,particle_id,x,y,mesh_index,mesh_index_original
4020,392,0.0491255,0,4,4
4020,393,0.0391127,0,4,4
4020,394,0.0290998,0,3,3
4020,395,0.019087,0,3,3
4020,396,0.00907425,0,2,2
4020,397,-0.00093842,0,2,2
4020,398,-0.0109511,0,1,1
4020,399,-0.0209637,0,1,1
4020,400,-0.0309763,0,0,0
4020,401,-0.0409887,0,0,0
