time,particle_id,x,y,mesh_index,mesh_index_original
93570,9347,0.0427552,0,4,4
93570,9348,0.0324427,0,4,4
93570,9349,0.0221323,0,3,3
93570,9350,0.0118227,0,3,3
93570,9351,0.00151547,0,2,2
93570,9352,-0.0087912,0,2,2
93570,9353,-0.0190952,0,1,1
93570,9354,-0.0293988,0,1,1
93570,9355,-0.0396995,0,0,0
