time,particle_id,x,y,mesh_index,mesh_index_original
23010,2291,0.0477201,0,4,4
23010,2292,0.0376444,0,4,4
23010,2293,0.0275689,0,3,3
23010,2294,0.017494,0,3,3
23010,2295,0.00741914,0,2,2
23010,2296,-0.00265514,0,2,2
23010,2297,-0.0127292,0,1,1
23010,2298,-0.0228028,0,1,1
23010,2299,-0.0328762,0,0,0
23010,2300,-0.042949,0,0,0
