time,particle_id,x,y,mesh_index,mesh_index_original
39000,3890,0.0472131,0,4,4
39000,3891,0.0370843,0,4,4
39000,3892,0.0269558,0,3,3
39000,3893,0.0168281,0,3,3
39000,3894,0.00670081,0,2,2
39000,3895,-0.00342565,0,2,2
39000,3896,-0.0135517,0,1,1
39000,3897,-0.0236769,0,1,1
39000,3898,-0.0338017,0,0,0
39000,3899,-0.0439256,0,0,0
