time,particle_id,x,y,mesh_index,mesh_index_original
14240,1414,0.0484485,0,4,4
14240,1415,0.0384019,0,4,4
14240,1416,0.0283553,0,3,3
14240,1417,0.0183091,0,3,3
14240,1418,0.00826299,0,2,2
14240,1419,-0.00178279,0,2,2
14240,1420,-0.0118285,0,1,1
14240,1421,-0.0218739,0,1,1
14240,1422,-0.0319191,0,0,0
14240,1423,-0.0419641,0,0,0
