time,particle_id,x,y,mesh_index,mesh_index_original
38460,3836,0.0471962,0,4,4
38460,3837,0.0370691,0,4,4
38460,3838,0.0269424,0,3,3
38460,3839,0.0168165,0,3,3
38460,3840,0.00669102,0,2,2
38460,3841,-0.00343367,0,2,2
38460,3842,-0.0135579,0,1,1
38460,3843,-0.0236814,0,1,1
38460,3844,-0.0338044,0,0,0
38460,3845,-0.0439267,0,0,0
