time,particle_id,x,y,mesh_index,mesh_index_original
78710,7861,0.0443636,0,4,4
78710,7862,0.0341014,0,4,4
78710,7863,0.0238407,0,3,3
78710,7864,0.0135809,0,3,3
78710,7865,0.00332276,0,2,2
78710,7866,-0.00693451,0,2,2
78710,7867,-0.01719,0,1,1
78710,7868,-0.0274447,0,1,1
78710,7869,-0.0376975,0,0,0
78710,7870,-0.0479496,0,0,0
