time,particle_id,x,y,mesh_index,mesh_index_original
84610,8451,0.0435154,0,4,4
84610,8452,0.0332332,0,4,4
84610,8453,0.0229529,0,3,3
84610,8454,0.0126733,0,3,3
84610,8455,0.00239578,0,2,2
84610,8456,-0.00788107,0,2,2
84610,8457,-0.0181557,0,1,1
84610,8458,-0.0284298,0,1,1
84610,8459,-0.0387016,0,0,0
84610,8460,-0.0489729,0,0,0
