time,particle_id,x,y,mesh_index,mesh_index_original
34740,3464,0.0470795,0,4,4
34740,3465,0.0369648,0,4,4
34740,3466,0.0268505,0,3,3
34740,3467,0.0167369,0,3,3
34740,3468,0.00662363,0,2,2
34740,3469,-0.0034889,0,2,2
34740,3470,-0.013601,0,1,1
34740,3471,-0.0237125,0,1,1
34740,3472,-0.0338235,0,0,0
34740,3473,-0.0439338,0,0,0
