time,particle_id,x,y,mesh_index,mesh_index_original
48250,4815,0.046488,0,4,4
48250,4816,0.0363283,0,4,4
48250,4817,0.026169,0,3,3
48250,4818,0.0160108,0,3,3
48250,4819,0.00585309,0,2,2
48250,4820,-0.00430368,0,2,2
48250,4821,-0.0144598,0,1,1
48250,4822,-0.024615,0,1,1
48250,4823,-0.0347695,0,0,0
48250,4824,-0.0449232,0,0,0
