time,particle_id,x,y,mesh_index,mesh_index_original
39360,3926,0.0472244,0,4,4
39360,3927,0.0370944,0,4,4
39360,3928,0.0269647,0,3,3
39360,3929,0.0168358,0,3,3
39360,3930,0.00670734,0,2,2
39360,3931,-0.0034203,0,2,2
39360,3932,-0.0135475,0,1,1
39360,3933,-0.0236739,0,1,1
39360,3934,-0.0337998,0,0,0
39360,3935,-0.0439249,0,0,0
