time,particle_id,x,y,mesh_index,mesh_index_original
93790,9369,0.0427618,0,4,4
93790,9370,0.0324485,0,4,4
93790,9371,0.0221374,0,3,3
93790,9372,0.011827,0,3,3
93790,9373,0.0015191,0,2,2
93790,9374,-0.00878831,0,2,2
93790,9375,-0.019093,0,1,1
93790,9376,-0.0293974,0,1,1
93790,9377,-0.0396988,0,0,0
