time,particle_id,x,y,mesh_index,mesh_index_original
91680,9158,0.0426986,0,4,4
91680,9159,0.0323925,0,4,4
91680,9160,0.0220885,0,3,3
91680,9161,0.0117852,0,3,3
91680,9162,0.00148435,0,2,2
91680,9163,-0.00881603,0,2,2
91680,9164,-0.0191137,0,1,1
91680,9165,-0.0294111,0,1,1
91680,9166,-0.0397056,0,0,0
