time,particle_id,x,y,mesh_index,mesh_index_original
90490,9039,0.042663,0,4,4
90490,9040,0.0323609,0,4,4
90490,9041,0.0220609,0,3,3
90490,9042,0.0117616,0,3,3
90490,9043,0.00146476,0,2,2
90490,9044,-0.00883166,0,2,2
90490,9045,-0.0191254,0,1,1
90490,9046,-0.0294189,0,1,1
90490,9047,-0.0397095,0,0,0
