time,particle_id,x,y,mesh_index,mesh_index_original
39410,3931,0.047226,0,4,4
39410,3932,0.0370958,0,4,4
39410,3933,0.0269659,0,3,3
39410,3934,0.0168369,0,3,3
39410,3935,0.00670824,0,2,2
39410,3936,-0.00341956,0,2,2
39410,3937,-0.0135469,0,1,1
39410,3938,-0.0236735,0,1,1
39410,3939,-0.0337996,0,0,0
39410,3940,-0.0439248,0,0,0
