time,particle_id,x,y,mesh_index,mesh_index_original
36260,3616,0.0471271,0,4,4
36260,3617,0.0370074,0,4,4
36260,3618,0.026888,0,3,3
36260,3619,0.0167694,0,3,3
36260,3620,0.00665115,0,2,2
36260,3621,-0.00346634,0,2,2
36260,3622,-0.0135834,0,1,1
36260,3623,-0.0236998,0,1,1
36260,3624,-0.0338157,0,0,0
36260,3625,-0.0439309,0,0,0
