time,particle_id,x,y,mesh_index,mesh_index_original
25100,2500,0.0477861,0,4,4
25100,2501,0.0377035,0,4,4
25100,2502,0.027621,0,3,3
25100,2503,0.0175392,0,3,3
25100,2504,0.00745752,0,2,2
25100,2505,-0.00262357,0,2,2
25100,2506,-0.0127045,0,1,1
25100,2507,-0.0227848,0,1,1
25100,2508,-0.0328648,0,0,0
25100,2509,-0.0429443,0,0,0
