time,particle_id,x,y,mesh_index,mesh_index_original
13510,1341,0.0484253,0,4,4
13510,1342,0.0383811,0,4,4
13510,1343,0.028337,0,3,3
13510,1344,0.0182931,0,3,3
13510,1345,0.00824939,0,2,2
13510,1346,-0.00179402,0,2,2
13510,1347,-0.0118374,0,1,1
13510,1348,-0.0218804,0,1,1
13510,1349,-0.0319233,0,0,0
13510,1350,-0.0419659,0,0,0
