time,particle_id,x,y,mesh_index,mesh_index_original
46140,4604,0.0464223,0,4,4
46140,4605,0.0362696,0,4,4
46140,4606,0.0261174,0,3,3
46140,4607,0.0159661,0,3,3
46140,4608,0.00581542,0,2,2
46140,4609,-0.00433443,0,2,2
46140,4610,-0.0144836,0,1,1
46140,4611,-0.024632,0,1,1
46140,4612,-0.0347797,0,0,0
46140,4613,-0.0449266,0,0,0
