time,particle_id,x,y,mesh_index,mesh_index_original
88130,8803,0.0436218,0,4,4
88130,8804,0.0333277,0,4,4
88130,8805,0.0230355,0,3,3
88130,8806,0.0127441,0,3,3
88130,8807,0.0024548,0,2,2
88130,8808,-0.00783376,0,2,2
88130,8809,-0.01812,0,1,1
88130,8810,-0.0284057,0,1,1
88130,8811,-0.0386889,0,0,0
88130,8812,-0.0489717,0,0,0
