time,particle_id,x,y,mesh_index,mesh_index_original
3400,330,0.0491057,0,4,4
3400,331,0.0390949,0,4,4
3400,332,0.029084,0,3,3
3400,333,0.0190733,0,3,3
3400,334,0.00906255,0,2,2
3400,335,-0.000948122,0,2,2
3400,336,-0.0109588,0,1,1
3400,337,-0.0209694,0,1,1
3400,338,-0.03098,0,0,0
3400,339,-0.0409905,0,0,0
