time,particle_id,x,y,mesh_index,mesh_index_original
62810,6271,0.0449012,0,4,4
62810,6272,0.0346926,0,4,4
62810,6273,0.024485,0,3,3
62810,6274,0.0142783,0,3,3
62810,6275,0.00407283,0,2,2
62810,6276,-0.00613186,0,2,2
62810,6277,-0.0163353,0,1,1
62810,6278,-0.0265379,0,1,1
62810,6279,-0.0367392,0,0,0
62810,6280,-0.0469398,0,0,0
