time,particle_id,x,y,mesh_index,mesh_index_original
68800,6870,0.045085,0,4,4
68800,6871,0.0348562,0,4,4
68800,6872,0.0246285,0,3,3
68800,6873,0.0144019,0,3,3
68800,6874,0.00417651,0,2,2
68800,6875,-0.00604796,0,2,2
68800,6876,-0.016271,0,1,1
68800,6877,-0.0264933,0,1,1
68800,6878,-0.036714,0,0,0
68800,6879,-0.046934,0,0,0
