time,particle_id,x,y,mesh_index,mesh_index_original
46380,4628,0.0464298,0,4,4
46380,4629,0.0362763,0,4,4
46380,4630,0.0261233,0,3,3
46380,4631,0.0159712,0,3,3
46380,4632,0.0058197,0,2,2
46380,4633,-0.00433093,0,2,2
46380,4634,-0.0144809,0,1,1
46380,4635,-0.0246301,0,1,1
46380,4636,-0.0347785,0,0,0
46380,4637,-0.0449262,0,0,0
