time,particle_id,x,y,mesh_index,mesh_index_original
97210,9711,0.0428644,0,4,4
97210,9712,0.0325394,0,4,4
97210,9713,0.0222168,0,3,3
97210,9714,0.0118948,0,3,3
97210,9715,0.00157548,0,2,2
97210,9716,-0.00874334,0,2,2
97210,9717,-0.0190593,0,1,1
97210,9718,-0.029375,0,1,1
97210,9719,-0.0396876,0,0,0
