time,particle_id,x,y,mesh_index,mesh_index_original
23790,2369,0.0477447,0,4,4
23790,2370,0.0376665,0,4,4
23790,2371,0.0275884,0,3,3
23790,2372,0.0175108,0,3,3
23790,2373,0.00743346,0,2,2
23790,2374,-0.00264336,0,2,2
23790,2375,-0.01272,0,1,1
23790,2376,-0.0227961,0,1,1
23790,2377,-0.0328719,0,0,0
23790,2378,-0.0429473,0,0,0
