time,particle_id,x,y,mesh_index,mesh_index_original
7700,760,0.0492434,0,4,4
7700,761,0.0392184,0,4,4
7700,762,0.0291934,0,3,3
7700,763,0.0191686,0,3,3
7700,764,0.00914379,0,2,2
7700,765,-0.000880792,0,2,2
7700,766,-0.0109054,0,1,1
7700,767,-0.0209297,0,1,1
7700,768,-0.0309541,0,0,0
7700,769,-0.0409782,0,0,0
