time,particle_id,x,y,mesh_index,mesh_index_original
41170,4107,0.0462677,0,4,4
41170,4108,0.0361316,0,4,4
41170,4109,0.0259959,0,3,3
41170,4110,0.0158611,0,3,3
41170,4111,0.00572679,0,2,2
41170,4112,-0.00440677,0,2,2
41170,4113,-0.0145397,0,1,1
41170,4114,-0.024672,0,1,1
41170,4115,-0.0348036,0,0,0
41170,4116,-0.0449345,0,0,0
