time,particle_id,x,y,mesh_index,mesh_index_original
70380,7028,0.0441101,0,4,4
70380,7029,0.033876,0,4,4
70380,7030,0.0236432,0,3,3
70380,7031,0.0134113,0,3,3
70380,7032,0.00318091,0,2,2
70380,7033,-0.00704878,0,2,2
70380,7034,-0.0172768,0,1,1
70380,7035,-0.0275042,0,1,1
70380,7036,-0.0377299,0,0,0
70380,7037,-0.047955,0,0,0
