time,particle_id,x,y,mesh_index,mesh_index_original
4480,438,0.0491402,0,4,4
4480,439,0.0391259,0,4,4
4480,440,0.0291115,0,3,3
4480,441,0.0190972,0,3,3
4480,442,0.00908294,0,2,2
4480,443,-0.000931221,0,2,2
4480,444,-0.0109454,0,1,1
4480,445,-0.0209594,0,1,1
4480,446,-0.0309735,0,0,0
4480,447,-0.0409874,0,0,0
