time,particle_id,x,y,mesh_index,mesh_index_original
57620,5752,0.0457614,0,4,4
57620,5753,0.0355702,0,4,4
57620,5754,0.0253798,0,3,3
57620,5755,0.0151904,0,3,3
57620,5756,0.00500194,0,2,2
57620,5757,-0.00518564,0,2,2
57620,5758,-0.0153722,0,1,1
57620,5759,-0.025558,0,1,1
57620,5760,-0.0357426,0,0,0
57620,5761,-0.0459265,0,0,0
