time,particle_id,x,y,mesh_index,mesh_index_original
98090,9799,0.0428908,0,4,4
98090,9800,0.0325628,0,4,4
98090,9801,0.0222372,0,3,3
98090,9802,0.0119123,0,3,3
98090,9803,0.00159,0,2,2
98090,9804,-0.00873175,0,2,2
98090,9805,-0.0190507,0,1,1
98090,9806,-0.0293692,0,1,1
98090,9807,-0.0396847,0,0,0
