time,particle_id,x,y,mesh_index,mesh_index_original
84180,8408,0.0435024,0,4,4
84180,8409,0.0332217,0,4,4
84180,8410,0.0229428,0,3,3
84180,8411,0.0126647,0,3,3
84180,8412,0.00238858,0,2,2
84180,8413,-0.00788685,0,2,2
84180,8414,-0.0181601,0,1,1
84180,8415,-0.0284328,0,1,1
84180,8416,-0.0387031,0,0,0
84180,8417,-0.048973,0,0,0
