time,particle_id,x,y,mesh_index,mesh_index_original
27100,2700,0.0478492,0,4,4
27100,2701,0.03776,0,4,4
27100,2702,0.0276709,0,3,3
27100,2703,0.0175825,0,3,3
27100,2704,0.00749427,0,2,2
27100,2705,-0.00259333,0,2,2
27100,2706,-0.0126807,0,1,1
27100,2707,-0.0227675,0,1,1
27100,2708,-0.032854,0,0,0
27100,2709,-0.0429399,0,0,0
