time,particle_id,x,y,mesh_index,mesh_index_original
55780,5568,0.0457045,0,4,4
55780,5569,0.0355195,0,4,4
55780,5570,0.0253353,0,3,3
55780,5571,0.015152,0,3,3
55780,5572,0.00496959,0,2,2
55780,5573,-0.00521193,0,2,2
55780,5574,-0.0153925,0,1,1
55780,5575,-0.0255722,0,1,1
55780,5576,-0.0357509,0,0,0
55780,5577,-0.0459288,0,0,0
