time,particle_id,x,y,mesh_index,mesh_index_original
79570,7947,0.0443898,0,4,4
79570,7948,0.0341247,0,4,4
79570,7949,0.0238611,0,3,3
79570,7950,0.0135984,0,3,3
79570,7951,0.00333743,0,2,2
79570,7952,-0.00692269,0,2,2
79570,7953,-0.017181,0,1,1
79570,7954,-0.0274385,0,1,1
79570,7955,-0.0376941,0,0,0
79570,7956,-0.047949,0,0,0
