time,particle_id,x,y,mesh_index,mesh_index_original
49250,4915,0.0465192,0,4,4
49250,4916,0.0363561,0,4,4
49250,4917,0.0261935,0,3,3
49250,4918,0.0160319,0,3,3
49250,4919,0.00587096,0,2,2
49250,4920,-0.0042891,0,2,2
49250,4921,-0.0144485,0,1,1
49250,4922,-0.024607,0,1,1
49250,4923,-0.0347647,0,0,0
49250,4924,-0.0449216,0,0,0
