time,particle_id,x,y,mesh_index,mesh_index_original
61010,6091,0.044846,0,4,4
61010,6092,0.0346435,0,4,4
61010,6093,0.0244419,0,3,3
61010,6094,0.0142413,0,3,3
61010,6095,0.00404171,0,2,2
61010,6096,-0.00615703,0,2,2
61010,6097,-0.0163545,0,1,1
61010,6098,-0.0265513,0,1,1
61010,6099,-0.0367468,0,0,0
61010,6100,-0.0469416,0,0,0
