time,particle_id,x,y,mesh_index,mesh_index_original
45080,4498,0.0463893,0,4,4
45080,4499,0.0362401,0,4,4
45080,4500,0.0260915,0,3,3
45080,4501,0.0159437,0,3,3
45080,4502,0.00579651,0,2,2
45080,4503,-0.00434987,0,2,2
45080,4504,-0.0144956,0,1,1
45080,4505,-0.0246405,0,1,1
45080,4506,-0.0347848,0,0,0
45080,4507,-0.0449283,0,0,0
