time,particle_id,x,y,mesh_index,mesh_index_original
45560,4546,0.0464042,0,4,4
45560,4547,0.0362535,0,4,4
45560,4548,0.0261032,0,3,3
45560,4549,0.0159539,0,3,3
45560,4550,0.00580507,0,2,2
45560,4551,-0.00434288,0,2,2
45560,4552,-0.0144902,0,1,1
45560,4553,-0.0246367,0,1,1
45560,4554,-0.0347825,0,0,0
45560,4555,-0.0449275,0,0,0
