time,particle_id,x,y,mesh_index,mesh_index_original
55670,5557,0.0457011,0,4,4
55670,5558,0.0355165,0,4,4
55670,5559,0.0253326,0,3,3
55670,5560,0.0151497,0,3,3
55670,5561,0.00496766,0,2,2
55670,5562,-0.0052135,0,2,2
55670,5563,-0.0153937,0,1,1
55670,5564,-0.0255731,0,1,1
55670,5565,-0.0357514,0,0,0
55670,5566,-0.045929,0,0,0
