time,particle_id,x,y,mesh_index,mesh_index_original
30960,3086,0.0469611,0,4,4
30960,3087,0.036859,0,4,4
30960,3088,0.0267572,0,3,3
30960,3089,0.0166561,0,3,3
30960,3090,0.00655524,0,2,2
30960,3091,-0.00354495,0,2,2
30960,3092,-0.0136448,0,1,1
30960,3093,-0.023744,0,1,1
30960,3094,-0.0338428,0,0,0
30960,3095,-0.0439411,0,0,0
