time,particle_id,x,y,mesh_index,mesh_index_original
72280,7218,0.0441678,0,4,4
72280,7219,0.0339273,0,4,4
72280,7220,0.0236882,0,3,3
72280,7221,0.01345,0,3,3
72280,7222,0.00321323,0,2,2
72280,7223,-0.00702275,0,2,2
72280,7224,-0.017257,0,1,1
72280,7225,-0.0274907,0,1,1
72280,7226,-0.0377225,0,0,0
72280,7227,-0.0479537,0,0,0
