time,particle_id,x,y,mesh_index,mesh_index_original
19680,1958,0.0486216,0,4,4
19680,1959,0.038557,0,4,4
19680,1960,0.0284924,0,3,3
19680,1961,0.0184284,0,3,3
19680,1962,0.00836441,0,2,2
19680,1963,-0.00169904,0,2,2
19680,1964,-0.0117624,0,1,1
19680,1965,-0.0218252,0,1,1
19680,1966,-0.031888,0,0,0
19680,1967,-0.0419502,0,0,0
