time,particle_id,x,y,mesh_index,mesh_index_original
50620,5052,0.0455451,0,4,4
50620,5053,0.0353774,0,4,4
50620,5054,0.0252105,0,3,3
50620,5055,0.0150443,0,3,3
50620,5056,0.00487897,0,2,2
50620,5057,-0.00528559,0,2,2
50620,5058,-0.0154493,0,1,1
50620,5059,-0.0256122,0,1,1
50620,5060,-0.0357742,0,0,0
50620,5061,-0.0459355,0,0,0
