time,particle_id,x,y,mesh_index,mesh_index_original
34320,3422,0.0470663,0,4,4
34320,3423,0.0369531,0,4,4
34320,3424,0.0268401,0,3,3
34320,3425,0.0167279,0,3,3
34320,3426,0.00661602,0,2,2
34320,3427,-0.00349513,0,2,2
34320,3428,-0.0136059,0,1,1
34320,3429,-0.023716,0,1,1
34320,3430,-0.0338256,0,0,0
34320,3431,-0.0439346,0,0,0
