time,particle_id,x,y,mesh_index,mesh_index_original
71380,7128,0.0441405,0,4,4
71380,7129,0.033903,0,4,4
71380,7130,0.0236669,0,3,3
71380,7131,0.0134317,0,3,3
71380,7132,0.00319791,0,2,2
71380,7133,-0.00703508,0,2,2
71380,7134,-0.0172664,0,1,1
71380,7135,-0.0274971,0,1,1
71380,7136,-0.037726,0,0,0
71380,7137,-0.0479543,0,0,0
