time,particle_id,x,y,mesh_index,mesh_index_original
50720,5062,0.0455482,0,4,4
50720,5063,0.0353802,0,4,4
50720,5064,0.0252129,0,3,3
50720,5065,0.0150464,0,3,3
50720,5066,0.00488072,0,2,2
50720,5067,-0.00528416,0,2,2
50720,5068,-0.0154482,0,1,1
50720,5069,-0.0256114,0,1,1
50720,5070,-0.0357737,0,0,0
50720,5071,-0.0459354,0,0,0
