time,particle_id,x,y,mesh_index,mesh_index_original
11980,1188,0.0483767,0,4,4
11980,1189,0.0383376,0,4,4
11980,1190,0.0282985,0,3,3
11980,1191,0.0182597,0,3,3
11980,1192,0.00822091,0,2,2
11980,1193,-0.00181754,0,2,2
11980,1194,-0.0118559,0,1,1
11980,1195,-0.021894,0,1,1
11980,1196,-0.0319321,0,0,0
11980,1197,-0.0419698,0,0,0
