time,particle_id,x,y,mesh_index,mesh_index_original
92550,9245,0.0427247,0,4,4
92550,9246,0.0324156,0,4,4
92550,9247,0.0221087,0,3,3
92550,9248,0.0118024,0,3,3
92550,9249,0.00149867,0,2,2
92550,9250,-0.00880461,0,2,2
92550,9251,-0.0191052,0,1,1
92550,9252,-0.0294055,0,1,1
92550,9253,-0.0397028,0,0,0
