time,particle_id,x,y,mesh_index,mesh_index_original
92530,9243,0.0427241,0,4,4
92530,9244,0.032415,0,4,4
92530,9245,0.0221082,0,3,3
92530,9246,0.011802,0,3,3
92530,9247,0.00149834,0,2,2
92530,9248,-0.00880487,0,2,2
92530,9249,-0.0191054,0,1,1
92530,9250,-0.0294056,0,1,1
92530,9251,-0.0397029,0,0,0
