time,particle_id,x,y,mesh_index,mesh_index_original
81880,8178,0.043433,0,4,4
81880,8179,0.0331601,0,4,4
81880,8180,0.0228889,0,3,3
81880,8181,0.0126185,0,3,3
81880,8182,0.00235006,0,2,2
81880,8183,-0.00791773,0,2,2
81880,8184,-0.0181834,0,1,1
81880,8185,-0.0284485,0,1,1
81880,8186,-0.0387113,0,0,0
81880,8187,-0.0489738,0,0,0
