time,particle_id,x,y,mesh_index,mesh_index_original
8010,791,0.0492533,0,4,4
8010,792,0.0392273,0,4,4
8010,793,0.0292013,0,3,3
8010,794,0.0191755,0,3,3
8010,795,0.00914965,0,2,2
8010,796,-0.000875934,0,2,2
8010,797,-0.0109015,0,1,1
8010,798,-0.0209269,0,1,1
8010,799,-0.0309522,0,0,0
8010,800,-0.0409774,0,0,0
