time,particle_id,x,y,mesh_index,mesh_index_original
57900,5780,0.04577,0,4,4
57900,5781,0.0355779,0,4,4
57900,5782,0.0253866,0,3,3
57900,5783,0.0151963,0,3,3
57900,5784,0.00500687,0,2,2
57900,5785,-0.00518163,0,2,2
57900,5786,-0.0153692,0,1,1
57900,5787,-0.0255558,0,1,1
57900,5788,-0.0357414,0,0,0
57900,5789,-0.0459261,0,0,0
