time,particle_id,x,y,mesh_index,mesh_index_original
90340,9024,0.0426585,0,4,4
90340,9025,0.0323569,0,4,4
90340,9026,0.0220575,0,3,3
90340,9027,0.0117587,0,3,3
90340,9028,0.00146229,0,2,2
90340,9029,-0.00883363,0,2,2
90340,9030,-0.0191269,0,1,1
90340,9031,-0.0294199,0,1,1
90340,9032,-0.03971,0,0,0
