time,particle_id,x,y,mesh_index,mesh_index_original
65820,6572,0.0449935,0,4,4
65820,6573,0.0347747,0,4,4
65820,6574,0.0245571,0,3,3
65820,6575,0.0143404,0,3,3
65820,6576,0.0041249,0,2,2
65820,6577,-0.00608972,0,2,2
65820,6578,-0.016303,0,1,1
65820,6579,-0.0265155,0,1,1
65820,6580,-0.0367266,0,0,0
65820,6581,-0.0469369,0,0,0
