time,particle_id,x,y,mesh_index,mesh_index_original
20330,2023,0.0476356,0,4,4
20330,2024,0.0375688,0,4,4
20330,2025,0.0275022,0,3,3
20330,2026,0.017436,0,3,3
20330,2027,0.00736996,0,2,2
20330,2028,-0.0026956,0,2,2
20330,2029,-0.012761,0,1,1
20330,2030,-0.0228259,0,1,1
20330,2031,-0.0328907,0,0,0
20330,2032,-0.042955,0,0,0
