time,particle_id,x,y,mesh_index,mesh_index_original
93290,9319,0.0427469,0,4,4
93290,9320,0.0324352,0,4,4
93290,9321,0.0221258,0,3,3
93290,9322,0.0118171,0,3,3
93290,9323,0.00151086,0,2,2
93290,9324,-0.00879488,0,2,2
93290,9325,-0.0190979,0,1,1
93290,9326,-0.0294006,0,1,1
93290,9327,-0.0397004,0,0,0
