time,particle_id,x,y,mesh_index,mesh_index_original
59750,5965,0.0458273,0,4,4
59750,5966,0.035629,0,4,4
59750,5967,0.0254315,0,3,3
59750,5968,0.015235,0,3,3
59750,5969,0.00503942,0,2,2
59750,5970,-0.00515517,0,2,2
59750,5971,-0.0153488,0,1,1
59750,5972,-0.0255414,0,1,1
59750,5973,-0.035733,0,0,0
59750,5974,-0.0459237,0,0,0
