time,particle_id,x,y,mesh_index,mesh_index_original
55390,5529,0.0456924,0,4,4
55390,5530,0.0355087,0,4,4
55390,5531,0.0253258,0,3,3
55390,5532,0.0151439,0,3,3
55390,5533,0.00496273,0,2,2
55390,5534,-0.0052175,0,2,2
55390,5535,-0.0153968,0,1,1
55390,5536,-0.0255753,0,1,1
55390,5537,-0.0357527,0,0,0
55390,5538,-0.0459293,0,0,0
