time,particle_id,x,y,mesh_index,mesh_index_original
91340,9124,0.0426884,0,4,4
91340,9125,0.0323834,0,4,4
91340,9126,0.0220806,0,3,3
91340,9127,0.0117785,0,3,3
91340,9128,0.00147875,0,2,2
91340,9129,-0.0088205,0,2,2
91340,9130,-0.0191171,0,1,1
91340,9131,-0.0294134,0,1,1
91340,9132,-0.0397068,0,0,0
