time,particle_id,x,y,mesh_index,mesh_index_original
44080,4398,0.0463582,0,4,4
44080,4399,0.0362123,0,4,4
44080,4400,0.026067,0,3,3
44080,4401,0.0159226,0,3,3
44080,4402,0.00577867,0,2,2
44080,4403,-0.00436443,0,2,2
44080,4404,-0.0145069,0,1,1
44080,4405,-0.0246486,0,1,1
44080,4406,-0.0347896,0,0,0
44080,4407,-0.0449299,0,0,0
