time,particle_id,x,y,mesh_index,mesh_index_original
89840,8974,0.0436736,0,4,4
89840,8975,0.0333736,0,4,4
89840,8976,0.0230756,0,3,3
89840,8977,0.0127785,0,3,3
89840,8978,0.0024835,0,2,2
89840,8979,-0.00781075,0,2,2
89840,8980,-0.0181027,0,1,1
89840,8981,-0.028394,0,1,1
89840,8982,-0.0386828,0,0,0
89840,8983,-0.0489712,0,0,0
