time,particle_id,x,y,mesh_index,mesh_index_original
18200,1810,0.0485745,0,4,4
18200,1811,0.0385147,0,4,4
18200,1812,0.0284551,0,3,3
18200,1813,0.0183959,0,3,3
18200,1814,0.0083368,0,2,2
18200,1815,-0.00172184,0,2,2
18200,1816,-0.0117804,0,1,1
18200,1817,-0.0218385,0,1,1
18200,1818,-0.0318965,0,0,0
18200,1819,-0.041954,0,0,0
