time,particle_id,x,y,mesh_index,mesh_index_original
57090,5699,0.045745,0,4,4
57090,5700,0.0355556,0,4,4
57090,5701,0.025367,0,3,3
57090,5702,0.0151794,0,3,3
57090,5703,0.00499262,0,2,2
57090,5704,-0.00519321,0,2,2
57090,5705,-0.0153781,0,1,1
57090,5706,-0.0255621,0,1,1
57090,5707,-0.035745,0,0,0
57090,5708,-0.0459271,0,0,0
