time,particle_id,x,y,mesh_index,mesh_index_original
12260,1216,0.0483856,0,4,4
12260,1217,0.0383455,0,4,4
12260,1218,0.0283055,0,3,3
12260,1219,0.0182658,0,3,3
12260,1220,0.00822612,0,2,2
12260,1221,-0.00181323,0,2,2
12260,1222,-0.0118525,0,1,1
12260,1223,-0.0218915,0,1,1
12260,1224,-0.0319305,0,0,0
12260,1225,-0.0419691,0,0,0
