time,particle_id,x,y,mesh_index,mesh_index_original
32900,3280,0.0470218,0,4,4
32900,3281,0.0369133,0,4,4
32900,3282,0.0268051,0,3,3
32900,3283,0.0166975,0,3,3
32900,3284,0.00659033,0,2,2
32900,3285,-0.00351619,0,2,2
32900,3286,-0.0136223,0,1,1
32900,3287,-0.0237278,0,1,1
32900,3288,-0.0338329,0,0,0
32900,3289,-0.0439373,0,0,0
