time,particle_id,x,y,mesh_index,mesh_index_original
69860,6976,0.0451175,0,4,4
69860,6977,0.0348852,0,4,4
69860,6978,0.024654,0,3,3
69860,6979,0.0144238,0,3,3
69860,6980,0.00419488,0,2,2
69860,6981,-0.00603309,0,2,2
69860,6982,-0.0162597,0,1,1
69860,6983,-0.0264854,0,1,1
69860,6984,-0.0367096,0,0,0
69860,6985,-0.046933,0,0,0
