time,particle_id,x,y,mesh_index,mesh_index_original
69520,6942,0.0451071,0,4,4
69520,6943,0.0348759,0,4,4
69520,6944,0.0246458,0,3,3
69520,6945,0.0144168,0,3,3
69520,6946,0.00418898,0,2,2
69520,6947,-0.00603786,0,2,2
69520,6948,-0.0162633,0,1,1
69520,6949,-0.0264879,0,1,1
69520,6950,-0.036711,0,0,0
69520,6951,-0.0469333,0,0,0
