time,particle_id,x,y,mesh_index,mesh_index_original
14690,1459,0.0484628,0,4,4
14690,1460,0.0384147,0,4,4
14690,1461,0.0283667,0,3,3
14690,1462,0.018319,0,3,3
14690,1463,0.00827137,0,2,2
14690,1464,-0.00177587,0,2,2
14690,1465,-0.011823,0,1,1
14690,1466,-0.0218698,0,1,1
14690,1467,-0.0319166,0,0,0
14690,1468,-0.0419629,0,0,0
