time,particle_id,x,y,mesh_index,mesh_index_original
13570,1347,0.0484272,0,4,4
13570,1348,0.0383828,0,4,4
13570,1349,0.0283385,0,3,3
13570,1350,0.0182945,0,3,3
13570,1351,0.00825051,0,2,2
13570,1352,-0.00179309,0,2,2
13570,1353,-0.0118366,0,1,1
13570,1354,-0.0218798,0,1,1
13570,1355,-0.031923,0,0,0
13570,1356,-0.0419658,0,0,0
