time,particle_id,x,y,mesh_index,mesh_index_original
62020,6192,0.0448769,0,4,4
62020,6193,0.034671,0,4,4
62020,6194,0.0244661,0,3,3
62020,6195,0.0142621,0,3,3
62020,6196,0.00405917,0,2,2
62020,6197,-0.00614291,0,2,2
62020,6198,-0.0163437,0,1,1
62020,6199,-0.0265438,0,1,1
62020,6200,-0.0367425,0,0,0
62020,6201,-0.0469406,0,0,0
