time,particle_id,x,y,mesh_index,mesh_index_original
54110,5401,0.0456529,0,4,4
54110,5402,0.0354735,0,4,4
54110,5403,0.0252949,0,3,3
54110,5404,0.0151171,0,3,3
54110,5405,0.00494024,0,2,2
54110,5406,-0.00523579,0,2,2
54110,5407,-0.0154109,0,1,1
54110,5408,-0.0255852,0,1,1
54110,5409,-0.0357585,0,0,0
54110,5410,-0.045931,0,0,0
