time,particle_id,x,y,mesh_index,mesh_index_original
26720,2662,0.0478372,0,4,4
26720,2663,0.0377493,0,4,4
26720,2664,0.0276615,0,3,3
26720,2665,0.0175743,0,3,3
26720,2666,0.00748728,0,2,2
26720,2667,-0.00259908,0,2,2
26720,2668,-0.0126852,0,1,1
26720,2669,-0.0227708,0,1,1
26720,2670,-0.032856,0,0,0
26720,2671,-0.0429407,0,0,0
