time,particle_id,x,y,mesh_index,mesh_index_original
58270,5817,0.0457815,0,4,4
58270,5818,0.0355881,0,4,4
58270,5819,0.0253956,0,3,3
58270,5820,0.015204,0,3,3
58270,5821,0.00501338,0,2,2
58270,5822,-0.00517634,0,2,2
58270,5823,-0.0153651,0,1,1
58270,5824,-0.0255529,0,1,1
58270,5825,-0.0357397,0,0,0
58270,5826,-0.0459256,0,0,0
