time,particle_id,x,y,mesh_index,mesh_index_original
43920,4382,0.0463532,0,4,4
43920,4383,0.0362079,0,4,4
43920,4384,0.0260631,0,3,3
43920,4385,0.0159192,0,3,3
43920,4386,0.00577581,0,2,2
43920,4387,-0.00436676,0,2,2
43920,4388,-0.0145087,0,1,1
43920,4389,-0.0246499,0,1,1
43920,4390,-0.0347904,0,0,0
43920,4391,-0.0449301,0,0,0
