time,particle_id,x,y,mesh_index,mesh_index_original
78120,7802,0.0443456,0,4,4
78120,7803,0.0340854,0,4,4
78120,7804,0.0238267,0,3,3
78120,7805,0.0135689,0,3,3
78120,7806,0.0033127,0,2,2
78120,7807,-0.00694261,0,2,2
78120,7808,-0.0171961,0,1,1
78120,7809,-0.0274489,0,1,1
78120,7810,-0.0376998,0,0,0
78120,7811,-0.04795,0,0,0
