time,particle_id,x,y,mesh_index,mesh_index_original
6320,622,0.0491992,0,4,4
6320,623,0.0391787,0,4,4
6320,624,0.0291583,0,3,3
6320,625,0.019138,0,3,3
6320,626,0.0091177,0,2,2
6320,627,-0.000902411,0,2,2
6320,628,-0.0109225,0,1,1
6320,629,-0.0209425,0,1,1
6320,630,-0.0309624,0,0,0
6320,631,-0.0409822,0,0,0
