time,particle_id,x,y,mesh_index,mesh_index_original
49400,4930,0.0465239,0,4,4
49400,4931,0.0363603,0,4,4
49400,4932,0.0261972,0,3,3
49400,4933,0.0160351,0,3,3
49400,4934,0.00587364,0,2,2
49400,4935,-0.00428691,0,2,2
49400,4936,-0.0144468,0,1,1
49400,4937,-0.0246057,0,1,1
49400,4938,-0.034764,0,0,0
49400,4939,-0.0449213,0,0,0
