time,particle_id,x,y,mesh_index,mesh_index_original
69800,6970,0.0451157,0,4,4
69800,6971,0.0348835,0,4,4
69800,6972,0.0246525,0,3,3
69800,6973,0.0144226,0,3,3
69800,6974,0.00419384,0,2,2
69800,6975,-0.00603393,0,2,2
69800,6976,-0.0162603,0,1,1
69800,6977,-0.0264858,0,1,1
69800,6978,-0.0367098,0,0,0
69800,6979,-0.046933,0,0,0
