time,particle_id,x,y,mesh_index,mesh_index_original
53190,5309,0.0456244,0,4,4
53190,5310,0.0354481,0,4,4
53190,5311,0.0252726,0,3,3
53190,5312,0.0150979,0,3,3
53190,5313,0.00492408,0,2,2
53190,5314,-0.00524892,0,2,2
53190,5315,-0.015421,0,1,1
53190,5316,-0.0255923,0,1,1
53190,5317,-0.0357626,0,0,0
53190,5318,-0.0459322,0,0,0
