time,particle_id,x,y,mesh_index,mesh_index_original
80320,8022,0.0433859,0,4,4
80320,8023,0.0331183,0,4,4
80320,8024,0.0228524,0,3,3
80320,8025,0.0125872,0,3,3
80320,8026,0.00232395,0,2,2
80320,8027,-0.00793866,0,2,2
80320,8028,-0.0181992,0,1,1
80320,8029,-0.0284592,0,1,1
80320,8030,-0.0387169,0,0,0
80320,8031,-0.0489743,0,0,0
