time,particle_id,x,y,mesh_index,mesh_index_original
25910,2581,0.0478116,0,4,4
25910,2582,0.0377264,0,4,4
25910,2583,0.0276412,0,3,3
25910,2584,0.0175567,0,3,3
25910,2585,0.0074724,0,2,2
25910,2586,-0.00261132,0,2,2
25910,2587,-0.0126948,0,1,1
25910,2588,-0.0227778,0,1,1
25910,2589,-0.0328604,0,0,0
25910,2590,-0.0429425,0,0,0
