time,particle_id,x,y,mesh_index,mesh_index_original
76050,7595,0.0442826,0,4,4
76050,7596,0.0340293,0,4,4
76050,7597,0.0237776,0,3,3
76050,7598,0.0135267,0,3,3
76050,7599,0.00327742,0,2,2
76050,7600,-0.00697104,0,2,2
76050,7601,-0.0172177,0,1,1
76050,7602,-0.0274637,0,1,1
76050,7603,-0.0377078,0,0,0
76050,7604,-0.0479513,0,0,0
