time,particle_id,x,y,mesh_index,mesh_index_original
30390,3029,0.0469432,0,4,4
30390,3030,0.036843,0,4,4
30390,3031,0.0267431,0,3,3
30390,3032,0.0166439,0,3,3
30390,3033,0.00654493,0,2,2
30390,3034,-0.00355339,0,2,2
30390,3035,-0.0136514,0,1,1
30390,3036,-0.0237488,0,1,1
30390,3037,-0.0338458,0,0,0
30390,3038,-0.0439421,0,0,0
