time,particle_id,x,y,mesh_index,mesh_index_original
80270,8017,0.0433844,0,4,4
80270,8018,0.0331169,0,4,4
80270,8019,0.0228512,0,3,3
80270,8020,0.0125862,0,3,3
80270,8021,0.00232311,0,2,2
80270,8022,-0.00793933,0,2,2
80270,8023,-0.0181997,0,1,1
80270,8024,-0.0284595,0,1,1
80270,8025,-0.0387171,0,0,0
80270,8026,-0.0489743,0,0,0
