time,particle_id,x,y,mesh_index,mesh_index_original
79320,7922,0.0443822,0,4,4
79320,7923,0.0341179,0,4,4
79320,7924,0.0238551,0,3,3
79320,7925,0.0135933,0,3,3
79320,7926,0.00333317,0,2,2
79320,7927,-0.00692613,0,2,2
79320,7928,-0.0171836,0,1,1
79320,7929,-0.0274403,0,1,1
79320,7930,-0.0376951,0,0,0
79320,7931,-0.0479492,0,0,0
