time,particle_id,x,y,mesh_index,mesh_index_original
30150,3005,0.0469357,0,4,4
30150,3006,0.0368363,0,4,4
30150,3007,0.0267372,0,3,3
30150,3008,0.0166388,0,3,3
30150,3009,0.00654059,0,2,2
30150,3010,-0.00355695,0,2,2
30150,3011,-0.0136542,0,1,1
30150,3012,-0.0237508,0,1,1
30150,3013,-0.033847,0,0,0
30150,3014,-0.0439426,0,0,0
