time,particle_id,x,y,mesh_index,mesh_index_original
50180,5008,0.0455315,0,4,4
50180,5009,0.0353653,0,4,4
50180,5010,0.0251998,0,3,3
50180,5011,0.0150351,0,3,3
50180,5012,0.00487125,0,2,2
50180,5013,-0.00529186,0,2,2
50180,5014,-0.0154541,0,1,1
50180,5015,-0.0256156,0,1,1
50180,5016,-0.0357762,0,0,0
50180,5017,-0.045936,0,0,0
