time,particle_id,x,y,mesh_index,mesh_index_original
24280,2418,0.0477602,0,4,4
24280,2419,0.0376803,0,4,4
24280,2420,0.0276006,0,3,3
24280,2421,0.0175214,0,3,3
24280,2422,0.00744246,0,2,2
24280,2423,-0.00263596,0,2,2
24280,2424,-0.0127142,0,1,1
24280,2425,-0.0227918,0,1,1
24280,2426,-0.0328693,0,0,0
24280,2427,-0.0429462,0,0,0
