time,particle_id,x,y,mesh_index,mesh_index_original
12590,1249,0.0483961,0,4,4
12590,1250,0.0383549,0,4,4
12590,1251,0.0283138,0,3,3
12590,1252,0.018273,0,3,3
12590,1253,0.00823226,0,2,2
12590,1254,-0.00180816,0,2,2
12590,1255,-0.0118485,0,1,1
12590,1256,-0.0218886,0,1,1
12590,1257,-0.0319286,0,0,0
12590,1258,-0.0419682,0,0,0
