time,particle_id,x,y,mesh_index,mesh_index_original
77860,7776,0.0443377,0,4,4
77860,7777,0.0340784,0,4,4
77860,7778,0.0238205,0,3,3
77860,7779,0.0135636,0,3,3
77860,7780,0.00330827,0,2,2
77860,7781,-0.00694618,0,2,2
77860,7782,-0.0171989,0,1,1
77860,7783,-0.0274508,0,1,1
77860,7784,-0.0377008,0,0,0
77860,7785,-0.0479501,0,0,0
