time,particle_id,x,y,mesh_index,mesh_index_original
97890,9779,0.0428848,0,4,4
97890,9780,0.0325575,0,4,4
97890,9781,0.0222326,0,3,3
97890,9782,0.0119083,0,3,3
97890,9783,0.0015867,0,2,2
97890,9784,-0.00873439,0,2,2
97890,9785,-0.0190527,0,1,1
97890,9786,-0.0293705,0,1,1
97890,9787,-0.0396854,0,0,0
