time,particle_id,x,y,mesh_index,mesh_index_original
70120,7002,0.0441022,0,4,4
70120,7003,0.0338689,0,4,4
70120,7004,0.0236371,0,3,3
70120,7005,0.013406,0,3,3
70120,7006,0.00317649,0,2,2
70120,7007,-0.00705234,0,2,2
70120,7008,-0.0172795,0,1,1
70120,7009,-0.0275061,0,1,1
70120,7010,-0.0377309,0,0,0
70120,7011,-0.0479551,0,0,0
