time,particle_id,x,y,mesh_index,mesh_index_original
48590,4849,0.0464986,0,4,4
48590,4850,0.0363377,0,4,4
48590,4851,0.0261774,0,3,3
48590,4852,0.016018,0,3,3
48590,4853,0.00585917,0,2,2
48590,4854,-0.00429872,0,2,2
48590,4855,-0.0144559,0,1,1
48590,4856,-0.0246123,0,1,1
48590,4857,-0.0347679,0,0,0
48590,4858,-0.0449226,0,0,0
