time,particle_id,x,y,mesh_index,mesh_index_original
68620,6852,0.0450794,0,4,4
68620,6853,0.0348513,0,4,4
68620,6854,0.0246242,0,3,3
68620,6855,0.0143982,0,3,3
68620,6856,0.00417339,0,2,2
68620,6857,-0.00605048,0,2,2
68620,6858,-0.016273,0,1,1
68620,6859,-0.0264946,0,1,1
68620,6860,-0.0367148,0,0,0
68620,6861,-0.0469342,0,0,0
