time,particle_id,x,y,mesh_index,mesh_index_original
86630,8653,0.0435765,0,4,4
86630,8654,0.0332874,0,4,4
86630,8655,0.0230003,0,3,3
86630,8656,0.0127139,0,3,3
86630,8657,0.00242964,0,2,2
86630,8658,-0.00785393,0,2,2
86630,8659,-0.0181353,0,1,1
86630,8660,-0.028416,0,1,1
86630,8661,-0.0386943,0,0,0
86630,8662,-0.0489722,0,0,0
