time,particle_id,x,y,mesh_index,mesh_index_original
31670,3157,0.0469833,0,4,4
31670,3158,0.0368789,0,4,4
31670,3159,0.0267747,0,3,3
31670,3160,0.0166712,0,3,3
31670,3161,0.00656808,0,2,2
31670,3162,-0.00353443,0,2,2
31670,3163,-0.0136366,0,1,1
31670,3164,-0.0237381,0,1,1
31670,3165,-0.0338392,0,0,0
31670,3166,-0.0439397,0,0,0
