time,particle_id,x,y,mesh_index,mesh_index_original
3150,305,0.0490977,0,4,4
3150,306,0.0390877,0,4,4
3150,307,0.0290777,0,3,3
3150,308,0.0190678,0,3,3
3150,309,0.00905783,0,2,2
3150,310,-0.000952033,0,2,2
3150,311,-0.0109619,0,1,1
3150,312,-0.0209717,0,1,1
3150,313,-0.0309815,0,0,0
3150,314,-0.0409912,0,0,0
