time,particle_id,x,y,mesh_index,mesh_index_original
10780,1068,0.0483386,0,4,4
10780,1069,0.0383034,0,4,4
10780,1070,0.0282683,0,3,3
10780,1071,0.0182334,0,3,3
10780,1072,0.00819858,0,2,2
10780,1073,-0.00183598,0,2,2
10780,1074,-0.0118705,0,1,1
10780,1075,-0.0219047,0,1,1
10780,1076,-0.0319389,0,0,0
10780,1077,-0.0419728,0,0,0
