time,particle_id,x,y,mesh_index,mesh_index_original
14230,1413,0.0484482,0,4,4
14230,1414,0.0384016,0,4,4
14230,1415,0.0283551,0,3,3
14230,1416,0.0183089,0,3,3
14230,1417,0.0082628,0,2,2
14230,1418,-0.00178294,0,2,2
14230,1419,-0.0118286,0,1,1
14230,1420,-0.0218739,0,1,1
14230,1421,-0.0319192,0,0,0
14230,1422,-0.0419641,0,0,0
