time,particle_id,x,y,mesh_index,mesh_index_original
31110,3101,0.0469658,0,4,4
31110,3102,0.0368632,0,4,4
31110,3103,0.0267609,0,3,3
31110,3104,0.0166593,0,3,3
31110,3105,0.00655795,0,2,2
31110,3106,-0.00354273,0,2,2
31110,3107,-0.0136431,0,1,1
31110,3108,-0.0237428,0,1,1
31110,3109,-0.0338421,0,0,0
31110,3110,-0.0439408,0,0,0
