time,particle_id,x,y,mesh_index,mesh_index_original
23340,2324,0.0477305,0,4,4
23340,2325,0.0376538,0,4,4
23340,2326,0.0275772,0,3,3
23340,2327,0.0175011,0,3,3
23340,2328,0.0074252,0,2,2
23340,2329,-0.00265016,0,2,2
23340,2330,-0.0127253,0,1,1
23340,2331,-0.0228,0,1,1
23340,2332,-0.0328744,0,0,0
23340,2333,-0.0429483,0,0,0
