time,particle_id,x,y,mesh_index,mesh_index_original
53620,5352,0.0456377,0,4,4
53620,5353,0.03546,0,4,4
53620,5354,0.025283,0,3,3
53620,5355,0.0151069,0,3,3
53620,5356,0.00493163,0,2,2
53620,5357,-0.00524278,0,2,2
53620,5358,-0.0154163,0,1,1
53620,5359,-0.025589,0,1,1
53620,5360,-0.0357607,0,0,0
53620,5361,-0.0459316,0,0,0
