time,particle_id,x,y,mesh_index,mesh_index_original
2020,192,0.0490615,0,4,4
2020,193,0.0390553,0,4,4
2020,194,0.029049,0,3,3
2020,195,0.0190428,0,3,3
2020,196,0.0090365,0,2,2
2020,197,-0.000969709,0,2,2
2020,198,-0.0109759,0,1,1
2020,199,-0.0209821,0,1,1
2020,200,-0.0309883,0,0,0
2020,201,-0.0409944,0,0,0
