time,particle_id,x,y,mesh_index,mesh_index_original
92860,9276,0.042734,0,4,4
92860,9277,0.0324238,0,4,4
92860,9278,0.0221159,0,3,3
92860,9279,0.0118086,0,3,3
92860,9280,0.00150378,0,2,2
92860,9281,-0.00880053,0,2,2
92860,9282,-0.0191022,0,1,1
92860,9283,-0.0294034,0,1,1
92860,9284,-0.0397018,0,0,0
