time,particle_id,x,y,mesh_index,mesh_index_original
30230,3013,0.0469382,0,4,4
30230,3014,0.0368386,0,4,4
30230,3015,0.0267392,0,3,3
30230,3016,0.0166405,0,3,3
30230,3017,0.00654204,0,2,2
30230,3018,-0.00355576,0,2,2
30230,3019,-0.0136532,0,1,1
30230,3020,-0.0237501,0,1,1
30230,3021,-0.0338466,0,0,0
30230,3022,-0.0439425,0,0,0
