time,particle_id,x,y,mesh_index,mesh_index_original
4030,393,0.0491258,0,4,4
4030,394,0.039113,0,4,4
4030,395,0.0291001,0,3,3
4030,396,0.0190873,0,3,3
4030,397,0.00907444,0,2,2
4030,398,-0.000938264,0,2,2
4030,399,-0.010951,0,1,1
4030,400,-0.0209636,0,1,1
4030,401,-0.0309762,0,0,0
4030,402,-0.0409887,0,0,0
