time,particle_id,x,y,mesh_index,mesh_index_original
72470,7237,0.0441736,0,4,4
72470,7238,0.0339325,0,4,4
72470,7239,0.0236927,0,3,3
72470,7240,0.0134538,0,3,3
72470,7241,0.00321646,0,2,2
72470,7242,-0.00702014,0,2,2
72470,7243,-0.0172551,0,1,1
72470,7244,-0.0274893,0,1,1
72470,7245,-0.0377218,0,0,0
72470,7246,-0.0479536,0,0,0
