time,particle_id,x,y,mesh_index,mesh_index_original
38580,3848,0.0471999,0,4,4
38580,3849,0.0370725,0,4,4
38580,3850,0.0269454,0,3,3
38580,3851,0.0168191,0,3,3
38580,3852,0.00669319,0,2,2
38580,3853,-0.00343189,0,2,2
38580,3854,-0.0135566,0,1,1
38580,3855,-0.0236804,0,1,1
38580,3856,-0.0338038,0,0,0
38580,3857,-0.0439264,0,0,0
