time,particle_id,x,y,mesh_index,mesh_index_original
88630,8853,0.043637,0,4,4
88630,8854,0.0333411,0,4,4
88630,8855,0.0230472,0,3,3
88630,8856,0.0127542,0,3,3
88630,8857,0.00246319,0,2,2
88630,8858,-0.00782703,0,2,2
88630,8859,-0.018115,0,1,1
88630,8860,-0.0284023,0,1,1
88630,8861,-0.0386872,0,0,0
88630,8862,-0.0489716,0,0,0
