time,particle_id,x,y,mesh_index,mesh_index_original
29330,2923,0.0479197,0,4,4
29330,2924,0.0378231,0,4,4
29330,2925,0.0277266,0,3,3
29330,2926,0.0176308,0,3,3
29330,2927,0.00753528,0,2,2
29330,2928,-0.00255959,0,2,2
29330,2929,-0.0126542,0,1,1
29330,2930,-0.0227482,0,1,1
29330,2931,-0.0328419,0,0,0
29330,2932,-0.0429349,0,0,0
