time,particle_id,x,y,mesh_index,mesh_index_original
2970,287,0.0490919,0,4,4
2970,288,0.0390825,0,4,4
2970,289,0.0290731,0,3,3
2970,290,0.0190638,0,3,3
2970,291,0.00905443,0,2,2
2970,292,-0.000954849,0,2,2
2970,293,-0.0109641,0,1,1
2970,294,-0.0209734,0,1,1
2970,295,-0.0309826,0,0,0
2970,296,-0.0409917,0,0,0
