time,particle_id,x,y,mesh_index,mesh_index_original
65570,6547,0.0449858,0,4,4
65570,6548,0.0347679,0,4,4
65570,6549,0.0245511,0,3,3
65570,6550,0.0143352,0,3,3
65570,6551,0.00412057,0,2,2
65570,6552,-0.00609322,0,2,2
65570,6553,-0.0163057,0,1,1
65570,6554,-0.0265174,0,1,1
65570,6555,-0.0367276,0,0,0
65570,6556,-0.0469371,0,0,0
