time,particle_id,x,y,mesh_index,mesh_index_original
40820,4072,0.0462568,0,4,4
40820,4073,0.0361218,0,4,4
40820,4074,0.0259874,0,3,3
40820,4075,0.0158537,0,3,3
40820,4076,0.00572056,0,2,2
40820,4077,-0.00441186,0,2,2
40820,4078,-0.0145437,0,1,1
40820,4079,-0.0246748,0,1,1
40820,4080,-0.0348053,0,0,0
40820,4081,-0.0449351,0,0,0
