time,particle_id,x,y,mesh_index,mesh_index_original
98270,9817,0.0428962,0,4,4
98270,9818,0.0325676,0,4,4
98270,9819,0.0222414,0,3,3
98270,9820,0.0119159,0,3,3
98270,9821,0.00159297,0,2,2
98270,9822,-0.00872939,0,2,2
98270,9823,-0.0190489,0,1,1
98270,9824,-0.0293681,0,1,1
98270,9825,-0.0396841,0,0,0
