time,particle_id,x,y,mesh_index,mesh_index_original
73420,7332,0.0442025,0,4,4
73420,7333,0.0339582,0,4,4
73420,7334,0.0237152,0,3,3
73420,7335,0.0134732,0,3,3
73420,7336,0.00323263,0,2,2
73420,7337,-0.00700712,0,2,2
73420,7338,-0.0172452,0,1,1
73420,7339,-0.0274825,0,1,1
73420,7340,-0.0377181,0,0,0
73420,7341,-0.047953,0,0,0
