time,particle_id,x,y,mesh_index,mesh_index_original
31810,3171,0.0469877,0,4,4
31810,3172,0.0368828,0,4,4
31810,3173,0.0267782,0,3,3
31810,3174,0.0166742,0,3,3
31810,3175,0.00657061,0,2,2
31810,3176,-0.00353235,0,2,2
31810,3177,-0.013635,0,1,1
31810,3178,-0.0237369,0,1,1
31810,3179,-0.0338385,0,0,0
31810,3180,-0.0439394,0,0,0
