time,particle_id,x,y,mesh_index,mesh_index_original
11080,1098,0.0483481,0,4,4
11080,1099,0.0383119,0,4,4
11080,1100,0.0282758,0,3,3
11080,1101,0.01824,0,3,3
11080,1102,0.00820416,0,2,2
11080,1103,-0.00183137,0,2,2
11080,1104,-0.0118669,0,1,1
11080,1105,-0.0219021,0,1,1
11080,1106,-0.0319372,0,0,0
11080,1107,-0.0419721,0,0,0
