time,particle_id,x,y,mesh_index,mesh_index_original
19880,1978,0.0486279,0,4,4
19880,1979,0.0385627,0,4,4
19880,1980,0.0284975,0,3,3
19880,1981,0.0184328,0,3,3
19880,1982,0.00836814,0,2,2
19880,1983,-0.00169596,0,2,2
19880,1984,-0.01176,0,1,1
19880,1985,-0.0218235,0,1,1
19880,1986,-0.0318868,0,0,0
19880,1987,-0.0419497,0,0,0
