time,particle_id,x,y,mesh_index,mesh_index_original
79140,7904,0.0443767,0,4,4
79140,7905,0.0341131,0,4,4
79140,7906,0.0238509,0,3,3
79140,7907,0.0135897,0,3,3
79140,7908,0.0033301,0,2,2
79140,7909,-0.0069286,0,2,2
79140,7910,-0.0171855,0,1,1
79140,7911,-0.0274416,0,1,1
79140,7912,-0.0376958,0,0,0
79140,7913,-0.0479493,0,0,0
