time,particle_id,x,y,mesh_index,mesh_index_original
6710,661,0.0492117,0,4,4
6710,662,0.0391899,0,4,4
6710,663,0.0291682,0,3,3
6710,664,0.0191466,0,3,3
6710,665,0.00912507,0,2,2
6710,666,-0.000896302,0,2,2
6710,667,-0.0109177,0,1,1
6710,668,-0.0209389,0,1,1
6710,669,-0.0309601,0,0,0
6710,670,-0.0409811,0,0,0
