time,particle_id,x,y,mesh_index,mesh_index_original
70900,7080,0.0441259,0,4,4
70900,7081,0.03389,0,4,4
70900,7082,0.0236555,0,3,3
70900,7083,0.0134219,0,3,3
70900,7084,0.00318975,0,2,2
70900,7085,-0.00704166,0,2,2
70900,7086,-0.0172714,0,1,1
70900,7087,-0.0275005,0,1,1
70900,7088,-0.0377279,0,0,0
70900,7089,-0.0479546,0,0,0
