time,particle_id,x,y,mesh_index,mesh_index_original
11630,1153,0.0483656,0,4,4
11630,1154,0.0383276,0,4,4
11630,1155,0.0282897,0,3,3
11630,1156,0.018252,0,3,3
11630,1157,0.0082144,0,2,2
11630,1158,-0.00182292,0,2,2
11630,1159,-0.0118602,0,1,1
11630,1160,-0.0218972,0,1,1
11630,1161,-0.0319341,0,0,0
11630,1162,-0.0419707,0,0,0
