time,particle_id,x,y,mesh_index,mesh_index_original
20320,2022,0.0476353,0,4,4
20320,2023,0.0375685,0,4,4
20320,2024,0.0275019,0,3,3
20320,2025,0.0174358,0,3,3
20320,2026,0.00736978,0,2,2
20320,2027,-0.00269575,0,2,2
20320,2028,-0.0127611,0,1,1
20320,2029,-0.022826,0,1,1
20320,2030,-0.0328907,0,0,0
20320,2031,-0.042955,0,0,0
