time,particle_id,x,y,mesh_index,mesh_index_original
37200,3710,0.0471566,0,4,4
37200,3711,0.0370338,0,4,4
37200,3712,0.0269113,0,3,3
37200,3713,0.0167895,0,3,3
37200,3714,0.00666818,0,2,2
37200,3715,-0.00345239,0,2,2
37200,3716,-0.0135726,0,1,1
37200,3717,-0.0236919,0,1,1
37200,3718,-0.0338109,0,0,0
37200,3719,-0.0439291,0,0,0
