time,particle_id,x,y,mesh_index,mesh_index_original
31650,3155,0.0469827,0,4,4
31650,3156,0.0368783,0,4,4
31650,3157,0.0267742,0,3,3
31650,3158,0.0166708,0,3,3
31650,3159,0.00656771,0,2,2
31650,3160,-0.00353472,0,2,2
31650,3161,-0.0136368,0,1,1
31650,3162,-0.0237383,0,1,1
31650,3163,-0.0338393,0,0,0
31650,3164,-0.0439397,0,0,0
