time,particle_id,x,y,mesh_index,mesh_index_original
74200,7410,0.0442262,0,4,4
74200,7411,0.0339793,0,4,4
74200,7412,0.0237337,0,3,3
74200,7413,0.013489,0,3,3
74200,7414,0.00324591,0,2,2
74200,7415,-0.00699642,0,2,2
74200,7416,-0.017237,0,1,1
74200,7417,-0.027477,0,1,1
74200,7418,-0.037715,0,0,0
74200,7419,-0.0479525,0,0,0
