time,particle_id,x,y,mesh_index,mesh_index_original
82760,8266,0.0434596,0,4,4
82760,8267,0.0331836,0,4,4
82760,8268,0.0229095,0,3,3
82760,8269,0.0126362,0,3,3
82760,8270,0.00236479,0,2,2
82760,8271,-0.00790592,0,2,2
82760,8272,-0.0181745,0,1,1
82760,8273,-0.0284425,0,1,1
82760,8274,-0.0387082,0,0,0
82760,8275,-0.0489735,0,0,0
