time,particle_id,x,y,mesh_index,mesh_index_original
52380,5228,0.0455994,0,4,4
52380,5229,0.0354258,0,4,4
52380,5230,0.025253,0,3,3
52380,5231,0.015081,0,3,3
52380,5232,0.00490986,0,2,2
52380,5233,-0.00526048,0,2,2
52380,5234,-0.0154299,0,1,1
52380,5235,-0.0255986,0,1,1
52380,5236,-0.0357663,0,0,0
52380,5237,-0.0459332,0,0,0
