time,particle_id,x,y,mesh_index,mesh_index_original
57960,5786,0.0457719,0,4,4
57960,5787,0.0355796,0,4,4
57960,5788,0.0253881,0,3,3
57960,5789,0.0151976,0,3,3
57960,5790,0.00500792,0,2,2
57960,5791,-0.00518077,0,2,2
57960,5792,-0.0153685,0,1,1
57960,5793,-0.0255553,0,1,1
57960,5794,-0.0357411,0,0,0
57960,5795,-0.045926,0,0,0
