time,particle_id,x,y,mesh_index,mesh_index_original
54870,5477,0.0456763,0,4,4
54870,5478,0.0354944,0,4,4
54870,5479,0.0253132,0,3,3
54870,5480,0.015133,0,3,3
54870,5481,0.0049536,0,2,2
54870,5482,-0.00522493,0,2,2
54870,5483,-0.0154025,0,1,1
54870,5484,-0.0255793,0,1,1
54870,5485,-0.035755,0,0,0
54870,5486,-0.04593,0,0,0
