time,particle_id,x,y,mesh_index,mesh_index_original
84710,8461,0.0435184,0,4,4
84710,8462,0.0332359,0,4,4
84710,8463,0.0229552,0,3,3
84710,8464,0.0126753,0,3,3
84710,8465,0.00239746,0,2,2
84710,8466,-0.00787973,0,2,2
84710,8467,-0.0181547,0,1,1
84710,8468,-0.0284292,0,1,1
84710,8469,-0.0387012,0,0,0
84710,8470,-0.0489728,0,0,0
