time,particle_id,x,y,mesh_index,mesh_index_original
11870,1177,0.0483732,0,4,4
11870,1178,0.0383344,0,4,4
11870,1179,0.0282957,0,3,3
11870,1180,0.0182573,0,3,3
11870,1181,0.00821886,0,2,2
11870,1182,-0.00181923,0,2,2
11870,1183,-0.0118573,0,1,1
11870,1184,-0.021895,0,1,1
11870,1185,-0.0319327,0,0,0
11870,1186,-0.0419701,0,0,0
