time,particle_id,x,y,mesh_index,mesh_index_original
38090,3799,0.0471846,0,4,4
38090,3800,0.0370587,0,4,4
38090,3801,0.0269333,0,3,3
38090,3802,0.0168086,0,3,3
38090,3803,0.00668431,0,2,2
38090,3804,-0.00343917,0,2,2
38090,3805,-0.0135622,0,1,1
38090,3806,-0.0236845,0,1,1
38090,3807,-0.0338063,0,0,0
38090,3808,-0.0439274,0,0,0
