time,particle_id,x,y,mesh_index,mesh_index_original
22290,2219,0.0476974,0,4,4
22290,2220,0.0376241,0,4,4
22290,2221,0.027551,0,3,3
22290,2222,0.0174784,0,3,3
22290,2223,0.00740592,0,2,2
22290,2224,-0.00266601,0,2,2
22290,2225,-0.0127378,0,1,1
22290,2226,-0.022809,0,1,1
22290,2227,-0.0328801,0,0,0
22290,2228,-0.0429506,0,0,0
