time,particle_id,x,y,mesh_index,mesh_index_original
33960,3386,0.047055,0,4,4
33960,3387,0.036943,0,4,4
33960,3388,0.0268312,0,3,3
33960,3389,0.0167202,0,3,3
33960,3390,0.00660951,0,2,2
33960,3391,-0.00350047,0,2,2
33960,3392,-0.0136101,0,1,1
33960,3393,-0.023719,0,1,1
33960,3394,-0.0338275,0,0,0
33960,3395,-0.0439353,0,0,0
