time,particle_id,x,y,mesh_index,mesh_index_original
17270,1717,0.0485449,0,4,4
17270,1718,0.0384882,0,4,4
17270,1719,0.0284316,0,3,3
17270,1720,0.0183755,0,3,3
17270,1721,0.00831945,0,2,2
17270,1722,-0.00173616,0,2,2
17270,1723,-0.0117917,0,1,1
17270,1724,-0.0218468,0,1,1
17270,1725,-0.0319018,0,0,0
17270,1726,-0.0419563,0,0,0
