time,particle_id,x,y,mesh_index,mesh_index_original
89140,8904,0.0436524,0,4,4
89140,8905,0.0333548,0,4,4
89140,8906,0.0230592,0,3,3
89140,8907,0.0127644,0,3,3
89140,8908,0.00247175,0,2,2
89140,8909,-0.00782017,0,2,2
89140,8910,-0.0181098,0,1,1
89140,8911,-0.0283988,0,1,1
89140,8912,-0.0386853,0,0,0
89140,8913,-0.0489714,0,0,0
