time,particle_id,x,y,mesh_index,mesh_index_original
68400,6830,0.0450727,0,4,4
68400,6831,0.0348452,0,4,4
68400,6832,0.0246189,0,3,3
68400,6833,0.0143936,0,3,3
68400,6834,0.00416958,0,2,2
68400,6835,-0.00605356,0,2,2
68400,6836,-0.0162753,0,1,1
68400,6837,-0.0264963,0,1,1
68400,6838,-0.0367157,0,0,0
68400,6839,-0.0469344,0,0,0
