time,particle_id,x,y,mesh_index,mesh_index_original
30420,3032,0.0469442,0,4,4
30420,3033,0.0368439,0,4,4
30420,3034,0.0267439,0,3,3
30420,3035,0.0166445,0,3,3
30420,3036,0.00654548,0,2,2
30420,3037,-0.00355295,0,2,2
30420,3038,-0.013651,0,1,1
30420,3039,-0.0237485,0,1,1
30420,3040,-0.0338456,0,0,0
30420,3041,-0.0439421,0,0,0
