time,particle_id,x,y,mesh_index,mesh_index_original
80540,8044,0.0433926,0,4,4
80540,8045,0.0331242,0,4,4
80540,8046,0.0228575,0,3,3
80540,8047,0.0125916,0,3,3
80540,8048,0.00232763,0,2,2
80540,8049,-0.00793571,0,2,2
80540,8050,-0.0181969,0,1,1
80540,8051,-0.0284577,0,1,1
80540,8052,-0.0387161,0,0,0
80540,8053,-0.0489742,0,0,0
