time,particle_id,x,y,mesh_index,mesh_index_original
62720,6262,0.0448984,0,4,4
62720,6263,0.0346901,0,4,4
62720,6264,0.0244828,0,3,3
62720,6265,0.0142765,0,3,3
62720,6266,0.00407127,0,2,2
62720,6267,-0.00613312,0,2,2
62720,6268,-0.0163362,0,1,1
62720,6269,-0.0265386,0,1,1
62720,6270,-0.0367396,0,0,0
62720,6271,-0.0469399,0,0,0
