time,particle_id,x,y,mesh_index,mesh_index_original
73310,7321,0.0441992,0,4,4
73310,7322,0.0339552,0,4,4
73310,7323,0.0237126,0,3,3
73310,7324,0.0134709,0,3,3
73310,7325,0.00323076,0,2,2
73310,7326,-0.00700862,0,2,2
73310,7327,-0.0172463,0,1,1
73310,7328,-0.0274833,0,1,1
73310,7329,-0.0377185,0,0,0
73310,7330,-0.0479531,0,0,0
