time,particle_id,x,y,mesh_index,mesh_index_original
49530,4943,0.0465279,0,4,4
49530,4944,0.0363639,0,4,4
49530,4945,0.0262004,0,3,3
49530,4946,0.0160379,0,3,3
49530,4947,0.00587596,0,2,2
49530,4948,-0.00428502,0,2,2
49530,4949,-0.0144453,0,1,1
49530,4950,-0.0246047,0,1,1
49530,4951,-0.0347633,0,0,0
49530,4952,-0.0449211,0,0,0
