time,particle_id,x,y,mesh_index,mesh_index_original
97990,9789,0.0428878,0,4,4
97990,9790,0.0325602,0,4,4
97990,9791,0.0222349,0,3,3
97990,9792,0.0119103,0,3,3
97990,9793,0.00158835,0,2,2
97990,9794,-0.00873307,0,2,2
97990,9795,-0.0190517,0,1,1
97990,9796,-0.0293699,0,1,1
97990,9797,-0.039685,0,0,0
