time,particle_id,x,y,mesh_index,mesh_index_original
39190,3909,0.0472191,0,4,4
39190,3910,0.0370896,0,4,4
39190,3911,0.0269605,0,3,3
39190,3912,0.0168322,0,3,3
39190,3913,0.00670425,0,2,2
39190,3914,-0.00342283,0,2,2
39190,3915,-0.0135495,0,1,1
39190,3916,-0.0236753,0,1,1
39190,3917,-0.0338007,0,0,0
39190,3918,-0.0439252,0,0,0
