time,particle_id,x,y,mesh_index,mesh_index_original
57850,5775,0.0457685,0,4,4
57850,5776,0.0355765,0,4,4
57850,5777,0.0253854,0,3,3
57850,5778,0.0151953,0,3,3
57850,5779,0.00500599,0,2,2
57850,5780,-0.00518235,0,2,2
57850,5781,-0.0153697,0,1,1
57850,5782,-0.0255562,0,1,1
57850,5783,-0.0357416,0,0,0
57850,5784,-0.0459262,0,0,0
