time,particle_id,x,y,mesh_index,mesh_index_original
33600,3350,0.0470438,0,4,4
33600,3351,0.0369329,0,4,4
33600,3352,0.0268223,0,3,3
33600,3353,0.0167125,0,3,3
33600,3354,0.00660299,0,2,2
33600,3355,-0.00350581,0,2,2
33600,3356,-0.0136142,0,1,1
33600,3357,-0.023722,0,1,1
33600,3358,-0.0338293,0,0,0
33600,3359,-0.043936,0,0,0
