time,particle_id,x,y,mesh_index,mesh_index_original
15260,1516,0.0484809,0,4,4
15260,1517,0.0384309,0,4,4
15260,1518,0.028381,0,3,3
15260,1519,0.0183315,0,3,3
15260,1520,0.00828199,0,2,2
15260,1521,-0.0017671,0,2,2
15260,1522,-0.0118161,0,1,1
15260,1523,-0.0218647,0,1,1
15260,1524,-0.0319133,0,0,0
15260,1525,-0.0419615,0,0,0
