time,particle_id,x,y,mesh_index,mesh_index_original
75040,7494,0.0442518,0,4,4
75040,7495,0.034002,0,4,4
75040,7496,0.0237536,0,3,3
75040,7497,0.0135061,0,3,3
75040,7498,0.00326021,0,2,2
75040,7499,-0.0069849,0,2,2
75040,7500,-0.0172283,0,1,1
75040,7501,-0.027471,0,1,1
75040,7502,-0.0377118,0,0,0
75040,7503,-0.047952,0,0,0
