time,particle_id,x,y,mesh_index,mesh_index_original
2550,245,0.0490785,0,4,4
2550,246,0.0390705,0,4,4
2550,247,0.0290625,0,3,3
2550,248,0.0190545,0,3,3
2550,249,0.0090465,0,2,2
2550,250,-0.00096142,0,2,2
2550,251,-0.0109694,0,1,1
2550,252,-0.0209772,0,1,1
2550,253,-0.0309851,0,0,0
2550,254,-0.0409929,0,0,0
