time,particle_id,x,y,mesh_index,mesh_index_original
1430,133,0.0490427,0,4,4
1430,134,0.0390384,0,4,4
1430,135,0.029034,0,3,3
1430,136,0.0190297,0,3,3
1430,137,0.00902537,0,2,2
1430,138,-0.000978935,0,2,2
1430,139,-0.0109833,0,1,1
1430,140,-0.0209875,0,1,1
1430,141,-0.0309919,0,0,0
1430,142,-0.0409961,0,0,0
