time,particle_id,x,y,mesh_index,mesh_index_original
74430,7433,0.0442333,0,4,4
74430,7434,0.0339855,0,4,4
74430,7435,0.0237392,0,3,3
74430,7436,0.0134937,0,3,3
74430,7437,0.00324982,0,2,2
74430,7438,-0.00699326,0,2,2
74430,7439,-0.0172346,0,1,1
74430,7440,-0.0274753,0,1,1
74430,7441,-0.0377141,0,0,0
74430,7442,-0.0479524,0,0,0
