time,particle_id,x,y,mesh_index,mesh_index_original
40140,4004,0.0462356,0,4,4
40140,4005,0.036103,0,4,4
40140,4006,0.0259708,0,3,3
40140,4007,0.0158394,0,3,3
40140,4008,0.00570845,0,2,2
40140,4009,-0.00442174,0,2,2
40140,4010,-0.0145514,0,1,1
40140,4011,-0.0246803,0,1,1
40140,4012,-0.0348086,0,0,0
40140,4013,-0.0449362,0,0,0
