time,particle_id,x,y,mesh_index,mesh_index_original
2930,283,0.0490906,0,4,4
2930,284,0.0390814,0,4,4
2930,285,0.0290721,0,3,3
2930,286,0.0190629,0,3,3
2930,287,0.00905367,0,2,2
2930,288,-0.000955475,0,2,2
2930,289,-0.0109646,0,1,1
2930,290,-0.0209737,0,1,1
2930,291,-0.0309828,0,0,0
2930,292,-0.0409919,0,0,0
