time,particle_id,x,y,mesh_index,mesh_index_original
51980,5188,0.0455871,0,4,4
51980,5189,0.0354148,0,4,4
51980,5190,0.0252433,0,3,3
51980,5191,0.0150727,0,3,3
51980,5192,0.00490284,0,2,2
51980,5193,-0.00526619,0,2,2
51980,5194,-0.0154343,0,1,1
51980,5195,-0.0256017,0,1,1
51980,5196,-0.0357681,0,0,0
51980,5197,-0.0459337,0,0,0
