time,particle_id,x,y,mesh_index,mesh_index_original
16690,1659,0.0485264,0,4,4
16690,1660,0.0384717,0,4,4
16690,1661,0.028417,0,3,3
16690,1662,0.0183628,0,3,3
16690,1663,0.00830864,0,2,2
16690,1664,-0.00174509,0,2,2
16690,1665,-0.0117988,0,1,1
16690,1666,-0.021852,0,1,1
16690,1667,-0.0319051,0,0,0
16690,1668,-0.0419578,0,0,0
