time,particle_id,x,y,mesh_index,mesh_index_original
68110,6801,0.0450638,0,4,4
68110,6802,0.0348373,0,4,4
68110,6803,0.024612,0,3,3
68110,6804,0.0143877,0,3,3
68110,6805,0.00416455,0,2,2
68110,6806,-0.00605763,0,2,2
68110,6807,-0.0162785,0,1,1
68110,6808,-0.0264984,0,1,1
68110,6809,-0.0367169,0,0,0
68110,6810,-0.0469347,0,0,0
