time,particle_id,x,y,mesh_index,mesh_index_original
65350,6525,0.044979,0,4,4
65350,6526,0.0347619,0,4,4
65350,6527,0.0245458,0,3,3
65350,6528,0.0143307,0,3,3
65350,6529,0.00411677,0,2,2
65350,6530,-0.0060963,0,2,2
65350,6531,-0.0163081,0,1,1
65350,6532,-0.026519,0,1,1
65350,6533,-0.0367285,0,0,0
65350,6534,-0.0469374,0,0,0
