time,particle_id,x,y,mesh_index,mesh_index_original
87150,8705,0.0435922,0,4,4
87150,8706,0.0333014,0,4,4
87150,8707,0.0230125,0,3,3
87150,8708,0.0127244,0,3,3
87150,8709,0.00243836,0,2,2
87150,8710,-0.00784694,0,2,2
87150,8711,-0.01813,0,1,1
87150,8712,-0.0284125,0,1,1
87150,8713,-0.0386925,0,0,0
87150,8714,-0.048972,0,0,0
