time,particle_id,x,y,mesh_index,mesh_index_original
89400,8930,0.0436603,0,4,4
89400,8931,0.0333618,0,4,4
89400,8932,0.0230653,0,3,3
89400,8933,0.0127697,0,3,3
89400,8934,0.00247612,0,2,2
89400,8935,-0.00781667,0,2,2
89400,8936,-0.0181072,0,1,1
89400,8937,-0.028397,0,1,1
89400,8938,-0.0386844,0,0,0
89400,8939,-0.0489713,0,0,0
