time,particle_id,x,y,mesh_index,mesh_index_original
13180,1308,0.0484148,0,4,4
13180,1309,0.0383717,0,4,4
13180,1310,0.0283286,0,3,3
13180,1311,0.0182859,0,3,3
13180,1312,0.00824325,0,2,2
13180,1313,-0.00179909,0,2,2
13180,1314,-0.0118414,0,1,1
13180,1315,-0.0218833,0,1,1
13180,1316,-0.0319252,0,0,0
13180,1317,-0.0419667,0,0,0
