time,particle_id,x,y,mesh_index,mesh_index_original
92400,9230,0.0427202,0,4,4
92400,9231,0.0324116,0,4,4
92400,9232,0.0221052,0,3,3
92400,9233,0.0117995,0,3,3
92400,9234,0.0014962,0,2,2
92400,9235,-0.00880658,0,2,2
92400,9236,-0.0191067,0,1,1
92400,9237,-0.0294064,0,1,1
92400,9238,-0.0397033,0,0,0
