time,particle_id,x,y,mesh_index,mesh_index_original
85440,8534,0.0435405,0,4,4
85440,8535,0.0332555,0,4,4
85440,8536,0.0229723,0,3,3
85440,8537,0.01269,0,3,3
85440,8538,0.00240969,0,2,2
85440,8539,-0.00786992,0,2,2
85440,8540,-0.0181473,0,1,1
85440,8541,-0.0284242,0,1,1
85440,8542,-0.0386986,0,0,0
85440,8543,-0.0489726,0,0,0
