time,particle_id,x,y,mesh_index,mesh_index_original
75820,7572,0.0442756,0,4,4
75820,7573,0.0340231,0,4,4
75820,7574,0.0237721,0,3,3
75820,7575,0.013522,0,3,3
75820,7576,0.0032735,0,2,2
75820,7577,-0.00697419,0,2,2
75820,7578,-0.0172201,0,1,1
75820,7579,-0.0274654,0,1,1
75820,7580,-0.0377087,0,0,0
75820,7581,-0.0479514,0,0,0
