time,particle_id,x,y,mesh_index,mesh_index_original
7450,735,0.0492354,0,4,4
7450,736,0.0392112,0,4,4
7450,737,0.029187,0,3,3
7450,738,0.019163,0,3,3
7450,739,0.00913906,0,2,2
7450,740,-0.000884709,0,2,2
7450,741,-0.0109085,0,1,1
7450,742,-0.020932,0,1,1
7450,743,-0.0309556,0,0,0
7450,744,-0.040979,0,0,0
