time,particle_id,x,y,mesh_index,mesh_index_original
99140,9904,0.0429223,0,4,4
99140,9905,0.0325908,0,4,4
99140,9906,0.0222616,0,3,3
99140,9907,0.0119332,0,3,3
99140,9908,0.00160733,0,2,2
99140,9909,-0.00871793,0,2,2
99140,9910,-0.0190403,0,1,1
99140,9911,-0.0293624,0,1,1
99140,9912,-0.0396813,0,0,0
