time,particle_id,x,y,mesh_index,mesh_index_original
9480,938,0.0490011,0,0,0
9480,939,0.039001,0,0,0
9480,940,0.0290009,0,0,0
9480,941,0.0190008,0,0,0
9480,942,0.00900066,0,0,0
9480,943,-0.000999455,0,0,0
9480,944,-0.0109996,0,0,0
9480,945,-0.0209997,0,0,0
9480,946,-0.0309998,0,0,0
9480,947,-0.0409999,0,0,0
