time,particle_id,x,y,mesh_index,mesh_index_original
71530,7143,0.0420078,0,0,0
71530,7144,0.0320069,0,0,0
71530,7145,0.0220061,0,0,0
71530,7146,0.0120052,0,0,0
71530,7147,0.0020044,0,0,0
71530,7148,-0.00799645,0,0,0
71530,7149,-0.0179973,0,0,0
71530,7150,-0.0279981,0,0,0
71530,7151,-0.037999,0,0,0
71530,7152,-0.0479998,0,0,0
