time,particle_id,x,y,mesh_index,mesh_index_original
67920,6782,0.0430075,0,0,0
67920,6783,0.0330067,0,0,0
67920,6784,0.0230059,0,0,0
67920,6785,0.0130051,0,0,0
67920,6786,0.00300425,0,0,0
67920,6787,-0.00699655,0,0,0
67920,6788,-0.0169974,0,0,0
67920,6789,-0.0269982,0,0,0
67920,6790,-0.036999,0,0,0
67920,6791,-0.0469998,0,0,0
