time,particle_id,x,y,mesh_index,mesh_index_original
94150,9405,0.04001,0,0,0
94150,9406,0.0300089,0,0,0
94150,9407,0.0200078,0,0,0
94150,9408,0.0100067,0,0,0
94150,9409,5.56445e-06,0,0,0
94150,9410,-0.00999555,0,0,0
94150,9411,-0.0199967,0,0,0
94150,9412,-0.0299978,0,0,0
94150,9413,-0.0399989,0,0,0
