time,particle_id,x,y,mesh_index,mesh_index_original
10630,1053,0.0480012,0,0,0
10630,1054,0.0380011,0,0,0
10630,1055,0.028001,0,0,0
10630,1056,0.0180008,0,0,0
10630,1057,0.00800072,0,0,0
10630,1058,-0.0019994,0,0,0
10630,1059,-0.0119995,0,0,0
10630,1060,-0.0219996,0,0,0
10630,1061,-0.0319998,0,0,0
10630,1062,-0.0419999,0,0,0
