time,particle_id,x,y,mesh_index,mesh_index_original
20670,2057,0.0470024,0,0,0
20670,2058,0.0370021,0,0,0
20670,2059,0.0270019,0,0,0
20670,2060,0.0170016,0,0,0
20670,2061,0.00700139,0,0,0
20670,2062,-0.00299885,0,0,0
20670,2063,-0.0129991,0,0,0
20670,2064,-0.0229993,0,0,0
20670,2065,-0.0329996,0,0,0
20670,2066,-0.0429998,0,0,0
