time,particle_id,x,y,mesh_index,mesh_index_original
41360,4126,0.0450046,0,0,0
41360,4127,0.0350041,0,0,0
41360,4128,0.0250037,0,0,0
41360,4129,0.0150032,0,0,0
41360,4130,0.00500269,0,0,0
41360,4131,-0.0049978,0,0,0
41360,4132,-0.0149983,0,0,0
41360,4133,-0.0249988,0,0,0
41360,4134,-0.0349993,0,0,0
41360,4135,-0.0449998,0,0,0
