time,particle_id,x,y,mesh_index,mesh_index_original
73130,7303,0.0420079,0,0,0
73130,7304,0.0320071,0,0,0
73130,7305,0.0220062,0,0,0
73130,7306,0.0120054,0,0,0
73130,7307,0.00200449,0,0,0
73130,7308,-0.00799637,0,0,0
73130,7309,-0.0179972,0,0,0
73130,7310,-0.0279981,0,0,0
73130,7311,-0.037999,0,0,0
73130,7312,-0.0479998,0,0,0
