time,particle_id,x,y,mesh_index,mesh_index_original
93990,9389,0.04001,0,0,0
93990,9390,0.0300089,0,0,0
93990,9391,0.0200078,0,0,0
93990,9392,0.0100067,0,0,0
93990,9393,5.55499e-06,0,0,0
93990,9394,-0.00999556,0,0,0
93990,9395,-0.0199967,0,0,0
93990,9396,-0.0299978,0,0,0
93990,9397,-0.0399989,0,0,0
