time,particle_id,x,y,mesh_index,mesh_index_original
99140,9904,0.0400105,0,0,0
99140,9905,0.0300094,0,0,0
99140,9906,0.0200082,0,0,0
99140,9907,0.010007,0,0,0
99140,9908,5.85964e-06,0,0,0
99140,9909,-0.00999531,0,0,0
99140,9910,-0.0199965,0,0,0
99140,9911,-0.0299977,0,0,0
99140,9912,-0.0399988,0,0,0
