time,particle_id,x,y,mesh_index,mesh_index_original
56000,5590,0.0440062,0,0,0
56000,5591,0.0340056,0,0,0
56000,5592,0.0240049,0,0,0
56000,5593,0.0140042,0,0,0
56000,5594,0.00400357,0,0,0
56000,5595,-0.00599709,0,0,0
56000,5596,-0.0159978,0,0,0
56000,5597,-0.0259984,0,0,0
56000,5598,-0.0359991,0,0,0
56000,5599,-0.0459997,0,0,0
