time,particle_id,x,y,mesh_index,mesh_index_original
90230,9013,0.0400096,0,0,0
90230,9014,0.0300085,0,0,0
90230,9015,0.0200075,0,0,0
90230,9016,0.0100064,0,0,0
90230,9017,5.33256e-06,0,0,0
90230,9018,-0.00999573,0,0,0
90230,9019,-0.0199968,0,0,0
90230,9020,-0.0299979,0,0,0
90230,9021,-0.0399989,0,0,0
