time,particle_id,x,y,mesh_index,mesh_index_original
91140,9104,0.0400097,0,0,0
91140,9105,0.0300086,0,0,0
91140,9106,0.0200075,0,0,0
91140,9107,0.0100065,0,0,0
91140,9108,5.38639e-06,0,0,0
91140,9109,-0.00999569,0,0,0
91140,9110,-0.0199968,0,0,0
91140,9111,-0.0299978,0,0,0
91140,9112,-0.0399989,0,0,0
