time,particle_id,x,y,mesh_index,mesh_index_original
47450,4735,0.0450053,0,0,0
47450,4736,0.0350048,0,0,0
47450,4737,0.0250042,0,0,0
47450,4738,0.0150036,0,0,0
47450,4739,0.00500308,0,0,0
47450,4740,-0.00499748,0,0,0
47450,4741,-0.014998,0,0,0
47450,4742,-0.0249986,0,0,0
47450,4743,-0.0349992,0,0,0
47450,4744,-0.0449997,0,0,0
