time,particle_id,x,y,mesh_index,mesh_index_original
83120,8302,0.0410089,0,0,0
83120,8303,0.031008,0,0,0
83120,8304,0.021007,0,0,0
83120,8305,0.011006,0,0,0
83120,8306,0.00100501,0,0,0
83120,8307,-0.00899597,0,0,0
83120,8308,-0.018997,0,0,0
83120,8309,-0.0289979,0,0,0
83120,8310,-0.0389989,0,0,0
83120,8311,-0.0489999,0,0,0
