time,particle_id,x,y,mesh_index,mesh_index_original
17750,1765,0.048002,0,0,0
17750,1766,0.0380018,0,0,0
17750,1767,0.0280016,0,0,0
17750,1768,0.0180014,0,0,0
17750,1769,0.00800121,0,0,0
17750,1770,-0.001999,0,0,0
17750,1771,-0.0119992,0,0,0
17750,1772,-0.0219994,0,0,0
17750,1773,-0.0319996,0,0,0
17750,1774,-0.0419998,0,0,0
