time,particle_id,x,y,mesh_index,mesh_index_original
72930,7283,0.0420079,0,0,0
72930,7284,0.0320071,0,0,0
72930,7285,0.0220062,0,0,0
72930,7286,0.0120053,0,0,0
72930,7287,0.00200448,0,0,0
72930,7288,-0.00799638,0,0,0
72930,7289,-0.0179972,0,0,0
72930,7290,-0.0279981,0,0,0
72930,7291,-0.037999,0,0,0
72930,7292,-0.0479998,0,0,0
