time,particle_id,x,y,mesh_index,mesh_index_original
52730,5263,0.0440059,0,0,0
52730,5264,0.0340052,0,0,0
52730,5265,0.0240046,0,0,0
52730,5266,0.014004,0,0,0
52730,5267,0.00400336,0,0,0
52730,5268,-0.00599726,0,0,0
52730,5269,-0.0159979,0,0,0
52730,5270,-0.0259985,0,0,0
52730,5271,-0.0359991,0,0,0
52730,5272,-0.0459998,0,0,0
