time,particle_id,x,y,mesh_index,mesh_index_original
79660,7956,0.0420087,0,0,0
79660,7957,0.0320077,0,0,0
79660,7958,0.0220068,0,0,0
79660,7959,0.0120058,0,0,0
79660,7960,0.0020049,0,0,0
79660,7961,-0.00799605,0,0,0
79660,7962,-0.017997,0,0,0
79660,7963,-0.0279979,0,0,0
79660,7964,-0.0379989,0,0,0
79660,7965,-0.0479998,0,0,0
