time,particle_id,x,y,mesh_index,mesh_index_original
54250,5415,0.044006,0,0,0
54250,5416,0.0340054,0,0,0
54250,5417,0.0240047,0,0,0
54250,5418,0.0140041,0,0,0
54250,5419,0.00400346,0,0,0
54250,5420,-0.00599718,0,0,0
54250,5421,-0.0159978,0,0,0
54250,5422,-0.0259985,0,0,0
54250,5423,-0.0359991,0,0,0
54250,5424,-0.0459997,0,0,0
