time,particle_id,x,y,mesh_index,mesh_index_original
41790,4169,0.0450047,0,0,0
41790,4170,0.0350042,0,0,0
41790,4171,0.0250037,0,0,0
41790,4172,0.0150032,0,0,0
41790,4173,0.00500271,0,0,0
41790,4174,-0.00499778,0,0,0
41790,4175,-0.0149983,0,0,0
41790,4176,-0.0249988,0,0,0
41790,4177,-0.0349993,0,0,0
41790,4178,-0.0449998,0,0,0
