time,particle_id,x,y,mesh_index,mesh_index_original
87450,8735,0.0410094,0,0,0
87450,8736,0.0310084,0,0,0
87450,8737,0.0210073,0,0,0
87450,8738,0.0110063,0,0,0
87450,8739,0.00100527,0,0,0
87450,8740,-0.00899576,0,0,0
87450,8741,-0.0189968,0,0,0
87450,8742,-0.0289978,0,0,0
87450,8743,-0.0389989,0,0,0
87450,8744,-0.0489999,0,0,0
