time,particle_id,x,y,mesh_index,mesh_index_original
32730,3263,0.0460037,0,0,0
32730,3264,0.0360033,0,0,0
32730,3265,0.0260029,0,0,0
32730,3266,0.0160025,0,0,0
32730,3267,0.00600216,0,0,0
32730,3268,-0.00399822,0,0,0
32730,3269,-0.0139986,0,0,0
32730,3270,-0.023999,0,0,0
32730,3271,-0.0339994,0,0,0
32730,3272,-0.0439998,0,0,0
