time,particle_id,x,y,mesh_index,mesh_index_original
5300,520,0.0490006,0,0,0
5300,521,0.0390005,0,0,0
5300,522,0.0290005,0,0,0
5300,523,0.0190004,0,0,0
5300,524,0.00900036,0,0,0
5300,525,-0.000999697,0,0,0
5300,526,-0.0109998,0,0,0
5300,527,-0.0209998,0,0,0
5300,528,-0.0309999,0,0,0
5300,529,-0.0409999,0,0,0
