time,particle_id,x,y,mesh_index,mesh_index_original
41400,4130,0.0450046,0,0,0
41400,4131,0.0350042,0,0,0
41400,4132,0.0250037,0,0,0
41400,4133,0.0150032,0,0,0
41400,4134,0.00500269,0,0,0
41400,4135,-0.0049978,0,0,0
41400,4136,-0.0149983,0,0,0
41400,4137,-0.0249988,0,0,0
41400,4138,-0.0349993,0,0,0
41400,4139,-0.0449998,0,0,0
