time,particle_id,x,y,mesh_index,mesh_index_original
28180,2808,0.0470032,0,0,0
28180,2809,0.0370029,0,0,0
28180,2810,0.0270026,0,0,0
28180,2811,0.0170022,0,0,0
28180,2812,0.0070019,0,0,0
28180,2813,-0.00299844,0,0,0
28180,2814,-0.0129988,0,0,0
28180,2815,-0.0229991,0,0,0
28180,2816,-0.0329994,0,0,0
28180,2817,-0.0429998,0,0,0
