time,particle_id,x,y,mesh_index,mesh_index_original
47250,4715,0.0450053,0,0,0
47250,4716,0.0350047,0,0,0
47250,4717,0.0250042,0,0,0
47250,4718,0.0150036,0,0,0
47250,4719,0.00500307,0,0,0
47250,4720,-0.00499749,0,0,0
47250,4721,-0.014998,0,0,0
47250,4722,-0.0249986,0,0,0
47250,4723,-0.0349992,0,0,0
47250,4724,-0.0449997,0,0,0
