time,particle_id,x,y,mesh_index,mesh_index_original
10170,1007,0.0480012,0,0,0
10170,1008,0.038001,0,0,0
10170,1009,0.0280009,0,0,0
10170,1010,0.0180008,0,0,0
10170,1011,0.00800069,0,0,0
10170,1012,-0.00199943,0,0,0
10170,1013,-0.0119995,0,0,0
10170,1014,-0.0219997,0,0,0
10170,1015,-0.0319998,0,0,0
10170,1016,-0.0419999,0,0,0
