time,particle_id,x,y,mesh_index,mesh_index_original
42040,4194,0.0450047,0,0,0
42040,4195,0.0350042,0,0,0
42040,4196,0.0250037,0,0,0
42040,4197,0.0150032,0,0,0
42040,4198,0.00500273,0,0,0
42040,4199,-0.00499777,0,0,0
42040,4200,-0.0149983,0,0,0
42040,4201,-0.0249988,0,0,0
42040,4202,-0.0349993,0,0,0
42040,4203,-0.0449998,0,0,0
