time,particle_id,x,y,mesh_index,mesh_index_original
55500,5540,0.0440062,0,0,0
55500,5541,0.0340055,0,0,0
55500,5542,0.0240049,0,0,0
55500,5543,0.0140042,0,0,0
55500,5544,0.00400354,0,0,0
55500,5545,-0.00599711,0,0,0
55500,5546,-0.0159978,0,0,0
55500,5547,-0.0259984,0,0,0
55500,5548,-0.0359991,0,0,0
55500,5549,-0.0459997,0,0,0
