time,particle_id,x,y,mesh_index,mesh_index_original
58640,5854,0.0440065,0,0,0
58640,5855,0.0340058,0,0,0
58640,5856,0.0240051,0,0,0
58640,5857,0.0140044,0,0,0
58640,5858,0.00400374,0,0,0
58640,5859,-0.00599695,0,0,0
58640,5860,-0.0159976,0,0,0
58640,5861,-0.0259983,0,0,0
58640,5862,-0.035999,0,0,0
58640,5863,-0.0459997,0,0,0
