time,particle_id,x,y,mesh_index,mesh_index_original
26520,2642,0.047003,0,0,0
26520,2643,0.0370027,0,0,0
26520,2644,0.0270024,0,0,0
26520,2645,0.0170021,0,0,0
26520,2646,0.00700178,0,0,0
26520,2647,-0.00299853,0,0,0
26520,2648,-0.0129988,0,0,0
26520,2649,-0.0229992,0,0,0
26520,2650,-0.0329995,0,0,0
26520,2651,-0.0429998,0,0,0
