time,particle_id,x,y,mesh_index,mesh_index_original
3410,331,0.0490004,0,0,0
3410,332,0.0390003,0,0,0
3410,333,0.0290003,0,0,0
3410,334,0.0190003,0,0,0
3410,335,0.00900023,0,0,0
3410,336,-0.000999806,0,0,0
3410,337,-0.0109998,0,0,0
3410,338,-0.0209999,0,0,0
3410,339,-0.0309999,0,0,0
3410,340,-0.041,0,0,0
