time,particle_id,x,y,mesh_index,mesh_index_original
26050,2595,0.047003,0,0,0
26050,2596,0.0370027,0,0,0
26050,2597,0.0270024,0,0,0
26050,2598,0.0170021,0,0,0
26050,2599,0.00700175,0,0,0
26050,2600,-0.00299856,0,0,0
26050,2601,-0.0129989,0,0,0
26050,2602,-0.0229992,0,0,0
26050,2603,-0.0329995,0,0,0
26050,2604,-0.0429998,0,0,0
