time,particle_id,x,y,mesh_index,mesh_index_original
99250,9915,0.0400106,0,0,0
99250,9916,0.0300094,0,0,0
99250,9917,0.0200082,0,0,0
99250,9918,0.010007,0,0,0
99250,9919,5.86615e-06,0,0,0
99250,9920,-0.00999531,0,0,0
99250,9921,-0.0199965,0,0,0
99250,9922,-0.0299977,0,0,0
99250,9923,-0.0399988,0,0,0
