time,particle_id,x,y,mesh_index,mesh_index_original
26950,2685,0.0470031,0,0,0
26950,2686,0.0370028,0,0,0
26950,2687,0.0270024,0,0,0
26950,2688,0.0170021,0,0,0
26950,2689,0.00700181,0,0,0
26950,2690,-0.00299851,0,0,0
26950,2691,-0.0129988,0,0,0
26950,2692,-0.0229991,0,0,0
26950,2693,-0.0329995,0,0,0
26950,2694,-0.0429998,0,0,0
