time,particle_id,x,y,mesh_index,mesh_index_original
97330,9723,0.0400104,0,0,0
97330,9724,0.0300092,0,0,0
97330,9725,0.0200081,0,0,0
97330,9726,0.0100069,0,0,0
97330,9727,5.75257e-06,0,0,0
97330,9728,-0.0099954,0,0,0
97330,9729,-0.0199965,0,0,0
97330,9730,-0.0299977,0,0,0
97330,9731,-0.0399988,0,0,0
