time,particle_id,x,y,mesh_index,mesh_index_original
26630,2653,0.047003,0,0,0
26630,2654,0.0370027,0,0,0
26630,2655,0.0270024,0,0,0
26630,2656,0.0170021,0,0,0
26630,2657,0.00700179,0,0,0
26630,2658,-0.00299852,0,0,0
26630,2659,-0.0129988,0,0,0
26630,2660,-0.0229992,0,0,0
26630,2661,-0.0329995,0,0,0
26630,2662,-0.0429998,0,0,0
