time,particle_id,x,y,mesh_index,mesh_index_original
28750,2865,0.0470033,0,0,0
28750,2866,0.0370029,0,0,0
28750,2867,0.0270026,0,0,0
28750,2868,0.0170023,0,0,0
28750,2869,0.00700193,0,0,0
28750,2870,-0.00299841,0,0,0
28750,2871,-0.0129987,0,0,0
28750,2872,-0.0229991,0,0,0
28750,2873,-0.0329994,0,0,0
28750,2874,-0.0429998,0,0,0
