time,particle_id,x,y,mesh_index,mesh_index_original
53420,5332,0.0440059,0,0,0
53420,5333,0.0340053,0,0,0
53420,5334,0.0240047,0,0,0
53420,5335,0.014004,0,0,0
53420,5336,0.00400341,0,0,0
53420,5337,-0.00599722,0,0,0
53420,5338,-0.0159979,0,0,0
53420,5339,-0.0259985,0,0,0
53420,5340,-0.0359991,0,0,0
53420,5341,-0.0459997,0,0,0
