time,particle_id,x,y,mesh_index,mesh_index_original
31040,3094,0.0460035,0,0,0
31040,3095,0.0360031,0,0,0
31040,3096,0.0260028,0,0,0
31040,3097,0.0160024,0,0,0
31040,3098,0.00600205,0,0,0
31040,3099,-0.00399831,0,0,0
31040,3100,-0.0139987,0,0,0
31040,3101,-0.023999,0,0,0
31040,3102,-0.0339994,0,0,0
31040,3103,-0.0439998,0,0,0
