time,particle_id,x,y,mesh_index,mesh_index_original
2550,245,0.0490003,0,0,0
2550,246,0.0390003,0,0,0
2550,247,0.0290002,0,0,0
2550,248,0.0190002,0,0,0
2550,249,0.00900017,0,0,0
2550,250,-0.000999856,0,0,0
2550,251,-0.0109999,0,0,0
2550,252,-0.0209999,0,0,0
2550,253,-0.0309999,0,0,0
2550,254,-0.041,0,0,0
