time,particle_id,x,y,mesh_index,mesh_index_original
98000,9790,0.0400104,0,0,0
98000,9791,0.0300093,0,0,0
98000,9792,0.0200081,0,0,0
98000,9793,0.010007,0,0,0
98000,9794,5.7922e-06,0,0,0
98000,9795,-0.00999537,0,0,0
98000,9796,-0.0199965,0,0,0
98000,9797,-0.0299977,0,0,0
98000,9798,-0.0399988,0,0,0
