time,particle_id,x,y,mesh_index,mesh_index_original
85880,8578,0.0410092,0,0,0
85880,8579,0.0310082,0,0,0
85880,8580,0.0210072,0,0,0
85880,8581,0.0110062,0,0,0
85880,8582,0.00100518,0,0,0
85880,8583,-0.00899584,0,0,0
85880,8584,-0.0189969,0,0,0
85880,8585,-0.0289979,0,0,0
85880,8586,-0.0389989,0,0,0
85880,8587,-0.0489999,0,0,0
