time,particle_id,x,y,mesh_index,mesh_index_original
32160,3206,0.0460036,0,0,0
32160,3207,0.0360033,0,0,0
32160,3208,0.0260029,0,0,0
32160,3209,0.0160025,0,0,0
32160,3210,0.00600213,0,0,0
32160,3211,-0.00399825,0,0,0
32160,3212,-0.0139986,0,0,0
32160,3213,-0.023999,0,0,0
32160,3214,-0.0339994,0,0,0
32160,3215,-0.0439998,0,0,0
