time,particle_id,x,y,mesh_index,mesh_index_original
61350,6125,0.0430067,0,0,0
61350,6126,0.033006,0,0,0
61350,6127,0.0230053,0,0,0
61350,6128,0.0130046,0,0,0
61350,6129,0.00300384,0,0,0
61350,6130,-0.00699688,0,0,0
61350,6131,-0.0169976,0,0,0
61350,6132,-0.0269983,0,0,0
61350,6133,-0.0369991,0,0,0
61350,6134,-0.0469998,0,0,0
