time,particle_id,x,y,mesh_index,mesh_index_original
39320,3922,0.0460045,0,0,0
39320,3923,0.036004,0,0,0
39320,3924,0.0260035,0,0,0
39320,3925,0.0160031,0,0,0
39320,3926,0.0060026,0,0,0
39320,3927,-0.00399786,0,0,0
39320,3928,-0.0139983,0,0,0
39320,3929,-0.0239988,0,0,0
39320,3930,-0.0339993,0,0,0
39320,3931,-0.0439997,0,0,0
