time,particle_id,x,y,mesh_index,mesh_index_original
93610,9351,0.04001,0,0,0
93610,9352,0.0300089,0,0,0
93610,9353,0.0200077,0,0,0
93610,9354,0.0100066,0,0,0
93610,9355,5.53251e-06,0,0,0
93610,9356,-0.00999557,0,0,0
93610,9357,-0.0199967,0,0,0
93610,9358,-0.0299978,0,0,0
93610,9359,-0.0399989,0,0,0
