time,particle_id,x,y,mesh_index,mesh_index_original
49980,4988,0.0450056,0,0,0
49980,4989,0.035005,0,0,0
49980,4990,0.0250044,0,0,0
49980,4991,0.0150038,0,0,0
49980,4992,0.00500325,0,0,0
49980,4993,-0.00499734,0,0,0
49980,4994,-0.0149979,0,0,0
49980,4995,-0.0249985,0,0,0
49980,4996,-0.0349991,0,0,0
49980,4997,-0.0449997,0,0,0
