time,particle_id,x,y,mesh_index,mesh_index_original
43070,4297,0.0450048,0,0,0
43070,4298,0.0350043,0,0,0
43070,4299,0.0250038,0,0,0
43070,4300,0.0150033,0,0,0
43070,4301,0.0050028,0,0,0
43070,4302,-0.00499771,0,0,0
43070,4303,-0.0149982,0,0,0
43070,4304,-0.0249987,0,0,0
43070,4305,-0.0349992,0,0,0
43070,4306,-0.0449997,0,0,0
