time,particle_id,x,y,mesh_index,mesh_index_original
39490,3939,0.0460045,0,0,0
39490,3940,0.036004,0,0,0
39490,3941,0.0260035,0,0,0
39490,3942,0.0160031,0,0,0
39490,3943,0.00600261,0,0,0
39490,3944,-0.00399785,0,0,0
39490,3945,-0.0139983,0,0,0
39490,3946,-0.0239988,0,0,0
39490,3947,-0.0339993,0,0,0
39490,3948,-0.0439997,0,0,0
