time,particle_id,x,y,mesh_index,mesh_index_original
44300,4420,0.045005,0,0,0
44300,4421,0.0350044,0,0,0
44300,4422,0.0250039,0,0,0
44300,4423,0.0150034,0,0,0
44300,4424,0.00500288,0,0,0
44300,4425,-0.00499765,0,0,0
44300,4426,-0.0149982,0,0,0
44300,4427,-0.0249987,0,0,0
44300,4428,-0.0349992,0,0,0
44300,4429,-0.0449997,0,0,0
