time,particle_id,x,y,mesh_index,mesh_index_original
61050,6095,0.0430067,0,0,0
61050,6096,0.033006,0,0,0
61050,6097,0.0230053,0,0,0
61050,6098,0.0130045,0,0,0
61050,6099,0.00300382,0,0,0
61050,6100,-0.0069969,0,0,0
61050,6101,-0.0169976,0,0,0
61050,6102,-0.0269983,0,0,0
61050,6103,-0.0369991,0,0,0
61050,6104,-0.0469998,0,0,0
