time,particle_id,x,y,mesh_index,mesh_index_original
87050,8695,0.0410094,0,0,0
87050,8696,0.0310083,0,0,0
87050,8697,0.0210073,0,0,0
87050,8698,0.0110063,0,0,0
87050,8699,0.00100525,0,0,0
87050,8700,-0.00899578,0,0,0
87050,8701,-0.0189968,0,0,0
87050,8702,-0.0289978,0,0,0
87050,8703,-0.0389989,0,0,0
87050,8704,-0.0489999,0,0,0
