time,particle_id,x,y,mesh_index,mesh_index_original
2290,219,0.0490003,0,0,0
2290,220,0.0390002,0,0,0
2290,221,0.0290002,0,0,0
2290,222,0.0190002,0,0,0
2290,223,0.00900015,0,0,0
2290,224,-0.000999871,0,0,0
2290,225,-0.0109999,0,0,0
2290,226,-0.0209999,0,0,0
2290,227,-0.0309999,0,0,0
2290,228,-0.041,0,0,0
