time,particle_id,x,y,mesh_index,mesh_index_original
94940,9484,0.0400101,0,0,0
94940,9485,0.030009,0,0,0
94940,9486,0.0200079,0,0,0
94940,9487,0.0100067,0,0,0
94940,9488,5.61118e-06,0,0,0
94940,9489,-0.00999551,0,0,0
94940,9490,-0.0199966,0,0,0
94940,9491,-0.0299978,0,0,0
94940,9492,-0.0399989,0,0,0
