time,particle_id,x,y,mesh_index,mesh_index_original
14780,1468,0.0480017,0,0,0
14780,1469,0.0380015,0,0,0
14780,1470,0.0280014,0,0,0
14780,1471,0.0180012,0,0,0
14780,1472,0.00800101,0,0,0
14780,1473,-0.00199916,0,0,0
14780,1474,-0.0119993,0,0,0
14780,1475,-0.0219995,0,0,0
14780,1476,-0.0319997,0,0,0
14780,1477,-0.0419999,0,0,0
