time,particle_id,x,y,mesh_index,mesh_index_original
32750,3265,0.0460037,0,0,0
32750,3266,0.0360033,0,0,0
32750,3267,0.0260029,0,0,0
32750,3268,0.0160026,0,0,0
32750,3269,0.00600216,0,0,0
32750,3270,-0.00399822,0,0,0
32750,3271,-0.0139986,0,0,0
32750,3272,-0.023999,0,0,0
32750,3273,-0.0339994,0,0,0
32750,3274,-0.0439998,0,0,0
