time,particle_id,x,y,mesh_index,mesh_index_original
71730,7163,0.0420078,0,0,0
71730,7164,0.0320069,0,0,0
71730,7165,0.0220061,0,0,0
71730,7166,0.0120053,0,0,0
71730,7167,0.00200441,0,0,0
71730,7168,-0.00799644,0,0,0
71730,7169,-0.0179973,0,0,0
71730,7170,-0.0279981,0,0,0
71730,7171,-0.037999,0,0,0
71730,7172,-0.0479998,0,0,0
