time,particle_id,x,y,mesh_index,mesh_index_original
2810,271,0.0490003,0,0,0
2810,272,0.0390003,0,0,0
2810,273,0.0290003,0,0,0
2810,274,0.0190002,0,0,0
2810,275,0.00900019,0,0,0
2810,276,-0.000999841,0,0,0
2810,277,-0.0109999,0,0,0
2810,278,-0.0209999,0,0,0
2810,279,-0.0309999,0,0,0
2810,280,-0.041,0,0,0
