time,particle_id,x,y,mesh_index,mesh_index_original
94840,9474,0.0400101,0,0,0
94840,9475,0.030009,0,0,0
94840,9476,0.0200078,0,0,0
94840,9477,0.0100067,0,0,0
94840,9478,5.60527e-06,0,0,0
94840,9479,-0.00999552,0,0,0
94840,9480,-0.0199966,0,0,0
94840,9481,-0.0299978,0,0,0
94840,9482,-0.0399989,0,0,0
