time,particle_id,x,y,mesh_index,mesh_index_original
23680,2358,0.0470027,0,0,0
23680,2359,0.0370024,0,0,0
23680,2360,0.0270021,0,0,0
23680,2361,0.0170019,0,0,0
23680,2362,0.00700159,0,0,0
23680,2363,-0.00299869,0,0,0
23680,2364,-0.012999,0,0,0
23680,2365,-0.0229992,0,0,0
23680,2366,-0.0329995,0,0,0
23680,2367,-0.0429998,0,0,0
