time,particle_id,x,y,mesh_index,mesh_index_original
38030,3793,0.0460043,0,0,0
38030,3794,0.0360039,0,0,0
38030,3795,0.0260034,0,0,0
38030,3796,0.016003,0,0,0
38030,3797,0.00600251,0,0,0
38030,3798,-0.00399793,0,0,0
38030,3799,-0.0139984,0,0,0
38030,3800,-0.0239988,0,0,0
38030,3801,-0.0339993,0,0,0
38030,3802,-0.0439997,0,0,0
