time,particle_id,x,y,mesh_index,mesh_index_original
64500,6440,0.0430071,0,0,0
64500,6441,0.0330063,0,0,0
64500,6442,0.0230056,0,0,0
64500,6443,0.0130048,0,0,0
64500,6444,0.00300404,0,0,0
64500,6445,-0.00699672,0,0,0
64500,6446,-0.0169975,0,0,0
64500,6447,-0.0269982,0,0,0
64500,6448,-0.036999,0,0,0
64500,6449,-0.0469998,0,0,0
