time,particle_id,x,y,mesh_index,mesh_index_original
84160,8406,0.041009,0,0,0
84160,8407,0.0310081,0,0,0
84160,8408,0.0210071,0,0,0
84160,8409,0.0110061,0,0,0
84160,8410,0.00100507,0,0,0
84160,8411,-0.00899592,0,0,0
84160,8412,-0.0189969,0,0,0
84160,8413,-0.0289979,0,0,0
84160,8414,-0.0389989,0,0,0
84160,8415,-0.0489999,0,0,0
