time,particle_id,x,y,mesh_index,mesh_index_original
39730,3963,0.0460045,0,0,0
39730,3964,0.036004,0,0,0
39730,3965,0.0260036,0,0,0
39730,3966,0.0160031,0,0,0
39730,3967,0.00600263,0,0,0
39730,3968,-0.00399784,0,0,0
39730,3969,-0.0139983,0,0,0
39730,3970,-0.0239988,0,0,0
39730,3971,-0.0339992,0,0,0
39730,3972,-0.0439997,0,0,0
