time,particle_id,x,y,mesh_index,mesh_index_original
52130,5203,0.0440058,0,0,0
52130,5204,0.0340052,0,0,0
52130,5205,0.0240046,0,0,0
52130,5206,0.0140039,0,0,0
52130,5207,0.00400333,0,0,0
52130,5208,-0.00599729,0,0,0
52130,5209,-0.0159979,0,0,0
52130,5210,-0.0259985,0,0,0
52130,5211,-0.0359991,0,0,0
52130,5212,-0.0459998,0,0,0
