time,particle_id,x,y,mesh_index,mesh_index_original
84200,8410,0.0410091,0,0,0
84200,8411,0.0310081,0,0,0
84200,8412,0.0210071,0,0,0
84200,8413,0.0110061,0,0,0
84200,8414,0.00100508,0,0,0
84200,8415,-0.00899592,0,0,0
84200,8416,-0.0189969,0,0,0
84200,8417,-0.0289979,0,0,0
84200,8418,-0.0389989,0,0,0
84200,8419,-0.0489999,0,0,0
