time,particle_id,x,y,mesh_index,mesh_index_original
29940,2984,0.0470034,0,0,0
29940,2985,0.0370031,0,0,0
29940,2986,0.0270027,0,0,0
29940,2987,0.0170024,0,0,0
29940,2988,0.00700201,0,0,0
29940,2989,-0.00299834,0,0,0
29940,2990,-0.0129987,0,0,0
29940,2991,-0.022999,0,0,0
29940,2992,-0.0329994,0,0,0
29940,2993,-0.0429998,0,0,0
