time,particle_id,x,y,mesh_index,mesh_index_original
14210,1411,0.0480016,0,0,0
14210,1412,0.0380015,0,0,0
14210,1413,0.0280013,0,0,0
14210,1414,0.0180011,0,0,0
14210,1415,0.00800097,0,0,0
14210,1416,-0.0019992,0,0,0
14210,1417,-0.0119994,0,0,0
14210,1418,-0.0219995,0,0,0
14210,1419,-0.0319997,0,0,0
14210,1420,-0.0419999,0,0,0
