time,particle_id,x,y,mesh_index,mesh_index_original
68830,6873,0.0430076,0,0,0
68830,6874,0.0330067,0,0,0
68830,6875,0.0230059,0,0,0
68830,6876,0.0130051,0,0,0
68830,6877,0.00300431,0,0,0
68830,6878,-0.0069965,0,0,0
68830,6879,-0.0169973,0,0,0
68830,6880,-0.0269981,0,0,0
68830,6881,-0.0369989,0,0,0
68830,6882,-0.0469998,0,0,0
