time,particle_id,x,y,mesh_index,mesh_index_original
77340,7724,0.0420084,0,0,0
77340,7725,0.0320075,0,0,0
77340,7726,0.0220066,0,0,0
77340,7727,0.0120057,0,0,0
77340,7728,0.00200475,0,0,0
77340,7729,-0.00799616,0,0,0
77340,7730,-0.0179971,0,0,0
77340,7731,-0.027998,0,0,0
77340,7732,-0.0379989,0,0,0
77340,7733,-0.0479998,0,0,0
