time,particle_id,x,y,mesh_index,mesh_index_original
35330,3523,0.046004,0,0,0
35330,3524,0.0360036,0,0,0
35330,3525,0.0260032,0,0,0
35330,3526,0.0160028,0,0,0
35330,3527,0.00600234,0,0,0
35330,3528,-0.00399808,0,0,0
35330,3529,-0.0139985,0,0,0
35330,3530,-0.0239989,0,0,0
35330,3531,-0.0339993,0,0,0
35330,3532,-0.0439997,0,0,0
