time,particle_id,x,y,mesh_index,mesh_index_original
8150,805,0.0490009,0,0,0
8150,806,0.0390008,0,0,0
8150,807,0.0290008,0,0,0
8150,808,0.0190007,0,0,0
8150,809,0.00900056,0,0,0
8150,810,-0.000999532,0,0,0
8150,811,-0.0109996,0,0,0
8150,812,-0.0209997,0,0,0
8150,813,-0.0309998,0,0,0
8150,814,-0.0409999,0,0,0
