time,particle_id,x,y,mesh_index,mesh_index_original
780,68,0.0490001,0,0,0
780,69,0.0390001,0,0,0
780,70,0.0290001,0,0,0
780,71,0.0190001,0,0,0
780,72,0.00900005,0,0,0
780,73,-0.000999959,0,0,0
780,74,-0.011,0,0,0
780,75,-0.021,0,0,0
780,76,-0.031,0,0,0
780,77,-0.041,0,0,0
