time,particle_id,x,y,mesh_index,mesh_index_original
94730,9463,0.0400101,0,0,0
94730,9464,0.030009,0,0,0
94730,9465,0.0200078,0,0,0
94730,9466,0.0100067,0,0,0
94730,9467,5.59876e-06,0,0,0
94730,9468,-0.00999552,0,0,0
94730,9469,-0.0199966,0,0,0
94730,9470,-0.0299978,0,0,0
94730,9471,-0.0399989,0,0,0
