time,particle_id,x,y,mesh_index,mesh_index_original
96320,9622,0.0400102,0,0,0
96320,9623,0.0300091,0,0,0
96320,9624,0.020008,0,0,0
96320,9625,0.0100068,0,0,0
96320,9626,5.69282e-06,0,0,0
96320,9627,-0.00999545,0,0,0
96320,9628,-0.0199966,0,0,0
96320,9629,-0.0299977,0,0,0
96320,9630,-0.0399989,0,0,0
