time,particle_id,x,y,mesh_index,mesh_index_original
23050,2295,0.0470026,0,0,0
23050,2296,0.0370024,0,0,0
23050,2297,0.0270021,0,0,0
23050,2298,0.0170018,0,0,0
23050,2299,0.00700155,0,0,0
23050,2300,-0.00299872,0,0,0
23050,2301,-0.012999,0,0,0
23050,2302,-0.0229993,0,0,0
23050,2303,-0.0329995,0,0,0
23050,2304,-0.0429998,0,0,0
