time,particle_id,x,y,mesh_index,mesh_index_original
34700,3460,0.0460039,0,0,0
34700,3461,0.0360035,0,0,0
34700,3462,0.0260031,0,0,0
34700,3463,0.0160027,0,0,0
34700,3464,0.00600229,0,0,0
34700,3465,-0.00399812,0,0,0
34700,3466,-0.0139985,0,0,0
34700,3467,-0.0239989,0,0,0
34700,3468,-0.0339993,0,0,0
34700,3469,-0.0439998,0,0,0
