time,particle_id,x,y,mesh_index,mesh_index_original
8470,837,0.049001,0,0,0
8470,838,0.0390009,0,0,0
8470,839,0.0290008,0,0,0
8470,840,0.0190007,0,0,0
8470,841,0.00900059,0,0,0
8470,842,-0.000999513,0,0,0
8470,843,-0.0109996,0,0,0
8470,844,-0.0209997,0,0,0
8470,845,-0.0309998,0,0,0
8470,846,-0.0409999,0,0,0
