time,particle_id,x,y,mesh_index,mesh_index_original
64960,6486,0.0430071,0,0,0
64960,6487,0.0330064,0,0,0
64960,6488,0.0230056,0,0,0
64960,6489,0.0130048,0,0,0
64960,6490,0.00300407,0,0,0
64960,6491,-0.0069967,0,0,0
64960,6492,-0.0169975,0,0,0
64960,6493,-0.0269982,0,0,0
64960,6494,-0.036999,0,0,0
64960,6495,-0.0469998,0,0,0
