time,particle_id,x,y,mesh_index,mesh_index_original
48740,4864,0.0450055,0,0,0
48740,4865,0.0350049,0,0,0
48740,4866,0.0250043,0,0,0
48740,4867,0.0150037,0,0,0
48740,4868,0.00500317,0,0,0
48740,4869,-0.00499741,0,0,0
48740,4870,-0.014998,0,0,0
48740,4871,-0.0249986,0,0,0
48740,4872,-0.0349991,0,0,0
48740,4873,-0.0449997,0,0,0
