time,particle_id,x,y,mesh_index,mesh_index_original
2540,244,0.0490003,0,0,0
2540,245,0.0390003,0,0,0
2540,246,0.0290002,0,0,0
2540,247,0.0190002,0,0,0
2540,248,0.00900017,0,0,0
2540,249,-0.000999857,0,0,0
2540,250,-0.0109999,0,0,0
2540,251,-0.0209999,0,0,0
2540,252,-0.0309999,0,0,0
2540,253,-0.041,0,0,0
