time,particle_id,x,y,mesh_index,mesh_index_original
5310,521,0.0490006,0,0,0
5310,522,0.0390005,0,0,0
5310,523,0.0290005,0,0,0
5310,524,0.0190004,0,0,0
5310,525,0.00900037,0,0,0
5310,526,-0.000999696,0,0,0
5310,527,-0.0109998,0,0,0
5310,528,-0.0209998,0,0,0
5310,529,-0.0309999,0,0,0
5310,530,-0.0409999,0,0,0
