time,particle_id,x,y,mesh_index,mesh_index_original
53160,5306,0.0440059,0,0,0
53160,5307,0.0340053,0,0,0
53160,5308,0.0240046,0,0,0
53160,5309,0.014004,0,0,0
53160,5310,0.00400339,0,0,0
53160,5311,-0.00599724,0,0,0
53160,5312,-0.0159979,0,0,0
53160,5313,-0.0259985,0,0,0
53160,5314,-0.0359991,0,0,0
53160,5315,-0.0459997,0,0,0
