time,particle_id,x,y,mesh_index,mesh_index_original
58300,5820,0.0440065,0,0,0
58300,5821,0.0340058,0,0,0
58300,5822,0.0240051,0,0,0
58300,5823,0.0140044,0,0,0
58300,5824,0.00400372,0,0,0
58300,5825,-0.00599697,0,0,0
58300,5826,-0.0159977,0,0,0
58300,5827,-0.0259983,0,0,0
58300,5828,-0.035999,0,0,0
58300,5829,-0.0459997,0,0,0
