time,particle_id,x,y,mesh_index,mesh_index_original
63290,6319,0.043007,0,0,0
63290,6320,0.0330062,0,0,0
63290,6321,0.0230055,0,0,0
63290,6322,0.0130047,0,0,0
63290,6323,0.00300396,0,0,0
63290,6324,-0.00699678,0,0,0
63290,6325,-0.0169975,0,0,0
63290,6326,-0.0269983,0,0,0
63290,6327,-0.036999,0,0,0
63290,6328,-0.0469998,0,0,0
