time,particle_id,x,y,mesh_index,mesh_index_original
9620,952,0.0490011,0,0,0
9620,953,0.039001,0,0,0
9620,954,0.0290009,0,0,0
9620,955,0.0190008,0,0,0
9620,956,0.00900067,0,0,0
9620,957,-0.000999446,0,0,0
9620,958,-0.0109996,0,0,0
9620,959,-0.0209997,0,0,0
9620,960,-0.0309998,0,0,0
9620,961,-0.0409999,0,0,0
