time,particle_id,x,y,mesh_index,mesh_index_original
55300,5520,0.0440061,0,0,0
55300,5521,0.0340055,0,0,0
55300,5522,0.0240048,0,0,0
55300,5523,0.0140042,0,0,0
55300,5524,0.00400353,0,0,0
55300,5525,-0.00599713,0,0,0
55300,5526,-0.0159978,0,0,0
55300,5527,-0.0259984,0,0,0
55300,5528,-0.0359991,0,0,0
55300,5529,-0.0459997,0,0,0
