time,particle_id,x,y,mesh_index,mesh_index_original
73640,7354,0.042008,0,0,0
73640,7355,0.0320071,0,0,0
73640,7356,0.0220063,0,0,0
73640,7357,0.0120054,0,0,0
73640,7358,0.00200453,0,0,0
73640,7359,-0.00799634,0,0,0
73640,7360,-0.0179972,0,0,0
73640,7361,-0.0279981,0,0,0
73640,7362,-0.037999,0,0,0
73640,7363,-0.0479998,0,0,0
