time,particle_id,x,y,mesh_index,mesh_index_original
99190,9909,0.0400106,0,0,0
99190,9910,0.0300094,0,0,0
99190,9911,0.0200082,0,0,0
99190,9912,0.010007,0,0,0
99190,9913,5.8626e-06,0,0,0
99190,9914,-0.00999531,0,0,0
99190,9915,-0.0199965,0,0,0
99190,9916,-0.0299977,0,0,0
99190,9917,-0.0399988,0,0,0
