time,particle_id,x,y,mesh_index,mesh_index_original
48410,4831,0.0450054,0,0,0
48410,4832,0.0350049,0,0,0
48410,4833,0.0250043,0,0,0
48410,4834,0.0150037,0,0,0
48410,4835,0.00500314,0,0,0
48410,4836,-0.00499743,0,0,0
48410,4837,-0.014998,0,0,0
48410,4838,-0.0249986,0,0,0
48410,4839,-0.0349991,0,0,0
48410,4840,-0.0449997,0,0,0
