time,particle_id,x,y,mesh_index,mesh_index_original
92380,9228,0.0400098,0,0,0
92380,9229,0.0300087,0,0,0
92380,9230,0.0200076,0,0,0
92380,9231,0.0100066,0,0,0
92380,9232,5.45974e-06,0,0,0
92380,9233,-0.00999563,0,0,0
92380,9234,-0.0199967,0,0,0
92380,9235,-0.0299978,0,0,0
92380,9236,-0.0399989,0,0,0
