time,particle_id,x,y,mesh_index,mesh_index_original
20170,2007,0.0470023,0,0,0
20170,2008,0.0370021,0,0,0
20170,2009,0.0270018,0,0,0
20170,2010,0.0170016,0,0,0
20170,2011,0.00700135,0,0,0
20170,2012,-0.00299888,0,0,0
20170,2013,-0.0129991,0,0,0
20170,2014,-0.0229994,0,0,0
20170,2015,-0.0329996,0,0,0
20170,2016,-0.0429998,0,0,0
