time,particle_id,x,y,mesh_index,mesh_index_original
77100,7700,0.0420084,0,0,0
77100,7701,0.0320075,0,0,0
77100,7702,0.0220066,0,0,0
77100,7703,0.0120056,0,0,0
77100,7704,0.00200474,0,0,0
77100,7705,-0.00799617,0,0,0
77100,7706,-0.0179971,0,0,0
77100,7707,-0.027998,0,0,0
77100,7708,-0.0379989,0,0,0
77100,7709,-0.0479998,0,0,0
