time,particle_id,x,y,mesh_index,mesh_index_original
60160,6006,0.0430066,0,0,0
60160,6007,0.0330059,0,0,0
60160,6008,0.0230052,0,0,0
60160,6009,0.0130045,0,0,0
60160,6010,0.00300377,0,0,0
60160,6011,-0.00699694,0,0,0
60160,6012,-0.0169977,0,0,0
60160,6013,-0.0269984,0,0,0
60160,6014,-0.0369991,0,0,0
60160,6015,-0.0469998,0,0,0
