time,particle_id,x,y,mesh_index,mesh_index_original
4820,472,0.0490006,0,0,0
4820,473,0.0390005,0,0,0
4820,474,0.0290004,0,0,0
4820,475,0.0190004,0,0,0
4820,476,0.00900033,0,0,0
4820,477,-0.000999725,0,0,0
4820,478,-0.0109998,0,0,0
4820,479,-0.0209998,0,0,0
4820,480,-0.0309999,0,0,0
4820,481,-0.0409999,0,0,0
