time,particle_id,x,y,mesh_index,mesh_index_original
33390,3329,0.0460038,0,0,0
33390,3330,0.0360034,0,0,0
33390,3331,0.026003,0,0,0
33390,3332,0.0160026,0,0,0
33390,3333,0.00600221,0,0,0
33390,3334,-0.00399819,0,0,0
33390,3335,-0.0139986,0,0,0
33390,3336,-0.023999,0,0,0
33390,3337,-0.0339994,0,0,0
33390,3338,-0.0439998,0,0,0
