time,particle_id,x,y,mesh_index,mesh_index_original
81000,8090,0.0410087,0,0,0
81000,8091,0.0310078,0,0,0
81000,8092,0.0210068,0,0,0
81000,8093,0.0110058,0,0,0
81000,8094,0.00100488,0,0,0
81000,8095,-0.00899607,0,0,0
81000,8096,-0.018997,0,0,0
81000,8097,-0.028998,0,0,0
81000,8098,-0.0389989,0,0,0
81000,8099,-0.0489999,0,0,0
