time,particle_id,x,y,mesh_index,mesh_index_original
96720,9662,0.0400103,0,0,0
96720,9663,0.0300091,0,0,0
96720,9664,0.020008,0,0,0
96720,9665,0.0100069,0,0,0
96720,9666,5.71648e-06,0,0,0
96720,9667,-0.00999543,0,0,0
96720,9668,-0.0199966,0,0,0
96720,9669,-0.0299977,0,0,0
96720,9670,-0.0399989,0,0,0
