time,particle_id,x,y,mesh_index,mesh_index_original
86560,8646,0.0410093,0,0,0
86560,8647,0.0310083,0,0,0
86560,8648,0.0210073,0,0,0
86560,8649,0.0110062,0,0,0
86560,8650,0.00100522,0,0,0
86560,8651,-0.00899581,0,0,0
86560,8652,-0.0189968,0,0,0
86560,8653,-0.0289979,0,0,0
86560,8654,-0.0389989,0,0,0
86560,8655,-0.0489999,0,0,0
