time,particle_id,x,y,mesh_index,mesh_index_original
38410,3831,0.0460044,0,0,0
38410,3832,0.0360039,0,0,0
38410,3833,0.0260034,0,0,0
38410,3834,0.016003,0,0,0
38410,3835,0.00600254,0,0,0
38410,3836,-0.00399791,0,0,0
38410,3837,-0.0139984,0,0,0
38410,3838,-0.0239988,0,0,0
38410,3839,-0.0339993,0,0,0
38410,3840,-0.0439997,0,0,0
