time,particle_id,x,y,mesh_index,mesh_index_original
13020,1292,0.0480015,0,0,0
13020,1293,0.0380013,0,0,0
13020,1294,0.0280012,0,0,0
13020,1295,0.018001,0,0,0
13020,1296,0.00800089,0,0,0
13020,1297,-0.00199926,0,0,0
13020,1298,-0.0119994,0,0,0
13020,1299,-0.0219996,0,0,0
13020,1300,-0.0319997,0,0,0
13020,1301,-0.0419999,0,0,0
