time,particle_id,x,y,mesh_index,mesh_index_original
3300,320,0.0490004,0,0,0
3300,321,0.0390003,0,0,0
3300,322,0.0290003,0,0,0
3300,323,0.0190003,0,0,0
3300,324,0.00900023,0,0,0
3300,325,-0.000999813,0,0,0
3300,326,-0.0109999,0,0,0
3300,327,-0.0209999,0,0,0
3300,328,-0.0309999,0,0,0
3300,329,-0.041,0,0,0
