time,particle_id,x,y,mesh_index,mesh_index_original
87370,8727,0.0410094,0,0,0
87370,8728,0.0310084,0,0,0
87370,8729,0.0210073,0,0,0
87370,8730,0.0110063,0,0,0
87370,8731,0.00100527,0,0,0
87370,8732,-0.00899577,0,0,0
87370,8733,-0.0189968,0,0,0
87370,8734,-0.0289978,0,0,0
87370,8735,-0.0389989,0,0,0
87370,8736,-0.0489999,0,0,0
