time,particle_id,x,y,mesh_index,mesh_index_original
87530,8743,0.0410094,0,0,0
87530,8744,0.0310084,0,0,0
87530,8745,0.0210073,0,0,0
87530,8746,0.0110063,0,0,0
87530,8747,0.00100528,0,0,0
87530,8748,-0.00899576,0,0,0
87530,8749,-0.0189968,0,0,0
87530,8750,-0.0289978,0,0,0
87530,8751,-0.0389989,0,0,0
87530,8752,-0.0489999,0,0,0
