time,particle_id,x,y,mesh_index,mesh_index_original
63320,6322,0.043007,0,0,0
63320,6323,0.0330062,0,0,0
63320,6324,0.0230055,0,0,0
63320,6325,0.0130047,0,0,0
63320,6326,0.00300397,0,0,0
63320,6327,-0.00699678,0,0,0
63320,6328,-0.0169975,0,0,0
63320,6329,-0.0269983,0,0,0
63320,6330,-0.036999,0,0,0
63320,6331,-0.0469998,0,0,0
