time,particle_id,x,y,mesh_index,mesh_index_original
97440,9734,0.0400104,0,0,0
97440,9735,0.0300092,0,0,0
97440,9736,0.0200081,0,0,0
97440,9737,0.0100069,0,0,0
97440,9738,5.75907e-06,0,0,0
97440,9739,-0.00999539,0,0,0
97440,9740,-0.0199965,0,0,0
97440,9741,-0.0299977,0,0,0
97440,9742,-0.0399988,0,0,0
