time,particle_id,x,y,mesh_index,mesh_index_original
60940,6084,0.0430067,0,0,0
60940,6085,0.033006,0,0,0
60940,6086,0.0230053,0,0,0
60940,6087,0.0130045,0,0,0
60940,6088,0.00300382,0,0,0
60940,6089,-0.0069969,0,0,0
60940,6090,-0.0169976,0,0,0
60940,6091,-0.0269983,0,0,0
60940,6092,-0.0369991,0,0,0
60940,6093,-0.0469998,0,0,0
