time,particle_id,x,y,mesh_index,mesh_index_original
88790,8869,0.0410095,0,0,0
88790,8870,0.0310085,0,0,0
88790,8871,0.0210075,0,0,0
88790,8872,0.0110064,0,0,0
88790,8873,0.00100535,0,0,0
88790,8874,-0.0089957,0,0,0
88790,8875,-0.0189967,0,0,0
88790,8876,-0.0289978,0,0,0
88790,8877,-0.0389988,0,0,0
88790,8878,-0.0489999,0,0,0
