time,particle_id,x,y,mesh_index,mesh_index_original
22590,2249,0.0470026,0,0,0
22590,2250,0.0370023,0,0,0
22590,2251,0.027002,0,0,0
22590,2252,0.0170018,0,0,0
22590,2253,0.00700152,0,0,0
22590,2254,-0.00299875,0,0,0
22590,2255,-0.012999,0,0,0
22590,2256,-0.0229993,0,0,0
22590,2257,-0.0329995,0,0,0
22590,2258,-0.0429998,0,0,0
