time,particle_id,x,y,mesh_index,mesh_index_original
16640,1654,0.0480019,0,0,0
16640,1655,0.0380017,0,0,0
16640,1656,0.0280015,0,0,0
16640,1657,0.0180013,0,0,0
16640,1658,0.00800114,0,0,0
16640,1659,-0.00199906,0,0,0
16640,1660,-0.0119993,0,0,0
16640,1661,-0.0219995,0,0,0
16640,1662,-0.0319996,0,0,0
16640,1663,-0.0419998,0,0,0
