time,particle_id,x,y,mesh_index,mesh_index_original
74950,7485,0.0420081,0,0,0
74950,7486,0.0320073,0,0,0
74950,7487,0.0220064,0,0,0
74950,7488,0.0120055,0,0,0
74950,7489,0.00200461,0,0,0
74950,7490,-0.00799628,0,0,0
74950,7491,-0.0179972,0,0,0
74950,7492,-0.0279981,0,0,0
74950,7493,-0.0379989,0,0,0
74950,7494,-0.0479998,0,0,0
