time,particle_id,x,y,mesh_index,mesh_index_original
77170,7707,0.0420084,0,0,0
77170,7708,0.0320075,0,0,0
77170,7709,0.0220066,0,0,0
77170,7710,0.0120057,0,0,0
77170,7711,0.00200474,0,0,0
77170,7712,-0.00799617,0,0,0
77170,7713,-0.0179971,0,0,0
77170,7714,-0.027998,0,0,0
77170,7715,-0.0379989,0,0,0
77170,7716,-0.0479998,0,0,0
