time,particle_id,x,y,mesh_index,mesh_index_original
19090,1899,0.0480022,0,0,0
19090,1900,0.038002,0,0,0
19090,1901,0.0280018,0,0,0
19090,1902,0.0180015,0,0,0
19090,1903,0.0080013,0,0,0
19090,1904,-0.00199892,0,0,0
19090,1905,-0.0119991,0,0,0
19090,1906,-0.0219994,0,0,0
19090,1907,-0.0319996,0,0,0
19090,1908,-0.0419998,0,0,0
