time,particle_id,x,y,mesh_index,mesh_index_original
59160,5906,0.0440066,0,0,0
59160,5907,0.0340059,0,0,0
59160,5908,0.0240052,0,0,0
59160,5909,0.0140045,0,0,0
59160,5910,0.00400377,0,0,0
59160,5911,-0.00599692,0,0,0
59160,5912,-0.0159976,0,0,0
59160,5913,-0.0259983,0,0,0
59160,5914,-0.035999,0,0,0
59160,5915,-0.0459997,0,0,0
