time,particle_id,x,y,mesh_index,mesh_index_original
62870,6277,0.0430069,0,0,0
62870,6278,0.0330062,0,0,0
62870,6279,0.0230054,0,0,0
62870,6280,0.0130047,0,0,0
62870,6281,0.00300394,0,0,0
62870,6282,-0.00699681,0,0,0
62870,6283,-0.0169975,0,0,0
62870,6284,-0.0269983,0,0,0
62870,6285,-0.036999,0,0,0
62870,6286,-0.0469998,0,0,0
