time,particle_id,x,y,mesh_index,mesh_index_original
38470,3837,0.0460044,0,0,0
38470,3838,0.0360039,0,0,0
38470,3839,0.0260035,0,0,0
38470,3840,0.016003,0,0,0
38470,3841,0.00600254,0,0,0
38470,3842,-0.00399791,0,0,0
38470,3843,-0.0139984,0,0,0
38470,3844,-0.0239988,0,0,0
38470,3845,-0.0339993,0,0,0
38470,3846,-0.0439997,0,0,0
