time,particle_id,x,y,mesh_index,mesh_index_original
90290,9019,0.0400096,0,0,0
90290,9020,0.0300085,0,0,0
90290,9021,0.0200075,0,0,0
90290,9022,0.0100064,0,0,0
90290,9023,5.33611e-06,0,0,0
90290,9024,-0.00999573,0,0,0
90290,9025,-0.0199968,0,0,0
90290,9026,-0.0299979,0,0,0
90290,9027,-0.0399989,0,0,0
