time,particle_id,x,y,mesh_index,mesh_index_original
12570,1247,0.0480014,0,0,0
12570,1248,0.0380013,0,0,0
12570,1249,0.0280012,0,0,0
12570,1250,0.018001,0,0,0
12570,1251,0.00800086,0,0,0
12570,1252,-0.00199929,0,0,0
12570,1253,-0.0119994,0,0,0
12570,1254,-0.0219996,0,0,0
12570,1255,-0.0319997,0,0,0
12570,1256,-0.0419999,0,0,0
