time,particle_id,x,y,mesh_index,mesh_index_original
4060,396,0.0490005,0,0,0
4060,397,0.0390004,0,0,0
4060,398,0.0290004,0,0,0
4060,399,0.0190003,0,0,0
4060,400,0.00900028,0,0,0
4060,401,-0.000999769,0,0,0
4060,402,-0.0109998,0,0,0
4060,403,-0.0209999,0,0,0
4060,404,-0.0309999,0,0,0
4060,405,-0.041,0,0,0
