time,particle_id,x,y,mesh_index,mesh_index_original
11480,1138,0.0480013,0,0,0
11480,1139,0.0380012,0,0,0
11480,1140,0.0280011,0,0,0
11480,1141,0.0180009,0,0,0
11480,1142,0.00800078,0,0,0
11480,1143,-0.00199935,0,0,0
11480,1144,-0.0119995,0,0,0
11480,1145,-0.0219996,0,0,0
11480,1146,-0.0319998,0,0,0
11480,1147,-0.0419999,0,0,0
