time,particle_id,x,y,mesh_index,mesh_index_original
82180,8208,0.0410088,0,0,0
82180,8209,0.0310079,0,0,0
82180,8210,0.0210069,0,0,0
82180,8211,0.0110059,0,0,0
82180,8212,0.00100495,0,0,0
82180,8213,-0.00899602,0,0,0
82180,8214,-0.018997,0,0,0
82180,8215,-0.028998,0,0,0
82180,8216,-0.0389989,0,0,0
82180,8217,-0.0489999,0,0,0
