time,particle_id,x,y,mesh_index,mesh_index_original
69770,6967,0.0430077,0,0,0
69770,6968,0.0330068,0,0,0
69770,6969,0.023006,0,0,0
69770,6970,0.0130052,0,0,0
69770,6971,0.00300437,0,0,0
69770,6972,-0.00699645,0,0,0
69770,6973,-0.0169973,0,0,0
69770,6974,-0.0269981,0,0,0
69770,6975,-0.0369989,0,0,0
69770,6976,-0.0469998,0,0,0
