time,particle_id,x,y,mesh_index,mesh_index_original
23350,2325,0.0470027,0,0,0
23350,2326,0.0370024,0,0,0
23350,2327,0.0270021,0,0,0
23350,2328,0.0170018,0,0,0
23350,2329,0.00700157,0,0,0
23350,2330,-0.00299871,0,0,0
23350,2331,-0.012999,0,0,0
23350,2332,-0.0229993,0,0,0
23350,2333,-0.0329995,0,0,0
23350,2334,-0.0429998,0,0,0
