time,particle_id,x,y,mesh_index,mesh_index_original
83980,8388,0.041009,0,0,0
83980,8389,0.031008,0,0,0
83980,8390,0.021007,0,0,0
83980,8391,0.0110061,0,0,0
83980,8392,0.00100506,0,0,0
83980,8393,-0.00899593,0,0,0
83980,8394,-0.0189969,0,0,0
83980,8395,-0.0289979,0,0,0
83980,8396,-0.0389989,0,0,0
83980,8397,-0.0489999,0,0,0
