time,particle_id,x,y,mesh_index,mesh_index_original
84590,8449,0.0410091,0,0,0
84590,8450,0.0310081,0,0,0
84590,8451,0.0210071,0,0,0
84590,8452,0.0110061,0,0,0
84590,8453,0.0010051,0,0,0
84590,8454,-0.0089959,0,0,0
84590,8455,-0.0189969,0,0,0
84590,8456,-0.0289979,0,0,0
84590,8457,-0.0389989,0,0,0
84590,8458,-0.0489999,0,0,0
