time,particle_id,x,y,mesh_index,mesh_index_original
7020,692,0.0490008,0,0,0
7020,693,0.0390007,0,0,0
7020,694,0.0290006,0,0,0
7020,695,0.0190006,0,0,0
7020,696,0.00900048,0,0,0
7020,697,-0.000999597,0,0,0
7020,698,-0.0109997,0,0,0
7020,699,-0.0209998,0,0,0
7020,700,-0.0309998,0,0,0
7020,701,-0.0409999,0,0,0
