time,particle_id,x,y,mesh_index,mesh_index_original
21400,2130,0.0470024,0,0,0
21400,2131,0.0370022,0,0,0
21400,2132,0.0270019,0,0,0
21400,2133,0.0170017,0,0,0
21400,2134,0.00700144,0,0,0
21400,2135,-0.00299881,0,0,0
21400,2136,-0.0129991,0,0,0
21400,2137,-0.0229993,0,0,0
21400,2138,-0.0329996,0,0,0
21400,2139,-0.0429998,0,0,0
