time,particle_id,x,y,mesh_index,mesh_index_original
34160,3406,0.0460039,0,0,0
34160,3407,0.0360035,0,0,0
34160,3408,0.0260031,0,0,0
34160,3409,0.0160027,0,0,0
34160,3410,0.00600226,0,0,0
34160,3411,-0.00399815,0,0,0
34160,3412,-0.0139985,0,0,0
34160,3413,-0.023999,0,0,0
34160,3414,-0.0339994,0,0,0
34160,3415,-0.0439998,0,0,0
