time,particle_id,x,y,mesh_index,mesh_index_original
280,18,0.049,0,0,0
280,19,0.039,0,0,0
280,20,0.029,0,0,0
280,21,0.019,0,0,0
280,22,0.00900001,0,0,0
280,23,-0.000999988,0,0,0
280,24,-0.011,0,0,0
280,25,-0.021,0,0,0
280,26,-0.031,0,0,0
280,27,-0.041,0,0,0
