time,particle_id,x,y,mesh_index,mesh_index_original
81170,8107,0.0410087,0,0,0
81170,8108,0.0310078,0,0,0
81170,8109,0.0210068,0,0,0
81170,8110,0.0110059,0,0,0
81170,8111,0.00100489,0,0,0
81170,8112,-0.00899607,0,0,0
81170,8113,-0.018997,0,0,0
81170,8114,-0.028998,0,0,0
81170,8115,-0.0389989,0,0,0
81170,8116,-0.0489999,0,0,0
