time,particle_id,x,y,mesh_index,mesh_index_original
3010,291,0.0490003,0,0,0
3010,292,0.0390003,0,0,0
3010,293,0.0290003,0,0,0
3010,294,0.0190002,0,0,0
3010,295,0.0090002,0,0,0
3010,296,-0.00099983,0,0,0
3010,297,-0.0109999,0,0,0
3010,298,-0.0209999,0,0,0
3010,299,-0.0309999,0,0,0
3010,300,-0.041,0,0,0
