time,particle_id,x,y,mesh_index,mesh_index_original
95370,9527,0.0400101,0,0,0
95370,9528,0.030009,0,0,0
95370,9529,0.0200079,0,0,0
95370,9530,0.0100068,0,0,0
95370,9531,5.63662e-06,0,0,0
95370,9532,-0.00999549,0,0,0
95370,9533,-0.0199966,0,0,0
95370,9534,-0.0299977,0,0,0
95370,9535,-0.0399989,0,0,0
