time,particle_id,x,y,mesh_index,mesh_index_original
85330,8523,0.0410092,0,0,0
85330,8524,0.0310082,0,0,0
85330,8525,0.0210072,0,0,0
85330,8526,0.0110062,0,0,0
85330,8527,0.00100514,0,0,0
85330,8528,-0.00899586,0,0,0
85330,8529,-0.0189969,0,0,0
85330,8530,-0.0289979,0,0,0
85330,8531,-0.0389989,0,0,0
85330,8532,-0.0489999,0,0,0
