time,particle_id,x,y,mesh_index,mesh_index_original
55590,5549,0.0440062,0,0,0
55590,5550,0.0340055,0,0,0
55590,5551,0.0240049,0,0,0
55590,5552,0.0140042,0,0,0
55590,5553,0.00400355,0,0,0
55590,5554,-0.00599711,0,0,0
55590,5555,-0.0159978,0,0,0
55590,5556,-0.0259984,0,0,0
55590,5557,-0.0359991,0,0,0
55590,5558,-0.0459997,0,0,0
