time,particle_id,x,y,mesh_index,mesh_index_original
4410,431,0.0490005,0,0,0
4410,432,0.0390005,0,0,0
4410,433,0.0290004,0,0,0
4410,434,0.0190004,0,0,0
4410,435,0.0090003,0,0,0
4410,436,-0.000999748,0,0,0
4410,437,-0.0109998,0,0,0
4410,438,-0.0209999,0,0,0
4410,439,-0.0309999,0,0,0
4410,440,-0.041,0,0,0
