time,particle_id,x,y,mesh_index,mesh_index_original
85470,8537,0.0410092,0,0,0
85470,8538,0.0310082,0,0,0
85470,8539,0.0210072,0,0,0
85470,8540,0.0110062,0,0,0
85470,8541,0.00100515,0,0,0
85470,8542,-0.00899586,0,0,0
85470,8543,-0.0189969,0,0,0
85470,8544,-0.0289979,0,0,0
85470,8545,-0.0389989,0,0,0
85470,8546,-0.0489999,0,0,0
