time,particle_id,x,y,mesh_index,mesh_index_original
92480,9238,0.0400098,0,0,0
92480,9239,0.0300087,0,0,0
92480,9240,0.0200077,0,0,0
92480,9241,0.0100066,0,0,0
92480,9242,5.46566e-06,0,0,0
92480,9243,-0.00999563,0,0,0
92480,9244,-0.0199967,0,0,0
92480,9245,-0.0299978,0,0,0
92480,9246,-0.0399989,0,0,0
