time,particle_id,x,y,mesh_index,mesh_index_original
98740,9864,0.0400105,0,0,0
98740,9865,0.0300093,0,0,0
98740,9866,0.0200082,0,0,0
98740,9867,0.010007,0,0,0
98740,9868,5.83598e-06,0,0,0
98740,9869,-0.00999533,0,0,0
98740,9870,-0.0199965,0,0,0
98740,9871,-0.0299977,0,0,0
98740,9872,-0.0399988,0,0,0
