time,particle_id,x,y,mesh_index,mesh_index_original
19990,1989,0.0480023,0,0,0
19990,1990,0.0380021,0,0,0
19990,1991,0.0280018,0,0,0
19990,1992,0.0180016,0,0,0
19990,1993,0.00800137,0,0,0
19990,1994,-0.00199887,0,0,0
19990,1995,-0.0119991,0,0,0
19990,1996,-0.0219993,0,0,0
19990,1997,-0.0319996,0,0,0
19990,1998,-0.0419998,0,0,0
