time,particle_id,x,y,mesh_index,mesh_index_original
49580,4948,0.0450056,0,0,0
49580,4949,0.035005,0,0,0
49580,4950,0.0250044,0,0,0
49580,4951,0.0150038,0,0,0
49580,4952,0.00500322,0,0,0
49580,4953,-0.00499736,0,0,0
49580,4954,-0.0149979,0,0,0
49580,4955,-0.0249985,0,0,0
49580,4956,-0.0349991,0,0,0
49580,4957,-0.0449997,0,0,0
