time,particle_id,x,y,mesh_index,mesh_index_original
99700,9960,0.0400106,0,0,0
99700,9961,0.0300094,0,0,0
99700,9962,0.0200082,0,0,0
99700,9963,0.0100071,0,0,0
99700,9964,5.89277e-06,0,0,0
99700,9965,-0.00999529,0,0,0
99700,9966,-0.0199965,0,0,0
99700,9967,-0.0299976,0,0,0
99700,9968,-0.0399988,0,0,0
