time,particle_id,x,y,mesh_index,mesh_index_original
48290,4819,0.0450054,0,0,0
48290,4820,0.0350048,0,0,0
48290,4821,0.0250043,0,0,0
48290,4822,0.0150037,0,0,0
48290,4823,0.00500314,0,0,0
48290,4824,-0.00499743,0,0,0
48290,4825,-0.014998,0,0,0
48290,4826,-0.0249986,0,0,0
48290,4827,-0.0349991,0,0,0
48290,4828,-0.0449997,0,0,0
