time,particle_id,x,y,mesh_index,mesh_index_original
57730,5763,0.0440064,0,0,0
57730,5764,0.0340057,0,0,0
57730,5765,0.024005,0,0,0
57730,5766,0.0140044,0,0,0
57730,5767,0.00400368,0,0,0
57730,5768,-0.005997,0,0,0
57730,5769,-0.0159977,0,0,0
57730,5770,-0.0259984,0,0,0
57730,5771,-0.035999,0,0,0
57730,5772,-0.0459997,0,0,0
