time,particle_id,x,y,mesh_index,mesh_index_original
75220,7512,0.0420082,0,0,0
75220,7513,0.0320073,0,0,0
75220,7514,0.0220064,0,0,0
75220,7515,0.0120055,0,0,0
75220,7516,0.00200462,0,0,0
75220,7517,-0.00799627,0,0,0
75220,7518,-0.0179972,0,0,0
75220,7519,-0.027998,0,0,0
75220,7520,-0.0379989,0,0,0
75220,7521,-0.0479998,0,0,0
