time,particle_id,x,y,mesh_index,mesh_index_original
22620,2252,0.0470026,0,0,0
22620,2253,0.0370023,0,0,0
22620,2254,0.0270021,0,0,0
22620,2255,0.0170018,0,0,0
22620,2256,0.00700152,0,0,0
22620,2257,-0.00299875,0,0,0
22620,2258,-0.012999,0,0,0
22620,2259,-0.0229993,0,0,0
22620,2260,-0.0329995,0,0,0
22620,2261,-0.0429998,0,0,0
