time,particle_id,x,y,mesh_index,mesh_index_original
30610,3051,0.0460035,0,0,0
30610,3052,0.0360031,0,0,0
30610,3053,0.0260027,0,0,0
30610,3054,0.0160024,0,0,0
30610,3055,0.00600202,0,0,0
30610,3056,-0.00399834,0,0,0
30610,3057,-0.0139987,0,0,0
30610,3058,-0.0239991,0,0,0
30610,3059,-0.0339994,0,0,0
30610,3060,-0.0439998,0,0,0
