time,particle_id,x,y,mesh_index,mesh_index_original
88240,8814,0.0410095,0,0,0
88240,8815,0.0310084,0,0,0
88240,8816,0.0210074,0,0,0
88240,8817,0.0110064,0,0,0
88240,8818,0.00100532,0,0,0
88240,8819,-0.00899572,0,0,0
88240,8820,-0.0189968,0,0,0
88240,8821,-0.0289978,0,0,0
88240,8822,-0.0389989,0,0,0
88240,8823,-0.0489999,0,0,0
