time,particle_id,x,y,mesh_index,mesh_index_original
18120,1802,0.0480021,0,0,0
18120,1803,0.0380019,0,0,0
18120,1804,0.0280017,0,0,0
18120,1805,0.0180015,0,0,0
18120,1806,0.00800124,0,0,0
18120,1807,-0.00199898,0,0,0
18120,1808,-0.0119992,0,0,0
18120,1809,-0.0219994,0,0,0
18120,1810,-0.0319996,0,0,0
18120,1811,-0.0419998,0,0,0
