time,particle_id,x,y,mesh_index,mesh_index_original
41560,4146,0.0450047,0,0,0
41560,4147,0.0350042,0,0,0
41560,4148,0.0250037,0,0,0
41560,4149,0.0150032,0,0,0
41560,4150,0.0050027,0,0,0
41560,4151,-0.00499779,0,0,0
41560,4152,-0.0149983,0,0,0
41560,4153,-0.0249988,0,0,0
41560,4154,-0.0349993,0,0,0
41560,4155,-0.0449998,0,0,0
