time,particle_id,x,y,mesh_index,mesh_index_original
63530,6343,0.043007,0,0,0
63530,6344,0.0330062,0,0,0
63530,6345,0.0230055,0,0,0
63530,6346,0.0130047,0,0,0
63530,6347,0.00300398,0,0,0
63530,6348,-0.00699677,0,0,0
63530,6349,-0.0169975,0,0,0
63530,6350,-0.0269983,0,0,0
63530,6351,-0.036999,0,0,0
63530,6352,-0.0469998,0,0,0
