time,particle_id,x,y,mesh_index,mesh_index_original
49420,4932,0.0450055,0,0,0
49420,4933,0.035005,0,0,0
49420,4934,0.0250044,0,0,0
49420,4935,0.0150038,0,0,0
49420,4936,0.00500321,0,0,0
49420,4937,-0.00499737,0,0,0
49420,4938,-0.014998,0,0,0
49420,4939,-0.0249985,0,0,0
49420,4940,-0.0349991,0,0,0
49420,4941,-0.0449997,0,0,0
