time,particle_id,x,y,mesh_index,mesh_index_original
45680,4558,0.0450051,0,0,0
45680,4559,0.0350046,0,0,0
45680,4560,0.025004,0,0,0
45680,4561,0.0150035,0,0,0
45680,4562,0.00500297,0,0,0
45680,4563,-0.00499757,0,0,0
45680,4564,-0.0149981,0,0,0
45680,4565,-0.0249987,0,0,0
45680,4566,-0.0349992,0,0,0
45680,4567,-0.0449997,0,0,0
