time,particle_id,x,y,mesh_index,mesh_index_original
57610,5751,0.0440064,0,0,0
57610,5752,0.0340057,0,0,0
57610,5753,0.024005,0,0,0
57610,5754,0.0140044,0,0,0
57610,5755,0.00400368,0,0,0
57610,5756,-0.00599701,0,0,0
57610,5757,-0.0159977,0,0,0
57610,5758,-0.0259984,0,0,0
57610,5759,-0.035999,0,0,0
57610,5760,-0.0459997,0,0,0
