time,particle_id,x,y,mesh_index,mesh_index_original
51050,5095,0.0440057,0,0,0
51050,5096,0.0340051,0,0,0
51050,5097,0.0240045,0,0,0
51050,5098,0.0140039,0,0,0
51050,5099,0.00400326,0,0,0
51050,5100,-0.00599735,0,0,0
51050,5101,-0.0159979,0,0,0
51050,5102,-0.0259986,0,0,0
51050,5103,-0.0359992,0,0,0
51050,5104,-0.0459998,0,0,0
