time,particle_id,x,y,mesh_index,mesh_index_original
52660,5256,0.0440058,0,0,0
52660,5257,0.0340052,0,0,0
52660,5258,0.0240046,0,0,0
52660,5259,0.014004,0,0,0
52660,5260,0.00400336,0,0,0
52660,5261,-0.00599726,0,0,0
52660,5262,-0.0159979,0,0,0
52660,5263,-0.0259985,0,0,0
52660,5264,-0.0359991,0,0,0
52660,5265,-0.0459998,0,0,0
