time,particle_id,x,y,mesh_index,mesh_index_original
40990,4089,0.0450046,0,0,0
40990,4090,0.0350041,0,0,0
40990,4091,0.0250036,0,0,0
40990,4092,0.0150031,0,0,0
40990,4093,0.00500266,0,0,0
40990,4094,-0.00499782,0,0,0
40990,4095,-0.0149983,0,0,0
40990,4096,-0.0249988,0,0,0
40990,4097,-0.0349993,0,0,0
40990,4098,-0.0449998,0,0,0
