time,particle_id,x,y,mesh_index,mesh_index_original
19980,1988,0.0480023,0,0,0
19980,1989,0.0380021,0,0,0
19980,1990,0.0280018,0,0,0
19980,1991,0.0180016,0,0,0
19980,1992,0.00800137,0,0,0
19980,1993,-0.00199887,0,0,0
19980,1994,-0.0119991,0,0,0
19980,1995,-0.0219993,0,0,0
19980,1996,-0.0319996,0,0,0
19980,1997,-0.0419998,0,0,0
