time,particle_id,x,y,mesh_index,mesh_index_original
64380,6428,0.0430071,0,0,0
64380,6429,0.0330063,0,0,0
64380,6430,0.0230056,0,0,0
64380,6431,0.0130048,0,0,0
64380,6432,0.00300403,0,0,0
64380,6433,-0.00699673,0,0,0
64380,6434,-0.0169975,0,0,0
64380,6435,-0.0269982,0,0,0
64380,6436,-0.036999,0,0,0
64380,6437,-0.0469998,0,0,0
