time,particle_id,x,y,mesh_index,mesh_index_original
60700,6060,0.0430067,0,0,0
60700,6061,0.033006,0,0,0
60700,6062,0.0230052,0,0,0
60700,6063,0.0130045,0,0,0
60700,6064,0.0030038,0,0,0
60700,6065,-0.00699692,0,0,0
60700,6066,-0.0169976,0,0,0
60700,6067,-0.0269984,0,0,0
60700,6068,-0.0369991,0,0,0
60700,6069,-0.0469998,0,0,0
