time,particle_id,x,y,mesh_index,mesh_index_original
4420,432,0.0490005,0,0,0
4420,433,0.0390005,0,0,0
4420,434,0.0290004,0,0,0
4420,435,0.0190004,0,0,0
4420,436,0.0090003,0,0,0
4420,437,-0.000999748,0,0,0
4420,438,-0.0109998,0,0,0
4420,439,-0.0209999,0,0,0
4420,440,-0.0309999,0,0,0
4420,441,-0.041,0,0,0
