time,particle_id,x,y,mesh_index,mesh_index_original
45800,4570,0.0450051,0,0,0
45800,4571,0.0350046,0,0,0
45800,4572,0.0250041,0,0,0
45800,4573,0.0150035,0,0,0
45800,4574,0.00500297,0,0,0
45800,4575,-0.00499757,0,0,0
45800,4576,-0.0149981,0,0,0
45800,4577,-0.0249986,0,0,0
45800,4578,-0.0349992,0,0,0
45800,4579,-0.0449997,0,0,0
