time,particle_id,x,y,mesh_index,mesh_index_original
4190,409,0.0490005,0,0,0
4190,410,0.0390004,0,0,0
4190,411,0.0290004,0,0,0
4190,412,0.0190003,0,0,0
4190,413,0.00900029,0,0,0
4190,414,-0.000999761,0,0,0
4190,415,-0.0109998,0,0,0
4190,416,-0.0209999,0,0,0
4190,417,-0.0309999,0,0,0
4190,418,-0.041,0,0,0
