time,particle_id,x,y,mesh_index,mesh_index_original
5340,524,0.0490006,0,0,0
5340,525,0.0390006,0,0,0
5340,526,0.0290005,0,0,0
5340,527,0.0190004,0,0,0
5340,528,0.00900037,0,0,0
5340,529,-0.000999695,0,0,0
5340,530,-0.0109998,0,0,0
5340,531,-0.0209998,0,0,0
5340,532,-0.0309999,0,0,0
5340,533,-0.0409999,0,0,0
