time,particle_id,x,y,mesh_index,mesh_index_original
15370,1527,0.0480018,0,0,0
15370,1528,0.0380016,0,0,0
15370,1529,0.0280014,0,0,0
15370,1530,0.0180012,0,0,0
15370,1531,0.00800105,0,0,0
15370,1532,-0.00199913,0,0,0
15370,1533,-0.0119993,0,0,0
15370,1534,-0.0219995,0,0,0
15370,1535,-0.0319997,0,0,0
15370,1536,-0.0419999,0,0,0
