time,particle_id,x,y,mesh_index,mesh_index_original
29170,2907,0.0470033,0,0,0
29170,2908,0.037003,0,0,0
29170,2909,0.0270026,0,0,0
29170,2910,0.0170023,0,0,0
29170,2911,0.00700196,0,0,0
29170,2912,-0.00299838,0,0,0
29170,2913,-0.0129987,0,0,0
29170,2914,-0.0229991,0,0,0
29170,2915,-0.0329994,0,0,0
29170,2916,-0.0429998,0,0,0
