time,particle_id,x,y,mesh_index,mesh_index_original
160,6,0.049,0,0,0
160,7,0.039,0,0,0
160,8,0.029,0,0,0
160,9,0.019,0,0,0
160,10,0.00900001,0,0,0
160,11,-0.000999995,0,0,0
160,12,-0.011,0,0,0
160,13,-0.021,0,0,0
160,14,-0.031,0,0,0
160,15,-0.041,0,0,0
