time,particle_id,x,y,mesh_index,mesh_index_original
72710,7261,0.0420079,0,0,0
72710,7262,0.032007,0,0,0
72710,7263,0.0220062,0,0,0
72710,7264,0.0120053,0,0,0
72710,7265,0.00200447,0,0,0
72710,7266,-0.00799639,0,0,0
72710,7267,-0.0179973,0,0,0
72710,7268,-0.0279981,0,0,0
72710,7269,-0.037999,0,0,0
72710,7270,-0.0479998,0,0,0
