time,particle_id,x,y,mesh_index,mesh_index_original
18310,1821,0.0480021,0,0,0
18310,1822,0.0380019,0,0,0
18310,1823,0.0280017,0,0,0
18310,1824,0.0180015,0,0,0
18310,1825,0.00800125,0,0,0
18310,1826,-0.00199896,0,0,0
18310,1827,-0.0119992,0,0,0
18310,1828,-0.0219994,0,0,0
18310,1829,-0.0319996,0,0,0
18310,1830,-0.0419998,0,0,0
