time,particle_id,x,y,mesh_index,mesh_index_original
3450,335,0.0490004,0,0,0
3450,336,0.0390004,0,0,0
3450,337,0.0290003,0,0,0
3450,338,0.0190003,0,0,0
3450,339,0.00900024,0,0,0
3450,340,-0.000999804,0,0,0
3450,341,-0.0109998,0,0,0
3450,342,-0.0209999,0,0,0
3450,343,-0.0309999,0,0,0
3450,344,-0.041,0,0,0
