time,particle_id,x,y,mesh_index,mesh_index_original
19510,1941,0.0480023,0,0,0
19510,1942,0.038002,0,0,0
19510,1943,0.0280018,0,0,0
19510,1944,0.0180016,0,0,0
19510,1945,0.00800133,0,0,0
19510,1946,-0.0019989,0,0,0
19510,1947,-0.0119991,0,0,0
19510,1948,-0.0219994,0,0,0
19510,1949,-0.0319996,0,0,0
19510,1950,-0.0419998,0,0,0
