time,particle_id,x,y,mesh_index,mesh_index_original
87990,8789,0.0410095,0,0,0
87990,8790,0.0310084,0,0,0
87990,8791,0.0210074,0,0,0
87990,8792,0.0110063,0,0,0
87990,8793,0.0010053,0,0,0
87990,8794,-0.00899574,0,0,0
87990,8795,-0.0189968,0,0,0
87990,8796,-0.0289978,0,0,0
87990,8797,-0.0389989,0,0,0
87990,8798,-0.0489999,0,0,0
