time,particle_id,x,y,mesh_index,mesh_index_original
57890,5779,0.0440064,0,0,0
57890,5780,0.0340057,0,0,0
57890,5781,0.0240051,0,0,0
57890,5782,0.0140044,0,0,0
57890,5783,0.00400369,0,0,0
57890,5784,-0.00599699,0,0,0
57890,5785,-0.0159977,0,0,0
57890,5786,-0.0259984,0,0,0
57890,5787,-0.035999,0,0,0
57890,5788,-0.0459997,0,0,0
