time,particle_id,x,y,mesh_index,mesh_index_original
8420,832,0.049001,0,0,0
8420,833,0.0390009,0,0,0
8420,834,0.0290008,0,0,0
8420,835,0.0190007,0,0,0
8420,836,0.00900058,0,0,0
8420,837,-0.000999516,0,0,0
8420,838,-0.0109996,0,0,0
8420,839,-0.0209997,0,0,0
8420,840,-0.0309998,0,0,0
8420,841,-0.0409999,0,0,0
