time,particle_id,x,y,mesh_index,mesh_index_original
66580,6648,0.0430073,0,0,0
66580,6649,0.0330065,0,0,0
66580,6650,0.0230057,0,0,0
66580,6651,0.013005,0,0,0
66580,6652,0.00300417,0,0,0
66580,6653,-0.00699662,0,0,0
66580,6654,-0.0169974,0,0,0
66580,6655,-0.0269982,0,0,0
66580,6656,-0.036999,0,0,0
66580,6657,-0.0469998,0,0,0
