time,particle_id,x,y,mesh_index,mesh_index_original
31220,3112,0.0460035,0,0,0
31220,3113,0.0360032,0,0,0
31220,3114,0.0260028,0,0,0
31220,3115,0.0160024,0,0,0
31220,3116,0.00600206,0,0,0
31220,3117,-0.00399831,0,0,0
31220,3118,-0.0139987,0,0,0
31220,3119,-0.023999,0,0,0
31220,3120,-0.0339994,0,0,0
31220,3121,-0.0439998,0,0,0
