time,particle_id,x,y,mesh_index,mesh_index_original
55130,5503,0.0440061,0,0,0
55130,5504,0.0340055,0,0,0
55130,5505,0.0240048,0,0,0
55130,5506,0.0140042,0,0,0
55130,5507,0.00400352,0,0,0
55130,5508,-0.00599713,0,0,0
55130,5509,-0.0159978,0,0,0
55130,5510,-0.0259984,0,0,0
55130,5511,-0.0359991,0,0,0
55130,5512,-0.0459997,0,0,0
