time,particle_id,x,y,mesh_index,mesh_index_original
40110,4001,0.0450045,0,0,0
40110,4002,0.035004,0,0,0
40110,4003,0.0250036,0,0,0
40110,4004,0.0150031,0,0,0
40110,4005,0.0050026,0,0,0
40110,4006,-0.00499787,0,0,0
40110,4007,-0.0149983,0,0,0
40110,4008,-0.0249988,0,0,0
40110,4009,-0.0349993,0,0,0
40110,4010,-0.0449998,0,0,0
