time,particle_id,x,y,mesh_index,mesh_index_original
1980,188,0.0490002,0,0,0
1980,189,0.0390002,0,0,0
1980,190,0.0290002,0,0,0
1980,191,0.0190002,0,0,0
1980,192,0.00900013,0,0,0
1980,193,-0.000999889,0,0,0
1980,194,-0.0109999,0,0,0
1980,195,-0.0209999,0,0,0
1980,196,-0.031,0,0,0
1980,197,-0.041,0,0,0
