time,particle_id,x,y,mesh_index,mesh_index_original
95140,9504,0.0400101,0,0,0
95140,9505,0.030009,0,0,0
95140,9506,0.0200079,0,0,0
95140,9507,0.0100067,0,0,0
95140,9508,5.62301e-06,0,0,0
95140,9509,-0.0099955,0,0,0
95140,9510,-0.0199966,0,0,0
95140,9511,-0.0299978,0,0,0
95140,9512,-0.0399989,0,0,0
