time,particle_id,x,y,mesh_index,mesh_index_original
87520,8742,0.0410094,0,0,0
87520,8743,0.0310084,0,0,0
87520,8744,0.0210073,0,0,0
87520,8745,0.0110063,0,0,0
87520,8746,0.00100528,0,0,0
87520,8747,-0.00899576,0,0,0
87520,8748,-0.0189968,0,0,0
87520,8749,-0.0289978,0,0,0
87520,8750,-0.0389989,0,0,0
87520,8751,-0.0489999,0,0,0
