time,particle_id,x,y,mesh_index,mesh_index_original
94250,9415,0.04001,0,0,0
94250,9416,0.0300089,0,0,0
94250,9417,0.0200078,0,0,0
94250,9418,0.0100067,0,0,0
94250,9419,5.57037e-06,0,0,0
94250,9420,-0.00999554,0,0,0
94250,9421,-0.0199967,0,0,0
94250,9422,-0.0299978,0,0,0
94250,9423,-0.0399989,0,0,0
