time,particle_id,x,y,mesh_index,mesh_index_original
560,46,0.0490001,0,0,0
560,47,0.039,0,0,0
560,48,0.029,0,0,0
560,49,0.019,0,0,0
560,50,0.00900003,0,0,0
560,51,-0.000999972,0,0,0
560,52,-0.011,0,0,0
560,53,-0.021,0,0,0
560,54,-0.031,0,0,0
560,55,-0.041,0,0,0
