time,particle_id,x,y,mesh_index,mesh_index_original
53000,5290,0.0440059,0,0,0
53000,5291,0.0340053,0,0,0
53000,5292,0.0240046,0,0,0
53000,5293,0.014004,0,0,0
53000,5294,0.00400338,0,0,0
53000,5295,-0.00599725,0,0,0
53000,5296,-0.0159979,0,0,0
53000,5297,-0.0259985,0,0,0
53000,5298,-0.0359991,0,0,0
53000,5299,-0.0459997,0,0,0
