time,particle_id,x,y,mesh_index,mesh_index_original
8310,821,0.049001,0,0,0
8310,822,0.0390009,0,0,0
8310,823,0.0290008,0,0,0
8310,824,0.0190007,0,0,0
8310,825,0.00900057,0,0,0
8310,826,-0.000999522,0,0,0
8310,827,-0.0109996,0,0,0
8310,828,-0.0209997,0,0,0
8310,829,-0.0309998,0,0,0
8310,830,-0.0409999,0,0,0
