time,particle_id,x,y,mesh_index,mesh_index_original
7460,736,0.0490009,0,0,0
7460,737,0.0390008,0,0,0
7460,738,0.0290007,0,0,0
7460,739,0.0190006,0,0,0
7460,740,0.00900052,0,0,0
7460,741,-0.000999572,0,0,0
7460,742,-0.0109997,0,0,0
7460,743,-0.0209997,0,0,0
7460,744,-0.0309998,0,0,0
7460,745,-0.0409999,0,0,0
