time,particle_id,x,y,mesh_index,mesh_index_original
42870,4277,0.0450048,0,0,0
42870,4278,0.0350043,0,0,0
42870,4279,0.0250038,0,0,0
42870,4280,0.0150033,0,0,0
42870,4281,0.00500278,0,0,0
42870,4282,-0.00499772,0,0,0
42870,4283,-0.0149982,0,0,0
42870,4284,-0.0249987,0,0,0
42870,4285,-0.0349992,0,0,0
42870,4286,-0.0449997,0,0,0
