time,particle_id,x,y,mesh_index,mesh_index_original
52850,5275,0.0440059,0,0,0
52850,5276,0.0340052,0,0,0
52850,5277,0.0240046,0,0,0
52850,5278,0.014004,0,0,0
52850,5279,0.00400337,0,0,0
52850,5280,-0.00599725,0,0,0
52850,5281,-0.0159979,0,0,0
52850,5282,-0.0259985,0,0,0
52850,5283,-0.0359991,0,0,0
52850,5284,-0.0459998,0,0,0
