time,particle_id,x,y,mesh_index,mesh_index_original
10740,1064,0.0480012,0,0,0
10740,1065,0.0380011,0,0,0
10740,1066,0.028001,0,0,0
10740,1067,0.0180009,0,0,0
10740,1068,0.00800073,0,0,0
10740,1069,-0.00199939,0,0,0
10740,1070,-0.0119995,0,0,0
10740,1071,-0.0219996,0,0,0
10740,1072,-0.0319998,0,0,0
10740,1073,-0.0419999,0,0,0
