time,particle_id,x,y,mesh_index,mesh_index_original
49770,4967,0.0450056,0,0,0
49770,4968,0.035005,0,0,0
49770,4969,0.0250044,0,0,0
49770,4970,0.0150038,0,0,0
49770,4971,0.00500323,0,0,0
49770,4972,-0.00499735,0,0,0
49770,4973,-0.0149979,0,0,0
49770,4974,-0.0249985,0,0,0
49770,4975,-0.0349991,0,0,0
49770,4976,-0.0449997,0,0,0
