time,particle_id,x,y,mesh_index,mesh_index_original
52080,5198,0.0440058,0,0,0
52080,5199,0.0340052,0,0,0
52080,5200,0.0240046,0,0,0
52080,5201,0.0140039,0,0,0
52080,5202,0.00400332,0,0,0
52080,5203,-0.00599729,0,0,0
52080,5204,-0.0159979,0,0,0
52080,5205,-0.0259985,0,0,0
52080,5206,-0.0359991,0,0,0
52080,5207,-0.0459998,0,0,0
