time,particle_id,x,y,mesh_index,mesh_index_original
61960,6186,0.0430068,0,0,0
61960,6187,0.0330061,0,0,0
61960,6188,0.0230053,0,0,0
61960,6189,0.0130046,0,0,0
61960,6190,0.00300388,0,0,0
61960,6191,-0.00699685,0,0,0
61960,6192,-0.0169976,0,0,0
61960,6193,-0.0269983,0,0,0
61960,6194,-0.036999,0,0,0
61960,6195,-0.0469998,0,0,0
