time,particle_id,x,y,mesh_index,mesh_index_original
98800,9870,0.0400105,0,0,0
98800,9871,0.0300093,0,0,0
98800,9872,0.0200082,0,0,0
98800,9873,0.010007,0,0,0
98800,9874,5.83953e-06,0,0,0
98800,9875,-0.00999533,0,0,0
98800,9876,-0.0199965,0,0,0
98800,9877,-0.0299977,0,0,0
98800,9878,-0.0399988,0,0,0
