time,particle_id,x,y,mesh_index,mesh_index_original
68950,6885,0.0430076,0,0,0
68950,6886,0.0330068,0,0,0
68950,6887,0.0230059,0,0,0
68950,6888,0.0130051,0,0,0
68950,6889,0.00300432,0,0,0
68950,6890,-0.0069965,0,0,0
68950,6891,-0.0169973,0,0,0
68950,6892,-0.0269981,0,0,0
68950,6893,-0.0369989,0,0,0
68950,6894,-0.0469998,0,0,0
