time,particle_id,x,y,mesh_index,mesh_index_original
14150,1405,0.0480016,0,0,0
14150,1406,0.0380015,0,0,0
14150,1407,0.0280013,0,0,0
14150,1408,0.0180011,0,0,0
14150,1409,0.00800097,0,0,0
14150,1410,-0.0019992,0,0,0
14150,1411,-0.0119994,0,0,0
14150,1412,-0.0219995,0,0,0
14150,1413,-0.0319997,0,0,0
14150,1414,-0.0419999,0,0,0
