time,particle_id,x,y,mesh_index,mesh_index_original
54470,5437,0.044006,0,0,0
54470,5438,0.0340054,0,0,0
54470,5439,0.0240048,0,0,0
54470,5440,0.0140041,0,0,0
54470,5441,0.00400347,0,0,0
54470,5442,-0.00599717,0,0,0
54470,5443,-0.0159978,0,0,0
54470,5444,-0.0259985,0,0,0
54470,5445,-0.0359991,0,0,0
54470,5446,-0.0459997,0,0,0
