time,particle_id,x,y,mesh_index,mesh_index_original
86670,8657,0.0410093,0,0,0
86670,8658,0.0310083,0,0,0
86670,8659,0.0210073,0,0,0
86670,8660,0.0110062,0,0,0
86670,8661,0.00100522,0,0,0
86670,8662,-0.0089958,0,0,0
86670,8663,-0.0189968,0,0,0
86670,8664,-0.0289978,0,0,0
86670,8665,-0.0389989,0,0,0
86670,8666,-0.0489999,0,0,0
