time,particle_id,x,y,mesh_index,mesh_index_original
83270,8317,0.041009,0,0,0
83270,8318,0.031008,0,0,0
83270,8319,0.021007,0,0,0
83270,8320,0.011006,0,0,0
83270,8321,0.00100502,0,0,0
83270,8322,-0.00899596,0,0,0
83270,8323,-0.0189969,0,0,0
83270,8324,-0.0289979,0,0,0
83270,8325,-0.0389989,0,0,0
83270,8326,-0.0489999,0,0,0
