time,particle_id,x,y,mesh_index,mesh_index_original
28110,2801,0.0470032,0,0,0
28110,2802,0.0370029,0,0,0
28110,2803,0.0270026,0,0,0
28110,2804,0.0170022,0,0,0
28110,2805,0.00700189,0,0,0
28110,2806,-0.00299844,0,0,0
28110,2807,-0.0129988,0,0,0
28110,2808,-0.0229991,0,0,0
28110,2809,-0.0329994,0,0,0
28110,2810,-0.0429998,0,0,0
