time,particle_id,x,y,mesh_index,mesh_index_original
52860,5276,0.0440059,0,0,0
52860,5277,0.0340052,0,0,0
52860,5278,0.0240046,0,0,0
52860,5279,0.014004,0,0,0
52860,5280,0.00400337,0,0,0
52860,5281,-0.00599725,0,0,0
52860,5282,-0.0159979,0,0,0
52860,5283,-0.0259985,0,0,0
52860,5284,-0.0359991,0,0,0
52860,5285,-0.0459998,0,0,0
