time,particle_id,x,y,mesh_index,mesh_index_original
92540,9244,0.0400098,0,0,0
92540,9245,0.0300087,0,0,0
92540,9246,0.0200077,0,0,0
92540,9247,0.0100066,0,0,0
92540,9248,5.46921e-06,0,0,0
92540,9249,-0.00999562,0,0,0
92540,9250,-0.0199967,0,0,0
92540,9251,-0.0299978,0,0,0
92540,9252,-0.0399989,0,0,0
