time,particle_id,x,y,mesh_index,mesh_index_original
5560,546,0.0490006,0,0,0
5560,547,0.0390006,0,0,0
5560,548,0.0290005,0,0,0
5560,549,0.0190004,0,0,0
5560,550,0.00900038,0,0,0
5560,551,-0.000999682,0,0,0
5560,552,-0.0109997,0,0,0
5560,553,-0.0209998,0,0,0
5560,554,-0.0309999,0,0,0
5560,555,-0.0409999,0,0,0
