time,particle_id,x,y,mesh_index,mesh_index_original
97360,9726,0.0400104,0,0,0
97360,9727,0.0300092,0,0,0
97360,9728,0.0200081,0,0,0
97360,9729,0.0100069,0,0,0
97360,9730,5.75434e-06,0,0,0
97360,9731,-0.0099954,0,0,0
97360,9732,-0.0199965,0,0,0
97360,9733,-0.0299977,0,0,0
97360,9734,-0.0399988,0,0,0
