time,particle_id,x,y,mesh_index,mesh_index_original
57850,5775,0.0440064,0,0,0
57850,5776,0.0340057,0,0,0
57850,5777,0.0240051,0,0,0
57850,5778,0.0140044,0,0,0
57850,5779,0.00400369,0,0,0
57850,5780,-0.00599699,0,0,0
57850,5781,-0.0159977,0,0,0
57850,5782,-0.0259984,0,0,0
57850,5783,-0.035999,0,0,0
57850,5784,-0.0459997,0,0,0
