time,particle_id,x,y,mesh_index,mesh_index_original
5240,514,0.0490006,0,0,0
5240,515,0.0390005,0,0,0
5240,516,0.0290005,0,0,0
5240,517,0.0190004,0,0,0
5240,518,0.00900036,0,0,0
5240,519,-0.0009997,0,0,0
5240,520,-0.0109998,0,0,0
5240,521,-0.0209998,0,0,0
5240,522,-0.0309999,0,0,0
5240,523,-0.0409999,0,0,0
