time,particle_id,x,y,mesh_index,mesh_index_original
84070,8397,0.041009,0,0,0
84070,8398,0.031008,0,0,0
84070,8399,0.0210071,0,0,0
84070,8400,0.0110061,0,0,0
84070,8401,0.00100507,0,0,0
84070,8402,-0.00899593,0,0,0
84070,8403,-0.0189969,0,0,0
84070,8404,-0.0289979,0,0,0
84070,8405,-0.0389989,0,0,0
84070,8406,-0.0489999,0,0,0
