time,particle_id,x,y,mesh_index,mesh_index_original
63610,6351,0.043007,0,0,0
63610,6352,0.0330062,0,0,0
63610,6353,0.0230055,0,0,0
63610,6354,0.0130047,0,0,0
63610,6355,0.00300398,0,0,0
63610,6356,-0.00699677,0,0,0
63610,6357,-0.0169975,0,0,0
63610,6358,-0.0269983,0,0,0
63610,6359,-0.036999,0,0,0
63610,6360,-0.0469998,0,0,0
