time,particle_id,x,y,mesh_index,mesh_index_original
24320,2422,0.0470028,0,0,0
24320,2423,0.0370025,0,0,0
24320,2424,0.0270022,0,0,0
24320,2425,0.0170019,0,0,0
24320,2426,0.00700163,0,0,0
24320,2427,-0.00299865,0,0,0
24320,2428,-0.0129989,0,0,0
24320,2429,-0.0229992,0,0,0
24320,2430,-0.0329995,0,0,0
24320,2431,-0.0429998,0,0,0
