time,particle_id,x,y,mesh_index,mesh_index_original
55930,5583,0.0440062,0,0,0
55930,5584,0.0340055,0,0,0
55930,5585,0.0240049,0,0,0
55930,5586,0.0140042,0,0,0
55930,5587,0.00400357,0,0,0
55930,5588,-0.00599709,0,0,0
55930,5589,-0.0159978,0,0,0
55930,5590,-0.0259984,0,0,0
55930,5591,-0.0359991,0,0,0
55930,5592,-0.0459997,0,0,0
