time,particle_id,x,y,mesh_index,mesh_index_original
58320,5822,0.0440065,0,0,0
58320,5823,0.0340058,0,0,0
58320,5824,0.0240051,0,0,0
58320,5825,0.0140044,0,0,0
58320,5826,0.00400372,0,0,0
58320,5827,-0.00599697,0,0,0
58320,5828,-0.0159977,0,0,0
58320,5829,-0.0259983,0,0,0
58320,5830,-0.035999,0,0,0
58320,5831,-0.0459997,0,0,0
