time,particle_id,x,y,mesh_index,mesh_index_original
34320,3422,0.0460039,0,0,0
34320,3423,0.0360035,0,0,0
34320,3424,0.0260031,0,0,0
34320,3425,0.0160027,0,0,0
34320,3426,0.00600227,0,0,0
34320,3427,-0.00399814,0,0,0
34320,3428,-0.0139985,0,0,0
34320,3429,-0.0239989,0,0,0
34320,3430,-0.0339994,0,0,0
34320,3431,-0.0439998,0,0,0
