time,particle_id,x,y,mesh_index,mesh_index_original
40350,4025,0.0450045,0,0,0
40350,4026,0.035004,0,0,0
40350,4027,0.0250036,0,0,0
40350,4028,0.0150031,0,0,0
40350,4029,0.00500262,0,0,0
40350,4030,-0.00499786,0,0,0
40350,4031,-0.0149983,0,0,0
40350,4032,-0.0249988,0,0,0
40350,4033,-0.0349993,0,0,0
40350,4034,-0.0449998,0,0,0
