time,particle_id,x,y,mesh_index,mesh_index_original
47290,4719,0.0450053,0,0,0
47290,4720,0.0350047,0,0,0
47290,4721,0.0250042,0,0,0
47290,4722,0.0150036,0,0,0
47290,4723,0.00500307,0,0,0
47290,4724,-0.00499749,0,0,0
47290,4725,-0.014998,0,0,0
47290,4726,-0.0249986,0,0,0
47290,4727,-0.0349992,0,0,0
47290,4728,-0.0449997,0,0,0
