time,particle_id,x,y,mesh_index,mesh_index_original
53440,5334,0.0440059,0,0,0
53440,5335,0.0340053,0,0,0
53440,5336,0.0240047,0,0,0
53440,5337,0.014004,0,0,0
53440,5338,0.00400341,0,0,0
53440,5339,-0.00599722,0,0,0
53440,5340,-0.0159979,0,0,0
53440,5341,-0.0259985,0,0,0
53440,5342,-0.0359991,0,0,0
53440,5343,-0.0459997,0,0,0
