time,particle_id,x,y,mesh_index,mesh_index_original
28020,2792,0.0478787,0,0,0
28020,2793,0.0377883,0,0,0
28020,2794,0.0276978,0,0,0
28020,2795,0.0176073,0,0,0
28020,2796,0.00751672,0,0,0
28020,2797,-0.00257385,0,0,0
28020,2798,-0.0126645,0,0,0
28020,2799,-0.0227551,0,0,0
28020,2800,-0.0328458,0,0,0
28020,2801,-0.0429365,0,0,0
