time,particle_id,x,y,mesh_index,mesh_index_original
59550,5945,0.0458227,0,0,0
59550,5946,0.0356289,0,0,0
59550,5947,0.0254351,0,0,0
59550,5948,0.0152413,0,0,0
59550,5949,0.00504744,0,0,0
59550,5950,-0.00514646,0,0,0
59550,5951,-0.0153404,0,0,0
59550,5952,-0.0255344,0,0,0
59550,5953,-0.0357283,0,0,0
59550,5954,-0.0459224,0,0,0
