time,particle_id,x,y,mesh_index,mesh_index_original
4180,408,0.0491307,0,0,0
4180,409,0.0391176,0,0,0
4180,410,0.0291045,0,0,0
4180,411,0.0190914,0,0,0
4180,412,0.00907825,0,0,0
4180,413,-0.000934933,0,0,0
4180,414,-0.0109481,0,0,0
4180,415,-0.0209614,0,0,0
4180,416,-0.0309747,0,0,0
4180,417,-0.040988,0,0,0
