time,particle_id,x,y,mesh_index,mesh_index_original
87470,8737,0.0436055,0,0,0
87470,8738,0.0333193,0,0,0
87470,8739,0.0230331,0,0,0
87470,8740,0.0127468,0,0,0
87470,8741,0.00246056,0,0,0
87470,8742,-0.00782576,0,0,0
87470,8743,-0.0181121,0,0,0
87470,8744,-0.0283985,0,0,0
87470,8745,-0.0386849,0,0,0
87470,8746,-0.0489714,0,0,0
