time,particle_id,x,y,mesh_index,mesh_index_original
15450,1535,0.0484871,0,0,0
15450,1536,0.0384375,0,0,0
15450,1537,0.028388,0,0,0
15450,1538,0.0183383,0,0,0
15450,1539,0.00828867,0,0,0
15450,1540,-0.00176103,0,0,0
15450,1541,-0.0118108,0,0,0
15450,1542,-0.0218605,0,0,0
15450,1543,-0.0319103,0,0,0
15450,1544,-0.0419601,0,0,0
