time,particle_id,x,y,mesh_index,mesh_index_original
42030,4193,0.0462954,0,0,0
42030,4194,0.0361592,0,0,0
42030,4195,0.0260229,0,0,0
42030,4196,0.0158866,0,0,0
42030,4197,0.00575033,0,0,0
42030,4198,-0.00438602,0,0,0
42030,4199,-0.0145224,0,0,0
42030,4200,-0.0246588,0,0,0
42030,4201,-0.0347953,0,0,0
42030,4202,-0.0449317,0,0,0
