time,particle_id,x,y,mesh_index,mesh_index_original
30330,3023,0.0469419,0,0,0
30330,3024,0.036844,0,0,0
30330,3025,0.026746,0,0,0
30330,3026,0.0166479,0,0,0
30330,3027,0.00654983,0,0,0
30330,3028,-0.00354828,0,0,0
30330,3029,-0.0136464,0,0,0
30330,3030,-0.0237446,0,0,0
30330,3031,-0.0338428,0,0,0
30330,3032,-0.043941,0,0,0
