time,particle_id,x,y,mesh_index,mesh_index_original
42620,4252,0.0463138,0,0,0
42620,4253,0.0361756,0,0,0
42620,4254,0.0260374,0,0,0
42620,4255,0.0158992,0,0,0
42620,4256,0.00576096,0,0,0
42620,4257,-0.00437732,0,0,0
42620,4258,-0.0145156,0,0,0
42620,4259,-0.024654,0,0,0
42620,4260,-0.0347924,0,0,0
42620,4261,-0.0449308,0,0,0
