time,particle_id,x,y,mesh_index,mesh_index_original
57490,5739,0.0457589,0,0,0
57490,5740,0.035572,0,0,0
57490,5741,0.0253849,0,0,0
57490,5742,0.0151979,0,0,0
57490,5743,0.00501081,0,0,0
57490,5744,-0.00517631,0,0,0
57490,5745,-0.0153635,0,0,0
57490,5746,-0.0255506,0,0,0
57490,5747,-0.0357378,0,0,0
57490,5748,-0.0459251,0,0,0
