time,particle_id,x,y,mesh_index,mesh_index_original
79390,7929,0.0443873,0,0,0
79390,7930,0.0341279,0,0,0
79390,7931,0.0238685,0,0,0
79390,7932,0.0136091,0,0,0
79390,7933,0.00334966,0,0,0
79390,7934,-0.00690982,0,0,0
79390,7935,-0.0171693,0,0,0
79390,7936,-0.0274289,0,0,0
79390,7937,-0.0376885,0,0,0
79390,7938,-0.0479481,0,0,0
