time,particle_id,x,y,mesh_index,mesh_index_original
93330,9323,0.0427524,0,0,0
93330,9324,0.0324467,0,0,0
93330,9325,0.022141,0,0,0
93330,9326,0.0118352,0,0,0
93330,9327,0.00152946,0,0,0
93330,9328,-0.00877637,0,0,0
93330,9329,-0.0190822,0,0,0
93330,9330,-0.0293881,0,0,0
93330,9331,-0.039694,0,0,0
