time,particle_id,x,y,mesh_index,mesh_index_original
10020,992,0.0493178,0,0,0
10020,993,0.0392858,0,0,0
10020,994,0.0292538,0,0,0
10020,995,0.0192218,0,0,0
10020,996,0.00918977,0,0,0
10020,997,-0.000842318,0,0,0
10020,998,-0.0108744,0,0,0
10020,999,-0.0209066,0,0,0
10020,1000,-0.031942,0,0,0
10020,1001,-0.0419742,0,0,0
