time,particle_id,x,y,mesh_index,mesh_index_original
41910,4181,0.0462917,0,0,0
41910,4182,0.0361558,0,0,0
41910,4183,0.02602,0,0,0
41910,4184,0.0158841,0,0,0
41910,4185,0.00574817,0,0,0
41910,4186,-0.00438779,0,0,0
41910,4187,-0.0145238,0,0,0
41910,4188,-0.0246598,0,0,0
41910,4189,-0.0347959,0,0,0
41910,4190,-0.0449319,0,0,0
