time,particle_id,x,y,mesh_index,mesh_index_original
12790,1269,0.0484025,0,0,0
12790,1270,0.0383616,0,0,0
12790,1271,0.0283206,0,0,0
12790,1272,0.0182796,0,0,0
12790,1273,0.00823861,0,0,0
12790,1274,-0.00180245,0,0,0
12790,1275,-0.0118435,0,0,0
12790,1276,-0.0218847,0,0,0
12790,1277,-0.0319258,0,0,0
12790,1278,-0.041967,0,0,0
