time,particle_id,x,y,mesh_index,mesh_index_original
9340,924,0.049296,0,0,0
9340,925,0.0392662,0,0,0
9340,926,0.0292364,0,0,0
9340,927,0.0192066,0,0,0
9340,928,0.00917677,0,0,0
9340,929,-0.000853111,0,0,0
9340,930,-0.010883,0,0,0
9340,931,-0.020913,0,0,0
9340,932,-0.030943,0,0,0
9340,933,-0.040973,0,0,0
