time,particle_id,x,y,mesh_index,mesh_index_original
56380,5628,0.0457246,0,0,0
56380,5629,0.0355413,0,0,0
56380,5630,0.0253579,0,0,0
56380,5631,0.0151745,0,0,0
56380,5632,0.00499108,0,0,0
56380,5633,-0.00519238,0,0,0
56380,5634,-0.0153759,0,0,0
56380,5635,-0.0255594,0,0,0
56380,5636,-0.035743,0,0,0
56380,5637,-0.0459266,0,0,0
