time,particle_id,x,y,mesh_index,mesh_index_original
71730,7163,0.0441538,0,0,0
71730,7164,0.0339198,0,0,0
71730,7165,0.0236858,0,0,0
71730,7166,0.0134518,0,0,0
71730,7167,0.00321772,0,0,0
71730,7168,-0.00701639,0,0,0
71730,7169,-0.0172505,0,0,0
71730,7170,-0.0274847,0,0,0
71730,7171,-0.0377189,0,0,0
71730,7172,-0.0479531,0,0,0
