time,particle_id,x,y,mesh_index,mesh_index_original
72270,7217,0.0441703,0,0,0
72270,7218,0.0339345,0,0,0
72270,7219,0.0236987,0,0,0
72270,7220,0.0134629,0,0,0
72270,7221,0.00322701,0,0,0
72270,7222,-0.00700888,0,0,0
72270,7223,-0.0172448,0,0,0
72270,7224,-0.0274808,0,0,0
72270,7225,-0.0377168,0,0,0
72270,7226,-0.0479528,0,0,0
