time,particle_id,x,y,mesh_index,mesh_index_original
56110,5601,0.0457162,0,0,0
56110,5602,0.0355338,0,0,0
56110,5603,0.0253513,0,0,0
56110,5604,0.0151688,0,0,0
56110,5605,0.00498628,0,0,0
56110,5606,-0.00519629,0,0,0
56110,5607,-0.0153789,0,0,0
56110,5608,-0.0255615,0,0,0
56110,5609,-0.0357442,0,0,0
56110,5610,-0.0459269,0,0,0
