time,particle_id,x,y,mesh_index,mesh_index_original
21400,2130,0.0476696,0,0,0
21400,2131,0.0376007,0,0,0
21400,2132,0.0275318,0,0,0
21400,2133,0.0174629,0,0,0
21400,2134,0.00739387,0,0,0
21400,2135,-0.00267516,0,0,0
21400,2136,-0.0127442,0,0,0
21400,2137,-0.0228133,0,0,0
21400,2138,-0.0328824,0,0,0
21400,2139,-0.0429516,0,0,0
