time,particle_id,x,y,mesh_index,mesh_index_original
68490,6839,0.0450776,0,0,0
68490,6840,0.0348544,0,0,0
68490,6841,0.0246311,0,0,0
68490,6842,0.0144077,0,0,0
68490,6843,0.00418437,0,0,0
68490,6844,-0.00603902,0,0,0
68490,6845,-0.0162625,0,0,0
68490,6846,-0.0264859,0,0,0
68490,6847,-0.0367094,0,0,0
68490,6848,-0.0469329,0,0,0
