time,particle_id,x,y,mesh_index,mesh_index_original
50980,5088,0.0455577,0,0,0
50980,5089,0.0353921,0,0,0
50980,5090,0.0252265,0,0,0
50980,5091,0.0150609,0,0,0
50980,5092,0.0048952,0,0,0
50980,5093,-0.0052705,0,0,0
50980,5094,-0.0154362,0,0,0
50980,5095,-0.025602,0,0,0
50980,5096,-0.0357678,0,0,0
50980,5097,-0.0459337,0,0,0
