time,particle_id,x,y,mesh_index,mesh_index_original
95380,9528,0.0428139,0,0,0
95380,9529,0.0325014,0,0,0
95380,9530,0.0221888,0,0,0
95380,9531,0.0118762,0,0,0
95380,9532,0.00156362,0,0,0
95380,9533,-0.00874903,0,0,0
95380,9534,-0.0190617,0,0,0
95380,9535,-0.0293745,0,0,0
95380,9536,-0.0396872,0,0,0
