time,particle_id,x,y,mesh_index,mesh_index_original
61600,6150,0.0448661,0,0,0
61600,6151,0.0346656,0,0,0
61600,6152,0.0244651,0,0,0
61600,6153,0.0142645,0,0,0
61600,6154,0.00406384,0,0,0
61600,6155,-0.00613681,0,0,0
61600,6156,-0.0163375,0,0,0
61600,6157,-0.0265382,0,0,0
61600,6158,-0.036739,0,0,0
61600,6159,-0.0469398,0,0,0
