time,particle_id,x,y,mesh_index,mesh_index_original
23790,2369,0.0477451,0,0,0
23790,2370,0.0376684,0,0,0
23790,2371,0.0275917,0,0,0
23790,2372,0.017515,0,0,0
23790,2373,0.00743819,0,0,0
23790,2374,-0.00263861,0,0,0
23790,2375,-0.0127154,0,0,0
23790,2376,-0.0227923,0,0,0
23790,2377,-0.0328692,0,0,0
23790,2378,-0.0429461,0,0,0
