time,particle_id,x,y,mesh_index,mesh_index_original
510,41,0.0490133,0,0,0
510,42,0.0390121,0,0,0
510,43,0.0290108,0,0,0
510,44,0.0190096,0,0,0
510,45,0.00900828,0,0,0
510,46,-0.000993041,0,0,0
510,47,-0.0109944,0,0,0
510,48,-0.0209958,0,0,0
510,49,-0.0309972,0,0,0
510,50,-0.0409987,0,0,0
