time,particle_id,x,y,mesh_index,mesh_index_original
55340,5524,0.0456924,0,0,0
55340,5525,0.0355125,0,0,0
55340,5526,0.0253326,0,0,0
55340,5527,0.0151526,0,0,0
55340,5528,0.0049726,0,0,0
55340,5529,-0.00520744,0,0,0
55340,5530,-0.0153875,0,0,0
55340,5531,-0.0255676,0,0,0
55340,5532,-0.0357478,0,0,0
55340,5533,-0.0459279,0,0,0
