time,particle_id,x,y,mesh_index,mesh_index_original
9680,958,0.0493069,0,0,0
9680,959,0.039276,0,0,0
9680,960,0.0292451,0,0,0
9680,961,0.0192142,0,0,0
9680,962,0.00918327,0,0,0
9680,963,-0.000847714,0,0,0
9680,964,-0.0108787,0,0,0
9680,965,-0.0209098,0,0,0
9680,966,-0.0309409,0,0,0
9680,967,-0.040972,0,0,0
