time,particle_id,x,y,mesh_index,mesh_index_original
85370,8527,0.043542,0,0,0
85370,8528,0.0332628,0,0,0
85370,8529,0.0229835,0,0,0
85370,8530,0.0127043,0,0,0
85370,8531,0.00242495,0,0,0
85370,8532,-0.00785438,0,0,0
85370,8533,-0.0181337,0,0,0
85370,8534,-0.0284131,0,0,0
85370,8535,-0.0386926,0,0,0
85370,8536,-0.0489721,0,0,0
