time,particle_id,x,y,mesh_index,mesh_index_original
21520,2142,0.0476734,0,0,0
21520,2143,0.0376041,0,0,0
21520,2144,0.0275348,0,0,0
21520,2145,0.0174655,0,0,0
21520,2146,0.00739609,0,0,0
21520,2147,-0.00267332,0,0,0
21520,2148,-0.0127428,0,0,0
21520,2149,-0.0228122,0,0,0
21520,2150,-0.0328818,0,0,0
21520,2151,-0.0429513,0,0,0
