time,particle_id,x,y,mesh_index,mesh_index_original
51840,5174,0.0455843,0,0,0
51840,5175,0.0354159,0,0,0
51840,5176,0.0252474,0,0,0
51840,5177,0.015079,0,0,0
51840,5178,0.00491046,0,0,0
51840,5179,-0.00525807,0,0,0
51840,5180,-0.0154266,0,0,0
51840,5181,-0.0255952,0,0,0
51840,5182,-0.0357639,0,0,0
51840,5183,-0.0459325,0,0,0
