time,particle_id,x,y,mesh_index,mesh_index_original
3700,360,0.0491153,0,0,0
3700,361,0.0391038,0,0,0
3700,362,0.0290923,0,0,0
3700,363,0.0190807,0,0,0
3700,364,0.0090691,0,0,0
3700,365,-0.000942537,0,0,0
3700,366,-0.0109542,0,0,0
3700,367,-0.0209659,0,0,0
3700,368,-0.0309776,0,0,0
3700,369,-0.0409894,0,0,0
