time,particle_id,x,y,mesh_index,mesh_index_original
4150,405,0.0491297,0,0,0
4150,406,0.0391167,0,0,0
4150,407,0.0291038,0,0,0
4150,408,0.0190907,0,0,0
4150,409,0.00907768,0,0,0
4150,410,-0.000935408,0,0,0
4150,411,-0.0109485,0,0,0
4150,412,-0.0209617,0,0,0
4150,413,-0.0309749,0,0,0
4150,414,-0.0409881,0,0,0
