time,particle_id,x,y,mesh_index,mesh_index_original
77410,7731,0.0443269,0,0,0
77410,7732,0.0340741,0,0,0
77410,7733,0.0238213,0,0,0
77410,7734,0.0135684,0,0,0
77410,7735,0.00331552,0,0,0
77410,7736,-0.00693739,0,0,0
77410,7737,-0.0171903,0,0,0
77410,7738,-0.0274433,0,0,0
77410,7739,-0.0376963,0,0,0
77410,7740,-0.0479494,0,0,0
