time,particle_id,x,y,mesh_index,mesh_index_original
8160,806,0.0492581,0,0,0
8160,807,0.0392322,0,0,0
8160,808,0.0292063,0,0,0
8160,809,0.0191803,0,0,0
8160,810,0.00915423,0,0,0
8160,811,-0.000871834,0,0,0
8160,812,-0.0108979,0,0,0
8160,813,-0.0209241,0,0,0
8160,814,-0.0309502,0,0,0
8160,815,-0.0409764,0,0,0
