time,particle_id,x,y,mesh_index,mesh_index_original
32370,3227,0.0470058,0,0,0
32370,3228,0.0369012,0,0,0
32370,3229,0.0267965,0,0,0
32370,3230,0.0166918,0,0,0
32370,3231,0.00658711,0,0,0
32370,3232,-0.00351766,0,0,0
32370,3233,-0.0136225,0,0,0
32370,3234,-0.0237273,0,0,0
32370,3235,-0.0338322,0,0,0
32370,3236,-0.043937,0,0,0
