time,particle_id,x,y,mesh_index,mesh_index_original
47370,4727,0.0464617,0,0,0
47370,4728,0.036308,0,0,0
47370,4729,0.0261542,0,0,0
47370,4730,0.0160004,0,0,0
47370,4731,0.00584661,0,0,0
47370,4732,-0.00430725,0,0,0
47370,4733,-0.0144611,0,0,0
47370,4734,-0.0246151,0,0,0
47370,4735,-0.034769,0,0,0
47370,4736,-0.044923,0,0,0
