time,particle_id,x,y,mesh_index,mesh_index_original
18440,1834,0.0485823,0,0,0
18440,1835,0.038523,0,0,0
18440,1836,0.0284637,0,0,0
18440,1837,0.0184043,0,0,0
18440,1838,0.00834498,0,0,0
18440,1839,-0.00171442,0,0,0
18440,1840,-0.0117739,0,0,0
18440,1841,-0.0218333,0,0,0
18440,1842,-0.0318928,0,0,0
18440,1843,-0.0419524,0,0,0
