time,particle_id,x,y,mesh_index,mesh_index_original
23350,2325,0.0477312,0,0,0
23350,2326,0.0376559,0,0,0
23350,2327,0.0275807,0,0,0
23350,2328,0.0175054,0,0,0
23350,2329,0.00743003,0,0,0
23350,2330,-0.00264534,0,0,0
23350,2331,-0.0127207,0,0,0
23350,2332,-0.0227962,0,0,0
23350,2333,-0.0328716,0,0,0
23350,2334,-0.0429471,0,0,0
