time,particle_id,x,y,mesh_index,mesh_index_original
97830,9773,0.0428875,0,0,0
97830,9774,0.0325668,0,0,0
97830,9775,0.0222461,0,0,0
97830,9776,0.0119253,0,0,0
97830,9777,0.00160449,0,0,0
97830,9778,-0.00871634,0,0,0
97830,9779,-0.0190372,0,0,0
97830,9780,-0.0293581,0,0,0
97830,9781,-0.039679,0,0,0
