time,particle_id,x,y,mesh_index,mesh_index_original
53510,5341,0.0456359,0,0,0
53510,5342,0.035462,0,0,0
53510,5343,0.025288,0,0,0
53510,5344,0.0151141,0,0,0
53510,5345,0.0049401,0,0,0
53510,5346,-0.00523392,0,0,0
53510,5347,-0.015408,0,0,0
53510,5348,-0.0255821,0,0,0
53510,5349,-0.0357562,0,0,0
53510,5350,-0.0459303,0,0,0
