time,particle_id,x,y,mesh_index,mesh_index_original
99880,9978,0.0429491,0,0,0
99880,9979,0.0326215,0,0,0
99880,9980,0.022294,0,0,0
99880,9981,0.0119664,0,0,0
99880,9982,0.00163871,0,0,0
99880,9983,-0.00868896,0,0,0
99880,9984,-0.0190167,0,0,0
99880,9985,-0.0293444,0,0,0
99880,9986,-0.0396722,0,0,0
