time,particle_id,x,y,mesh_index,mesh_index_original
98910,9881,0.0429199,0,0,0
98910,9882,0.0325956,0,0,0
98910,9883,0.0222713,0,0,0
98910,9884,0.0119469,0,0,0
98910,9885,0.00162252,0,0,0
98910,9886,-0.00870192,0,0,0
98910,9887,-0.0190264,0,0,0
98910,9888,-0.0293509,0,0,0
98910,9889,-0.0396754,0,0,0
