time,particle_id,x,y,mesh_index,mesh_index_original
54440,5434,0.0456646,0,0,0
54440,5435,0.0354877,0,0,0
54440,5436,0.0253107,0,0,0
54440,5437,0.0151337,0,0,0
54440,5438,0.00495661,0,0,0
54440,5439,-0.00522046,0,0,0
54440,5440,-0.0153976,0,0,0
54440,5441,-0.0255747,0,0,0
54440,5442,-0.0357519,0,0,0
54440,5443,-0.0459291,0,0,0
