time,particle_id,x,y,mesh_index,mesh_index_original
96070,9597,0.0428346,0,0,0
96070,9598,0.0325198,0,0,0
96070,9599,0.0222049,0,0,0
96070,9600,0.0118901,0,0,0
96070,9601,0.00157513,0,0,0
96070,9602,-0.00873983,0,0,0
96070,9603,-0.0190548,0,0,0
96070,9604,-0.0293698,0,0,0
96070,9605,-0.0396849,0,0,0
