time,particle_id,x,y,mesh_index,mesh_index_original
8910,881,0.0492822,0,0,0
8910,882,0.0392538,0,0,0
8910,883,0.0292254,0,0,0
8910,884,0.019197,0,0,0
8910,885,0.00916855,0,0,0
8910,886,-0.000859935,0,0,0
8910,887,-0.0108885,0,0,0
8910,888,-0.020917,0,0,0
8910,889,-0.0309456,0,0,0
8910,890,-0.0409742,0,0,0
