time,particle_id,x,y,mesh_index,mesh_index_original
42820,4272,0.04632,0,0,0
42820,4273,0.0361812,0,0,0
42820,4274,0.0260423,0,0,0
42820,4275,0.0159035,0,0,0
42820,4276,0.00576456,0,0,0
42820,4277,-0.00437437,0,0,0
42820,4278,-0.0145133,0,0,0
42820,4279,-0.0246523,0,0,0
42820,4280,-0.0347914,0,0,0
42820,4281,-0.0449305,0,0,0
