time,particle_id,x,y,mesh_index,mesh_index_original
34860,3476,0.0470839,0,0,0
34860,3477,0.0369711,0,0,0
34860,3478,0.0268583,0,0,0
34860,3479,0.0167455,0,0,0
34860,3480,0.00663265,0,0,0
34860,3481,-0.00348025,0,0,0
34860,3482,-0.0135932,0,0,0
34860,3483,-0.0237061,0,0,0
34860,3484,-0.0338191,0,0,0
34860,3485,-0.0439322,0,0,0
