time,particle_id,x,y,mesh_index,mesh_index_original
35940,3584,0.0471178,0,0,0
35940,3585,0.0370015,0,0,0
35940,3586,0.0268852,0,0,0
35940,3587,0.0167688,0,0,0
35940,3588,0.00665241,0,0,0
35940,3589,-0.00346402,0,0,0
35940,3590,-0.0135805,0,0,0
35940,3591,-0.023697,0,0,0
35940,3592,-0.0338135,0,0,0
35940,3593,-0.0439301,0,0,0
