time,particle_id,x,y,mesh_index,mesh_index_original
22820,2272,0.0477144,0,0,0
22820,2273,0.0376409,0,0,0
22820,2274,0.0275674,0,0,0
22820,2275,0.0174938,0,0,0
22820,2276,0.0074202,0,0,0
22820,2277,-0.00265345,0,0,0
22820,2278,-0.0127271,0,0,0
22820,2279,-0.0228008,0,0,0
22820,2280,-0.0328746,0,0,0
22820,2281,-0.0429483,0,0,0
