time,particle_id,x,y,mesh_index,mesh_index_original
16870,1677,0.0485323,0,0,0
16870,1678,0.0384781,0,0,0
16870,1679,0.0284239,0,0,0
16870,1680,0.0183697,0,0,0
16870,1681,0.0083154,0,0,0
16870,1682,-0.0017389,0,0,0
16870,1683,-0.0117932,0,0,0
16870,1684,-0.0218476,0,0,0
16870,1685,-0.031902,0,0,0
16870,1686,-0.0419564,0,0,0
