time,particle_id,x,y,mesh_index,mesh_index_original
76120,7602,0.0442875,0,0,0
76120,7603,0.034039,0,0,0
76120,7604,0.0237905,0,0,0
76120,7605,0.0135419,0,0,0
76120,7606,0.0032933,0,0,0
76120,7607,-0.00695535,0,0,0
76120,7608,-0.017204,0,0,0
76120,7609,-0.0274527,0,0,0
76120,7610,-0.0377015,0,0,0
76120,7611,-0.0479502,0,0,0
