time,particle_id,x,y,mesh_index,mesh_index_original
52580,5248,0.0456071,0,0,0
52580,5249,0.0354363,0,0,0
52580,5250,0.0252654,0,0,0
52580,5251,0.0150945,0,0,0
52580,5252,0.00492359,0,0,0
52580,5253,-0.00524737,0,0,0
52580,5254,-0.0154184,0,0,0
52580,5255,-0.0255894,0,0,0
52580,5256,-0.0357605,0,0,0
52580,5257,-0.0459316,0,0,0
