time,particle_id,x,y,mesh_index,mesh_index_original
38180,3808,0.0471881,0,0,0
38180,3809,0.0370645,0,0,0
38180,3810,0.0269408,0,0,0
38180,3811,0.0168171,0,0,0
38180,3812,0.00669342,0,0,0
38180,3813,-0.00343033,0,0,0
38180,3814,-0.0135541,0,0,0
38180,3815,-0.0236779,0,0,0
38180,3816,-0.0338018,0,0,0
38180,3817,-0.0439257,0,0,0
