time,particle_id,x,y,mesh_index,mesh_index_original
72110,7201,0.0441654,0,0,0
72110,7202,0.0339302,0,0,0
72110,7203,0.0236949,0,0,0
72110,7204,0.0134596,0,0,0
72110,7205,0.00322426,0,0,0
72110,7206,-0.00701111,0,0,0
72110,7207,-0.0172465,0,0,0
72110,7208,-0.0274819,0,0,0
72110,7209,-0.0377174,0,0,0
72110,7210,-0.0479529,0,0,0
