time,particle_id,x,y,mesh_index,mesh_index_original
23060,2296,0.047722,0,0,0
23060,2297,0.0376477,0,0,0
23060,2298,0.0275734,0,0,0
23060,2299,0.017499,0,0,0
23060,2300,0.00742465,0,0,0
23060,2301,-0.00264977,0,0,0
23060,2302,-0.0127242,0,0,0
23060,2303,-0.0227987,0,0,0
23060,2304,-0.0328732,0,0,0
23060,2305,-0.0429478,0,0,0
