time,particle_id,x,y,mesh_index,mesh_index_original
19170,1907,0.0486055,0,0,0
19170,1908,0.0385439,0,0,0
19170,1909,0.0284822,0,0,0
19170,1910,0.0184205,0,0,0
19170,1911,0.00835874,0,0,0
19170,1912,-0.00170303,0,0,0
19170,1913,-0.0117648,0,0,0
19170,1914,-0.0218267,0,0,0
19170,1915,-0.0318886,0,0,0
19170,1916,-0.0419505,0,0,0
