time,particle_id,x,y,mesh_index,mesh_index_original
78760,7866,0.044368,0,0,0
78760,7867,0.0341108,0,0,0
78760,7868,0.0238535,0,0,0
78760,7869,0.0135962,0,0,0
78760,7870,0.0033388,0,0,0
78760,7871,-0.00691859,0,0,0
78760,7872,-0.017176,0,0,0
78760,7873,-0.0274335,0,0,0
78760,7874,-0.037691,0,0,0
78760,7875,-0.0479485,0,0,0
