time,particle_id,x,y,mesh_index,mesh_index_original
35270,3517,0.0470968,0,0,0
35270,3518,0.0369827,0,0,0
35270,3519,0.0268685,0,0,0
35270,3520,0.0167544,0,0,0
35270,3521,0.00664015,0,0,0
35270,3522,-0.00347409,0,0,0
35270,3523,-0.0135884,0,0,0
35270,3524,-0.0237027,0,0,0
35270,3525,-0.033817,0,0,0
35270,3526,-0.0439314,0,0,0
