time,particle_id,x,y,mesh_index,mesh_index_original
14410,1431,0.048454,0,0,0
14410,1432,0.0384078,0,0,0
14410,1433,0.0283616,0,0,0
14410,1434,0.0183154,0,0,0
14410,1435,0.00826909,0,0,0
14410,1436,-0.00177723,0,0,0
14410,1437,-0.0118236,0,0,0
14410,1438,-0.02187,0,0,0
14410,1439,-0.0319164,0,0,0
14410,1440,-0.0419628,0,0,0
