time,particle_id,x,y,mesh_index,mesh_index_original
29070,2897,0.0479119,0,0,0
29070,2898,0.037818,0,0,0
29070,2899,0.0277241,0,0,0
29070,2900,0.0176302,0,0,0
29070,2901,0.00753624,0,0,0
29070,2902,-0.00255776,0,0,0
29070,2903,-0.0126518,0,0,0
29070,2904,-0.0227459,0,0,0
29070,2905,-0.03284,0,0,0
29070,2906,-0.0429341,0,0,0
