time,particle_id,x,y,mesh_index,mesh_index_original
34950,3485,0.0470867,0,0,0
34950,3486,0.0369737,0,0,0
34950,3487,0.0268606,0,0,0
34950,3488,0.0167475,0,0,0
34950,3489,0.00663429,0,0,0
34950,3490,-0.0034789,0,0,0
34950,3491,-0.0135921,0,0,0
34950,3492,-0.0237054,0,0,0
34950,3493,-0.0338187,0,0,0
34950,3494,-0.043932,0,0,0
