time,particle_id,x,y,mesh_index,mesh_index_original
35170,3507,0.0470936,0,0,0
35170,3508,0.0369799,0,0,0
35170,3509,0.026866,0,0,0
35170,3510,0.0167522,0,0,0
35170,3511,0.00663832,0,0,0
35170,3512,-0.00347559,0,0,0
35170,3513,-0.0135895,0,0,0
35170,3514,-0.0237035,0,0,0
35170,3515,-0.0338175,0,0,0
35170,3516,-0.0439316,0,0,0
