time,particle_id,x,y,mesh_index,mesh_index_original
24600,2450,0.0477706,0,0,0
24600,2451,0.0376913,0,0,0
24600,2452,0.027612,0,0,0
24600,2453,0.0175326,0,0,0
24600,2454,0.00745322,0,0,0
24600,2455,-0.00262622,0,0,0
24600,2456,-0.0127057,0,0,0
24600,2457,-0.0227852,0,0,0
24600,2458,-0.0328647,0,0,0
24600,2459,-0.0429443,0,0,0
