time,particle_id,x,y,mesh_index,mesh_index_original
84280,8418,0.043509,0,0,0
84280,8419,0.0332334,0,0,0
84280,8420,0.0229578,0,0,0
84280,8421,0.0126822,0,0,0
84280,8422,0.00240648,0,0,0
84280,8423,-0.00786923,0,0,0
84280,8424,-0.018145,0,0,0
84280,8425,-0.0284208,0,0,0
84280,8426,-0.0386966,0,0,0
84280,8427,-0.0489724,0,0,0
