time,particle_id,x,y,mesh_index,mesh_index_original
90180,9008,0.042658,0,0,0
90180,9009,0.0323628,0,0,0
90180,9010,0.0220676,0,0,0
90180,9011,0.0117723,0,0,0
90180,9012,0.001477,0,0,0
90180,9013,-0.00881833,0,0,0
90180,9014,-0.0191137,0,0,0
90180,9015,-0.0294091,0,0,0
90180,9016,-0.0397045,0,0,0
