time,particle_id,x,y,mesh_index,mesh_index_original
29690,2959,0.0479315,0,0,0
29690,2960,0.0378356,0,0,0
29690,2961,0.0277397,0,0,0
29690,2962,0.0176437,0,0,0
29690,2963,0.00754776,0,0,0
29690,2964,-0.00254826,0,0,0
29690,2965,-0.0126443,0,0,0
29690,2966,-0.0227404,0,0,0
29690,2967,-0.0328365,0,0,0
29690,2968,-0.0429327,0,0,0
