time,particle_id,x,y,mesh_index,mesh_index_original
49390,4929,0.0465247,0,0,0
49390,4930,0.0363643,0,0,0
49390,4931,0.0262039,0,0,0
49390,4932,0.0160435,0,0,0
49390,4933,0.00588307,0,0,0
49390,4934,-0.00427741,0,0,0
49390,4935,-0.0144379,0,0,0
49390,4936,-0.0245985,0,0,0
49390,4937,-0.0347591,0,0,0
49390,4938,-0.0449197,0,0,0
