time,particle_id,x,y,mesh_index,mesh_index_original
74800,7470,0.0442473,0,0,0
74800,7471,0.0340032,0,0,0
74800,7472,0.023759,0,0,0
74800,7473,0.0135148,0,0,0
74800,7474,0.00327056,0,0,0
74800,7475,-0.00697371,0,0,0
74800,7476,-0.017218,0,0,0
74800,7477,-0.0274623,0,0,0
74800,7478,-0.0377067,0,0,0
74800,7479,-0.0479511,0,0,0
