time,particle_id,x,y,mesh_index,mesh_index_original
32160,3206,0.0469993,0,0,0
32160,3207,0.0368953,0,0,0
32160,3208,0.0267913,0,0,0
32160,3209,0.0166873,0,0,0
32160,3210,0.00658327,0,0,0
32160,3211,-0.00352081,0,0,0
32160,3212,-0.0136249,0,0,0
32160,3213,-0.0237291,0,0,0
32160,3214,-0.0338332,0,0,0
32160,3215,-0.0439375,0,0,0
