time,particle_id,x,y,mesh_index,mesh_index_original
63930,6383,0.0449376,0,0,0
63930,6384,0.0347294,0,0,0
63930,6385,0.0245212,0,0,0
63930,6386,0.0143129,0,0,0
63930,6387,0.00410457,0,0,0
63930,6388,-0.00610377,0,0,0
63930,6389,-0.0163121,0,0,0
63930,6390,-0.0265205,0,0,0
63930,6391,-0.036729,0,0,0
63930,6392,-0.0469375,0,0,0
