time,particle_id,x,y,mesh_index,mesh_index_original
64170,6407,0.044945,0,0,0
64170,6408,0.034736,0,0,0
64170,6409,0.0245269,0,0,0
64170,6410,0.0143179,0,0,0
64170,6411,0.00410877,0,0,0
64170,6412,-0.00610036,0,0,0
64170,6413,-0.0163095,0,0,0
64170,6414,-0.0265187,0,0,0
64170,6415,-0.036728,0,0,0
64170,6416,-0.0469372,0,0,0
