time,particle_id,x,y,mesh_index,mesh_index_original
98740,9864,0.0429148,0,0,0
98740,9865,0.0325911,0,0,0
98740,9866,0.0222673,0,0,0
98740,9867,0.0119435,0,0,0
98740,9868,0.00161968,0,0,0
98740,9869,-0.00870419,0,0,0
98740,9870,-0.0190281,0,0,0
98740,9871,-0.029352,0,0,0
98740,9872,-0.039676,0,0,0
