time,particle_id,x,y,mesh_index,mesh_index_original
51320,5122,0.0455682,0,0,0
51320,5123,0.0354015,0,0,0
51320,5124,0.0252348,0,0,0
51320,5125,0.015068,0,0,0
51320,5126,0.00490123,0,0,0
51320,5127,-0.00526559,0,0,0
51320,5128,-0.0154324,0,0,0
51320,5129,-0.0255993,0,0,0
51320,5130,-0.0357663,0,0,0
51320,5131,-0.0459332,0,0,0
