time,particle_id,x,y,mesh_index,mesh_index_original
73390,7329,0.0442044,0,0,0
73390,7330,0.0339649,0,0,0
73390,7331,0.0237254,0,0,0
73390,7332,0.0134859,0,0,0
73390,7333,0.00324629,0,0,0
73390,7334,-0.00699331,0,0,0
73390,7335,-0.0172329,0,0,0
73390,7336,-0.0274726,0,0,0
73390,7337,-0.0377123,0,0,0
73390,7338,-0.047952,0,0,0
