time,particle_id,x,y,mesh_index,mesh_index_original
22480,2238,0.0477037,0,0,0
22480,2239,0.0376313,0,0,0
22480,2240,0.0275589,0,0,0
22480,2241,0.0174864,0,0,0
22480,2242,0.00741389,0,0,0
22480,2243,-0.00265864,0,0,0
22480,2244,-0.0127312,0,0,0
22480,2245,-0.0228038,0,0,0
22480,2246,-0.0328764,0,0,0
22480,2247,-0.0429491,0,0,0
