time,particle_id,x,y,mesh_index,mesh_index_original
46440,4634,0.0464327,0,0,0
46440,4635,0.036282,0,0,0
46440,4636,0.0261313,0,0,0
46440,4637,0.0159806,0,0,0
46440,4638,0.00582983,0,0,0
46440,4639,-0.00432098,0,0,0
46440,4640,-0.0144718,0,0,0
46440,4641,-0.0246227,0,0,0
46440,4642,-0.0347736,0,0,0
46440,4643,-0.0449245,0,0,0
