time,particle_id,x,y,mesh_index,mesh_index_original
8250,815,0.049261,0,0,0
8250,816,0.0392348,0,0,0
8250,817,0.0292086,0,0,0
8250,818,0.0191823,0,0,0
8250,819,0.00915595,0,0,0
8250,820,-0.000870407,0,0,0
8250,821,-0.0108968,0,0,0
8250,822,-0.0209232,0,0,0
8250,823,-0.0309497,0,0,0
8250,824,-0.0409761,0,0,0
