time,particle_id,x,y,mesh_index,mesh_index_original
73010,7291,0.0441928,0,0,0
73010,7292,0.0339546,0,0,0
73010,7293,0.0237163,0,0,0
73010,7294,0.0134781,0,0,0
73010,7295,0.00323975,0,0,0
73010,7296,-0.0069986,0,0,0
73010,7297,-0.017237,0,0,0
73010,7298,-0.0274754,0,0,0
73010,7299,-0.0377138,0,0,0
73010,7300,-0.0479523,0,0,0
