time,particle_id,x,y,mesh_index,mesh_index_original
54940,5484,0.0456801,0,0,0
54940,5485,0.0355015,0,0,0
54940,5486,0.0253228,0,0,0
54940,5487,0.0151442,0,0,0
54940,5488,0.00496549,0,0,0
54940,5489,-0.00521323,0,0,0
54940,5490,-0.015392,0,0,0
54940,5491,-0.0255708,0,0,0
54940,5492,-0.0357496,0,0,0
54940,5493,-0.0459284,0,0,0
