time,particle_id,x,y,mesh_index,mesh_index_original
97800,9770,0.0428866,0,0,0
97800,9771,0.032566,0,0,0
97800,9772,0.0222454,0,0,0
97800,9773,0.0119247,0,0,0
97800,9774,0.00160399,0,0,0
97800,9775,-0.00871674,0,0,0
97800,9776,-0.0190375,0,0,0
97800,9777,-0.0293583,0,0,0
97800,9778,-0.0396791,0,0,0
