time,particle_id,x,y,mesh_index,mesh_index_original
64650,6455,0.0449597,0,0,0
64650,6456,0.0347491,0,0,0
64650,6457,0.0245385,0,0,0
64650,6458,0.0143278,0,0,0
64650,6459,0.00411716,0,0,0
64650,6460,-0.00609355,0,0,0
64650,6461,-0.0163043,0,0,0
64650,6462,-0.0265151,0,0,0
64650,6463,-0.0367259,0,0,0
64650,6464,-0.0469367,0,0,0
