time,particle_id,x,y,mesh_index,mesh_index_original
86530,8643,0.043577,0,0,0
86530,8644,0.033294,0,0,0
86530,8645,0.0230109,0,0,0
86530,8646,0.0127278,0,0,0
86530,8647,0.00244462,0,0,0
86530,8648,-0.00783857,0,0,0
86530,8649,-0.0181218,0,0,0
86530,8650,-0.0284051,0,0,0
86530,8651,-0.0386883,0,0,0
86530,8652,-0.0489717,0,0,0
