time,particle_id,x,y,mesh_index,mesh_index_original
1970,187,0.0490599,0,0,0
1970,188,0.039054,0,0,0
1970,189,0.0290481,0,0,0
1970,190,0.0190421,0,0,0
1970,191,0.00903611,0,0,0
1970,192,-0.000969933,0,0,0
1970,193,-0.010976,0,0,0
1970,194,-0.0209821,0,0,0
1970,195,-0.0309882,0,0,0
1970,196,-0.0409944,0,0,0
