time,particle_id,x,y,mesh_index,mesh_index_original
99740,9964,0.0429449,0,0,0
99740,9965,0.0326178,0,0,0
99740,9966,0.0222907,0,0,0
99740,9967,0.0119636,0,0,0
99740,9968,0.00163638,0,0,0
99740,9969,-0.00869083,0,0,0
99740,9970,-0.0190181,0,0,0
99740,9971,-0.0293453,0,0,0
99740,9972,-0.0396727,0,0,0
