time,particle_id,x,y,mesh_index,mesh_index_original
33830,3373,0.0470516,0,0,0
33830,3374,0.0369422,0,0,0
33830,3375,0.0268328,0,0,0
33830,3376,0.0167233,0,0,0
33830,3377,0.0066138,0,0,0
33830,3378,-0.00349573,0,0,0
33830,3379,-0.0136053,0,0,0
33830,3380,-0.0237149,0,0,0
33830,3381,-0.0338245,0,0,0
33830,3382,-0.0439342,0,0,0
