time,particle_id,x,y,mesh_index,mesh_index_original
59060,5896,0.0458075,0,0,0
59060,5897,0.0356154,0,0,0
59060,5898,0.0254232,0,0,0
59060,5899,0.015231,0,0,0
59060,5900,0.00503873,0,0,0
59060,5901,-0.00515356,0,0,0
59060,5902,-0.0153459,0,0,0
59060,5903,-0.0255382,0,0,0
59060,5904,-0.0357306,0,0,0
59060,5905,-0.045923,0,0,0
