time,particle_id,x,y,mesh_index,mesh_index_original
50480,5038,0.0455423,0,0,0
50480,5039,0.0353783,0,0,0
50480,5040,0.0252144,0,0,0
50480,5041,0.0150504,0,0,0
50480,5042,0.00488633,0,0,0
50480,5043,-0.00527773,0,0,0
50480,5044,-0.0154418,0,0,0
50480,5045,-0.025606,0,0,0
50480,5046,-0.0357701,0,0,0
50480,5047,-0.0459343,0,0,0
