time,particle_id,x,y,mesh_index,mesh_index_original
82580,8248,0.0434576,0,0,0
82580,8249,0.0331877,0,0,0
82580,8250,0.0229177,0,0,0
82580,8251,0.0126477,0,0,0
82580,8252,0.00237769,0,0,0
82580,8253,-0.00789238,0,0,0
82580,8254,-0.0181625,0,0,0
82580,8255,-0.0284326,0,0,0
82580,8256,-0.0387028,0,0,0
82580,8257,-0.048973,0,0,0
