time,particle_id,x,y,mesh_index,mesh_index_original
31880,3178,0.0469905,0,0,0
31880,3179,0.0368875,0,0,0
31880,3180,0.0267844,0,0,0
31880,3181,0.0166813,0,0,0
31880,3182,0.00657815,0,0,0
31880,3183,-0.00352501,0,0,0
31880,3184,-0.0136282,0,0,0
31880,3185,-0.0237314,0,0,0
31880,3186,-0.0338347,0,0,0
31880,3187,-0.043938,0,0,0
