time,particle_id,x,y,mesh_index,mesh_index_original
59750,5965,0.0458289,0,0,0
59750,5966,0.0356345,0,0,0
59750,5967,0.02544,0,0,0
59750,5968,0.0152455,0,0,0
59750,5969,0.005051,0,0,0
59750,5970,-0.00514356,0,0,0
59750,5971,-0.0153381,0,0,0
59750,5972,-0.0255328,0,0,0
59750,5973,-0.0357274,0,0,0
59750,5974,-0.0459221,0,0,0
