time,particle_id,x,y,mesh_index,mesh_index_original
92730,9263,0.0427344,0,0,0
92730,9264,0.0324307,0,0,0
92730,9265,0.022127,0,0,0
92730,9266,0.0118233,0,0,0
92730,9267,0.00151946,0,0,0
92730,9268,-0.00878437,0,0,0
92730,9269,-0.0190882,0,0,0
92730,9270,-0.0293921,0,0,0
92730,9271,-0.039696,0,0,0
