time,particle_id,x,y,mesh_index,mesh_index_original
27300,2720,0.0478559,0,0,0
27300,2721,0.0377678,0,0,0
27300,2722,0.0276797,0,0,0
27300,2723,0.0175915,0,0,0
27300,2724,0.00750335,0,0,0
27300,2725,-0.00258488,0,0,0
27300,2726,-0.0126731,0,0,0
27300,2727,-0.0227614,0,0,0
27300,2728,-0.0328498,0,0,0
27300,2729,-0.0429381,0,0,0
