time,particle_id,x,y,mesh_index,mesh_index_original
75000,7490,0.0442534,0,0,0
75000,7491,0.0340086,0,0,0
75000,7492,0.0237638,0,0,0
75000,7493,0.0135189,0,0,0
75000,7494,0.003274,0,0,0
75000,7495,-0.00697093,0,0,0
75000,7496,-0.0172159,0,0,0
75000,7497,-0.0274609,0,0,0
75000,7498,-0.0377059,0,0,0
75000,7499,-0.047951,0,0,0
