time,particle_id,x,y,mesh_index,mesh_index_original
49860,4976,0.0465393,0,0,0
49860,4977,0.0363774,0,0,0
49860,4978,0.0262155,0,0,0
49860,4979,0.0160536,0,0,0
49860,4980,0.00589156,0,0,0
49860,4981,-0.00427047,0,0,0
49860,4982,-0.0144325,0,0,0
49860,4983,-0.0245946,0,0,0
49860,4984,-0.0347567,0,0,0
49860,4985,-0.0449189,0,0,0
