time,particle_id,x,y,mesh_index,mesh_index_original
87490,8739,0.0436061,0,0,0
87490,8740,0.0333198,0,0,0
87490,8741,0.0230336,0,0,0
87490,8742,0.0127472,0,0,0
87490,8743,0.0024609,0,0,0
87490,8744,-0.00782548,0,0,0
87490,8745,-0.0181119,0,0,0
87490,8746,-0.0283983,0,0,0
87490,8747,-0.0386848,0,0,0
87490,8748,-0.0489713,0,0,0
