time,particle_id,x,y,mesh_index,mesh_index_original
59580,5948,0.0458236,0,0,0
59580,5949,0.0356298,0,0,0
59580,5950,0.0254359,0,0,0
59580,5951,0.0152419,0,0,0
59580,5952,0.00504798,0,0,0
59580,5953,-0.00514602,0,0,0
59580,5954,-0.0153401,0,0,0
59580,5955,-0.0255341,0,0,0
59580,5956,-0.0357282,0,0,0
59580,5957,-0.0459223,0,0,0
