time,particle_id,x,y,mesh_index,mesh_index_original
24260,2416,0.0477599,0,0,0
24260,2417,0.0376817,0,0,0
24260,2418,0.0276035,0,0,0
24260,2419,0.0175252,0,0,0
24260,2420,0.00744691,0,0,0
24260,2421,-0.00263142,0,0,0
24260,2422,-0.0127098,0,0,0
24260,2423,-0.0227882,0,0,0
24260,2424,-0.0328666,0,0,0
24260,2425,-0.0429451,0,0,0
