time,particle_id,x,y,mesh_index,mesh_index_original
36660,3656,0.0471404,0,0,0
36660,3657,0.0370217,0,0,0
36660,3658,0.026903,0,0,0
36660,3659,0.0167843,0,0,0
36660,3660,0.00666559,0,0,0
36660,3661,-0.00345319,0,0,0
36660,3662,-0.013572,0,0,0
36660,3663,-0.0236908,0,0,0
36660,3664,-0.0338097,0,0,0
36660,3665,-0.0439286,0,0,0
