time,particle_id,x,y,mesh_index,mesh_index_original
21600,2150,0.0476759,0,0,0
21600,2151,0.0376064,0,0,0
21600,2152,0.0275368,0,0,0
21600,2153,0.0174672,0,0,0
21600,2154,0.00739757,0,0,0
21600,2155,-0.0026721,0,0,0
21600,2156,-0.0127418,0,0,0
21600,2157,-0.0228115,0,0,0
21600,2158,-0.0328813,0,0,0
21600,2159,-0.0429511,0,0,0
