time,particle_id,x,y,mesh_index,mesh_index_original
85340,8524,0.0435411,0,0,0
85340,8525,0.033262,0,0,0
85340,8526,0.0229828,0,0,0
85340,8527,0.0127036,0,0,0
85340,8528,0.00242445,0,0,0
85340,8529,-0.00785479,0,0,0
85340,8530,-0.0181341,0,0,0
85340,8531,-0.0284134,0,0,0
85340,8532,-0.0386927,0,0,0
85340,8533,-0.0489721,0,0,0
