time,particle_id,x,y,mesh_index,mesh_index_original
39810,3971,0.0472393,0,0,0
39810,3972,0.0371103,0,0,0
39810,3973,0.0269814,0,0,0
39810,3974,0.0168523,0,0,0
39810,3975,0.00672328,0,0,0
39810,3976,-0.0034058,0,0,0
39810,3977,-0.0135349,0,0,0
39810,3978,-0.0236641,0,0,0
39810,3979,-0.0337932,0,0,0
39810,3980,-0.0439225,0,0,0
