time,particle_id,x,y,mesh_index,mesh_index_original
63400,6330,0.0449213,0,0,0
63400,6331,0.0347149,0,0,0
63400,6332,0.0245084,0,0,0
63400,6333,0.0143019,0,0,0
63400,6334,0.00409531,0,0,0
63400,6335,-0.00611129,0,0,0
63400,6336,-0.0163179,0,0,0
63400,6337,-0.0265246,0,0,0
63400,6338,-0.0367313,0,0,0
63400,6339,-0.046938,0,0,0
