time,particle_id,x,y,mesh_index,mesh_index_original
3830,373,0.0491195,0,0,0
3830,374,0.0391075,0,0,0
3830,375,0.0290956,0,0,0
3830,376,0.0190836,0,0,0
3830,377,0.00907157,0,0,0
3830,378,-0.000940477,0,0,0
3830,379,-0.0109526,0,0,0
3830,380,-0.0209647,0,0,0
3830,381,-0.0309768,0,0,0
3830,382,-0.040989,0,0,0
