time,particle_id,x,y,mesh_index,mesh_index_original
12050,1195,0.048379,0,0,0
12050,1196,0.0383405,0,0,0
12050,1197,0.0283019,0,0,0
12050,1198,0.0182633,0,0,0
12050,1199,0.0082247,0,0,0
12050,1200,-0.00181396,0,0,0
12050,1201,-0.0118527,0,0,0
12050,1202,-0.0218914,0,0,0
12050,1203,-0.0319301,0,0,0
12050,1204,-0.0419689,0,0,0
