time,particle_id,x,y,mesh_index,mesh_index_original
88200,8810,0.0436276,0,0,0
88200,8811,0.033339,0,0,0
88200,8812,0.0230503,0,0,0
88200,8813,0.0127617,0,0,0
88200,8814,0.00247294,0,0,0
88200,8815,-0.0078158,0,0,0
88200,8816,-0.0181046,0,0,0
88200,8817,-0.0283934,0,0,0
88200,8818,-0.0386822,0,0,0
88200,8819,-0.0489711,0,0,0
