time,particle_id,x,y,mesh_index,mesh_index_original
81520,8142,0.0434256,0,0,0
81520,8143,0.0331592,0,0,0
81520,8144,0.0228927,0,0,0
81520,8145,0.0126263,0,0,0
81520,8146,0.00235974,0,0,0
81520,8147,-0.00790681,0,0,0
81520,8148,-0.0181734,0,0,0
81520,8149,-0.02844,0,0,0
81520,8150,-0.0387066,0,0,0
81520,8151,-0.0489733,0,0,0
