time,particle_id,x,y,mesh_index,mesh_index_original
72490,7239,0.044177,0,0,0
72490,7240,0.0339405,0,0,0
72490,7241,0.0237039,0,0,0
72490,7242,0.0134674,0,0,0
72490,7243,0.0032308,0,0,0
72490,7244,-0.00700582,0,0,0
72490,7245,-0.0172425,0,0,0
72490,7246,-0.0274792,0,0,0
72490,7247,-0.0377159,0,0,0
72490,7248,-0.0479526,0,0,0
