time,particle_id,x,y,mesh_index,mesh_index_original
65870,6577,0.0449971,0,0,0
65870,6578,0.0347825,0,0,0
65870,6579,0.0245679,0,0,0
65870,6580,0.0143532,0,0,0
65870,6581,0.00413851,0,0,0
65870,6582,-0.00607623,0,0,0
65870,6583,-0.016291,0,0,0
65870,6584,-0.0265058,0,0,0
65870,6585,-0.0367207,0,0,0
65870,6586,-0.0469355,0,0,0
