time,particle_id,x,y,mesh_index,mesh_index_original
20990,2089,0.0476567,0,0,0
20990,2090,0.0375891,0,0,0
20990,2091,0.0275215,0,0,0
20990,2092,0.0174539,0,0,0
20990,2093,0.00738627,0,0,0
20990,2094,-0.00268142,0,0,0
20990,2095,-0.0127491,0,0,0
20990,2096,-0.0228169,0,0,0
20990,2097,-0.0328847,0,0,0
20990,2098,-0.0429525,0,0,0
