time,particle_id,x,y,mesh_index,mesh_index_original
49110,4901,0.0465159,0,0,0
49110,4902,0.0363565,0,0,0
49110,4903,0.026197,0,0,0
49110,4904,0.0160375,0,0,0
49110,4905,0.00587801,0,0,0
49110,4906,-0.00428155,0,0,0
49110,4907,-0.0144411,0,0,0
49110,4908,-0.0246008,0,0,0
49110,4909,-0.0347604,0,0,0
49110,4910,-0.0449201,0,0,0
