time,particle_id,x,y,mesh_index,mesh_index_original
31610,3151,0.046982,0,0,0
31610,3152,0.0368799,0,0,0
31610,3153,0.0267777,0,0,0
31610,3154,0.0166755,0,0,0
31610,3155,0.00657322,0,0,0
31610,3156,-0.00352907,0,0,0
31610,3157,-0.0136314,0,0,0
31610,3158,-0.0237337,0,0,0
31610,3159,-0.0338361,0,0,0
31610,3160,-0.0439385,0,0,0
