time,particle_id,x,y,mesh_index,mesh_index_original
69290,6919,0.0451022,0,0,0
69290,6920,0.0348763,0,0,0
69290,6921,0.0246504,0,0,0
69290,6922,0.0144244,0,0,0
69290,6923,0.00419839,0,0,0
69290,6924,-0.00602765,0,0,0
69290,6925,-0.0162537,0,0,0
69290,6926,-0.0264798,0,0,0
69290,6927,-0.036706,0,0,0
69290,6928,-0.0469321,0,0,0
