time,particle_id,x,y,mesh_index,mesh_index_original
61560,6146,0.0448649,0,0,0
61560,6147,0.0346645,0,0,0
61560,6148,0.0244641,0,0,0
61560,6149,0.0142636,0,0,0
61560,6150,0.00406315,0,0,0
61560,6151,-0.00613738,0,0,0
61560,6152,-0.0163379,0,0,0
61560,6153,-0.0265385,0,0,0
61560,6154,-0.0367391,0,0,0
61560,6155,-0.0469398,0,0,0
