time,particle_id,x,y,mesh_index,mesh_index_original
85050,8495,0.0435323,0,0,0
85050,8496,0.0332541,0,0,0
85050,8497,0.022976,0,0,0
85050,8498,0.0126978,0,0,0
85050,8499,0.00241953,0,0,0
85050,8500,-0.00785874,0,0,0
85050,8501,-0.018137,0,0,0
85050,8502,-0.0284154,0,0,0
85050,8503,-0.0386938,0,0,0
85050,8504,-0.0489722,0,0,0
