time,particle_id,x,y,mesh_index,mesh_index_original
68170,6807,0.0450678,0,0,0
68170,6808,0.0348456,0,0,0
68170,6809,0.0246233,0,0,0
68170,6810,0.0144011,0,0,0
68170,6811,0.00417877,0,0,0
68170,6812,-0.00604357,0,0,0
68170,6813,-0.0162659,0,0,0
68170,6814,-0.0264883,0,0,0
68170,6815,-0.0367108,0,0,0
68170,6816,-0.0469333,0,0,0
