time,particle_id,x,y,mesh_index,mesh_index_original
13240,1314,0.0484168,0,0,0
13240,1315,0.0383745,0,0,0
13240,1316,0.028332,0,0,0
13240,1317,0.0182896,0,0,0
13240,1318,0.00824708,0,0,0
13240,1319,-0.00179544,0,0,0
13240,1320,-0.011838,0,0,0
13240,1321,-0.0218806,0,0,0
13240,1322,-0.0319232,0,0,0
13240,1323,-0.0419659,0,0,0
