time,particle_id,x,y,mesh_index,mesh_index_original
89120,8902,0.0436554,0,0,0
89120,8903,0.0333638,0,0,0
89120,8904,0.0230721,0,0,0
89120,8905,0.0127803,0,0,0
89120,8906,0.00248855,0,0,0
89120,8907,-0.00780325,0,0,0
89120,8908,-0.0180951,0,0,0
89120,8909,-0.028387,0,0,0
89120,8910,-0.0386789,0,0,0
89120,8911,-0.0489708,0,0,0
