time,particle_id,x,y,mesh_index,mesh_index_original
56820,5672,0.0457382,0,0,0
56820,5673,0.0355534,0,0,0
56820,5674,0.0253686,0,0,0
56820,5675,0.0151838,0,0,0
56820,5676,0.0049989,0,0,0
56820,5677,-0.00518601,0,0,0
56820,5678,-0.015371,0,0,0
56820,5679,-0.0255559,0,0,0
56820,5680,-0.0357409,0,0,0
56820,5681,-0.045926,0,0,0
