time,particle_id,x,y,mesh_index,mesh_index_original
26450,2635,0.0478291,0,0,0
26450,2636,0.0377437,0,0,0
26450,2637,0.0276584,0,0,0
26450,2638,0.017573,0,0,0
26450,2639,0.00748756,0,0,0
26450,2640,-0.0025979,0,0,0
26450,2641,-0.0126834,0,0,0
26450,2642,-0.0227689,0,0,0
26450,2643,-0.0328545,0,0,0
26450,2644,-0.0429401,0,0,0
