time,particle_id,x,y,mesh_index,mesh_index_original
11770,1167,0.0483701,0,0,0
11770,1168,0.0383325,0,0,0
11770,1169,0.0282948,0,0,0
11770,1170,0.0182572,0,0,0
11770,1171,0.00821943,0,0,0
11770,1172,-0.00181832,0,0,0
11770,1173,-0.0118561,0,0,0
11770,1174,-0.0218939,0,0,0
11770,1175,-0.0319318,0,0,0
11770,1176,-0.0419697,0,0,0
