time,particle_id,x,y,mesh_index,mesh_index_original
68920,6882,0.0450908,0,0,0
68920,6883,0.0348662,0,0,0
68920,6884,0.0246414,0,0,0
68920,6885,0.0144167,0,0,0
68920,6886,0.0041919,0,0,0
68920,6887,-0.00603291,0,0,0
68920,6888,-0.0162578,0,0,0
68920,6889,-0.0264826,0,0,0
68920,6890,-0.0367076,0,0,0
68920,6891,-0.0469325,0,0,0
