time,particle_id,x,y,mesh_index,mesh_index_original
91480,9138,0.042697,0,0,0
91480,9139,0.0323974,0,0,0
91480,9140,0.0220979,0,0,0
91480,9141,0.0117983,0,0,0
91480,9142,0.00149864,0,0,0
91480,9143,-0.00880102,0,0,0
91480,9144,-0.0191007,0,0,0
91480,9145,-0.0294004,0,0,0
91480,9146,-0.0397002,0,0,0
