time,particle_id,x,y,mesh_index,mesh_index_original
7740,764,0.0492447,0,0,0
7740,765,0.0392201,0,0,0
7740,766,0.0291955,0,0,0
7740,767,0.0191709,0,0,0
7740,768,0.0091462,0,0,0
7740,769,-0.000878497,0,0,0
7740,770,-0.0109032,0,0,0
7740,771,-0.020928,0,0,0
7740,772,-0.0309528,0,0,0
7740,773,-0.0409776,0,0,0
