time,particle_id,x,y,mesh_index,mesh_index_original
1310,121,0.0490388,0,0,0
1310,122,0.0390351,0,0,0
1310,123,0.0290312,0,0,0
1310,124,0.0190274,0,0,0
1310,125,0.00902353,0,0,0
1310,126,-0.00098038,0,0,0
1310,127,-0.0109843,0,0,0
1310,128,-0.0209883,0,0,0
1310,129,-0.0309923,0,0,0
1310,130,-0.0409963,0,0,0
