time,particle_id,x,y,mesh_index,mesh_index_original
97900,9780,0.0428896,0,0,0
97900,9781,0.0325687,0,0,0
97900,9782,0.0222477,0,0,0
97900,9783,0.0119267,0,0,0
97900,9784,0.00160566,0,0,0
97900,9785,-0.00871541,0,0,0
97900,9786,-0.0190365,0,0,0
97900,9787,-0.0293576,0,0,0
97900,9788,-0.0396788,0,0,0
