time,particle_id,x,y,mesh_index,mesh_index_original
73450,7335,0.0442062,0,0,0
73450,7336,0.0339665,0,0,0
73450,7337,0.0237268,0,0,0
73450,7338,0.0134871,0,0,0
73450,7339,0.00324732,0,0,0
73450,7340,-0.00699248,0,0,0
73450,7341,-0.0172323,0,0,0
73450,7342,-0.0274722,0,0,0
73450,7343,-0.0377121,0,0,0
73450,7344,-0.047952,0,0,0
