time,particle_id,x,y,mesh_index,mesh_index_original
14760,1466,0.0484652,0,0,0
14760,1467,0.0384178,0,0,0
14760,1468,0.0283705,0,0,0
14760,1469,0.0183231,0,0,0
14760,1470,0.00827568,0,0,0
14760,1471,-0.00177177,0,0,0
14760,1472,-0.0118193,0,0,0
14760,1473,-0.0218668,0,0,0
14760,1474,-0.0319143,0,0,0
14760,1475,-0.0419619,0,0,0
