time,particle_id,x,y,mesh_index,mesh_index_original
50840,5074,0.0455534,0,0,0
50840,5075,0.0353883,0,0,0
50840,5076,0.0252231,0,0,0
50840,5077,0.0150579,0,0,0
50840,5078,0.00489272,0,0,0
50840,5079,-0.00527253,0,0,0
50840,5080,-0.0154378,0,0,0
50840,5081,-0.0256031,0,0,0
50840,5082,-0.0357685,0,0,0
50840,5083,-0.0459338,0,0,0
