time,particle_id,x,y,mesh_index,mesh_index_original
29370,2927,0.0479214,0,0,0
29370,2928,0.0378265,0,0,0
29370,2929,0.0277317,0,0,0
29370,2930,0.0176368,0,0,0
29370,2931,0.00754181,0,0,0
29370,2932,-0.00255317,0,0,0
29370,2933,-0.0126482,0,0,0
29370,2934,-0.0227432,0,0,0
29370,2935,-0.0328383,0,0,0
29370,2936,-0.0429334,0,0,0
