time,particle_id,x,y,mesh_index,mesh_index_original
76230,7613,0.0442909,0,0,0
76230,7614,0.034042,0,0,0
76230,7615,0.0237931,0,0,0
76230,7616,0.0135442,0,0,0
76230,7617,0.00329519,0,0,0
76230,7618,-0.00695381,0,0,0
76230,7619,-0.0172029,0,0,0
76230,7620,-0.0274519,0,0,0
76230,7621,-0.037701,0,0,0
76230,7622,-0.0479502,0,0,0
