time,particle_id,x,y,mesh_index,mesh_index_original
24990,2489,0.047783,0,0,0
24990,2490,0.0377024,0,0,0
24990,2491,0.0276218,0,0,0
24990,2492,0.0175411,0,0,0
24990,2493,0.00746046,0,0,0
24990,2494,-0.00262025,0,0,0
24990,2495,-0.012701,0,0,0
24990,2496,-0.0227818,0,0,0
24990,2497,-0.0328626,0,0,0
24990,2498,-0.0429434,0,0,0
