time,particle_id,x,y,mesh_index,mesh_index_original
58100,5800,0.0457778,0,0,0
58100,5801,0.0355888,0,0,0
58100,5802,0.0253998,0,0,0
58100,5803,0.0152107,0,0,0
58100,5804,0.00502165,0,0,0
58100,5805,-0.00516747,0,0,0
58100,5806,-0.0153566,0,0,0
58100,5807,-0.0255458,0,0,0
58100,5808,-0.035735,0,0,0
58100,5809,-0.0459243,0,0,0
