time,particle_id,x,y,mesh_index,mesh_index_original
58740,5864,0.0457976,0,0,0
58740,5865,0.0356065,0,0,0
58740,5866,0.0254154,0,0,0
58740,5867,0.0152242,0,0,0
58740,5868,0.00503304,0,0,0
58740,5869,-0.0051582,0,0,0
58740,5870,-0.0153495,0,0,0
58740,5871,-0.0255408,0,0,0
58740,5872,-0.0357321,0,0,0
58740,5873,-0.0459234,0,0,0
