time,particle_id,x,y,mesh_index,mesh_index_original
52520,5242,0.0456053,0,0,0
52520,5243,0.0354346,0,0,0
52520,5244,0.025264,0,0,0
52520,5245,0.0150933,0,0,0
52520,5246,0.00492253,0,0,0
52520,5247,-0.00524824,0,0,0
52520,5248,-0.015419,0,0,0
52520,5249,-0.0255899,0,0,0
52520,5250,-0.0357607,0,0,0
52520,5251,-0.0459316,0,0,0
