time,particle_id,x,y,mesh_index,mesh_index_original
78980,7888,0.0443747,0,0,0
78980,7889,0.0341168,0,0,0
78980,7890,0.0238587,0,0,0
78980,7891,0.0136007,0,0,0
78980,7892,0.00334259,0,0,0
78980,7893,-0.00691553,0,0,0
78980,7894,-0.0171737,0,0,0
78980,7895,-0.0274319,0,0,0
78980,7896,-0.0376901,0,0,0
78980,7897,-0.0479483,0,0,0
