time,particle_id,x,y,mesh_index,mesh_index_original
57480,5738,0.0457586,0,0,0
57480,5739,0.0355717,0,0,0
57480,5740,0.0253847,0,0,0
57480,5741,0.0151977,0,0,0
57480,5742,0.00501063,0,0,0
57480,5743,-0.00517645,0,0,0
57480,5744,-0.0153636,0,0,0
57480,5745,-0.0255507,0,0,0
57480,5746,-0.0357379,0,0,0
57480,5747,-0.0459251,0,0,0
