time,particle_id,x,y,mesh_index,mesh_index_original
83210,8311,0.0434767,0,0,0
83210,8312,0.0332046,0,0,0
83210,8313,0.0229326,0,0,0
83210,8314,0.0126605,0,0,0
83210,8315,0.00238836,0,0,0
83210,8316,-0.0078838,0,0,0
83210,8317,-0.018156,0,0,0
83210,8318,-0.0284282,0,0,0
83210,8319,-0.0387005,0,0,0
83210,8320,-0.0489728,0,0,0
