time,particle_id,x,y,mesh_index,mesh_index_original
96620,9652,0.0428511,0,0,0
96620,9653,0.0325345,0,0,0
96620,9654,0.0222178,0,0,0
96620,9655,0.0119011,0,0,0
96620,9656,0.0015843,0,0,0
96620,9657,-0.00873249,0,0,0
96620,9658,-0.0190493,0,0,0
96620,9659,-0.0293662,0,0,0
96620,9660,-0.0396831,0,0,0
