time,particle_id,x,y,mesh_index,mesh_index_original
19280,1918,0.048609,0,0,0
19280,1919,0.038547,0,0,0
19280,1920,0.028485,0,0,0
19280,1921,0.0184229,0,0,0
19280,1922,0.00836081,0,0,0
19280,1923,-0.00170132,0,0,0
19280,1924,-0.0117635,0,0,0
19280,1925,-0.0218257,0,0,0
19280,1926,-0.0318879,0,0,0
19280,1927,-0.0419502,0,0,0
