time,particle_id,x,y,mesh_index,mesh_index_original
77990,7789,0.0443445,0,0,0
77990,7790,0.0340898,0,0,0
77990,7791,0.0238351,0,0,0
77990,7792,0.0135803,0,0,0
77990,7793,0.00332552,0,0,0
77990,7794,-0.00692932,0,0,0
77990,7795,-0.0171842,0,0,0
77990,7796,-0.0274391,0,0,0
77990,7797,-0.037694,0,0,0
77990,7798,-0.047949,0,0,0
