time,particle_id,x,y,mesh_index,mesh_index_original
5030,493,0.0491579,0,0,0
5030,494,0.0391421,0,0,0
5030,495,0.0291262,0,0,0
5030,496,0.0191104,0,0,0
5030,497,0.00909447,0,0,0
5030,498,-0.000921464,0,0,0
5030,499,-0.0109374,0,0,0
5030,500,-0.0209534,0,0,0
5030,501,-0.0309695,0,0,0
5030,502,-0.0409855,0,0,0
