time,particle_id,x,y,mesh_index,mesh_index_original
39320,3922,0.0472239,0,0,0
39320,3923,0.0370965,0,0,0
39320,3924,0.0269692,0,0,0
39320,3925,0.0168418,0,0,0
39320,3926,0.00671431,0,0,0
39320,3927,-0.00341317,0,0,0
39320,3928,-0.0135407,0,0,0
39320,3929,-0.0236682,0,0,0
39320,3930,-0.0337958,0,0,0
39320,3931,-0.0439234,0,0,0
