time,particle_id,x,y,mesh_index,mesh_index_original
23870,2377,0.0477476,0,0,0
23870,2378,0.0376707,0,0,0
23870,2379,0.0275937,0,0,0
23870,2380,0.0175167,0,0,0
23870,2381,0.00743967,0,0,0
23870,2382,-0.00263739,0,0,0
23870,2383,-0.0127145,0,0,0
23870,2384,-0.0227916,0,0,0
23870,2385,-0.0328688,0,0,0
23870,2386,-0.0429459,0,0,0
