time,particle_id,x,y,mesh_index,mesh_index_original
62960,6286,0.0449078,0,0,0
62960,6287,0.0347028,0,0,0
62960,6288,0.0244978,0,0,0
62960,6289,0.0142927,0,0,0
62960,6290,0.00408761,0,0,0
62960,6291,-0.00611753,0,0,0
62960,6292,-0.0163227,0,0,0
62960,6293,-0.0265279,0,0,0
62960,6294,-0.0367331,0,0,0
62960,6295,-0.0469384,0,0,0
