time,particle_id,x,y,mesh_index,mesh_index_original
70500,7040,0.0441164,0,0,0
70500,7041,0.0338865,0,0,0
70500,7042,0.0236565,0,0,0
70500,7043,0.0134266,0,0,0
70500,7044,0.00319657,0,0,0
70500,7045,-0.00703347,0,0,0
70500,7046,-0.0172635,0,0,0
70500,7047,-0.0274937,0,0,0
70500,7048,-0.0377238,0,0,0
70500,7049,-0.047954,0,0,0
