time,particle_id,x,y,mesh_index,mesh_index_original
38900,3880,0.0472107,0,0,0
38900,3881,0.0370847,0,0,0
38900,3882,0.0269587,0,0,0
38900,3883,0.0168327,0,0,0
38900,3884,0.00670661,0,0,0
38900,3885,-0.0034195,0,0,0
38900,3886,-0.0135456,0,0,0
38900,3887,-0.0236718,0,0,0
38900,3888,-0.033798,0,0,0
38900,3889,-0.0439242,0,0,0
