time,particle_id,x,y,mesh_index,mesh_index_original
37610,3751,0.0471702,0,0,0
37610,3752,0.0370484,0,0,0
37610,3753,0.0269267,0,0,0
37610,3754,0.0168048,0,0,0
37610,3755,0.00668298,0,0,0
37610,3756,-0.0034389,0,0,0
37610,3757,-0.0135608,0,0,0
37610,3758,-0.0236828,0,0,0
37610,3759,-0.0338048,0,0,0
37610,3760,-0.0439268,0,0,0
