time,particle_id,x,y,mesh_index,mesh_index_original
42050,4195,0.046296,0,0,0
42050,4196,0.0361597,0,0,0
42050,4197,0.0260234,0,0,0
42050,4198,0.0158871,0,0,0
42050,4199,0.00575069,0,0,0
42050,4200,-0.00438572,0,0,0
42050,4201,-0.0145222,0,0,0
42050,4202,-0.0246587,0,0,0
42050,4203,-0.0347952,0,0,0
42050,4204,-0.0449317,0,0,0
