time,particle_id,x,y,mesh_index,mesh_index_original
57440,5734,0.0457574,0,0,0
57440,5735,0.0355706,0,0,0
57440,5736,0.0253837,0,0,0
57440,5737,0.0151968,0,0,0
57440,5738,0.00500992,0,0,0
57440,5739,-0.00517703,0,0,0
57440,5740,-0.015364,0,0,0
57440,5741,-0.025551,0,0,0
57440,5742,-0.0357381,0,0,0
57440,5743,-0.0459252,0,0,0
