time,particle_id,x,y,mesh_index,mesh_index_original
48090,4799,0.0464841,0,0,0
48090,4800,0.0363281,0,0,0
48090,4801,0.0261719,0,0,0
48090,4802,0.0160158,0,0,0
48090,4803,0.0058596,0,0,0
48090,4804,-0.00429662,0,0,0
48090,4805,-0.0144529,0,0,0
48090,4806,-0.0246091,0,0,0
48090,4807,-0.0347655,0,0,0
48090,4808,-0.0449218,0,0,0
