time,particle_id,x,y,mesh_index,mesh_index_original
87970,8787,0.0436206,0,0,0
87970,8788,0.0333328,0,0,0
87970,8789,0.0230449,0,0,0
87970,8790,0.012757,0,0,0
87970,8791,0.00246904,0,0,0
87970,8792,-0.00781894,0,0,0
87970,8793,-0.0181069,0,0,0
87970,8794,-0.028395,0,0,0
87970,8795,-0.0386831,0,0,0
87970,8796,-0.0489712,0,0,0
