time,particle_id,x,y,mesh_index,mesh_index_original
24380,2428,0.0477637,0,0,0
24380,2429,0.0376851,0,0,0
24380,2430,0.0276065,0,0,0
24380,2431,0.0175278,0,0,0
24380,2432,0.00744914,0,0,0
24380,2433,-0.00262958,0,0,0
24380,2434,-0.0127083,0,0,0
24380,2435,-0.0227871,0,0,0
24380,2436,-0.0328659,0,0,0
24380,2437,-0.0429448,0,0,0
