time,particle_id,x,y,mesh_index,mesh_index_original
83430,8333,0.0434833,0,0,0
83430,8334,0.0332106,0,0,0
83430,8335,0.0229378,0,0,0
83430,8336,0.0126649,0,0,0
83430,8337,0.00239208,0,0,0
83430,8338,-0.00788081,0,0,0
83430,8339,-0.0181537,0,0,0
83430,8340,-0.0284267,0,0,0
83430,8341,-0.0386997,0,0,0
83430,8342,-0.0489727,0,0,0
