time,particle_id,x,y,mesh_index,mesh_index_original
32290,3219,0.0470033,0,0,0
32290,3220,0.036899,0,0,0
32290,3221,0.0267946,0,0,0
32290,3222,0.0166901,0,0,0
32290,3223,0.00658565,0,0,0
32290,3224,-0.00351886,0,0,0
32290,3225,-0.0136234,0,0,0
32290,3226,-0.023728,0,0,0
32290,3227,-0.0338326,0,0,0
32290,3228,-0.0439372,0,0,0
