time,particle_id,x,y,mesh_index,mesh_index_original
8950,885,0.0492835,0,0,0
8950,886,0.039255,0,0,0
8950,887,0.0292265,0,0,0
8950,888,0.0191979,0,0,0
8950,889,0.00916932,0,0,0
8950,890,-0.0008593,0,0,0
8950,891,-0.010888,0,0,0
8950,892,-0.0209166,0,0,0
8950,893,-0.0309454,0,0,0
8950,894,-0.0409741,0,0,0
