time,particle_id,x,y,mesh_index,mesh_index_original
53430,5333,0.0456334,0,0,0
53430,5334,0.0354598,0,0,0
53430,5335,0.0252861,0,0,0
53430,5336,0.0151124,0,0,0
53430,5337,0.00493868,0,0,0
53430,5338,-0.00523508,0,0,0
53430,5339,-0.0154089,0,0,0
53430,5340,-0.0255827,0,0,0
53430,5341,-0.0357565,0,0,0
53430,5342,-0.0459304,0,0,0
