time,particle_id,x,y,mesh_index,mesh_index_original
62140,6204,0.0448827,0,0,0
62140,6205,0.0346804,0,0,0
62140,6206,0.0244781,0,0,0
62140,6207,0.0142757,0,0,0
62140,6208,0.00407328,0,0,0
62140,6209,-0.00612915,0,0,0
62140,6210,-0.0163316,0,0,0
62140,6211,-0.0265341,0,0,0
62140,6212,-0.0367367,0,0,0
62140,6213,-0.0469392,0,0,0
