time,particle_id,x,y,mesh_index,mesh_index_original
57050,5695,0.0457453,0,0,0
57050,5696,0.0355598,0,0,0
57050,5697,0.0253742,0,0,0
57050,5698,0.0151886,0,0,0
57050,5699,0.00500299,0,0,0
57050,5700,-0.00518268,0,0,0
57050,5701,-0.0153684,0,0,0
57050,5702,-0.0255541,0,0,0
57050,5703,-0.0357399,0,0,0
57050,5704,-0.0459257,0,0,0
