time,particle_id,x,y,mesh_index,mesh_index_original
61900,6180,0.0448753,0,0,0
61900,6181,0.0346738,0,0,0
61900,6182,0.0244723,0,0,0
61900,6183,0.0142707,0,0,0
61900,6184,0.00406909,0,0,0
61900,6185,-0.00613256,0,0,0
61900,6186,-0.0163342,0,0,0
61900,6187,-0.0265359,0,0,0
61900,6188,-0.0367377,0,0,0
61900,6189,-0.0469395,0,0,0
