time,particle_id,x,y,mesh_index,mesh_index_original
54750,5465,0.0456742,0,0,0
54750,5466,0.0354962,0,0,0
54750,5467,0.0253182,0,0,0
54750,5468,0.0151402,0,0,0
54750,5469,0.00496212,0,0,0
54750,5470,-0.00521598,0,0,0
54750,5471,-0.0153941,0,0,0
54750,5472,-0.0255723,0,0,0
54750,5473,-0.0357505,0,0,0
54750,5474,-0.0459287,0,0,0
