time,particle_id,x,y,mesh_index,mesh_index_original
62300,6220,0.0448876,0,0,0
62300,6221,0.0346848,0,0,0
62300,6222,0.0244819,0,0,0
62300,6223,0.014279,0,0,0
62300,6224,0.00407608,0,0,0
62300,6225,-0.00612689,0,0,0
62300,6226,-0.0163299,0,0,0
62300,6227,-0.0265329,0,0,0
62300,6228,-0.036736,0,0,0
62300,6229,-0.0469391,0,0,0
