time,particle_id,x,y,mesh_index,mesh_index_original
42630,4253,0.0463141,0,0,0
42630,4254,0.0361759,0,0,0
42630,4255,0.0260377,0,0,0
42630,4256,0.0158994,0,0,0
42630,4257,0.00576114,0,0,0
42630,4258,-0.00437717,0,0,0
42630,4259,-0.0145155,0,0,0
42630,4260,-0.0246539,0,0,0
42630,4261,-0.0347923,0,0,0
42630,4262,-0.0449308,0,0,0
