time,particle_id,x,y,mesh_index,mesh_index_original
16900,1680,0.0485332,0,0,0
16900,1681,0.038479,0,0,0
16900,1682,0.0284247,0,0,0
16900,1683,0.0183703,0,0,0
16900,1684,0.00831597,0,0,0
16900,1685,-0.00173843,0,0,0
16900,1686,-0.0117929,0,0,0
16900,1687,-0.0218473,0,0,0
16900,1688,-0.0319018,0,0,0
16900,1689,-0.0419564,0,0,0
