time,particle_id,x,y,mesh_index,mesh_index_original
60690,6059,0.0448382,0,0,0
60690,6060,0.0346407,0,0,0
60690,6061,0.0244432,0,0,0
60690,6062,0.0142456,0,0,0
60690,6063,0.00404795,0,0,0
60690,6064,-0.00614971,0,0,0
60690,6065,-0.0163474,0,0,0
60690,6066,-0.0265451,0,0,0
60690,6067,-0.0367429,0,0,0
60690,6068,-0.0469407,0,0,0
