time,particle_id,x,y,mesh_index,mesh_index_original
63050,6295,0.0449106,0,0,0
63050,6296,0.0347053,0,0,0
63050,6297,0.0245,0,0,0
63050,6298,0.0142946,0,0,0
63050,6299,0.00408919,0,0,0
63050,6300,-0.00611625,0,0,0
63050,6301,-0.0163217,0,0,0
63050,6302,-0.0265272,0,0,0
63050,6303,-0.0367328,0,0,0
63050,6304,-0.0469383,0,0,0
