time,particle_id,x,y,mesh_index,mesh_index_original
82520,8242,0.0434558,0,0,0
82520,8243,0.0331861,0,0,0
82520,8244,0.0229163,0,0,0
82520,8245,0.0126465,0,0,0
82520,8246,0.00237667,0,0,0
82520,8247,-0.0078932,0,0,0
82520,8248,-0.0181631,0,0,0
82520,8249,-0.028433,0,0,0
82520,8250,-0.038703,0,0,0
82520,8251,-0.048973,0,0,0
