time,particle_id,x,y,mesh_index,mesh_index_original
12740,1264,0.048401,0,0,0
12740,1265,0.0383602,0,0,0
12740,1266,0.0283194,0,0,0
12740,1267,0.0182785,0,0,0
12740,1268,0.00823767,0,0,0
12740,1269,-0.00180323,0,0,0
12740,1270,-0.0118442,0,0,0
12740,1271,-0.0218851,0,0,0
12740,1272,-0.0319261,0,0,0
12740,1273,-0.0419672,0,0,0
