time,particle_id,x,y,mesh_index,mesh_index_original
58770,5867,0.0457986,0,0,0
58770,5868,0.0356074,0,0,0
58770,5869,0.0254161,0,0,0
58770,5870,0.0152249,0,0,0
58770,5871,0.00503357,0,0,0
58770,5872,-0.00515776,0,0,0
58770,5873,-0.0153491,0,0,0
58770,5874,-0.0255405,0,0,0
58770,5875,-0.0357319,0,0,0
58770,5876,-0.0459234,0,0,0
