time,particle_id,x,y,mesh_index,mesh_index_original
92020,9192,0.0427131,0,0,0
92020,9193,0.0324118,0,0,0
92020,9194,0.0221105,0,0,0
92020,9195,0.0118091,0,0,0
92020,9196,0.00150763,0,0,0
92020,9197,-0.00879383,0,0,0
92020,9198,-0.0190953,0,0,0
92020,9199,-0.0293968,0,0,0
92020,9200,-0.0396984,0,0,0
