time,particle_id,x,y,mesh_index,mesh_index_original
19470,1937,0.0486151,0,0,0
19470,1938,0.0385524,0,0,0
19470,1939,0.0284898,0,0,0
19470,1940,0.0184271,0,0,0
19470,1941,0.00836439,0,0,0
19470,1942,-0.00169836,0,0,0
19470,1943,-0.0117611,0,0,0
19470,1944,-0.0218239,0,0,0
19470,1945,-0.0318868,0,0,0
19470,1946,-0.0419497,0,0,0
