time,particle_id,x,y,mesh_index,mesh_index_original
59970,5987,0.0458357,0,0,0
59970,5988,0.0356406,0,0,0
59970,5989,0.0254454,0,0,0
59970,5990,0.0152502,0,0,0
59970,5991,0.00505492,0,0,0
59970,5992,-0.00514037,0,0,0
59970,5993,-0.0153357,0,0,0
59970,5994,-0.025531,0,0,0
59970,5995,-0.0357264,0,0,0
59970,5996,-0.0459218,0,0,0
