time,particle_id,x,y,mesh_index,mesh_index_original
83410,8331,0.0434827,0,0,0
83410,8332,0.03321,0,0,0
83410,8333,0.0229373,0,0,0
83410,8334,0.0126645,0,0,0
83410,8335,0.00239174,0,0,0
83410,8336,-0.00788108,0,0,0
83410,8337,-0.0181539,0,0,0
83410,8338,-0.0284268,0,0,0
83410,8339,-0.0386997,0,0,0
83410,8340,-0.0489727,0,0,0
