time,particle_id,x,y,mesh_index,mesh_index_original
48510,4841,0.0464972,0,0,0
48510,4842,0.0363398,0,0,0
48510,4843,0.0261823,0,0,0
48510,4844,0.0160247,0,0,0
48510,4845,0.00586718,0,0,0
48510,4846,-0.00429041,0,0,0
48510,4847,-0.014448,0,0,0
48510,4848,-0.0246057,0,0,0
48510,4849,-0.0347634,0,0,0
48510,4850,-0.0449211,0,0,0
