time,particle_id,x,y,mesh_index,mesh_index_original
8920,882,0.0492825,0,0,0
8920,883,0.0392541,0,0,0
8920,884,0.0292257,0,0,0
8920,885,0.0191972,0,0,0
8920,886,0.00916875,0,0,0
8920,887,-0.000859776,0,0,0
8920,888,-0.0108883,0,0,0
8920,889,-0.0209169,0,0,0
8920,890,-0.0309455,0,0,0
8920,891,-0.0409742,0,0,0
