time,particle_id,x,y,mesh_index,mesh_index_original
90750,9065,0.0426751,0,0,0
90750,9066,0.032378,0,0,0
90750,9067,0.0220808,0,0,0
90750,9068,0.0117837,0,0,0
90750,9069,0.00148649,0,0,0
90750,9070,-0.00881074,0,0,0
90750,9071,-0.019108,0,0,0
90750,9072,-0.0294053,0,0,0
90750,9073,-0.0397026,0,0,0
