time,particle_id,x,y,mesh_index,mesh_index_original
53490,5339,0.0456352,0,0,0
53490,5340,0.0354614,0,0,0
53490,5341,0.0252876,0,0,0
53490,5342,0.0151137,0,0,0
53490,5343,0.00493974,0,0,0
53490,5344,-0.00523421,0,0,0
53490,5345,-0.0154082,0,0,0
53490,5346,-0.0255822,0,0,0
53490,5347,-0.0357563,0,0,0
53490,5348,-0.0459304,0,0,0
