time,particle_id,x,y,mesh_index,mesh_index_original
66580,6648,0.0450189,0,0,0
66580,6649,0.034802,0,0,0
66580,6650,0.024585,0,0,0
66580,6651,0.014368,0,0,0
66580,6652,0.00415093,0,0,0
66580,6653,-0.00606615,0,0,0
66580,6654,-0.0162833,0,0,0
66580,6655,-0.0265004,0,0,0
66580,6656,-0.0367176,0,0,0
66580,6657,-0.0469348,0,0,0
