time,particle_id,x,y,mesh_index,mesh_index_original
82920,8282,0.0434679,0,0,0
82920,8283,0.0331968,0,0,0
82920,8284,0.0229257,0,0,0
82920,8285,0.0126546,0,0,0
82920,8286,0.00238344,0,0,0
82920,8287,-0.00788775,0,0,0
82920,8288,-0.018159,0,0,0
82920,8289,-0.0284302,0,0,0
82920,8290,-0.0387015,0,0,0
82920,8291,-0.0489729,0,0,0
