time,particle_id,x,y,mesh_index,mesh_index_original
27530,2743,0.0478632,0,0,0
27530,2744,0.0377744,0,0,0
27530,2745,0.0276855,0,0,0
27530,2746,0.0175966,0,0,0
27530,2747,0.00750762,0,0,0
27530,2748,-0.00258136,0,0,0
27530,2749,-0.0126704,0,0,0
27530,2750,-0.0227594,0,0,0
27530,2751,-0.0328485,0,0,0
27530,2752,-0.0429376,0,0,0
