time,particle_id,x,y,mesh_index,mesh_index_original
35040,3494,0.0470896,0,0,0
35040,3495,0.0369762,0,0,0
35040,3496,0.0268628,0,0,0
35040,3497,0.0167494,0,0,0
35040,3498,0.00663594,0,0,0
35040,3499,-0.00347755,0,0,0
35040,3500,-0.0135911,0,0,0
35040,3501,-0.0237046,0,0,0
35040,3502,-0.0338182,0,0,0
35040,3503,-0.0439318,0,0,0
