time,particle_id,x,y,mesh_index,mesh_index_original
30820,3072,0.0469573,0,0,0
30820,3073,0.0368577,0,0,0
30820,3074,0.0267581,0,0,0
30820,3075,0.0166585,0,0,0
30820,3076,0.00655878,0,0,0
30820,3077,-0.00354093,0,0,0
30820,3078,-0.0136407,0,0,0
30820,3079,-0.0237404,0,0,0
30820,3080,-0.0338402,0,0,0
30820,3081,-0.0439401,0,0,0
