time,particle_id,x,y,mesh_index,mesh_index_original
94150,9405,0.042777,0,0,0
94150,9406,0.0324686,0,0,0
94150,9407,0.0221601,0,0,0
94150,9408,0.0118516,0,0,0
94150,9409,0.00154312,0,0,0
94150,9410,-0.00876544,0,0,0
94150,9411,-0.019074,0,0,0
94150,9412,-0.0293827,0,0,0
94150,9413,-0.0396913,0,0,0
