time,particle_id,x,y,mesh_index,mesh_index_original
80920,8082,0.0434075,0,0,0
80920,8083,0.0331431,0,0,0
80920,8084,0.0228786,0,0,0
80920,8085,0.0126141,0,0,0
80920,8086,0.00234959,0,0,0
80920,8087,-0.00791497,0,0,0
80920,8088,-0.0181796,0,0,0
80920,8089,-0.0284442,0,0,0
80920,8090,-0.0387088,0,0,0
80920,8091,-0.0489735,0,0,0
