time,particle_id,x,y,mesh_index,mesh_index_original
19150,1905,0.0486049,0,0,0
19150,1906,0.0385433,0,0,0
19150,1907,0.0284817,0,0,0
19150,1908,0.01842,0,0,0
19150,1909,0.00835836,0,0,0
19150,1910,-0.00170335,0,0,0
19150,1911,-0.0117651,0,0,0
19150,1912,-0.0218269,0,0,0
19150,1913,-0.0318887,0,0,0
19150,1914,-0.0419505,0,0,0
