time,particle_id,x,y,mesh_index,mesh_index_original
17300,1720,0.048546,0,0,0
17300,1721,0.0384904,0,0,0
17300,1722,0.0284348,0,0,0
17300,1723,0.0183792,0,0,0
17300,1724,0.0083235,0,0,0
17300,1725,-0.0017322,0,0,0
17300,1726,-0.0117879,0,0,0
17300,1727,-0.0218437,0,0,0
17300,1728,-0.0318995,0,0,0
17300,1729,-0.0419553,0,0,0
