time,particle_id,x,y,mesh_index,mesh_index_original
73100,7300,0.0441955,0,0,0
73100,7301,0.033957,0,0,0
73100,7302,0.0237185,0,0,0
73100,7303,0.0134799,0,0,0
73100,7304,0.00324129,0,0,0
73100,7305,-0.00699735,0,0,0
73100,7306,-0.017236,0,0,0
73100,7307,-0.0274747,0,0,0
73100,7308,-0.0377135,0,0,0
73100,7309,-0.0479522,0,0,0
