time,particle_id,x,y,mesh_index,mesh_index_original
94720,9462,0.0427941,0,0,0
94720,9463,0.0324838,0,0,0
94720,9464,0.0221734,0,0,0
94720,9465,0.011863,0,0,0
94720,9466,0.00155262,0,0,0
94720,9467,-0.00875784,0,0,0
94720,9468,-0.0190683,0,0,0
94720,9469,-0.0293789,0,0,0
94720,9470,-0.0396894,0,0,0
