time,particle_id,x,y,mesh_index,mesh_index_original
82120,8202,0.0434437,0,0,0
82120,8203,0.0331753,0,0,0
82120,8204,0.0229069,0,0,0
82120,8205,0.0126384,0,0,0
82120,8206,0.0023699,0,0,0
82120,8207,-0.00789864,0,0,0
82120,8208,-0.0181672,0,0,0
82120,8209,-0.0284358,0,0,0
82120,8210,-0.0387045,0,0,0
82120,8211,-0.0489731,0,0,0
