time,particle_id,x,y,mesh_index,mesh_index_original
38470,3837,0.0471972,0,0,0
38470,3838,0.0370726,0,0,0
38470,3839,0.026948,0,0,0
38470,3840,0.0168234,0,0,0
38470,3841,0.00669873,0,0,0
38470,3842,-0.00342597,0,0,0
38470,3843,-0.0135507,0,0,0
38470,3844,-0.0236755,0,0,0
38470,3845,-0.0338003,0,0,0
38470,3846,-0.0439251,0,0,0
