time,particle_id,x,y,mesh_index,mesh_index_original
49130,4903,0.0465166,0,0,0
49130,4904,0.0363571,0,0,0
49130,4905,0.0261975,0,0,0
49130,4906,0.016038,0,0,0
49130,4907,0.00587837,0,0,0
49130,4908,-0.00428126,0,0,0
49130,4909,-0.0144409,0,0,0
49130,4910,-0.0246006,0,0,0
49130,4911,-0.0347603,0,0,0
49130,4912,-0.0449201,0,0,0
