time,particle_id,x,y,mesh_index,mesh_index_original
45930,4583,0.0464168,0,0,0
45930,4584,0.0362678,0,0,0
45930,4585,0.0261188,0,0,0
45930,4586,0.0159697,0,0,0
45930,4587,0.00582063,0,0,0
45930,4588,-0.0043285,0,0,0
45930,4589,-0.0144777,0,0,0
45930,4590,-0.0246269,0,0,0
45930,4591,-0.0347761,0,0,0
45930,4592,-0.0449254,0,0,0
