time,particle_id,x,y,mesh_index,mesh_index_original
36710,3661,0.0471419,0,0,0
36710,3662,0.0370231,0,0,0
36710,3663,0.0269043,0,0,0
36710,3664,0.0167854,0,0,0
36710,3665,0.0066665,0,0,0
36710,3666,-0.00345244,0,0,0
36710,3667,-0.0135714,0,0,0
36710,3668,-0.0236904,0,0,0
36710,3669,-0.0338095,0,0,0
36710,3670,-0.0439285,0,0,0
