time,particle_id,x,y,mesh_index,mesh_index_original
39240,3914,0.0472214,0,0,0
39240,3915,0.0370943,0,0,0
39240,3916,0.0269672,0,0,0
39240,3917,0.01684,0,0,0
39240,3918,0.00671284,0,0,0
39240,3919,-0.00341438,0,0,0
39240,3920,-0.0135416,0,0,0
39240,3921,-0.0236689,0,0,0
39240,3922,-0.0337962,0,0,0
39240,3923,-0.0439236,0,0,0
