time,particle_id,x,y,mesh_index,mesh_index_original
30100,3000,0.0469348,0,0,0
30100,3001,0.0368375,0,0,0
30100,3002,0.0267403,0,0,0
30100,3003,0.016643,0,0,0
30100,3004,0.00654563,0,0,0
30100,3005,-0.00355173,0,0,0
30100,3006,-0.0136491,0,0,0
30100,3007,-0.0237465,0,0,0
30100,3008,-0.033844,0,0,0
30100,3009,-0.0439415,0,0,0
