time,particle_id,x,y,mesh_index,mesh_index_original
9810,971,0.049311,0,0,0
9810,972,0.0392798,0,0,0
9810,973,0.0292485,0,0,0
9810,974,0.0192171,0,0,0
9810,975,0.00918575,0,0,0
9810,976,-0.000845651,0,0,0
9810,977,-0.0108771,0,0,0
9810,978,-0.0209086,0,0,0
9810,979,-0.0309401,0,0,0
9810,980,-0.0409716,0,0,0
