time,particle_id,x,y,mesh_index,mesh_index_original
80080,7998,0.0444083,0,0,0
80080,7999,0.0341467,0,0,0
80080,8000,0.0228588,0,0,0
80080,8001,0.0125971,0,0,0
80080,8002,0.00233538,0,0,0
80080,8003,-0.00792639,0,0,0
80080,8004,-0.0181882,0,0,0
80080,8005,-0.02845,0,0,0
80080,8006,-0.0387119,0,0,0
80080,8007,-0.0489738,0,0,0
