time,particle_id,x,y,mesh_index,mesh_index_original
94120,9402,0.0427761,0,0,0
94120,9403,0.0324678,0,0,0
94120,9404,0.0221594,0,0,0
94120,9405,0.011851,0,0,0
94120,9406,0.00154262,0,0,0
94120,9407,-0.00876584,0,0,0
94120,9408,-0.0190743,0,0,0
94120,9409,-0.0293829,0,0,0
94120,9410,-0.0396914,0,0,0
