time,particle_id,x,y,mesh_index,mesh_index_original
69740,6964,0.045116,0,0,0
69740,6965,0.0348887,0,0,0
69740,6966,0.0246612,0,0,0
69740,6967,0.0144338,0,0,0
69740,6968,0.00420627,0,0,0
69740,6969,-0.00602126,0,0,0
69740,6970,-0.0162488,0,0,0
69740,6971,-0.0264764,0,0,0
69740,6972,-0.036704,0,0,0
69740,6973,-0.0469317,0,0,0
