time,particle_id,x,y,mesh_index,mesh_index_original
93280,9318,0.0427509,0,0,0
93280,9319,0.0324454,0,0,0
93280,9320,0.0221398,0,0,0
93280,9321,0.0118342,0,0,0
93280,9322,0.00152862,0,0,0
93280,9323,-0.00877704,0,0,0
93280,9324,-0.0190827,0,0,0
93280,9325,-0.0293885,0,0,0
93280,9326,-0.0396942,0,0,0
