time,particle_id,x,y,mesh_index,mesh_index_original
99160,9906,0.0429274,0,0,0
99160,9907,0.0326023,0,0,0
99160,9908,0.0222771,0,0,0
99160,9909,0.0119519,0,0,0
99160,9910,0.00162669,0,0,0
99160,9911,-0.00869858,0,0,0
99160,9912,-0.0190239,0,0,0
99160,9913,-0.0293492,0,0,0
99160,9914,-0.0396746,0,0,0
