time,particle_id,x,y,mesh_index,mesh_index_original
96960,9686,0.0428614,0,0,0
96960,9687,0.0325436,0,0,0
96960,9688,0.0222257,0,0,0
96960,9689,0.0119079,0,0,0
96960,9690,0.00158998,0,0,0
96960,9691,-0.00872795,0,0,0
96960,9692,-0.0190459,0,0,0
96960,9693,-0.0293639,0,0,0
96960,9694,-0.0396819,0,0,0
