time,particle_id,x,y,mesh_index,mesh_index_original
70350,7025,0.0441118,0,0,0
70350,7026,0.0338824,0,0,0
70350,7027,0.023653,0,0,0
70350,7028,0.0134235,0,0,0
70350,7029,0.00319399,0,0,0
70350,7030,-0.00703555,0,0,0
70350,7031,-0.0172651,0,0,0
70350,7032,-0.0274947,0,0,0
70350,7033,-0.0377244,0,0,0
70350,7034,-0.0479541,0,0,0
