time,particle_id,x,y,mesh_index,mesh_index_original
24170,2407,0.0477571,0,0,0
24170,2408,0.0376792,0,0,0
24170,2409,0.0276012,0,0,0
24170,2410,0.0175232,0,0,0
24170,2411,0.00744524,0,0,0
24170,2412,-0.0026328,0,0,0
24170,2413,-0.0127109,0,0,0
24170,2414,-0.022789,0,0,0
24170,2415,-0.0328671,0,0,0
24170,2416,-0.0429453,0,0,0
