time,particle_id,x,y,mesh_index,mesh_index_original
71480,7138,0.0441462,0,0,0
71480,7139,0.0339131,0,0,0
71480,7140,0.0236799,0,0,0
71480,7141,0.0134467,0,0,0
71480,7142,0.00321342,0,0,0
71480,7143,-0.00701986,0,0,0
71480,7144,-0.0172532,0,0,0
71480,7145,-0.0274865,0,0,0
71480,7146,-0.0377199,0,0,0
71480,7147,-0.0479533,0,0,0
