time,particle_id,x,y,mesh_index,mesh_index_original
70010,6991,0.0451243,0,0,0
70010,6992,0.0348961,0,0,0
70010,6993,0.0246677,0,0,0
70010,6994,0.0144394,0,0,0
70010,6995,0.004211,0,0,0
70010,6996,-0.00601742,0,0,0
70010,6997,-0.0162459,0,0,0
70010,6998,-0.0264744,0,0,0
70010,6999,-0.0367029,0,0,0
70010,7000,-0.0479543,0,0,0
