time,particle_id,x,y,mesh_index,mesh_index_original
50780,5068,0.0455515,0,0,0
50780,5069,0.0353866,0,0,0
50780,5070,0.0252217,0,0,0
50780,5071,0.0150567,0,0,0
50780,5072,0.00489165,0,0,0
50780,5073,-0.00527339,0,0,0
50780,5074,-0.0154385,0,0,0
50780,5075,-0.0256036,0,0,0
50780,5076,-0.0357687,0,0,0
50780,5077,-0.0459339,0,0,0
