time,particle_id,x,y,mesh_index,mesh_index_original
6610,651,0.0492085,0,0,0
6610,652,0.0391876,0,0,0
6610,653,0.0291666,0,0,0
6610,654,0.0191456,0,0,0
6610,655,0.00912463,0,0,0
6610,656,-0.000896418,0,0,0
6610,657,-0.0109175,0,0,0
6610,658,-0.0209386,0,0,0
6610,659,-0.0309597,0,0,0
6610,660,-0.0409809,0,0,0
