time,particle_id,x,y,mesh_index,mesh_index_original
4400,430,0.0491377,0,0,0
4400,431,0.0391239,0,0,0
4400,432,0.0291101,0,0,0
4400,433,0.0190963,0,0,0
4400,434,0.00908245,0,0,0
4400,435,-0.000931447,0,0,0
4400,436,-0.0109454,0,0,0
4400,437,-0.0209593,0,0,0
4400,438,-0.0309733,0,0,0
4400,439,-0.0409874,0,0,0
