time,particle_id,x,y,mesh_index,mesh_index_original
7080,698,0.0492235,0,0,0
7080,699,0.0392011,0,0,0
7080,700,0.0291786,0,0,0
7080,701,0.0191561,0,0,0
7080,702,0.0091336,0,0,0
7080,703,-0.000888965,0,0,0
7080,704,-0.0109116,0,0,0
7080,705,-0.0209342,0,0,0
7080,706,-0.0309569,0,0,0
7080,707,-0.0409795,0,0,0
