time,particle_id,x,y,mesh_index,mesh_index_original
72100,7200,0.0441651,0,0,0
72100,7201,0.0339299,0,0,0
72100,7202,0.0236947,0,0,0
72100,7203,0.0134594,0,0,0
72100,7204,0.00322409,0,0,0
72100,7205,-0.00701124,0,0,0
72100,7206,-0.0172466,0,0,0
72100,7207,-0.027482,0,0,0
72100,7208,-0.0377174,0,0,0
72100,7209,-0.0479529,0,0,0
