time,particle_id,x,y,mesh_index,mesh_index_original
37120,3702,0.0471548,0,0,0
37120,3703,0.0370347,0,0,0
37120,3704,0.0269145,0,0,0
37120,3705,0.0167943,0,0,0
37120,3706,0.00667401,0,0,0
37120,3707,-0.00344627,0,0,0
37120,3708,-0.0135666,0,0,0
37120,3709,-0.0236869,0,0,0
37120,3710,-0.0338073,0,0,0
37120,3711,-0.0439277,0,0,0
