time,particle_id,x,y,mesh_index,mesh_index_original
31630,3153,0.0469827,0,0,0
31630,3154,0.0368804,0,0,0
31630,3155,0.0267782,0,0,0
31630,3156,0.0166759,0,0,0
31630,3157,0.00657358,0,0,0
31630,3158,-0.00352877,0,0,0
31630,3159,-0.0136312,0,0,0
31630,3160,-0.0237336,0,0,0
31630,3161,-0.033836,0,0,0
31630,3162,-0.0439385,0,0,0
