time,particle_id,x,y,mesh_index,mesh_index_original
6440,634,0.049203,0,0,0
6440,635,0.0391827,0,0,0
6440,636,0.0291623,0,0,0
6440,637,0.0191418,0,0,0
6440,638,0.00912138,0,0,0
6440,639,-0.000899113,0,0,0
6440,640,-0.0109196,0,0,0
6440,641,-0.0209402,0,0,0
6440,642,-0.0309608,0,0,0
6440,643,-0.0409814,0,0,0
