time,particle_id,x,y,mesh_index,mesh_index_original
17170,1707,0.0485418,0,0,0
17170,1708,0.0384867,0,0,0
17170,1709,0.0284315,0,0,0
17170,1710,0.0183763,0,0,0
17170,1711,0.00832105,0,0,0
17170,1712,-0.00173422,0,0,0
17170,1713,-0.0117895,0,0,0
17170,1714,-0.0218449,0,0,0
17170,1715,-0.0319002,0,0,0
17170,1716,-0.0419557,0,0,0
