time,particle_id,x,y,mesh_index,mesh_index_original
1020,92,0.0490296,0,0,0
1020,93,0.0390267,0,0,0
1020,94,0.0290238,0,0,0
1020,95,0.0190209,0,0,0
1020,96,0.009018,0,0,0
1020,97,-0.00098497,0,0,0
1020,98,-0.010988,0,0,0
1020,99,-0.020991,0,0,0
1020,100,-0.0309941,0,0,0
1020,101,-0.0409972,0,0,0
