time,particle_id,x,y,mesh_index,mesh_index_original
92770,9267,0.0427356,0,0,0
92770,9268,0.0324318,0,0,0
92770,9269,0.0221279,0,0,0
92770,9270,0.0118241,0,0,0
92770,9271,0.00152013,0,0,0
92770,9272,-0.00878383,0,0,0
92770,9273,-0.0190878,0,0,0
92770,9274,-0.0293918,0,0,0
92770,9275,-0.0396959,0,0,0
