time,particle_id,x,y,mesh_index,mesh_index_original
87770,8767,0.0436146,0,0,0
87770,8768,0.0333274,0,0,0
87770,8769,0.0230402,0,0,0
87770,8770,0.0127529,0,0,0
87770,8771,0.00246565,0,0,0
87770,8772,-0.00782166,0,0,0
87770,8773,-0.018109,0,0,0
87770,8774,-0.0283964,0,0,0
87770,8775,-0.0386838,0,0,0
87770,8776,-0.0489713,0,0,0
