time,particle_id,x,y,mesh_index,mesh_index_original
16040,1594,0.0485059,0,0,0
16040,1595,0.0384544,0,0,0
16040,1596,0.0284029,0,0,0
16040,1597,0.0183513,0,0,0
16040,1598,0.00829977,0,0,0
16040,1599,-0.00175183,0,0,0
16040,1600,-0.0118035,0,0,0
16040,1601,-0.0218551,0,0,0
16040,1602,-0.0319068,0,0,0
16040,1603,-0.0419586,0,0,0
