time,particle_id,x,y,mesh_index,mesh_index_original
93770,9367,0.0427656,0,0,0
93770,9368,0.0324585,0,0,0
93770,9369,0.0221513,0,0,0
93770,9370,0.011844,0,0,0
93770,9371,0.00153679,0,0,0
93770,9372,-0.0087705,0,0,0
93770,9373,-0.0190778,0,0,0
93770,9374,-0.0293852,0,0,0
93770,9375,-0.0396926,0,0,0
