time,particle_id,x,y,mesh_index,mesh_index_original
65380,6528,0.0449821,0,0,0
65380,6529,0.0347691,0,0,0
65380,6530,0.0245561,0,0,0
65380,6531,0.014343,0,0,0
65380,6532,0.00412993,0,0,0
65380,6533,-0.00608319,0,0,0
65380,6534,-0.0162963,0,0,0
65380,6535,-0.0265095,0,0,0
65380,6536,-0.0367228,0,0,0
65380,6537,-0.046936,0,0,0
