time,particle_id,x,y,mesh_index,mesh_index_original
14500,1440,0.0484569,0,0,0
14500,1441,0.0384104,0,0,0
14500,1442,0.0283639,0,0,0
14500,1443,0.0183174,0,0,0
14500,1444,0.00827079,0,0,0
14500,1445,-0.00177582,0,0,0
14500,1446,-0.0118225,0,0,0
14500,1447,-0.0218691,0,0,0
14500,1448,-0.0319158,0,0,0
14500,1449,-0.0419626,0,0,0
