time,particle_id,x,y,mesh_index,mesh_index_original
80410,8031,0.0433921,0,0,0
80410,8032,0.0331293,0,0,0
80410,8033,0.0228666,0,0,0
80410,8034,0.0126038,0,0,0
80410,8035,0.00234096,0,0,0
80410,8036,-0.00792191,0,0,0
80410,8037,-0.0181848,0,0,0
80410,8038,-0.0284477,0,0,0
80410,8039,-0.0387107,0,0,0
80410,8040,-0.0489737,0,0,0
