time,particle_id,x,y,mesh_index,mesh_index_original
40730,4063,0.046255,0,0,0
40730,4064,0.036123,0,0,0
40730,4065,0.025991,0,0,0
40730,4066,0.015859,0,0,0
40730,4067,0.00572692,0,0,0
40730,4068,-0.00440517,0,0,0
40730,4069,-0.0145373,0,0,0
40730,4070,-0.0246695,0,0,0
40730,4071,-0.0348017,0,0,0
40730,4072,-0.0449339,0,0,0
