time,particle_id,x,y,mesh_index,mesh_index_original
47590,4749,0.0464686,0,0,0
47590,4750,0.0363141,0,0,0
47590,4751,0.0261596,0,0,0
47590,4752,0.0160051,0,0,0
47590,4753,0.00585058,0,0,0
47590,4754,-0.004304,0,0,0
47590,4755,-0.0144586,0,0,0
47590,4756,-0.0246133,0,0,0
47590,4757,-0.0347679,0,0,0
47590,4758,-0.0449226,0,0,0
