time,particle_id,x,y,mesh_index,mesh_index_original
92680,9258,0.0427329,0,0,0
92680,9259,0.0324294,0,0,0
92680,9260,0.0221258,0,0,0
92680,9261,0.0118223,0,0,0
92680,9262,0.00151863,0,0,0
92680,9263,-0.00878503,0,0,0
92680,9264,-0.0190887,0,0,0
92680,9265,-0.0293924,0,0,0
92680,9266,-0.0396962,0,0,0
