time,particle_id,x,y,mesh_index,mesh_index_original
29190,2909,0.0479157,0,0,0
29190,2910,0.0378214,0,0,0
29190,2911,0.0277271,0,0,0
29190,2912,0.0176328,0,0,0
29190,2913,0.00753847,0,0,0
29190,2914,-0.00255593,0,0,0
29190,2915,-0.0126503,0,0,0
29190,2916,-0.0227448,0,0,0
29190,2917,-0.0328393,0,0,0
29190,2918,-0.0429338,0,0,0
