time,particle_id,x,y,mesh_index,mesh_index_original
91350,9125,0.0426931,0,0,0
91350,9126,0.032394,0,0,0
91350,9127,0.0220948,0,0,0
91350,9128,0.0117957,0,0,0
91350,9129,0.00149648,0,0,0
91350,9130,-0.00880275,0,0,0
91350,9131,-0.019102,0,0,0
91350,9132,-0.0294013,0,0,0
91350,9133,-0.0397006,0,0,0
