time,particle_id,x,y,mesh_index,mesh_index_original
85530,8543,0.0435468,0,0,0
85530,8544,0.0332671,0,0,0
85530,8545,0.0229873,0,0,0
85530,8546,0.0127075,0,0,0
85530,8547,0.00242767,0,0,0
85530,8548,-0.0078522,0,0,0
85530,8549,-0.0181321,0,0,0
85530,8550,-0.028412,0,0,0
85530,8551,-0.038692,0,0,0
85530,8552,-0.048972,0,0,0
