time,particle_id,x,y,mesh_index,mesh_index_original
34180,3408,0.0470626,0,0,0
34180,3409,0.036952,0,0,0
34180,3410,0.0268415,0,0,0
34180,3411,0.0167308,0,0,0
34180,3412,0.00662021,0,0,0
34180,3413,-0.00349047,0,0,0
34180,3414,-0.0136012,0,0,0
34180,3415,-0.0237119,0,0,0
34180,3416,-0.0338227,0,0,0
34180,3417,-0.0439335,0,0,0
