time,particle_id,x,y,mesh_index,mesh_index_original
98820,9872,0.0429172,0,0,0
98820,9873,0.0325932,0,0,0
98820,9874,0.0222692,0,0,0
98820,9875,0.0119451,0,0,0
98820,9876,0.00162102,0,0,0
98820,9877,-0.00870312,0,0,0
98820,9878,-0.0190273,0,0,0
98820,9879,-0.0293515,0,0,0
98820,9880,-0.0396757,0,0,0
