time,particle_id,x,y,mesh_index,mesh_index_original
77870,7777,0.0443409,0,0,0
77870,7778,0.0340866,0,0,0
77870,7779,0.0238322,0,0,0
77870,7780,0.0135779,0,0,0
77870,7781,0.00332345,0,0,0
77870,7782,-0.00693099,0,0,0
77870,7783,-0.0171855,0,0,0
77870,7784,-0.02744,0,0,0
77870,7785,-0.0376945,0,0,0
77870,7786,-0.0479491,0,0,0
