time,particle_id,x,y,mesh_index,mesh_index_original
36860,3676,0.0471467,0,0,0
36860,3677,0.0370274,0,0,0
36860,3678,0.026908,0,0,0
36860,3679,0.0167886,0,0,0
36860,3680,0.00666925,0,0,0
36860,3681,-0.00345018,0,0,0
36860,3682,-0.0135697,0,0,0
36860,3683,-0.0236891,0,0,0
36860,3684,-0.0338087,0,0,0
36860,3685,-0.0439282,0,0,0
