time,particle_id,x,y,mesh_index,mesh_index_original
72410,7231,0.0441745,0,0,0
72410,7232,0.0339383,0,0,0
72410,7233,0.023702,0,0,0
72410,7234,0.0134657,0,0,0
72410,7235,0.00322942,0,0,0
72410,7236,-0.00700694,0,0,0
72410,7237,-0.0172433,0,0,0
72410,7238,-0.0274798,0,0,0
72410,7239,-0.0377162,0,0,0
72410,7240,-0.0479527,0,0,0
