time,particle_id,x,y,mesh_index,mesh_index_original
43710,4361,0.0463477,0,0,0
43710,4362,0.036206,0,0,0
43710,4363,0.0260642,0,0,0
43710,4364,0.0159224,0,0,0
43710,4365,0.0057806,0,0,0
43710,4366,-0.00436125,0,0,0
43710,4367,-0.0145031,0,0,0
43710,4368,-0.0246451,0,0,0
43710,4369,-0.034787,0,0,0
43710,4370,-0.044929,0,0,0
