time,particle_id,x,y,mesh_index,mesh_index_original
56800,5670,0.0457376,0,0,0
56800,5671,0.0355529,0,0,0
56800,5672,0.0253681,0,0,0
56800,5673,0.0151834,0,0,0
56800,5674,0.00499854,0,0,0
56800,5675,-0.0051863,0,0,0
56800,5676,-0.0153712,0,0,0
56800,5677,-0.0255561,0,0,0
56800,5678,-0.035741,0,0,0
56800,5679,-0.045926,0,0,0
