time,particle_id,x,y,mesh_index,mesh_index_original
40840,4074,0.0462584,0,0,0
40840,4075,0.0361261,0,0,0
40840,4076,0.0259937,0,0,0
40840,4077,0.0158613,0,0,0
40840,4078,0.0057289,0,0,0
40840,4079,-0.00440355,0,0,0
40840,4080,-0.014536,0,0,0
40840,4081,-0.0246686,0,0,0
40840,4082,-0.0348011,0,0,0
40840,4083,-0.0449337,0,0,0
