time,particle_id,x,y,mesh_index,mesh_index_original
52370,5227,0.0456006,0,0,0
52370,5228,0.0354305,0,0,0
52370,5229,0.0252603,0,0,0
52370,5230,0.0150901,0,0,0
52370,5231,0.00491986,0,0,0
52370,5232,-0.00525041,0,0,0
52370,5233,-0.0154207,0,0,0
52370,5234,-0.0255911,0,0,0
52370,5235,-0.0357614,0,0,0
52370,5236,-0.0459318,0,0,0
