time,particle_id,x,y,mesh_index,mesh_index_original
35180,3508,0.0470939,0,0,0
35180,3509,0.0369801,0,0,0
35180,3510,0.0268663,0,0,0
35180,3511,0.0167524,0,0,0
35180,3512,0.0066385,0,0,0
35180,3513,-0.00347544,0,0,0
35180,3514,-0.0135894,0,0,0
35180,3515,-0.0237034,0,0,0
35180,3516,-0.0338175,0,0,0
35180,3517,-0.0439315,0,0,0
