time,particle_id,x,y,mesh_index,mesh_index_original
8750,865,0.0492771,0,0,0
8750,866,0.0392492,0,0,0
8750,867,0.0292213,0,0,0
8750,868,0.0191934,0,0,0
8750,869,0.0091655,0,0,0
8750,870,-0.000862473,0,0,0
8750,871,-0.0108905,0,0,0
8750,872,-0.0209185,0,0,0
8750,873,-0.0309466,0,0,0
8750,874,-0.0409747,0,0,0
