time,particle_id,x,y,mesh_index,mesh_index_original
34240,3414,0.0470645,0,0,0
34240,3415,0.0369537,0,0,0
34240,3416,0.0268429,0,0,0
34240,3417,0.0167321,0,0,0
34240,3418,0.0066213,0,0,0
34240,3419,-0.00348957,0,0,0
34240,3420,-0.0136005,0,0,0
34240,3421,-0.0237114,0,0,0
34240,3422,-0.0338224,0,0,0
34240,3423,-0.0439334,0,0,0
