time,particle_id,x,y,mesh_index,mesh_index_original
88770,8867,0.0436448,0,0,0
88770,8868,0.0333543,0,0,0
88770,8869,0.0230638,0,0,0
88770,8870,0.0127732,0,0,0
88770,8871,0.00248262,0,0,0
88770,8872,-0.00780803,0,0,0
88770,8873,-0.0180987,0,0,0
88770,8874,-0.0283894,0,0,0
88770,8875,-0.0386801,0,0,0
88770,8876,-0.0489709,0,0,0
