time,particle_id,x,y,mesh_index,mesh_index_original
94220,9412,0.0427791,0,0,0
94220,9413,0.0324705,0,0,0
94220,9414,0.0221618,0,0,0
94220,9415,0.011853,0,0,0
94220,9416,0.00154429,0,0,0
94220,9417,-0.0087645,0,0,0
94220,9418,-0.0190733,0,0,0
94220,9419,-0.0293822,0,0,0
94220,9420,-0.0396911,0,0,0
