time,particle_id,x,y,mesh_index,mesh_index_original
3460,336,0.0491076,0,0,0
3460,337,0.0390969,0,0,0
3460,338,0.0290861,0,0,0
3460,339,0.0190753,0,0,0
3460,340,0.00906452,0,0,0
3460,341,-0.000946338,0,0,0
3460,342,-0.0109572,0,0,0
3460,343,-0.0209681,0,0,0
3460,344,-0.0309791,0,0,0
3460,345,-0.0409901,0,0,0
