time,particle_id,x,y,mesh_index,mesh_index_original
24630,2453,0.0477716,0,0,0
24630,2454,0.0376922,0,0,0
24630,2455,0.0276127,0,0,0
24630,2456,0.0175333,0,0,0
24630,2457,0.00745378,0,0,0
24630,2458,-0.00262576,0,0,0
24630,2459,-0.0127053,0,0,0
24630,2460,-0.0227849,0,0,0
24630,2461,-0.0328646,0,0,0
24630,2462,-0.0429442,0,0,0
