time,particle_id,x,y,mesh_index,mesh_index_original
70090,6999,0.0451268,0,0,0
70090,7000,0.0338754,0,0,0
70090,7001,0.0236468,0,0,0
70090,7002,0.0134182,0,0,0
70090,7003,0.00318953,0,0,0
70090,7004,-0.00703916,0,0,0
70090,7005,-0.0172679,0,0,0
70090,7006,-0.0274966,0,0,0
70090,7007,-0.0377254,0,0,0
70090,7008,-0.0479542,0,0,0
