time,particle_id,x,y,mesh_index,mesh_index_original
9380,928,0.0492973,0,0,0
9380,929,0.0392674,0,0,0
9380,930,0.0292375,0,0,0
9380,931,0.0192075,0,0,0
9380,932,0.00917754,0,0,0
9380,933,-0.000852476,0,0,0
9380,934,-0.0108825,0,0,0
9380,935,-0.0209126,0,0,0
9380,936,-0.0309427,0,0,0
9380,937,-0.0409728,0,0,0
