time,particle_id,x,y,mesh_index,mesh_index_original
68010,6791,0.0450629,0,0,0
68010,6792,0.0348412,0,0,0
68010,6793,0.0246195,0,0,0
68010,6794,0.0143977,0,0,0
68010,6795,0.00417597,0,0,0
68010,6796,-0.00604584,0,0,0
68010,6797,-0.0162677,0,0,0
68010,6798,-0.0264896,0,0,0
68010,6799,-0.0367115,0,0,0
68010,6800,-0.0469334,0,0,0
