time,particle_id,x,y,mesh_index,mesh_index_original
18110,1801,0.0485718,0,0,0
18110,1802,0.0385136,0,0,0
18110,1803,0.0284553,0,0,0
18110,1804,0.0183971,0,0,0
18110,1805,0.00833876,0,0,0
18110,1806,-0.00171957,0,0,0
18110,1807,-0.0117779,0,0,0
18110,1808,-0.0218363,0,0,0
18110,1809,-0.0318947,0,0,0
18110,1810,-0.0419532,0,0,0
