time,particle_id,x,y,mesh_index,mesh_index_original
57500,5740,0.0457592,0,0,0
57500,5741,0.0355722,0,0,0
57500,5742,0.0253852,0,0,0
57500,5743,0.0151981,0,0,0
57500,5744,0.00501099,0,0,0
57500,5745,-0.00517616,0,0,0
57500,5746,-0.0153633,0,0,0
57500,5747,-0.0255506,0,0,0
57500,5748,-0.0357378,0,0,0
57500,5749,-0.0459251,0,0,0
