time,particle_id,x,y,mesh_index,mesh_index_original
21210,2111,0.0476636,0,0,0
21210,2112,0.0375954,0,0,0
21210,2113,0.0275271,0,0,0
21210,2114,0.0174587,0,0,0
21210,2115,0.00739035,0,0,0
21210,2116,-0.00267806,0,0,0
21210,2117,-0.0127465,0,0,0
21210,2118,-0.022815,0,0,0
21210,2119,-0.0328835,0,0,0
21210,2120,-0.042952,0,0,0
