time,particle_id,x,y,mesh_index,mesh_index_original
54320,5422,0.0456609,0,0,0
54320,5423,0.0354843,0,0,0
54320,5424,0.0253078,0,0,0
54320,5425,0.0151311,0,0,0
54320,5426,0.00495448,0,0,0
54320,5427,-0.0052222,0,0,0
54320,5428,-0.0153989,0,0,0
54320,5429,-0.0255757,0,0,0
54320,5430,-0.0357524,0,0,0
54320,5431,-0.0459293,0,0,0
