time,particle_id,x,y,mesh_index,mesh_index_original
79260,7916,0.0443833,0,0,0
79260,7917,0.0341244,0,0,0
79260,7918,0.0238654,0,0,0
79260,7919,0.0136064,0,0,0
79260,7920,0.00334742,0,0,0
79260,7921,-0.00691163,0,0,0
79260,7922,-0.0171707,0,0,0
79260,7923,-0.0274298,0,0,0
79260,7924,-0.037689,0,0,0
79260,7925,-0.0479482,0,0,0
