time,particle_id,x,y,mesh_index,mesh_index_original
13960,1386,0.0484397,0,0,0
13960,1387,0.038395,0,0,0
13960,1388,0.0283502,0,0,0
13960,1389,0.0183054,0,0,0
13960,1390,0.00826062,0,0,0
13960,1391,-0.00178423,0,0,0
13960,1392,-0.0118291,0,0,0
13960,1393,-0.021874,0,0,0
13960,1394,-0.031919,0,0,0
13960,1395,-0.041964,0,0,0
