time,particle_id,x,y,mesh_index,mesh_index_original
40890,4079,0.0462599,0,0,0
40890,4080,0.0361275,0,0,0
40890,4081,0.0259949,0,0,0
40890,4082,0.0158624,0,0,0
40890,4083,0.0057298,0,0,0
40890,4084,-0.00440282,0,0,0
40890,4085,-0.0145355,0,0,0
40890,4086,-0.0246681,0,0,0
40890,4087,-0.0348009,0,0,0
40890,4088,-0.0449336,0,0,0
