time,particle_id,x,y,mesh_index,mesh_index_original
64250,6415,0.0449474,0,0,0
64250,6416,0.0347382,0,0,0
64250,6417,0.0245289,0,0,0
64250,6418,0.0143195,0,0,0
64250,6419,0.00411017,0,0,0
64250,6420,-0.00609923,0,0,0
64250,6421,-0.0163087,0,0,0
64250,6422,-0.0265181,0,0,0
64250,6423,-0.0367276,0,0,0
64250,6424,-0.0469371,0,0,0
