time,particle_id,x,y,mesh_index,mesh_index_original
34760,3466,0.0470808,0,0,0
34760,3467,0.0369683,0,0,0
34760,3468,0.0268559,0,0,0
34760,3469,0.0167434,0,0,0
34760,3470,0.00663082,0,0,0
34760,3471,-0.00348175,0,0,0
34760,3472,-0.0135944,0,0,0
34760,3473,-0.023707,0,0,0
34760,3474,-0.0338197,0,0,0
34760,3475,-0.0439324,0,0,0
