time,particle_id,x,y,mesh_index,mesh_index_original
25900,2580,0.0478117,0,0,0
25900,2581,0.0377282,0,0,0
25900,2582,0.0276446,0,0,0
25900,2583,0.017561,0,0,0
25900,2584,0.00747735,0,0,0
25900,2585,-0.00260632,0,0,0
25900,2586,-0.01269,0,0,0
25900,2587,-0.0227738,0,0,0
25900,2588,-0.0328575,0,0,0
25900,2589,-0.0429413,0,0,0
