time,particle_id,x,y,mesh_index,mesh_index_original
43370,4327,0.0463371,0,0,0
43370,4328,0.0361965,0,0,0
43370,4329,0.0260559,0,0,0
43370,4330,0.0159152,0,0,0
43370,4331,0.00577447,0,0,0
43370,4332,-0.00436627,0,0,0
43370,4333,-0.014507,0,0,0
43370,4334,-0.0246478,0,0,0
43370,4335,-0.0347887,0,0,0
43370,4336,-0.0449296,0,0,0
