time,particle_id,x,y,mesh_index,mesh_index_original
74260,7416,0.0442309,0,0,0
74260,7417,0.0339885,0,0,0
74260,7418,0.0237461,0,0,0
74260,7419,0.0135037,0,0,0
74260,7420,0.00326126,0,0,0
74260,7421,-0.00698122,0,0,0
74260,7422,-0.0172237,0,0,0
74260,7423,-0.0274663,0,0,0
74260,7424,-0.0377089,0,0,0
74260,7425,-0.0479515,0,0,0
