time,particle_id,x,y,mesh_index,mesh_index_original
66750,6665,0.0450242,0,0,0
66750,6666,0.0348067,0,0,0
66750,6667,0.0245891,0,0,0
66750,6668,0.0143715,0,0,0
66750,6669,0.00415391,0,0,0
66750,6670,-0.00606374,0,0,0
66750,6671,-0.0162814,0,0,0
66750,6672,-0.0264991,0,0,0
66750,6673,-0.0367169,0,0,0
66750,6674,-0.0469347,0,0,0
