time,particle_id,x,y,mesh_index,mesh_index_original
89670,8957,0.0436721,0,0,0
89670,8958,0.0333786,0,0,0
89670,8959,0.0230851,0,0,0
89670,8960,0.0127915,0,0,0
89670,8961,0.00249789,0,0,0
89670,8962,-0.00779575,0,0,0
89670,8963,-0.0180894,0,0,0
89670,8964,-0.0283831,0,0,0
89670,8965,-0.0386769,0,0,0
89670,8966,-0.0489706,0,0,0
