time,particle_id,x,y,mesh_index,mesh_index_original
88900,8880,0.0436488,0,0,0
88900,8881,0.0333578,0,0,0
88900,8882,0.0230669,0,0,0
88900,8883,0.0127759,0,0,0
88900,8884,0.00248482,0,0,0
88900,8885,-0.00780625,0,0,0
88900,8886,-0.0180974,0,0,0
88900,8887,-0.0283885,0,0,0
88900,8888,-0.0386797,0,0,0
88900,8889,-0.0489709,0,0,0
