time,particle_id,x,y,mesh_index,mesh_index_original
90320,9022,0.0426622,0,0,0
90320,9023,0.0323665,0,0,0
90320,9024,0.0220708,0,0,0
90320,9025,0.0117751,0,0,0
90320,9026,0.00147933,0,0,0
90320,9027,-0.00881647,0,0,0
90320,9028,-0.0191123,0,0,0
90320,9029,-0.0294082,0,0,0
90320,9030,-0.0397041,0,0,0
