time,particle_id,x,y,mesh_index,mesh_index_original
72930,7283,0.0441904,0,0,0
72930,7284,0.0339524,0,0,0
72930,7285,0.0237144,0,0,0
72930,7286,0.0134764,0,0,0
72930,7287,0.00323837,0,0,0
72930,7288,-0.00699971,0,0,0
72930,7289,-0.0172378,0,0,0
72930,7290,-0.027476,0,0,0
72930,7291,-0.0377141,0,0,0
72930,7292,-0.0479524,0,0,0
