time,particle_id,x,y,mesh_index,mesh_index_original
53220,5312,0.0456269,0,0,0
53220,5313,0.035454,0,0,0
53220,5314,0.025281,0,0,0
53220,5315,0.015108,0,0,0
53220,5316,0.00493495,0,0,0
53220,5317,-0.00523812,0,0,0
53220,5318,-0.0154112,0,0,0
53220,5319,-0.0255843,0,0,0
53220,5320,-0.0357575,0,0,0
53220,5321,-0.0459307,0,0,0
