time,particle_id,x,y,mesh_index,mesh_index_original
38510,3841,0.0471985,0,0,0
38510,3842,0.0370738,0,0,0
38510,3843,0.026949,0,0,0
38510,3844,0.0168243,0,0,0
38510,3845,0.00669947,0,0,0
38510,3846,-0.00342536,0,0,0
38510,3847,-0.0135502,0,0,0
38510,3848,-0.0236751,0,0,0
38510,3849,-0.0338,0,0,0
38510,3850,-0.043925,0,0,0
