time,particle_id,x,y,mesh_index,mesh_index_original
42010,4191,0.0462948,0,0,0
42010,4192,0.0361586,0,0,0
42010,4193,0.0260224,0,0,0
42010,4194,0.0158862,0,0,0
42010,4195,0.00574997,0,0,0
42010,4196,-0.00438631,0,0,0
42010,4197,-0.0145226,0,0,0
42010,4198,-0.024659,0,0,0
42010,4199,-0.0347954,0,0,0
42010,4200,-0.0449318,0,0,0
