time,particle_id,x,y,mesh_index,mesh_index_original
32720,3262,0.0470168,0,0,0
32720,3263,0.036911,0,0,0
32720,3264,0.0268052,0,0,0
32720,3265,0.0166994,0,0,0
32720,3266,0.00659351,0,0,0
32720,3267,-0.0035124,0,0,0
32720,3268,-0.0136183,0,0,0
32720,3269,-0.0237243,0,0,0
32720,3270,-0.0338303,0,0,0
32720,3271,-0.0439364,0,0,0
