time,particle_id,x,y,mesh_index,mesh_index_original
15230,1513,0.0484801,0,0,0
15230,1514,0.0384313,0,0,0
15230,1515,0.0283824,0,0,0
15230,1516,0.0183335,0,0,0
15230,1517,0.00828452,0,0,0
15230,1518,-0.00176445,0,0,0
15230,1519,-0.0118135,0,0,0
15230,1520,-0.0218625,0,0,0
15230,1521,-0.0319116,0,0,0
15230,1522,-0.0419607,0,0,0
