time,particle_id,x,y,mesh_index,mesh_index_original
86410,8631,0.0435734,0,0,0
86410,8632,0.0332908,0,0,0
86410,8633,0.0230081,0,0,0
86410,8634,0.0127253,0,0,0
86410,8635,0.00244258,0,0,0
86410,8636,-0.00784021,0,0,0
86410,8637,-0.018123,0,0,0
86410,8638,-0.0284059,0,0,0
86410,8639,-0.0386888,0,0,0
86410,8640,-0.0489717,0,0,0
