time,particle_id,x,y,mesh_index,mesh_index_original
27000,2690,0.0478465,0,0,0
27000,2691,0.0377593,0,0,0
27000,2692,0.0276722,0,0,0
27000,2693,0.017585,0,0,0
27000,2694,0.00749778,0,0,0
27000,2695,-0.00258948,0,0,0
27000,2696,-0.0126768,0,0,0
27000,2697,-0.0227641,0,0,0
27000,2698,-0.0328514,0,0,0
27000,2699,-0.0429388,0,0,0
