time,particle_id,x,y,mesh_index,mesh_index_original
22080,2198,0.0476911,0,0,0
22080,2199,0.03762,0,0,0
22080,2200,0.0275488,0,0,0
22080,2201,0.0174777,0,0,0
22080,2202,0.00740647,0,0,0
22080,2203,-0.00266476,0,0,0
22080,2204,-0.012736,0,0,0
22080,2205,-0.0228073,0,0,0
22080,2206,-0.0328787,0,0,0
22080,2207,-0.04295,0,0,0
