time,particle_id,x,y,mesh_index,mesh_index_original
2050,195,0.0490625,0,0,0
2050,196,0.0390563,0,0,0
2050,197,0.0290501,0,0,0
2050,198,0.0190439,0,0,0
2050,199,0.00903763,0,0,0
2050,200,-0.000968666,0,0,0
2050,201,-0.010975,0,0,0
2050,202,-0.0209814,0,0,0
2050,203,-0.0309878,0,0,0
2050,204,-0.0409942,0,0,0
