time,particle_id,x,y,mesh_index,mesh_index_original
28940,2884,0.0479078,0,0,0
28940,2885,0.0378144,0,0,0
28940,2886,0.0277209,0,0,0
28940,2887,0.0176274,0,0,0
28940,2888,0.00753382,0,0,0
28940,2889,-0.00255976,0,0,0
28940,2890,-0.0126534,0,0,0
28940,2891,-0.022747,0,0,0
28940,2892,-0.0328407,0,0,0
28940,2893,-0.0429344,0,0,0
