time,particle_id,x,y,mesh_index,mesh_index_original
77660,7756,0.0443345,0,0,0
77660,7757,0.0340809,0,0,0
77660,7758,0.0238272,0,0,0
77660,7759,0.0135735,0,0,0
77660,7760,0.00331983,0,0,0
77660,7761,-0.00693391,0,0,0
77660,7762,-0.0171877,0,0,0
77660,7763,-0.0274415,0,0,0
77660,7764,-0.0376953,0,0,0
77660,7765,-0.0479492,0,0,0
