time,particle_id,x,y,mesh_index,mesh_index_original
88060,8796,0.0436234,0,0,0
88060,8797,0.0333352,0,0,0
88060,8798,0.023047,0,0,0
88060,8799,0.0127588,0,0,0
88060,8800,0.00247057,0,0,0
88060,8801,-0.00781771,0,0,0
88060,8802,-0.018106,0,0,0
88060,8803,-0.0283944,0,0,0
88060,8804,-0.0386827,0,0,0
88060,8805,-0.0489712,0,0,0
