time,particle_id,x,y,mesh_index,mesh_index_original
98340,9824,0.0429028,0,0,0
98340,9825,0.0325804,0,0,0
98340,9826,0.022258,0,0,0
98340,9827,0.0119355,0,0,0
98340,9828,0.001613,0,0,0
98340,9829,-0.00870953,0,0,0
98340,9830,-0.0190321,0,0,0
98340,9831,-0.0293547,0,0,0
98340,9832,-0.0396773,0,0,0
