time,particle_id,x,y,mesh_index,mesh_index_original
36670,3657,0.0471407,0,0,0
36670,3658,0.037022,0,0,0
36670,3659,0.0269033,0,0,0
36670,3660,0.0167846,0,0,0
36670,3661,0.00666577,0,0,0
36670,3662,-0.00345304,0,0,0
36670,3663,-0.0135719,0,0,0
36670,3664,-0.0236908,0,0,0
36670,3665,-0.0338097,0,0,0
36670,3666,-0.0439286,0,0,0
