time,particle_id,x,y,mesh_index,mesh_index_original
28790,2869,0.0479031,0,0,0
28790,2870,0.0378101,0,0,0
28790,2871,0.0277171,0,0,0
28790,2872,0.0176241,0,0,0
28790,2873,0.00753103,0,0,0
28790,2874,-0.00256206,0,0,0
28790,2875,-0.0126552,0,0,0
28790,2876,-0.0227483,0,0,0
28790,2877,-0.0328415,0,0,0
28790,2878,-0.0429347,0,0,0
