time,particle_id,x,y,mesh_index,mesh_index_original
1580,148,0.0490475,0,0,0
1580,149,0.0390428,0,0,0
1580,150,0.0290381,0,0,0
1580,151,0.0190334,0,0,0
1580,152,0.00902867,0,0,0
1580,153,-0.000976107,0,0,0
1580,154,-0.0109809,0,0,0
1580,155,-0.0209858,0,0,0
1580,156,-0.0309906,0,0,0
1580,157,-0.0409956,0,0,0
