time,particle_id,x,y,mesh_index,mesh_index_original
59950,5985,0.0458351,0,0,0
59950,5986,0.03564,0,0,0
59950,5987,0.0254449,0,0,0
59950,5988,0.0152497,0,0,0
59950,5989,0.00505456,0,0,0
59950,5990,-0.00514066,0,0,0
59950,5991,-0.0153359,0,0,0
59950,5992,-0.0255312,0,0,0
59950,5993,-0.0357265,0,0,0
59950,5994,-0.0459219,0,0,0
