time,particle_id,x,y,mesh_index,mesh_index_original
65390,6529,0.0449824,0,0,0
65390,6530,0.0347694,0,0,0
65390,6531,0.0245563,0,0,0
65390,6532,0.0143432,0,0,0
65390,6533,0.00413011,0,0,0
65390,6534,-0.00608305,0,0,0
65390,6535,-0.0162962,0,0,0
65390,6536,-0.0265095,0,0,0
65390,6537,-0.0367227,0,0,0
65390,6538,-0.046936,0,0,0
