time,particle_id,x,y,mesh_index,mesh_index_original
41530,4143,0.0462799,0,0,0
41530,4144,0.0361453,0,0,0
41530,4145,0.0260107,0,0,0
41530,4146,0.015876,0,0,0
41530,4147,0.00574133,0,0,0
41530,4148,-0.00439339,0,0,0
41530,4149,-0.0145281,0,0,0
41530,4150,-0.0246629,0,0,0
41530,4151,-0.0347977,0,0,0
41530,4152,-0.0449326,0,0,0
