time,particle_id,x,y,mesh_index,mesh_index_original
53600,5350,0.0456386,0,0,0
53600,5351,0.0354644,0,0,0
53600,5352,0.0252902,0,0,0
53600,5353,0.015116,0,0,0
53600,5354,0.0049417,0,0,0
53600,5355,-0.00523262,0,0,0
53600,5356,-0.015407,0,0,0
53600,5357,-0.0255813,0,0,0
53600,5358,-0.0357558,0,0,0
53600,5359,-0.0459302,0,0,0
