time,particle_id,x,y,mesh_index,mesh_index_original
95920,9582,0.0428301,0,0,0
95920,9583,0.0325158,0,0,0
95920,9584,0.0222014,0,0,0
95920,9585,0.0118871,0,0,0
95920,9586,0.00157263,0,0,0
95920,9587,-0.00874183,0,0,0
95920,9588,-0.0190563,0,0,0
95920,9589,-0.0293708,0,0,0
95920,9590,-0.0396854,0,0,0
