time,particle_id,x,y,mesh_index,mesh_index_original
61510,6141,0.0448634,0,0,0
61510,6142,0.0346631,0,0,0
61510,6143,0.0244629,0,0,0
61510,6144,0.0142626,0,0,0
61510,6145,0.00406227,0,0,0
61510,6146,-0.00613809,0,0,0
61510,6147,-0.0163385,0,0,0
61510,6148,-0.0265389,0,0,0
61510,6149,-0.0367394,0,0,0
61510,6150,-0.0469398,0,0,0
