time,particle_id,x,y,mesh_index,mesh_index_original
70040,6994,0.0451253,0,0,0
70040,6995,0.0348969,0,0,0
70040,6996,0.0246685,0,0,0
70040,6997,0.01444,0,0,0
70040,6998,0.00421152,0,0,0
70040,6999,-0.00601699,0,0,0
70040,7000,-0.0172684,0,0,0
70040,7001,-0.027497,0,0,0
70040,7002,-0.0377256,0,0,0
70040,7003,-0.0479543,0,0,0
