time,particle_id,x,y,mesh_index,mesh_index_original
29530,2943,0.0479265,0,0,0
29530,2944,0.0378311,0,0,0
29530,2945,0.0277357,0,0,0
29530,2946,0.0176403,0,0,0
29530,2947,0.00754479,0,0,0
29530,2948,-0.00255071,0,0,0
29530,2949,-0.0126462,0,0,0
29530,2950,-0.0227418,0,0,0
29530,2951,-0.0328374,0,0,0
29530,2952,-0.042933,0,0,0
