time,particle_id,x,y,mesh_index,mesh_index_original
74880,7478,0.0442497,0,0,0
74880,7479,0.0340053,0,0,0
74880,7480,0.0237609,0,0,0
74880,7481,0.0135164,0,0,0
74880,7482,0.00327194,0,0,0
74880,7483,-0.0069726,0,0,0
74880,7484,-0.0172172,0,0,0
74880,7485,-0.0274618,0,0,0
74880,7486,-0.0377064,0,0,0
74880,7487,-0.0479511,0,0,0
