time,particle_id,x,y,mesh_index,mesh_index_original
68960,6886,0.0450921,0,0,0
68960,6887,0.0348673,0,0,0
68960,6888,0.0246424,0,0,0
68960,6889,0.0144175,0,0,0
68960,6890,0.00419261,0,0,0
68960,6891,-0.00603234,0,0,0
68960,6892,-0.0162573,0,0,0
68960,6893,-0.0264823,0,0,0
68960,6894,-0.0367074,0,0,0
68960,6895,-0.0469325,0,0,0
