time,particle_id,x,y,mesh_index,mesh_index_original
96810,9671,0.0428569,0,0,0
96810,9672,0.0325396,0,0,0
96810,9673,0.0222222,0,0,0
96810,9674,0.0119049,0,0,0
96810,9675,0.00158747,0,0,0
96810,9676,-0.00872995,0,0,0
96810,9677,-0.0190474,0,0,0
96810,9678,-0.0293649,0,0,0
96810,9679,-0.0396824,0,0,0
