time,particle_id,x,y,mesh_index,mesh_index_original
29980,2988,0.0479407,0,0,0
29980,2989,0.0378439,0,0,0
29980,2990,0.027747,0,0,0
29980,2991,0.0176501,0,0,0
29980,2992,0.00755315,0,0,0
29980,2993,-0.00254382,0,0,0
29980,2994,-0.0126408,0,0,0
29980,2995,-0.0227378,0,0,0
29980,2996,-0.0328349,0,0,0
29980,2997,-0.042932,0,0,0
