time,particle_id,x,y,mesh_index,mesh_index_original
50040,4994,0.046545,0,0,0
50040,4995,0.0363825,0,0,0
50040,4996,0.0262199,0,0,0
50040,4997,0.0160574,0,0,0
50040,4998,0.00589481,0,0,0
50040,4999,-0.00426781,0,0,0
50040,5000,-0.0154467,0,0,0
50040,5001,-0.0256094,0,0,0
50040,5002,-0.0357721,0,0,0
50040,5003,-0.0459349,0,0,0
