time,particle_id,x,y,mesh_index,mesh_index_original
83220,8312,0.043477,0,0,0
83220,8313,0.0332049,0,0,0
83220,8314,0.0229328,0,0,0
83220,8315,0.0126607,0,0,0
83220,8316,0.00238853,0,0,0
83220,8317,-0.00788367,0,0,0
83220,8318,-0.0181559,0,0,0
83220,8319,-0.0284281,0,0,0
83220,8320,-0.0387004,0,0,0
83220,8321,-0.0489728,0,0,0
