time,particle_id,x,y,mesh_index,mesh_index_original
88290,8819,0.0436303,0,0,0
88290,8820,0.0333414,0,0,0
88290,8821,0.0230525,0,0,0
88290,8822,0.0127635,0,0,0
88290,8823,0.00247447,0,0,0
88290,8824,-0.00781457,0,0,0
88290,8825,-0.0181036,0,0,0
88290,8826,-0.0283928,0,0,0
88290,8827,-0.0386819,0,0,0
88290,8828,-0.0489711,0,0,0
