time,particle_id,x,y,mesh_index,mesh_index_original
96970,9687,0.0428617,0,0,0
96970,9688,0.0325438,0,0,0
96970,9689,0.022226,0,0,0
96970,9690,0.0119081,0,0,0
96970,9691,0.00159014,0,0,0
96970,9692,-0.00872782,0,0,0
96970,9693,-0.0190458,0,0,0
96970,9694,-0.0293638,0,0,0
96970,9695,-0.0396819,0,0,0
