time,particle_id,x,y,mesh_index,mesh_index_original
82880,8278,0.0434667,0,0,0
82880,8279,0.0331958,0,0,0
82880,8280,0.0229248,0,0,0
82880,8281,0.0126538,0,0,0
82880,8282,0.00238277,0,0,0
82880,8283,-0.0078883,0,0,0
82880,8284,-0.0181594,0,0,0
82880,8285,-0.0284305,0,0,0
82880,8286,-0.0387017,0,0,0
82880,8287,-0.0489729,0,0,0
