time,particle_id,x,y,mesh_index,mesh_index_original
450,35,0.0490113,0,0,0
450,36,0.0390103,0,0,0
450,37,0.0290093,0,0,0
450,38,0.0190082,0,0,0
450,39,0.00900714,0,0,0
450,40,-0.00099399,0,0,0
450,41,-0.0109952,0,0,0
450,42,-0.0209963,0,0,0
450,43,-0.0309976,0,0,0
450,44,-0.0409988,0,0,0
