time,particle_id,x,y,mesh_index,mesh_index_original
42060,4196,0.0462963,0,0,0
42060,4197,0.03616,0,0,0
42060,4198,0.0260237,0,0,0
42060,4199,0.0158873,0,0,0
42060,4200,0.00575087,0,0,0
42060,4201,-0.00438558,0,0,0
42060,4202,-0.0145221,0,0,0
42060,4203,-0.0246586,0,0,0
42060,4204,-0.0347951,0,0,0
42060,4205,-0.0449317,0,0,0
