time,particle_id,x,y,mesh_index,mesh_index_original
40620,4052,0.0462515,0,0,0
40620,4053,0.0361199,0,0,0
40620,4054,0.0259883,0,0,0
40620,4055,0.0158566,0,0,0
40620,4056,0.00572494,0,0,0
40620,4057,-0.00440679,0,0,0
40620,4058,-0.0145386,0,0,0
40620,4059,-0.0246704,0,0,0
40620,4060,-0.0348022,0,0,0
40620,4061,-0.0449341,0,0,0
