time,particle_id,x,y,mesh_index,mesh_index_original
31340,3124,0.0469736,0,0,0
31340,3125,0.0368723,0,0,0
31340,3126,0.026771,0,0,0
31340,3127,0.0166697,0,0,0
31340,3128,0.00656828,0,0,0
31340,3129,-0.00353312,0,0,0
31340,3130,-0.0136346,0,0,0
31340,3131,-0.023736,0,0,0
31340,3132,-0.0338375,0,0,0
31340,3133,-0.0439391,0,0,0
