time,particle_id,x,y,mesh_index,mesh_index_original
55500,5540,0.0456974,0,0,0
55500,5541,0.0355169,0,0,0
55500,5542,0.0253365,0,0,0
55500,5543,0.015156,0,0,0
55500,5544,0.00497544,0,0,0
55500,5545,-0.00520512,0,0,0
55500,5546,-0.0153857,0,0,0
55500,5547,-0.0255664,0,0,0
55500,5548,-0.035747,0,0,0
55500,5549,-0.0459277,0,0,0
