time,particle_id,x,y,mesh_index,mesh_index_original
84810,8471,0.043525,0,0,0
84810,8472,0.0332477,0,0,0
84810,8473,0.0229703,0,0,0
84810,8474,0.0126929,0,0,0
84810,8475,0.00241546,0,0,0
84810,8476,-0.00786201,0,0,0
84810,8477,-0.0181395,0,0,0
84810,8478,-0.0284171,0,0,0
84810,8479,-0.0386946,0,0,0
84810,8480,-0.0489722,0,0,0
