time,particle_id,x,y,mesh_index,mesh_index_original
40110,4001,0.0462357,0,0,0
40110,4002,0.0361058,0,0,0
40110,4003,0.0259758,0,0,0
40110,4004,0.0158458,0,0,0
40110,4005,0.00571576,0,0,0
40110,4006,-0.0044143,0,0,0
40110,4007,-0.0145444,0,0,0
40110,4008,-0.0246745,0,0,0
40110,4009,-0.0348047,0,0,0
40110,4010,-0.0449349,0,0,0
