time,particle_id,x,y,mesh_index,mesh_index_original
93240,9314,0.0427497,0,0,0
93240,9315,0.0324443,0,0,0
93240,9316,0.0221389,0,0,0
93240,9317,0.0118334,0,0,0
93240,9318,0.00152796,0,0,0
93240,9319,-0.00877757,0,0,0
93240,9320,-0.0190831,0,0,0
93240,9321,-0.0293887,0,0,0
93240,9322,-0.0396943,0,0,0
