time,particle_id,x,y,mesh_index,mesh_index_original
56890,5679,0.0457404,0,0,0
56890,5680,0.0355554,0,0,0
56890,5681,0.0253703,0,0,0
56890,5682,0.0151852,0,0,0
56890,5683,0.00500014,0,0,0
56890,5684,-0.005185,0,0,0
56890,5685,-0.0153702,0,0,0
56890,5686,-0.0255554,0,0,0
56890,5687,-0.0357406,0,0,0
56890,5688,-0.0459259,0,0,0
