time,particle_id,x,y,mesh_index,mesh_index_original
92380,9228,0.0427239,0,0,0
92380,9229,0.0324214,0,0,0
92380,9230,0.0221188,0,0,0
92380,9231,0.0118163,0,0,0
92380,9232,0.00151363,0,0,0
92380,9233,-0.00878903,0,0,0
92380,9234,-0.0190917,0,0,0
92380,9235,-0.0293944,0,0,0
92380,9236,-0.0396972,0,0,0
