time,particle_id,x,y,mesh_index,mesh_index_original
93380,9328,0.0427539,0,0,0
93380,9329,0.0324481,0,0,0
93380,9330,0.0221422,0,0,0
93380,9331,0.0118362,0,0,0
93380,9332,0.00153029,0,0,0
93380,9333,-0.0087757,0,0,0
93380,9334,-0.0190817,0,0,0
93380,9335,-0.0293878,0,0,0
93380,9336,-0.0396939,0,0,0
