time,particle_id,x,y,mesh_index,mesh_index_original
55330,5523,0.0456921,0,0,0
55330,5524,0.0355122,0,0,0
55330,5525,0.0253323,0,0,0
55330,5526,0.0151524,0,0,0
55330,5527,0.00497242,0,0,0
55330,5528,-0.00520758,0,0,0
55330,5529,-0.0153876,0,0,0
55330,5530,-0.0255677,0,0,0
55330,5531,-0.0357478,0,0,0
55330,5532,-0.0459279,0,0,0
