time,particle_id,x,y,mesh_index,mesh_index_original
17040,1694,0.0485377,0,0,0
17040,1695,0.038483,0,0,0
17040,1696,0.0284282,0,0,0
17040,1697,0.0183734,0,0,0
17040,1698,0.00831861,0,0,0
17040,1699,-0.00173625,0,0,0
17040,1700,-0.0117911,0,0,0
17040,1701,-0.0218461,0,0,0
17040,1702,-0.031901,0,0,0
17040,1703,-0.041956,0,0,0
