time,particle_id,x,y,mesh_index,mesh_index_original
37810,3771,0.0471765,0,0,0
37810,3772,0.0370541,0,0,0
37810,3773,0.0269316,0,0,0
37810,3774,0.0168092,0,0,0
37810,3775,0.00668664,0,0,0
37810,3776,-0.0034359,0,0,0
37810,3777,-0.0135585,0,0,0
37810,3778,-0.0236811,0,0,0
37810,3779,-0.0338037,0,0,0
37810,3780,-0.0439264,0,0,0
