time,particle_id,x,y,mesh_index,mesh_index_original
90330,9023,0.0426625,0,0,0
90330,9024,0.0323668,0,0,0
90330,9025,0.0220711,0,0,0
90330,9026,0.0117753,0,0,0
90330,9027,0.0014795,0,0,0
90330,9028,-0.00881634,0,0,0
90330,9029,-0.0191122,0,0,0
90330,9030,-0.0294081,0,0,0
90330,9031,-0.039704,0,0,0
