time,particle_id,x,y,mesh_index,mesh_index_original
3010,291,0.0490932,0,0,0
3010,292,0.0390839,0,0,0
3010,293,0.0290746,0,0,0
3010,294,0.0190653,0,0,0
3010,295,0.00905594,0,0,0
3010,296,-0.000953466,0,0,0
3010,297,-0.0109629,0,0,0
3010,298,-0.0209724,0,0,0
3010,299,-0.0309819,0,0,0
3010,300,-0.0409914,0,0,0
