time,particle_id,x,y,mesh_index,mesh_index_original
81560,8146,0.0434268,0,0,0
81560,8147,0.0331603,0,0,0
81560,8148,0.0228937,0,0,0
81560,8149,0.0126271,0,0,0
81560,8150,0.00236042,0,0,0
81560,8151,-0.00790626,0,0,0
81560,8152,-0.018173,0,0,0
81560,8153,-0.0284397,0,0,0
81560,8154,-0.0387065,0,0,0
81560,8155,-0.0489733,0,0,0
