time,particle_id,x,y,mesh_index,mesh_index_original
45410,4531,0.0464006,0,0,0
45410,4532,0.0362533,0,0,0
45410,4533,0.026106,0,0,0
45410,4534,0.0159586,0,0,0
45410,4535,0.00581125,0,0,0
45410,4536,-0.00433618,0,0,0
45410,4537,-0.0144836,0,0,0
45410,4538,-0.0246311,0,0,0
45410,4539,-0.0347787,0,0,0
45410,4540,-0.0449262,0,0,0
