time,particle_id,x,y,mesh_index,mesh_index_original
98100,9800,0.0428956,0,0,0
98100,9801,0.032574,0,0,0
98100,9802,0.0222524,0,0,0
98100,9803,0.0119307,0,0,0
98100,9804,0.001609,0,0,0
98100,9805,-0.00871273,0,0,0
98100,9806,-0.0190345,0,0,0
98100,9807,-0.0293563,0,0,0
98100,9808,-0.0396781,0,0,0
