time,particle_id,x,y,mesh_index,mesh_index_original
92190,9209,0.0427182,0,0,0
92190,9210,0.0324163,0,0,0
92190,9211,0.0221144,0,0,0
92190,9212,0.0118125,0,0,0
92190,9213,0.00151046,0,0,0
92190,9214,-0.00879156,0,0,0
92190,9215,-0.0190936,0,0,0
92190,9216,-0.0293957,0,0,0
92190,9217,-0.0396978,0,0,0
