time,particle_id,x,y,mesh_index,mesh_index_original
24620,2452,0.0477713,0,0,0
24620,2453,0.0376919,0,0,0
24620,2454,0.0276125,0,0,0
24620,2455,0.0175331,0,0,0
24620,2456,0.00745359,0,0,0
24620,2457,-0.00262591,0,0,0
24620,2458,-0.0127054,0,0,0
24620,2459,-0.022785,0,0,0
24620,2460,-0.0328646,0,0,0
24620,2461,-0.0429442,0,0,0
