time,particle_id,x,y,mesh_index,mesh_index_original
76840,7674,0.0443095,0,0,0
76840,7675,0.0340586,0,0,0
76840,7676,0.0238077,0,0,0
76840,7677,0.0135567,0,0,0
76840,7678,0.0033057,0,0,0
76840,7679,-0.00694533,0,0,0
76840,7680,-0.0171964,0,0,0
76840,7681,-0.0274475,0,0,0
76840,7682,-0.0376986,0,0,0
76840,7683,-0.0479498,0,0,0
