time,particle_id,x,y,mesh_index,mesh_index_original
8490,839,0.0492687,0,0,0
8490,840,0.0392417,0,0,0
8490,841,0.0292147,0,0,0
8490,842,0.0191876,0,0,0
8490,843,0.00916053,0,0,0
8490,844,-0.000866599,0,0,0
8490,845,-0.0108938,0,0,0
8490,846,-0.020921,0,0,0
8490,847,-0.0309482,0,0,0
8490,848,-0.0409754,0,0,0
