time,particle_id,x,y,mesh_index,mesh_index_original
34820,3472,0.0470827,0,0,0
34820,3473,0.03697,0,0,0
34820,3474,0.0268573,0,0,0
34820,3475,0.0167446,0,0,0
34820,3476,0.00663191,0,0,0
34820,3477,-0.00348085,0,0,0
34820,3478,-0.0135937,0,0,0
34820,3479,-0.0237065,0,0,0
34820,3480,-0.0338193,0,0,0
34820,3481,-0.0439322,0,0,0
