time,particle_id,x,y,mesh_index,mesh_index_original
49190,4909,0.0465184,0,0,0
49190,4910,0.0363587,0,0,0
49190,4911,0.026199,0,0,0
49190,4912,0.0160393,0,0,0
49190,4913,0.00587946,0,0,0
49190,4914,-0.00428037,0,0,0
49190,4915,-0.0144402,0,0,0
49190,4916,-0.0246001,0,0,0
49190,4917,-0.03476,0,0,0
49190,4918,-0.04492,0,0,0
