time,particle_id,x,y,mesh_index,mesh_index_original
18040,1794,0.0485695,0,0,0
18040,1795,0.0385116,0,0,0
18040,1796,0.0284536,0,0,0
18040,1797,0.0183955,0,0,0
18040,1798,0.00833744,0,0,0
18040,1799,-0.00172066,0,0,0
18040,1800,-0.0117788,0,0,0
18040,1801,-0.021837,0,0,0
18040,1802,-0.0318952,0,0,0
18040,1803,-0.0419534,0,0,0
