time,particle_id,x,y,mesh_index,mesh_index_original
33260,3316,0.0470337,0,0,0
33260,3317,0.0369262,0,0,0
33260,3318,0.0268186,0,0,0
33260,3319,0.016711,0,0,0
33260,3320,0.00660338,0,0,0
33260,3321,-0.00350429,0,0,0
33260,3322,-0.013612,0,0,0
33260,3323,-0.0237197,0,0,0
33260,3324,-0.0338275,0,0,0
33260,3325,-0.0439353,0,0,0
