time,particle_id,x,y,mesh_index,mesh_index_original
80110,8001,0.043383,0,0,0
80110,8002,0.0331213,0,0,0
80110,8003,0.0228595,0,0,0
80110,8004,0.0125977,0,0,0
80110,8005,0.00233588,0,0,0
80110,8006,-0.00792599,0,0,0
80110,8007,-0.0181879,0,0,0
80110,8008,-0.0284498,0,0,0
80110,8009,-0.0387118,0,0,0
80110,8010,-0.0489738,0,0,0
