time,particle_id,x,y,mesh_index,mesh_index_original
60800,6070,0.0448416,0,0,0
60800,6071,0.0346437,0,0,0
60800,6072,0.0244458,0,0,0
60800,6073,0.0142479,0,0,0
60800,6074,0.00404987,0,0,0
60800,6075,-0.00614815,0,0,0
60800,6076,-0.0163462,0,0,0
60800,6077,-0.0265443,0,0,0
60800,6078,-0.0367424,0,0,0
60800,6079,-0.0469405,0,0,0
