time,particle_id,x,y,mesh_index,mesh_index_original
86810,8671,0.0435855,0,0,0
86810,8672,0.0333015,0,0,0
86810,8673,0.0230175,0,0,0
86810,8674,0.0127335,0,0,0
86810,8675,0.00244937,0,0,0
86810,8676,-0.00783475,0,0,0
86810,8677,-0.0181189,0,0,0
86810,8678,-0.0284031,0,0,0
86810,8679,-0.0386873,0,0,0
86810,8680,-0.0489716,0,0,0
