time,particle_id,x,y,mesh_index,mesh_index_original
17650,1755,0.0485571,0,0,0
17650,1756,0.0385004,0,0,0
17650,1757,0.0284437,0,0,0
17650,1758,0.0183869,0,0,0
17650,1759,0.0083301,0,0,0
17650,1760,-0.00172674,0,0,0
17650,1761,-0.0117836,0,0,0
17650,1762,-0.0218405,0,0,0
17650,1763,-0.0318974,0,0,0
17650,1764,-0.0419544,0,0,0
