time,particle_id,x,y,mesh_index,mesh_index_original
24060,2396,0.0477536,0,0,0
24060,2397,0.037676,0,0,0
24060,2398,0.0275985,0,0,0
24060,2399,0.0175208,0,0,0
24060,2400,0.0074432,0,0,0
24060,2401,-0.00263448,0,0,0
24060,2402,-0.0127122,0,0,0
24060,2403,-0.0227899,0,0,0
24060,2404,-0.0328677,0,0,0
24060,2405,-0.0429455,0,0,0
