time,particle_id,x,y,mesh_index,mesh_index_original
32600,3250,0.0470131,0,0,0
32600,3251,0.0369077,0,0,0
32600,3252,0.0268022,0,0,0
32600,3253,0.0166968,0,0,0
32600,3254,0.00659131,0,0,0
32600,3255,-0.0035142,0,0,0
32600,3256,-0.0136198,0,0,0
32600,3257,-0.0237253,0,0,0
32600,3258,-0.0338309,0,0,0
32600,3259,-0.0439366,0,0,0
