time,particle_id,x,y,mesh_index,mesh_index_original
44500,4440,0.0463723,0,0,0
44500,4441,0.036228,0,0,0
44500,4442,0.0260836,0,0,0
44500,4443,0.0159393,0,0,0
44500,4444,0.00579484,0,0,0
44500,4445,-0.0043496,0,0,0
44500,4446,-0.0144941,0,0,0
44500,4447,-0.0246386,0,0,0
44500,4448,-0.0347831,0,0,0
44500,4449,-0.0449277,0,0,0
