time,particle_id,x,y,mesh_index,mesh_index_original
10380,1028,0.048326,0,0,0
10380,1029,0.0382929,0,0,0
10380,1030,0.0282597,0,0,0
10380,1031,0.0182265,0,0,0
10380,1032,0.00819331,0,0,0
10380,1033,-0.00183994,0,0,0
10380,1034,-0.0118732,0,0,0
10380,1035,-0.0219065,0,0,0
10380,1036,-0.0319399,0,0,0
10380,1037,-0.0419733,0,0,0
