time,particle_id,x,y,mesh_index,mesh_index_original
65410,6531,0.044983,0,0,0
65410,6532,0.0347699,0,0,0
65410,6533,0.0245568,0,0,0
65410,6534,0.0143436,0,0,0
65410,6535,0.00413046,0,0,0
65410,6536,-0.00608276,0,0,0
65410,6537,-0.016296,0,0,0
65410,6538,-0.0265093,0,0,0
65410,6539,-0.0367226,0,0,0
65410,6540,-0.046936,0,0,0
