time,particle_id,x,y,mesh_index,mesh_index_original
72520,7242,0.0441779,0,0,0
72520,7243,0.0339413,0,0,0
72520,7244,0.0237047,0,0,0
72520,7245,0.013468,0,0,0
72520,7246,0.00323131,0,0,0
72520,7247,-0.00700541,0,0,0
72520,7248,-0.0172422,0,0,0
72520,7249,-0.027479,0,0,0
72520,7250,-0.0377158,0,0,0
72520,7251,-0.0479526,0,0,0
