time,particle_id,x,y,mesh_index,mesh_index_original
47820,4772,0.0464757,0,0,0
47820,4773,0.0363205,0,0,0
47820,4774,0.0261653,0,0,0
47820,4775,0.01601,0,0,0
47820,4776,0.00585473,0,0,0
47820,4777,-0.0043006,0,0,0
47820,4778,-0.014456,0,0,0
47820,4779,-0.0246114,0,0,0
47820,4780,-0.0347668,0,0,0
47820,4781,-0.0449223,0,0,0
