time,particle_id,x,y,mesh_index,mesh_index_original
88560,8846,0.0436385,0,0,0
88560,8847,0.0333487,0,0,0
88560,8848,0.0230588,0,0,0
88560,8849,0.012769,0,0,0
88560,8850,0.00247905,0,0,0
88560,8851,-0.00781089,0,0,0
88560,8852,-0.0181009,0,0,0
88560,8853,-0.0283909,0,0,0
88560,8854,-0.0386809,0,0,0
88560,8855,-0.048971,0,0,0
