time,particle_id,x,y,mesh_index,mesh_index_original
78360,7826,0.0443558,0,0,0
78360,7827,0.0340999,0,0,0
78360,7828,0.0238439,0,0,0
78360,7829,0.0135879,0,0,0
78360,7830,0.0033319,0,0,0
78360,7831,-0.00692416,0,0,0
78360,7832,-0.0171803,0,0,0
78360,7833,-0.0274364,0,0,0
78360,7834,-0.0376926,0,0,0
78360,7835,-0.0479488,0,0,0
