time,particle_id,x,y,mesh_index,mesh_index_original
9090,899,0.049288,0,0,0
9090,900,0.039259,0,0,0
9090,901,0.02923,0,0,0
9090,902,0.019201,0,0,0
9090,903,0.00917199,0,0,0
9090,904,-0.000857078,0,0,0
9090,905,-0.0108862,0,0,0
9090,906,-0.0209153,0,0,0
9090,907,-0.0309445,0,0,0
9090,908,-0.0409737,0,0,0
