time,particle_id,x,y,mesh_index,mesh_index_original
48690,4859,0.0465028,0,0,0
48690,4860,0.0363448,0,0,0
48690,4861,0.0261867,0,0,0
48690,4862,0.0160286,0,0,0
48690,4863,0.00587043,0,0,0
48690,4864,-0.00428776,0,0,0
48690,4865,-0.014446,0,0,0
48690,4866,-0.0246042,0,0,0
48690,4867,-0.0347625,0,0,0
48690,4868,-0.0449208,0,0,0
