time,particle_id,x,y,mesh_index,mesh_index_original
95470,9537,0.0428166,0,0,0
95470,9538,0.0325038,0,0,0
95470,9539,0.0221909,0,0,0
95470,9540,0.0118781,0,0,0
95470,9541,0.00156513,0,0,0
95470,9542,-0.00874783,0,0,0
95470,9543,-0.0190608,0,0,0
95470,9544,-0.0293738,0,0,0
95470,9545,-0.0396869,0,0,0
