time,particle_id,x,y,mesh_index,mesh_index_original
69360,6926,0.0451044,0,0,0
69360,6927,0.0348782,0,0,0
69360,6928,0.0246521,0,0,0
69360,6929,0.0144259,0,0,0
69360,6930,0.00419961,0,0,0
69360,6931,-0.00602666,0,0,0
69360,6932,-0.016253,0,0,0
69360,6933,-0.0264793,0,0,0
69360,6934,-0.0367057,0,0,0
69360,6935,-0.0469321,0,0,0
