time,particle_id,x,y,mesh_index,mesh_index_original
31350,3125,0.0469739,0,0,0
31350,3126,0.0368726,0,0,0
31350,3127,0.0267712,0,0,0
31350,3128,0.0166699,0,0,0
31350,3129,0.00656847,0,0,0
31350,3130,-0.00353297,0,0,0
31350,3131,-0.0136344,0,0,0
31350,3132,-0.0237359,0,0,0
31350,3133,-0.0338375,0,0,0
31350,3134,-0.043939,0,0,0
