time,particle_id,x,y,mesh_index,mesh_index_original
26520,2642,0.0478313,0,0,0
26520,2643,0.0377457,0,0,0
26520,2644,0.0276601,0,0,0
26520,2645,0.0175745,0,0,0
26520,2646,0.00748886,0,0,0
26520,2647,-0.00259683,0,0,0
26520,2648,-0.0126825,0,0,0
26520,2649,-0.0227683,0,0,0
26520,2650,-0.0328541,0,0,0
26520,2651,-0.0429399,0,0,0
