time,particle_id,x,y,mesh_index,mesh_index_original
8030,793,0.049254,0,0,0
8030,794,0.0392285,0,0,0
8030,795,0.0292029,0,0,0
8030,796,0.0191774,0,0,0
8030,797,0.00915174,0,0,0
8030,798,-0.000873897,0,0,0
8030,799,-0.0108996,0,0,0
8030,800,-0.0209253,0,0,0
8030,801,-0.030951,0,0,0
8030,802,-0.0409768,0,0,0
