time,particle_id,x,y,mesh_index,mesh_index_original
37640,3754,0.0471711,0,0,0
37640,3755,0.0370493,0,0,0
37640,3756,0.0269274,0,0,0
37640,3757,0.0168055,0,0,0
37640,3758,0.00668353,0,0,0
37640,3759,-0.00343845,0,0,0
37640,3760,-0.0135605,0,0,0
37640,3761,-0.0236825,0,0,0
37640,3762,-0.0338046,0,0,0
37640,3763,-0.0439267,0,0,0
