time,particle_id,x,y,mesh_index,mesh_index_original
99620,9952,0.0429413,0,0,0
99620,9953,0.0326146,0,0,0
99620,9954,0.0222879,0,0,0
99620,9955,0.0119611,0,0,0
99620,9956,0.00163437,0,0,0
99620,9957,-0.00869244,0,0,0
99620,9958,-0.0190193,0,0,0
99620,9959,-0.0293462,0,0,0
99620,9960,-0.0396731,0,0,0
