time,particle_id,x,y,mesh_index,mesh_index_original
70800,7070,0.0441255,0,0,0
70800,7071,0.0338946,0,0,0
70800,7072,0.0236637,0,0,0
70800,7073,0.0134327,0,0,0
70800,7074,0.00320173,0,0,0
70800,7075,-0.0070293,0,0,0
70800,7076,-0.0172604,0,0,0
70800,7077,-0.0274915,0,0,0
70800,7078,-0.0377226,0,0,0
70800,7079,-0.0479538,0,0,0
