time,particle_id,x,y,mesh_index,mesh_index_original
85630,8553,0.0435498,0,0,0
85630,8554,0.0332698,0,0,0
85630,8555,0.0229897,0,0,0
85630,8556,0.0127095,0,0,0
85630,8557,0.00242936,0,0,0
85630,8558,-0.00785084,0,0,0
85630,8559,-0.0181311,0,0,0
85630,8560,-0.0284113,0,0,0
85630,8561,-0.0386916,0,0,0
85630,8562,-0.048972,0,0,0
