time,particle_id,x,y,mesh_index,mesh_index_original
50200,5010,0.0455336,0,0,0
50200,5011,0.0353706,0,0,0
50200,5012,0.0252076,0,0,0
50200,5013,0.0150445,0,0,0
50200,5014,0.00488137,0,0,0
50200,5015,-0.00528178,0,0,0
50200,5016,-0.015445,0,0,0
50200,5017,-0.0256082,0,0,0
50200,5018,-0.0357714,0,0,0
50200,5019,-0.0459347,0,0,0
