time,particle_id,x,y,mesh_index,mesh_index_original
87240,8714,0.0435985,0,0,0
87240,8715,0.0333131,0,0,0
87240,8716,0.0230277,0,0,0
87240,8717,0.0127422,0,0,0
87240,8718,0.00245666,0,0,0
87240,8719,-0.00782889,0,0,0
87240,8720,-0.0181145,0,0,0
87240,8721,-0.0284001,0,0,0
87240,8722,-0.0386857,0,0,0
87240,8723,-0.0489714,0,0,0
