time,particle_id,x,y,mesh_index,mesh_index_original
47110,4701,0.0464536,0,0,0
47110,4702,0.0363007,0,0,0
47110,4703,0.0261478,0,0,0
47110,4704,0.0159949,0,0,0
47110,4705,0.00584191,0,0,0
47110,4706,-0.00431109,0,0,0
47110,4707,-0.0144641,0,0,0
47110,4708,-0.0246172,0,0,0
47110,4709,-0.0347703,0,0,0
47110,4710,-0.0449234,0,0,0
