time,particle_id,x,y,mesh_index,mesh_index_original
28140,2804,0.0478825,0,0,0
28140,2805,0.0377917,0,0,0
28140,2806,0.0277008,0,0,0
28140,2807,0.0176099,0,0,0
28140,2808,0.00751895,0,0,0
28140,2809,-0.00257201,0,0,0
28140,2810,-0.012663,0,0,0
28140,2811,-0.022754,0,0,0
28140,2812,-0.0328451,0,0,0
28140,2813,-0.0429362,0,0,0
