time,particle_id,x,y,mesh_index,mesh_index_original
99130,9903,0.0429265,0,0,0
99130,9904,0.0326015,0,0,0
99130,9905,0.0222764,0,0,0
99130,9906,0.0119513,0,0,0
99130,9907,0.00162619,0,0,0
99130,9908,-0.00869898,0,0,0
99130,9909,-0.0190242,0,0,0
99130,9910,-0.0293494,0,0,0
99130,9911,-0.0396747,0,0,0
