time,particle_id,x,y,mesh_index,mesh_index_original
74270,7417,0.0442312,0,0,0
74270,7418,0.0339888,0,0,0
74270,7419,0.0237464,0,0,0
74270,7420,0.0135039,0,0,0
74270,7421,0.00326143,0,0,0
74270,7422,-0.00698108,0,0,0
74270,7423,-0.0172236,0,0,0
74270,7424,-0.0274662,0,0,0
74270,7425,-0.0377088,0,0,0
74270,7426,-0.0479515,0,0,0
