time,particle_id,x,y,mesh_index,mesh_index_original
85890,8579,0.0435577,0,0,0
85890,8580,0.0332768,0,0,0
85890,8581,0.0229958,0,0,0
85890,8582,0.0127148,0,0,0
85890,8583,0.00243377,0,0,0
85890,8584,-0.00784729,0,0,0
85890,8585,-0.0181284,0,0,0
85890,8586,-0.0284095,0,0,0
85890,8587,-0.0386907,0,0,0
85890,8588,-0.0489719,0,0,0
