time,particle_id,x,y,mesh_index,mesh_index_original
76130,7603,0.0442878,0,0,0
76130,7604,0.0340393,0,0,0
76130,7605,0.0237907,0,0,0
76130,7606,0.0135421,0,0,0
76130,7607,0.00329347,0,0,0
76130,7608,-0.00695521,0,0,0
76130,7609,-0.0172039,0,0,0
76130,7610,-0.0274527,0,0,0
76130,7611,-0.0377014,0,0,0
76130,7612,-0.0479502,0,0,0
