time,particle_id,x,y,mesh_index,mesh_index_original
13810,1371,0.048435,0,0,0
13810,1372,0.0383907,0,0,0
13810,1373,0.0283464,0,0,0
13810,1374,0.0183021,0,0,0
13810,1375,0.0082578,0,0,0
13810,1376,-0.00178657,0,0,0
13810,1377,-0.011831,0,0,0
13810,1378,-0.0218754,0,0,0
13810,1379,-0.0319199,0,0,0
13810,1380,-0.0419644,0,0,0
