time,particle_id,x,y,mesh_index,mesh_index_original
54400,5430,0.0456634,0,0,0
54400,5431,0.0354865,0,0,0
54400,5432,0.0253097,0,0,0
54400,5433,0.0151328,0,0,0
54400,5434,0.0049559,0,0,0
54400,5435,-0.00522104,0,0,0
54400,5436,-0.015398,0,0,0
54400,5437,-0.025575,0,0,0
54400,5438,-0.0357521,0,0,0
54400,5439,-0.0459292,0,0,0
