time,particle_id,x,y,mesh_index,mesh_index_original
85920,8582,0.0435586,0,0,0
85920,8583,0.0332776,0,0,0
85920,8584,0.0229965,0,0,0
85920,8585,0.0127154,0,0,0
85920,8586,0.00243428,0,0,0
85920,8587,-0.00784689,0,0,0
85920,8588,-0.0181281,0,0,0
85920,8589,-0.0284093,0,0,0
85920,8590,-0.0386906,0,0,0
85920,8591,-0.0489719,0,0,0
