time,particle_id,x,y,mesh_index,mesh_index_original
7160,706,0.0492261,0,0,0
7160,707,0.0392034,0,0,0
7160,708,0.0291807,0,0,0
7160,709,0.0191579,0,0,0
7160,710,0.00913513,0,0,0
7160,711,-0.000887696,0,0,0
7160,712,-0.0109106,0,0,0
7160,713,-0.0209334,0,0,0
7160,714,-0.0309564,0,0,0
7160,715,-0.0409793,0,0,0
