time,particle_id,x,y,mesh_index,mesh_index_original
570,47,0.0490152,0,0,0
570,48,0.0390138,0,0,0
570,49,0.0290124,0,0,0
570,50,0.0190109,0,0,0
570,51,0.00900943,0,0,0
570,52,-0.000992091,0,0,0
570,53,-0.0109936,0,0,0
570,54,-0.0209952,0,0,0
570,55,-0.0309968,0,0,0
570,56,-0.0409985,0,0,0
