time,particle_id,x,y,mesh_index,mesh_index_original
86640,8654,0.0435804,0,0,0
86640,8655,0.033297,0,0,0
86640,8656,0.0230135,0,0,0
86640,8657,0.01273,0,0,0
86640,8658,0.00244648,0,0,0
86640,8659,-0.00783707,0,0,0
86640,8660,-0.0181207,0,0,0
86640,8661,-0.0284043,0,0,0
86640,8662,-0.0386879,0,0,0
86640,8663,-0.0489716,0,0,0
