time,particle_id,x,y,mesh_index,mesh_index_original
95930,9583,0.0428304,0,0,0
95930,9584,0.0325161,0,0,0
95930,9585,0.0222017,0,0,0
95930,9586,0.0118873,0,0,0
95930,9587,0.0015728,0,0,0
95930,9588,-0.0087417,0,0,0
95930,9589,-0.0190562,0,0,0
95930,9590,-0.0293708,0,0,0
95930,9591,-0.0396854,0,0,0
