time,particle_id,x,y,mesh_index,mesh_index_original
40390,4029,0.0462444,0,0,0
40390,4030,0.0361135,0,0,0
40390,4031,0.0259827,0,0,0
40390,4032,0.0158517,0,0,0
40390,4033,0.0057208,0,0,0
40390,4034,-0.00441018,0,0,0
40390,4035,-0.0145412,0,0,0
40390,4036,-0.0246722,0,0,0
40390,4037,-0.0348033,0,0,0
40390,4038,-0.0449344,0,0,0
