time,particle_id,x,y,mesh_index,mesh_index_original
58180,5808,0.0457803,0,0,0
58180,5809,0.035591,0,0,0
58180,5810,0.0254017,0,0,0
58180,5811,0.0152124,0,0,0
58180,5812,0.00502308,0,0,0
58180,5813,-0.00516631,0,0,0
58180,5814,-0.0153557,0,0,0
58180,5815,-0.0255452,0,0,0
58180,5816,-0.0357347,0,0,0
58180,5817,-0.0459242,0,0,0
