time,particle_id,x,y,mesh_index,mesh_index_original
54660,5456,0.0456714,0,0,0
54660,5457,0.0354937,0,0,0
54660,5458,0.025316,0,0,0
54660,5459,0.0151383,0,0,0
54660,5460,0.00496052,0,0,0
54660,5461,-0.00521728,0,0,0
54660,5462,-0.0153951,0,0,0
54660,5463,-0.025573,0,0,0
54660,5464,-0.0357509,0,0,0
54660,5465,-0.0459288,0,0,0
