time,particle_id,x,y,mesh_index,mesh_index_original
33040,3294,0.0470268,0,0,0
33040,3295,0.03692,0,0,0
33040,3296,0.0268132,0,0,0
33040,3297,0.0167063,0,0,0
33040,3298,0.00659936,0,0,0
33040,3299,-0.0035076,0,0,0
33040,3300,-0.0136146,0,0,0
33040,3301,-0.0237216,0,0,0
33040,3302,-0.0338287,0,0,0
33040,3303,-0.0439357,0,0,0
