time,particle_id,x,y,mesh_index,mesh_index_original
13470,1337,0.0484242,0,0,0
13470,1338,0.038381,0,0,0
13470,1339,0.0283378,0,0,0
13470,1340,0.0182946,0,0,0
13470,1341,0.00825141,0,0,0
13470,1342,-0.00179186,0,0,0
13470,1343,-0.0118352,0,0,0
13470,1344,-0.0218785,0,0,0
13470,1345,-0.0319219,0,0,0
13470,1346,-0.0419653,0,0,0
