time,particle_id,x,y,mesh_index,mesh_index_original
84360,8426,0.0435114,0,0,0
84360,8427,0.0332356,0,0,0
84360,8428,0.0229597,0,0,0
84360,8429,0.0126838,0,0,0
84360,8430,0.00240784,0,0,0
84360,8431,-0.00786814,0,0,0
84360,8432,-0.0181442,0,0,0
84360,8433,-0.0284202,0,0,0
84360,8434,-0.0386963,0,0,0
84360,8435,-0.0489724,0,0,0
