time,particle_id,x,y,mesh_index,mesh_index_original
51670,5157,0.045579,0,0,0
51670,5158,0.0354112,0,0,0
51670,5159,0.0252433,0,0,0
51670,5160,0.0150754,0,0,0
51670,5161,0.00490744,0,0,0
51670,5162,-0.00526053,0,0,0
51670,5163,-0.0154285,0,0,0
51670,5164,-0.0255966,0,0,0
51670,5165,-0.0357646,0,0,0
51670,5166,-0.0459327,0,0,0
