time,particle_id,x,y,mesh_index,mesh_index_original
80600,8050,0.0433978,0,0,0
80600,8051,0.0331345,0,0,0
80600,8052,0.0228711,0,0,0
80600,8053,0.0126076,0,0,0
80600,8054,0.00234417,0,0,0
80600,8055,-0.00791932,0,0,0
80600,8056,-0.0181829,0,0,0
80600,8057,-0.0284464,0,0,0
80600,8058,-0.03871,0,0,0
80600,8059,-0.0489736,0,0,0
