time,particle_id,x,y,mesh_index,mesh_index_original
94200,9410,0.0427785,0,0,0
94200,9411,0.0324699,0,0,0
94200,9412,0.0221613,0,0,0
94200,9413,0.0118526,0,0,0
94200,9414,0.00154395,0,0,0
94200,9415,-0.00876477,0,0,0
94200,9416,-0.0190735,0,0,0
94200,9417,-0.0293823,0,0,0
94200,9418,-0.0396911,0,0,0
