time,particle_id,x,y,mesh_index,mesh_index_original
24320,2422,0.0477618,0,0,0
24320,2423,0.0376834,0,0,0
24320,2424,0.027605,0,0,0
24320,2425,0.0175265,0,0,0
24320,2426,0.00744802,0,0,0
24320,2427,-0.0026305,0,0,0
24320,2428,-0.0127091,0,0,0
24320,2429,-0.0227876,0,0,0
24320,2430,-0.0328663,0,0,0
24320,2431,-0.0429449,0,0,0
