time,particle_id,x,y,mesh_index,mesh_index_original
180,8,0.0490027,0,0,0
180,9,0.0390026,0,0,0
180,10,0.0290024,0,0,0
180,11,0.0190022,0,0,0
180,12,0.009002,0,0,0
180,13,-0.000998262,0,0,0
180,14,-0.0109986,0,0,0
180,15,-0.0209989,0,0,0
180,16,-0.0309992,0,0,0
180,17,-0.0409996,0,0,0
