time,particle_id,x,y,mesh_index,mesh_index_original
13650,1355,0.0484299,0,0,0
13650,1356,0.0383862,0,0,0
13650,1357,0.0283424,0,0,0
13650,1358,0.0182986,0,0,0
13650,1359,0.00825479,0,0,0
13650,1360,-0.00178906,0,0,0
13650,1361,-0.0118329,0,0,0
13650,1362,-0.0218769,0,0,0
13650,1363,-0.0319208,0,0,0
13650,1364,-0.0419648,0,0,0
