time,particle_id,x,y,mesh_index,mesh_index_original
1090,99,0.0490318,0,0,0
1090,100,0.0390287,0,0,0
1090,101,0.0290256,0,0,0
1090,102,0.0190225,0,0,0
1090,103,0.00901934,0,0,0
1090,104,-0.000983862,0,0,0
1090,105,-0.0109871,0,0,0
1090,106,-0.0209904,0,0,0
1090,107,-0.0309937,0,0,0
1090,108,-0.040997,0,0,0
