time,particle_id,x,y,mesh_index,mesh_index_original
71200,7110,0.0441377,0,0,0
71200,7111,0.0339055,0,0,0
71200,7112,0.0236732,0,0,0
71200,7113,0.0134409,0,0,0
71200,7114,0.00320861,0,0,0
71200,7115,-0.00702375,0,0,0
71200,7116,-0.0172561,0,0,0
71200,7117,-0.0274886,0,0,0
71200,7118,-0.037721,0,0,0
71200,7119,-0.0479535,0,0,0
