time,particle_id,x,y,mesh_index,mesh_index_original
63630,6353,0.0449284,0,0,0
63630,6354,0.0347212,0,0,0
63630,6355,0.0245139,0,0,0
63630,6356,0.0143066,0,0,0
63630,6357,0.00409933,0,0,0
63630,6358,-0.00610802,0,0,0
63630,6359,-0.0163154,0,0,0
63630,6360,-0.0265228,0,0,0
63630,6361,-0.0367303,0,0,0
63630,6362,-0.0469377,0,0,0
