time,particle_id,x,y,mesh_index,mesh_index_original
30080,2998,0.0479438,0,0,0
30080,2999,0.0378467,0,0,0
30080,3000,0.0267398,0,0,0
30080,3001,0.0166425,0,0,0
30080,3002,0.00654527,0,0,0
30080,3003,-0.00355202,0,0,0
30080,3004,-0.0136494,0,0,0
30080,3005,-0.0237467,0,0,0
30080,3006,-0.0338441,0,0,0
30080,3007,-0.0439415,0,0,0
