time,particle_id,x,y,mesh_index,mesh_index_original
59710,5961,0.0458277,0,0,0
59710,5962,0.0356334,0,0,0
59710,5963,0.025439,0,0,0
59710,5964,0.0152447,0,0,0
59710,5965,0.00505029,0,0,0
59710,5966,-0.00514414,0,0,0
59710,5967,-0.0153386,0,0,0
59710,5968,-0.0255331,0,0,0
59710,5969,-0.0357276,0,0,0
59710,5970,-0.0459222,0,0,0
