time,particle_id,x,y,mesh_index,mesh_index_original
44160,4406,0.0463617,0,0,0
44160,4407,0.0362185,0,0,0
44160,4408,0.0260753,0,0,0
44160,4409,0.015932,0,0,0
44160,4410,0.00578871,0,0,0
44160,4411,-0.00435462,0,0,0
44160,4412,-0.014498,0,0,0
44160,4413,-0.0246414,0,0,0
44160,4414,-0.0347848,0,0,0
44160,4415,-0.0449283,0,0,0
