time,particle_id,x,y,mesh_index,mesh_index_original
40220,4012,0.0462391,0,0,0
40220,4013,0.0361088,0,0,0
40220,4014,0.0259785,0,0,0
40220,4015,0.0158481,0,0,0
40220,4016,0.00571774,0,0,0
40220,4017,-0.00441268,0,0,0
40220,4018,-0.0145431,0,0,0
40220,4019,-0.0246736,0,0,0
40220,4020,-0.0348042,0,0,0
40220,4021,-0.0449347,0,0,0
