time,particle_id,x,y,mesh_index,mesh_index_original
72700,7260,0.0441833,0,0,0
72700,7261,0.0339462,0,0,0
72700,7262,0.0237089,0,0,0
72700,7263,0.0134717,0,0,0
72700,7264,0.00323441,0,0,0
72700,7265,-0.00700291,0,0,0
72700,7266,-0.0172403,0,0,0
72700,7267,-0.0274776,0,0,0
72700,7268,-0.0377151,0,0,0
72700,7269,-0.0479525,0,0,0
