time,particle_id,x,y,mesh_index,mesh_index_original
47510,4741,0.0464661,0,0,0
47510,4742,0.0363119,0,0,0
47510,4743,0.0261577,0,0,0
47510,4744,0.0160034,0,0,0
47510,4745,0.00584913,0,0,0
47510,4746,-0.00430518,0,0,0
47510,4747,-0.0144595,0,0,0
47510,4748,-0.0246139,0,0,0
47510,4749,-0.0347683,0,0,0
47510,4750,-0.0449228,0,0,0
