time,particle_id,x,y,mesh_index,mesh_index_original
15630,1553,0.0484928,0,0,0
15630,1554,0.0384427,0,0,0
15630,1555,0.0283925,0,0,0
15630,1556,0.0183423,0,0,0
15630,1557,0.00829205,0,0,0
15630,1558,-0.00175822,0,0,0
15630,1559,-0.0118085,0,0,0
15630,1560,-0.0218589,0,0,0
15630,1561,-0.0319092,0,0,0
15630,1562,-0.0419597,0,0,0
