time,particle_id,x,y,mesh_index,mesh_index_original
7440,734,0.0492351,0,0,0
7440,735,0.0392115,0,0,0
7440,736,0.0291878,0,0,0
7440,737,0.0191642,0,0,0
7440,738,0.00914047,0,0,0
7440,739,-0.000883256,0,0,0
7440,740,-0.010907,0,0,0
7440,741,-0.0209308,0,0,0
7440,742,-0.0309546,0,0,0
7440,743,-0.0409785,0,0,0
