time,particle_id,x,y,mesh_index,mesh_index_original
93610,9351,0.0427608,0,0,0
93610,9352,0.0324542,0,0,0
93610,9353,0.0221475,0,0,0
93610,9354,0.0118408,0,0,0
93610,9355,0.00153412,0,0,0
93610,9356,-0.00877264,0,0,0
93610,9357,-0.0190794,0,0,0
93610,9358,-0.0293863,0,0,0
93610,9359,-0.0396931,0,0,0
