time,particle_id,x,y,mesh_index,mesh_index_original
87270,8717,0.0435994,0,0,0
87270,8718,0.0333139,0,0,0
87270,8719,0.0230284,0,0,0
87270,8720,0.0127428,0,0,0
87270,8721,0.00245717,0,0,0
87270,8722,-0.00782848,0,0,0
87270,8723,-0.0181142,0,0,0
87270,8724,-0.0283999,0,0,0
87270,8725,-0.0386856,0,0,0
87270,8726,-0.0489714,0,0,0
