time,particle_id,x,y,mesh_index,mesh_index_original
4020,392,0.0491255,0,0,0
4020,393,0.039113,0,0,0
4020,394,0.0291004,0,0,0
4020,395,0.0190878,0,0,0
4020,396,0.0090752,0,0,0
4020,397,-0.000937468,0,0,0
4020,398,-0.0109502,0,0,0
4020,399,-0.0209629,0,0,0
4020,400,-0.0309757,0,0,0
4020,401,-0.0409885,0,0,0
