time,particle_id,x,y,mesh_index,mesh_index_original
81690,8159,0.0434307,0,0,0
81690,8160,0.0331638,0,0,0
81690,8161,0.0228967,0,0,0
81690,8162,0.0126297,0,0,0
81690,8163,0.00236262,0,0,0
81690,8164,-0.00790449,0,0,0
81690,8165,-0.0181716,0,0,0
81690,8166,-0.0284388,0,0,0
81690,8167,-0.038706,0,0,0
81690,8168,-0.0489733,0,0,0
