time,particle_id,x,y,mesh_index,mesh_index_original
77560,7746,0.0443314,0,0,0
77560,7747,0.0340782,0,0,0
77560,7748,0.0238248,0,0,0
77560,7749,0.0135715,0,0,0
77560,7750,0.00331811,0,0,0
77560,7751,-0.0069353,0,0,0
77560,7752,-0.0171887,0,0,0
77560,7753,-0.0274422,0,0,0
77560,7754,-0.0376957,0,0,0
77560,7755,-0.0479493,0,0,0
