time,particle_id,x,y,mesh_index,mesh_index_original
57810,5771,0.0457688,0,0,0
57810,5772,0.0355808,0,0,0
57810,5773,0.0253927,0,0,0
57810,5774,0.0152046,0,0,0
57810,5775,0.0050165,0,0,0
57810,5776,-0.00517167,0,0,0
57810,5777,-0.0153599,0,0,0
57810,5778,-0.0255481,0,0,0
57810,5779,-0.0357364,0,0,0
57810,5780,-0.0459247,0,0,0
