time,particle_id,x,y,mesh_index,mesh_index_original
71570,7147,0.044149,0,0,0
71570,7148,0.0339155,0,0,0
71570,7149,0.023682,0,0,0
71570,7150,0.0134485,0,0,0
71570,7151,0.00321497,0,0,0
71570,7152,-0.00701861,0,0,0
71570,7153,-0.0172522,0,0,0
71570,7154,-0.0274859,0,0,0
71570,7155,-0.0377195,0,0,0
71570,7156,-0.0479533,0,0,0
