time,particle_id,x,y,mesh_index,mesh_index_original
35920,3582,0.0471172,0,0,0
35920,3583,0.0370009,0,0,0
35920,3584,0.0268847,0,0,0
35920,3585,0.0167684,0,0,0
35920,3586,0.00665204,0,0,0
35920,3587,-0.00346432,0,0,0
35920,3588,-0.0135807,0,0,0
35920,3589,-0.0236971,0,0,0
35920,3590,-0.0338136,0,0,0
35920,3591,-0.0439301,0,0,0
