time,particle_id,x,y,mesh_index,mesh_index_original
73590,7349,0.0442104,0,0,0
73590,7350,0.0339703,0,0,0
73590,7351,0.0237302,0,0,0
73590,7352,0.01349,0,0,0
73590,7353,0.00324973,0,0,0
73590,7354,-0.00699053,0,0,0
73590,7355,-0.0172308,0,0,0
73590,7356,-0.0274712,0,0,0
73590,7357,-0.0377115,0,0,0
73590,7358,-0.0479519,0,0,0
