time,particle_id,x,y,mesh_index,mesh_index_original
74720,7462,0.0442449,0,0,0
74720,7463,0.034001,0,0,0
74720,7464,0.0237571,0,0,0
74720,7465,0.0135132,0,0,0
74720,7466,0.00326918,0,0,0
74720,7467,-0.00697482,0,0,0
74720,7468,-0.0172189,0,0,0
74720,7469,-0.0274629,0,0,0
74720,7470,-0.037707,0,0,0
74720,7471,-0.0479512,0,0,0
