time,particle_id,x,y,mesh_index,mesh_index_original
91220,9112,0.0426892,0,0,0
91220,9113,0.0323905,0,0,0
91220,9114,0.0220918,0,0,0
91220,9115,0.0117931,0,0,0
91220,9116,0.00149431,0,0,0
91220,9117,-0.00880448,0,0,0
91220,9118,-0.0191033,0,0,0
91220,9119,-0.0294022,0,0,0
91220,9120,-0.0397011,0,0,0
