time,particle_id,x,y,mesh_index,mesh_index_original
80070,7997,0.044408,0,0,0
80070,7998,0.0341464,0,0,0
80070,7999,0.0238848,0,0,0
80070,8000,0.0125969,0,0,0
80070,8001,0.00233521,0,0,0
80070,8002,-0.00792653,0,0,0
80070,8003,-0.0181883,0,0,0
80070,8004,-0.0284501,0,0,0
80070,8005,-0.0387119,0,0,0
80070,8006,-0.0489738,0,0,0
