time,particle_id,x,y,mesh_index,mesh_index_original
12270,1217,0.048386,0,0,0
12270,1218,0.0383468,0,0,0
12270,1219,0.0283075,0,0,0
12270,1220,0.0182682,0,0,0
12270,1221,0.00822884,0,0,0
12270,1222,-0.00181054,0,0,0
12270,1223,-0.0118499,0,0,0
12270,1224,-0.0218894,0,0,0
12270,1225,-0.0319289,0,0,0
12270,1226,-0.0419684,0,0,0
