time,particle_id,x,y,mesh_index,mesh_index_original
33720,3362,0.0470482,0,0,0
33720,3363,0.0369391,0,0,0
33720,3364,0.02683,0,0,0
33720,3365,0.0167209,0,0,0
33720,3366,0.00661179,0,0,0
33720,3367,-0.00349738,0,0,0
33720,3368,-0.0136066,0,0,0
33720,3369,-0.0237158,0,0,0
33720,3370,-0.0338251,0,0,0
33720,3371,-0.0439344,0,0,0
