time,particle_id,x,y,mesh_index,mesh_index_original
36970,3687,0.0471501,0,0,0
36970,3688,0.0370304,0,0,0
36970,3689,0.0269108,0,0,0
36970,3690,0.016791,0,0,0
36970,3691,0.00667126,0,0,0
36970,3692,-0.00344853,0,0,0
36970,3693,-0.0135684,0,0,0
36970,3694,-0.0236882,0,0,0
36970,3695,-0.0338081,0,0,0
36970,3696,-0.043928,0,0,0
