time,particle_id,x,y,mesh_index,mesh_index_original
84550,8445,0.0435172,0,0,0
84550,8446,0.0332407,0,0,0
84550,8447,0.0229642,0,0,0
84550,8448,0.0126876,0,0,0
84550,8449,0.00241106,0,0,0
84550,8450,-0.00786555,0,0,0
84550,8451,-0.0181422,0,0,0
84550,8452,-0.0284189,0,0,0
84550,8453,-0.0386956,0,0,0
84550,8454,-0.0489723,0,0,0
