time,particle_id,x,y,mesh_index,mesh_index_original
74740,7464,0.0442455,0,0,0
74740,7465,0.0340015,0,0,0
74740,7466,0.0237576,0,0,0
74740,7467,0.0135136,0,0,0
74740,7468,0.00326953,0,0,0
74740,7469,-0.00697454,0,0,0
74740,7470,-0.0172186,0,0,0
74740,7471,-0.0274628,0,0,0
74740,7472,-0.037707,0,0,0
74740,7473,-0.0479512,0,0,0
