time,particle_id,x,y,mesh_index,mesh_index_original
78200,7810,0.0443509,0,0,0
78200,7811,0.0340955,0,0,0
78200,7812,0.0238401,0,0,0
78200,7813,0.0135846,0,0,0
78200,7814,0.00332914,0,0,0
78200,7815,-0.00692639,0,0,0
78200,7816,-0.017182,0,0,0
78200,7817,-0.0274376,0,0,0
78200,7818,-0.0376932,0,0,0
78200,7819,-0.0479489,0,0,0
