time,particle_id,x,y,mesh_index,mesh_index_original
99480,9938,0.0429371,0,0,0
99480,9939,0.0326109,0,0,0
99480,9940,0.0222846,0,0,0
99480,9941,0.0119583,0,0,0
99480,9942,0.00163203,0,0,0
99480,9943,-0.00869431,0,0,0
99480,9944,-0.0190207,0,0,0
99480,9945,-0.0293471,0,0,0
99480,9946,-0.0396735,0,0,0
