time,particle_id,x,y,mesh_index,mesh_index_original
75940,7584,0.044282,0,0,0
75940,7585,0.0340341,0,0,0
75940,7586,0.0237862,0,0,0
75940,7587,0.0135382,0,0,0
75940,7588,0.0032902,0,0,0
75940,7589,-0.00695785,0,0,0
75940,7590,-0.0172059,0,0,0
75940,7591,-0.027454,0,0,0
75940,7592,-0.0377022,0,0,0
75940,7593,-0.0479504,0,0,0
