time,particle_id,x,y,mesh_index,mesh_index_original
64870,6477,0.0449664,0,0,0
64870,6478,0.0347551,0,0,0
64870,6479,0.0245438,0,0,0
64870,6480,0.0143324,0,0,0
64870,6481,0.00412101,0,0,0
64870,6482,-0.00609043,0,0,0
64870,6483,-0.0163019,0,0,0
64870,6484,-0.0265134,0,0,0
64870,6485,-0.0367249,0,0,0
64870,6486,-0.0469365,0,0,0
