time,particle_id,x,y,mesh_index,mesh_index_original
35220,3512,0.0470952,0,0,0
35220,3513,0.0369813,0,0,0
35220,3514,0.0268673,0,0,0
35220,3515,0.0167533,0,0,0
35220,3516,0.00663923,0,0,0
35220,3517,-0.00347484,0,0,0
35220,3518,-0.0135889,0,0,0
35220,3519,-0.0237031,0,0,0
35220,3520,-0.0338173,0,0,0
35220,3521,-0.0439315,0,0,0
