time,particle_id,x,y,mesh_index,mesh_index_original
35870,3577,0.0471156,0,0,0
35870,3578,0.0369995,0,0,0
35870,3579,0.0268834,0,0,0
35870,3580,0.0167673,0,0,0
35870,3581,0.00665113,0,0,0
35870,3582,-0.00346507,0,0,0
35870,3583,-0.0135813,0,0,0
35870,3584,-0.0236976,0,0,0
35870,3585,-0.0338139,0,0,0
35870,3586,-0.0439302,0,0,0
