time,particle_id,x,y,mesh_index,mesh_index_original
27580,2748,0.0478648,0,0,0
27580,2749,0.0377758,0,0,0
27580,2750,0.0276867,0,0,0
27580,2751,0.0175977,0,0,0
27580,2752,0.00750855,0,0,0
27580,2753,-0.00258059,0,0,0
27580,2754,-0.0126698,0,0,0
27580,2755,-0.022759,0,0,0
27580,2756,-0.0328482,0,0,0
27580,2757,-0.0429375,0,0,0
