time,particle_id,x,y,mesh_index,mesh_index_original
84290,8419,0.0435093,0,0,0
84290,8420,0.0332337,0,0,0
84290,8421,0.022958,0,0,0
84290,8422,0.0126824,0,0,0
84290,8423,0.00240665,0,0,0
84290,8424,-0.00786909,0,0,0
84290,8425,-0.0181449,0,0,0
84290,8426,-0.0284207,0,0,0
84290,8427,-0.0386965,0,0,0
84290,8428,-0.0489724,0,0,0
