time,particle_id,x,y,mesh_index,mesh_index_original
77960,7786,0.0443436,0,0,0
77960,7787,0.034089,0,0,0
77960,7788,0.0238344,0,0,0
77960,7789,0.0135797,0,0,0
77960,7790,0.00332501,0,0,0
77960,7791,-0.00692973,0,0,0
77960,7792,-0.0171845,0,0,0
77960,7793,-0.0274393,0,0,0
77960,7794,-0.0376942,0,0,0
77960,7795,-0.047949,0,0,0
