time,particle_id,x,y,mesh_index,mesh_index_original
58600,5850,0.0457933,0,0,0
58600,5851,0.0356027,0,0,0
58600,5852,0.025412,0,0,0
58600,5853,0.0152213,0,0,0
58600,5854,0.00503055,0,0,0
58600,5855,-0.00516022,0,0,0
58600,5856,-0.015351,0,0,0
58600,5857,-0.0255419,0,0,0
58600,5858,-0.0357327,0,0,0
58600,5859,-0.0459236,0,0,0
