time,particle_id,x,y,mesh_index,mesh_index_original
18650,1855,0.0485889,0,0,0
18650,1856,0.038529,0,0,0
18650,1857,0.028469,0,0,0
18650,1858,0.018409,0,0,0
18650,1859,0.00834894,0,0,0
18650,1860,-0.00171115,0,0,0
18650,1861,-0.0117713,0,0,0
18650,1862,-0.0218314,0,0,0
18650,1863,-0.0318916,0,0,0
18650,1864,-0.0419518,0,0,0
