time,particle_id,x,y,mesh_index,mesh_index_original
97940,9784,0.0428908,0,0,0
97940,9785,0.0325697,0,0,0
97940,9786,0.0222486,0,0,0
97940,9787,0.0119275,0,0,0
97940,9788,0.00160633,0,0,0
97940,9789,-0.00871487,0,0,0
97940,9790,-0.0190361,0,0,0
97940,9791,-0.0293574,0,0,0
97940,9792,-0.0396787,0,0,0
