time,particle_id,x,y,mesh_index,mesh_index_original
68080,6798,0.045065,0,0,0
68080,6799,0.0348431,0,0,0
68080,6800,0.0246212,0,0,0
68080,6801,0.0143992,0,0,0
68080,6802,0.00417719,0,0,0
68080,6803,-0.00604485,0,0,0
68080,6804,-0.0162669,0,0,0
68080,6805,-0.026489,0,0,0
68080,6806,-0.0367112,0,0,0
68080,6807,-0.0469333,0,0,0
