time,particle_id,x,y,mesh_index,mesh_index_original
19810,1971,0.0486259,0,0,0
19810,1972,0.0385622,0,0,0
19810,1973,0.0284984,0,0,0
19810,1974,0.0184346,0,0,0
19810,1975,0.0083708,0,0,0
19810,1976,-0.00169305,0,0,0
19810,1977,-0.0117569,0,0,0
19810,1978,-0.0218209,0,0,0
19810,1979,-0.0318848,0,0,0
19810,1980,-0.0419488,0,0,0
