time,particle_id,x,y,mesh_index,mesh_index_original
54990,5489,0.0456816,0,0,0
54990,5490,0.0355028,0,0,0
54990,5491,0.0253241,0,0,0
54990,5492,0.0151452,0,0,0
54990,5493,0.00496638,0,0,0
54990,5494,-0.00521251,0,0,0
54990,5495,-0.0153914,0,0,0
54990,5496,-0.0255704,0,0,0
54990,5497,-0.0357494,0,0,0
54990,5498,-0.0459284,0,0,0
