time,particle_id,x,y,mesh_index,mesh_index_original
51290,5119,0.0455673,0,0,0
51290,5120,0.0354007,0,0,0
51290,5121,0.0252341,0,0,0
51290,5122,0.0150674,0,0,0
51290,5123,0.0049007,0,0,0
51290,5124,-0.00526602,0,0,0
51290,5125,-0.0154328,0,0,0
51290,5126,-0.0255996,0,0,0
51290,5127,-0.0357664,0,0,0
51290,5128,-0.0459332,0,0,0
