time,particle_id,x,y,mesh_index,mesh_index_original
42430,4233,0.0463079,0,0,0
42430,4234,0.0361703,0,0,0
42430,4235,0.0260328,0,0,0
42430,4236,0.0158952,0,0,0
42430,4237,0.00575754,0,0,0
42430,4238,-0.00438012,0,0,0
42430,4239,-0.0145178,0,0,0
42430,4240,-0.0246555,0,0,0
42430,4241,-0.0347933,0,0,0
42430,4242,-0.0449311,0,0,0
