time,particle_id,x,y,mesh_index,mesh_index_original
78080,7798,0.0443473,0,0,0
78080,7799,0.0340923,0,0,0
78080,7800,0.0238372,0,0,0
78080,7801,0.0135822,0,0,0
78080,7802,0.00332707,0,0,0
78080,7803,-0.00692806,0,0,0
78080,7804,-0.0171832,0,0,0
78080,7805,-0.0274384,0,0,0
78080,7806,-0.0376937,0,0,0
78080,7807,-0.0479489,0,0,0
