time,particle_id,x,y,mesh_index,mesh_index_original
62720,6262,0.0449005,0,0,0
62720,6263,0.0346963,0,0,0
62720,6264,0.024492,0,0,0
62720,6265,0.0142877,0,0,0
62720,6266,0.00408342,0,0,0
62720,6267,-0.00612093,0,0,0
62720,6268,-0.0163253,0,0,0
62720,6269,-0.0265297,0,0,0
62720,6270,-0.0367342,0,0,0
62720,6271,-0.0469386,0,0,0
