time,particle_id,x,y,mesh_index,mesh_index_original
15260,1516,0.0484811,0,0,0
15260,1517,0.0384321,0,0,0
15260,1518,0.0283831,0,0,0
15260,1519,0.0183341,0,0,0
15260,1520,0.00828509,0,0,0
15260,1521,-0.00176399,0,0,0
15260,1522,-0.0118131,0,0,0
15260,1523,-0.0218622,0,0,0
15260,1524,-0.0319114,0,0,0
15260,1525,-0.0419606,0,0,0
