time,particle_id,x,y,mesh_index,mesh_index_original
20250,2015,0.0476334,0,0,0
20250,2016,0.0375682,0,0,0
20250,2017,0.027503,0,0,0
20250,2018,0.0174378,0,0,0
20250,2019,0.00737255,0,0,0
20250,2020,-0.00269273,0,0,0
20250,2021,-0.012758,0,0,0
20250,2022,-0.0228234,0,0,0
20250,2023,-0.0328888,0,0,0
20250,2024,-0.0429542,0,0,0
