time,particle_id,x,y,mesh_index,mesh_index_original
63110,6301,0.0449124,0,0,0
63110,6302,0.0347069,0,0,0
63110,6303,0.0245014,0,0,0
63110,6304,0.0142958,0,0,0
63110,6305,0.00409024,0,0,0
63110,6306,-0.0061154,0,0,0
63110,6307,-0.0163211,0,0,0
63110,6308,-0.0265268,0,0,0
63110,6309,-0.0367325,0,0,0
63110,6310,-0.0469383,0,0,0
