time,particle_id,x,y,mesh_index,mesh_index_original
49270,4917,0.0465209,0,0,0
49270,4918,0.036361,0,0,0
49270,4919,0.026201,0,0,0
49270,4920,0.016041,0,0,0
49270,4921,0.0058809,0,0,0
49270,4922,-0.00427919,0,0,0
49270,4923,-0.0144393,0,0,0
49270,4924,-0.0245995,0,0,0
49270,4925,-0.0347597,0,0,0
49270,4926,-0.0449199,0,0,0
