time,particle_id,x,y,mesh_index,mesh_index_original
88070,8797,0.0436237,0,0,0
88070,8798,0.0333355,0,0,0
88070,8799,0.0230473,0,0,0
88070,8800,0.012759,0,0,0
88070,8801,0.00247074,0,0,0
88070,8802,-0.00781757,0,0,0
88070,8803,-0.0181059,0,0,0
88070,8804,-0.0283943,0,0,0
88070,8805,-0.0386827,0,0,0
88070,8806,-0.0489712,0,0,0
