time,particle_id,x,y,mesh_index,mesh_index_original
15620,1552,0.0484925,0,0,0
15620,1553,0.0384424,0,0,0
15620,1554,0.0283923,0,0,0
15620,1555,0.0183421,0,0,0
15620,1556,0.00829187,0,0,0
15620,1557,-0.00175838,0,0,0
15620,1558,-0.0118087,0,0,0
15620,1559,-0.021859,0,0,0
15620,1560,-0.0319093,0,0,0
15620,1561,-0.0419597,0,0,0
