time,particle_id,x,y,mesh_index,mesh_index_original
15360,1526,0.0484842,0,0,0
15360,1527,0.038435,0,0,0
15360,1528,0.0283857,0,0,0
15360,1529,0.0183363,0,0,0
15360,1530,0.00828697,0,0,0
15360,1531,-0.00176243,0,0,0
15360,1532,-0.0118119,0,0,0
15360,1533,-0.0218613,0,0,0
15360,1534,-0.0319108,0,0,0
15360,1535,-0.0419604,0,0,0
