time,particle_id,x,y,mesh_index,mesh_index_original
2890,279,0.0490894,0,0,0
2890,280,0.0390805,0,0,0
2890,281,0.0290716,0,0,0
2890,282,0.0190626,0,0,0
2890,283,0.00905365,0,0,0
2890,284,-0.000955366,0,0,0
2890,285,-0.0109644,0,0,0
2890,286,-0.0209735,0,0,0
2890,287,-0.0309826,0,0,0
2890,288,-0.0409917,0,0,0
