time,particle_id,x,y,mesh_index,mesh_index_original
79270,7917,0.0443836,0,0,0
79270,7918,0.0341246,0,0,0
79270,7919,0.0238657,0,0,0
79270,7920,0.0136066,0,0,0
79270,7921,0.00334759,0,0,0
79270,7922,-0.00691149,0,0,0
79270,7923,-0.0171706,0,0,0
79270,7924,-0.0274298,0,0,0
79270,7925,-0.0376889,0,0,0
79270,7926,-0.0479482,0,0,0
