time,particle_id,x,y,mesh_index,mesh_index_original
96180,9608,0.0428379,0,0,0
96180,9609,0.0325227,0,0,0
96180,9610,0.0222075,0,0,0
96180,9611,0.0118923,0,0,0
96180,9612,0.00157697,0,0,0
96180,9613,-0.00873836,0,0,0
96180,9614,-0.0190537,0,0,0
96180,9615,-0.0293691,0,0,0
96180,9616,-0.0396845,0,0,0
