time,particle_id,x,y,mesh_index,mesh_index_original
55090,5499,0.0456847,0,0,0
55090,5500,0.0355056,0,0,0
55090,5501,0.0253265,0,0,0
55090,5502,0.0151473,0,0,0
55090,5503,0.00496816,0,0,0
55090,5504,-0.00521106,0,0,0
55090,5505,-0.0153903,0,0,0
55090,5506,-0.0255696,0,0,0
55090,5507,-0.0357489,0,0,0
55090,5508,-0.0459283,0,0,0
