time,particle_id,x,y,mesh_index,mesh_index_original
26830,2673,0.0478411,0,0,0
26830,2674,0.0377545,0,0,0
26830,2675,0.0276679,0,0,0
26830,2676,0.0175813,0,0,0
26830,2677,0.00749462,0,0,0
26830,2678,-0.00259208,0,0,0
26830,2679,-0.0126788,0,0,0
26830,2680,-0.0227656,0,0,0
26830,2681,-0.0328524,0,0,0
26830,2682,-0.0429392,0,0,0
