time,particle_id,x,y,mesh_index,mesh_index_original
18940,1884,0.0485982,0,0,0
18940,1885,0.0385373,0,0,0
18940,1886,0.0284764,0,0,0
18940,1887,0.0184154,0,0,0
18940,1888,0.0083544,0,0,0
18940,1889,-0.00170662,0,0,0
18940,1890,-0.0117677,0,0,0
18940,1891,-0.0218288,0,0,0
18940,1892,-0.0318899,0,0,0
18940,1893,-0.0419511,0,0,0
