time,particle_id,x,y,mesh_index,mesh_index_original
75380,7528,0.044265,0,0,0
75380,7529,0.0340189,0,0,0
75380,7530,0.0237728,0,0,0
75380,7531,0.0135267,0,0,0
75380,7532,0.00328055,0,0,0
75380,7533,-0.00696564,0,0,0
75380,7534,-0.0172119,0,0,0
75380,7535,-0.0274581,0,0,0
75380,7536,-0.0377044,0,0,0
75380,7537,-0.0479507,0,0,0
