time,particle_id,x,y,mesh_index,mesh_index_original
88010,8791,0.0436218,0,0,0
88010,8792,0.0333339,0,0,0
88010,8793,0.0230458,0,0,0
88010,8794,0.0127578,0,0,0
88010,8795,0.00246972,0,0,0
88010,8796,-0.00781839,0,0,0
88010,8797,-0.0181065,0,0,0
88010,8798,-0.0283947,0,0,0
88010,8799,-0.0386829,0,0,0
88010,8800,-0.0489712,0,0,0
