time,particle_id,x,y,mesh_index,mesh_index_original
36580,3648,0.0471379,0,0,0
36580,3649,0.0370195,0,0,0
36580,3650,0.0269011,0,0,0
36580,3651,0.0167826,0,0,0
36580,3652,0.00666412,0,0,0
36580,3653,-0.0034544,0,0,0
36580,3654,-0.0135729,0,0,0
36580,3655,-0.0236915,0,0,0
36580,3656,-0.0338101,0,0,0
36580,3657,-0.0439288,0,0,0
