time,particle_id,x,y,mesh_index,mesh_index_original
26900,2680,0.0470031,0,97,97
26900,2681,0.0370028,0,87,87
26900,2682,0.0270024,0,77,77
26900,2683,0.0170021,0,67,67
26900,2684,0.00700181,0,57,57
26900,2685,-0.00299851,0,47,47
26900,2686,-0.0129988,0,37,37
26900,2687,-0.0229991,0,27,27
26900,2688,-0.0329995,0,17,17
26900,2689,-0.0429998,0,7,7
