time,particle_id,x,y,mesh_index,mesh_index_original
90770,9067,0.0400097,0,90,90
90770,9068,0.0300086,0,80,80
90770,9069,0.0200075,0,70,70
90770,9070,0.0100064,0,60,60
90770,9071,5.36388e-06,0,50,50
90770,9072,-0.00999571,0,40,40
90770,9073,-0.0199968,0,30,30
90770,9074,-0.0299979,0,20,20
90770,9075,-0.0399989,0,10,10
