time,particle_id,x,y,mesh_index,mesh_index_original
33220,3312,0.0460038,0,96,96
33220,3313,0.0360034,0,86,86
33220,3314,0.026003,0,76,76
33220,3315,0.0160026,0,66,66
33220,3316,0.0060022,0,56,56
33220,3317,-0.0039982,0,46,46
33220,3318,-0.0139986,0,36,36
33220,3319,-0.023999,0,26,26
33220,3320,-0.0339994,0,16,16
33220,3321,-0.0439998,0,6,6
