time,particle_id,x,y,mesh_index,mesh_index_original
8400,830,0.049001,0,99,99
8400,831,0.0390009,0,89,89
8400,832,0.0290008,0,79,79
8400,833,0.0190007,0,69,69
8400,834,0.00900058,0,59,59
8400,835,-0.000999518,0,49,49
8400,836,-0.0109996,0,39,39
8400,837,-0.0209997,0,29,29
8400,838,-0.0309998,0,19,19
8400,839,-0.0409999,0,9,9
