time,particle_id,x,y,mesh_index,mesh_index_original
23630,2353,0.0470027,0,97,97
23630,2354,0.0370024,0,87,87
23630,2355,0.0270021,0,77,77
23630,2356,0.0170019,0,67,67
23630,2357,0.00700159,0,57,57
23630,2358,-0.00299869,0,47,47
23630,2359,-0.012999,0,37,37
23630,2360,-0.0229992,0,27,27
23630,2361,-0.0329995,0,17,17
23630,2362,-0.0429998,0,7,7
