time,particle_id,x,y,mesh_index,mesh_index_original
19360,1926,0.0480022,0,98,98
19360,1927,0.038002,0,88,88
19360,1928,0.0280018,0,78,78
19360,1929,0.0180016,0,68,68
19360,1930,0.00800132,0,58,58
19360,1931,-0.00199891,0,48,48
19360,1932,-0.0119991,0,38,38
19360,1933,-0.0219994,0,28,28
19360,1934,-0.0319996,0,18,18
19360,1935,-0.0419998,0,8,8
