time,particle_id,x,y,mesh_index,mesh_index_original
36610,3651,0.0460041,0,96,96
36610,3652,0.0360037,0,86,86
36610,3653,0.0260033,0,76,76
36610,3654,0.0160029,0,66,66
36610,3655,0.00600242,0,56,56
36610,3656,-0.00399801,0,46,46
36610,3657,-0.0139984,0,36,36
36610,3658,-0.0239989,0,26,26
36610,3659,-0.0339993,0,16,16
36610,3660,-0.0439997,0,6,6
