time,particle_id,x,y,mesh_index,mesh_index_original
91160,9106,0.0400097,0,90,90
91160,9107,0.0300086,0,80,80
91160,9108,0.0200075,0,70,70
91160,9109,0.0100065,0,60,60
91160,9110,5.38695e-06,0,50,50
91160,9111,-0.00999569,0,40,40
91160,9112,-0.0199968,0,30,30
91160,9113,-0.0299978,0,20,20
91160,9114,-0.0399989,0,10,10
