time,particle_id,x,y,mesh_index,mesh_index_original
18680,1858,0.0480022,0,98,98
18680,1859,0.0380019,0,88,88
18680,1860,0.0280017,0,78,78
18680,1861,0.0180015,0,68,68
18680,1862,0.00800128,0,58,58
18680,1863,-0.00199894,0,48,48
18680,1864,-0.0119992,0,38,38
18680,1865,-0.0219994,0,28,28
18680,1866,-0.0319996,0,18,18
18680,1867,-0.0419998,0,8,8
