time,particle_id,x,y,mesh_index,mesh_index_original
60030,5993,0.0440067,0,94,94
60030,5994,0.034006,0,84,84
60030,5995,0.0240052,0,74,74
60030,5996,0.0140045,0,64,64
60030,5997,0.00400383,0,54,54
60030,5998,-0.00599688,0,44,44
60030,5999,-0.0159976,0,34,34
60030,6000,-0.0269984,0,23,23
60030,6001,-0.0369991,0,13,13
60030,6002,-0.0469998,0,3,3
