time,particle_id,x,y,mesh_index,mesh_index_original
84530,8443,0.0410091,0,91,91
84530,8444,0.0310081,0,81,81
84530,8445,0.0210071,0,71,71
84530,8446,0.0110061,0,61,61
84530,8447,0.00100509,0,51,51
84530,8448,-0.0089959,0,41,41
84530,8449,-0.0189969,0,31,31
84530,8450,-0.0289979,0,21,21
84530,8451,-0.0389989,0,11,11
84530,8452,-0.0489999,0,1,1
