time,particle_id,x,y,mesh_index,mesh_index_original
13660,1356,0.0480016,0,98,98
13660,1357,0.0380014,0,88,88
13660,1358,0.0280013,0,78,78
13660,1359,0.0180011,0,68,68
13660,1360,0.00800093,0,58,58
13660,1361,-0.00199923,0,48,48
13660,1362,-0.0119994,0,38,38
13660,1363,-0.0219996,0,28,28
13660,1364,-0.0319997,0,18,18
13660,1365,-0.0419999,0,8,8
