time,particle_id,x,y,mesh_index,mesh_index_original
72660,7256,0.0420079,0,92,92
72660,7257,0.032007,0,82,82
72660,7258,0.0220062,0,72,72
72660,7259,0.0120053,0,62,62
72660,7260,0.00200446,0,52,52
72660,7261,-0.00799639,0,42,42
72660,7262,-0.0179973,0,32,32
72660,7263,-0.0279981,0,22,22
72660,7264,-0.037999,0,12,12
72660,7265,-0.0479998,0,2,2
