time,particle_id,x,y,mesh_index,mesh_index_original
70220,7012,0.0420076,0,92,92
70220,7013,0.0320068,0,82,82
70220,7014,0.022006,0,72,72
70220,7015,0.0120051,0,62,62
70220,7016,0.00200431,0,52,52
70220,7017,-0.00799652,0,42,42
70220,7018,-0.0179973,0,32,32
70220,7019,-0.0279982,0,22,22
70220,7020,-0.037999,0,12,12
70220,7021,-0.0479998,0,2,2
