time,particle_id,x,y,mesh_index,mesh_index_original
4130,403,0.0490005,0,99,99
4130,404,0.0390004,0,89,89
4130,405,0.0290004,0,79,79
4130,406,0.0190003,0,69,69
4130,407,0.00900028,0,59,59
4130,408,-0.000999765,0,49,49
4130,409,-0.0109998,0,39,39
4130,410,-0.0209999,0,29,29
4130,411,-0.0309999,0,19,19
4130,412,-0.041,0,9,9
