time,particle_id,x,y,mesh_index,mesh_index_original
56520,5642,0.0440063,0,94,94
56520,5643,0.0340056,0,84,84
56520,5644,0.0240049,0,74,74
56520,5645,0.0140043,0,64,64
56520,5646,0.00400361,0,54,54
56520,5647,-0.00599706,0,44,44
56520,5648,-0.0159977,0,34,34
56520,5649,-0.0259984,0,24,24
56520,5650,-0.0359991,0,14,14
56520,5651,-0.0459997,0,4,4
