time,particle_id,x,y,mesh_index,mesh_index_original
71200,7110,0.0420077,0,92,92
71200,7111,0.0320069,0,82,82
71200,7112,0.0220061,0,72,72
71200,7113,0.0120052,0,62,62
71200,7114,0.00200437,0,52,52
71200,7115,-0.00799647,0,42,42
71200,7116,-0.0179973,0,32,32
71200,7117,-0.0279981,0,22,22
71200,7118,-0.037999,0,12,12
71200,7119,-0.0479998,0,2,2
