time,particle_id,x,y,mesh_index,mesh_index_original
43260,4316,0.0450049,0,95,95
43260,4317,0.0350043,0,85,85
43260,4318,0.0250038,0,75,75
43260,4319,0.0150033,0,65,65
43260,4320,0.00500281,0,55,55
43260,4321,-0.0049977,0,45,45
43260,4322,-0.0149982,0,35,35
43260,4323,-0.0249987,0,25,25
43260,4324,-0.0349992,0,15,15
43260,4325,-0.0449997,0,5,5
