time,particle_id,x,y,mesh_index,mesh_index_original
88480,8838,0.0410095,0,91,91
88480,8839,0.0310085,0,81,81
88480,8840,0.0210074,0,71,71
88480,8841,0.0110064,0,61,61
88480,8842,0.00100533,0,51,51
88480,8843,-0.00899571,0,41,41
88480,8844,-0.0189968,0,31,31
88480,8845,-0.0289978,0,21,21
88480,8846,-0.0389988,0,11,11
88480,8847,-0.0489999,0,1,1
