time,particle_id,x,y,mesh_index,mesh_index_original
88880,8878,0.0410096,0,91,91
88880,8879,0.0310085,0,81,81
88880,8880,0.0210075,0,71,71
88880,8881,0.0110064,0,61,61
88880,8882,0.00100536,0,51,51
88880,8883,-0.00899569,0,41,41
88880,8884,-0.0189967,0,31,31
88880,8885,-0.0289978,0,21,21
88880,8886,-0.0389988,0,11,11
88880,8887,-0.0489999,0,1,1
