time,particle_id,x,y,mesh_index,mesh_index_original
71510,7141,0.0420078,0,92,92
71510,7142,0.0320069,0,82,82
71510,7143,0.0220061,0,72,72
71510,7144,0.0120052,0,62,62
71510,7145,0.00200439,0,52,52
71510,7146,-0.00799645,0,42,42
71510,7147,-0.0179973,0,32,32
71510,7148,-0.0279981,0,22,22
71510,7149,-0.037999,0,12,12
71510,7150,-0.0479998,0,2,2
