time,particle_id,x,y,mesh_index,mesh_index_original
38000,3790,0.0460043,0,96,96
38000,3791,0.0360039,0,86,86
38000,3792,0.0260034,0,76,76
38000,3793,0.016003,0,66,66
38000,3794,0.00600251,0,56,56
38000,3795,-0.00399794,0,46,46
38000,3796,-0.0139984,0,36,36
38000,3797,-0.0239988,0,26,26
38000,3798,-0.0339993,0,16,16
38000,3799,-0.0439997,0,6,6
