time,particle_id,x,y,mesh_index,mesh_index_original
77450,7735,0.0420084,0,92,92
77450,7736,0.0320075,0,82,82
77450,7737,0.0220066,0,72,72
77450,7738,0.0120057,0,62,62
77450,7739,0.00200476,0,52,52
77450,7740,-0.00799616,0,42,42
77450,7741,-0.0179971,0,32,32
77450,7742,-0.027998,0,22,22
77450,7743,-0.0379989,0,12,12
77450,7744,-0.0479998,0,2,2
