time,particle_id,x,y,mesh_index,mesh_index_original
77530,7743,0.0420084,0,92,92
77530,7744,0.0320075,0,82,82
77530,7745,0.0220066,0,72,72
77530,7746,0.0120057,0,62,62
77530,7747,0.00200476,0,52,52
77530,7748,-0.00799615,0,42,42
77530,7749,-0.0179971,0,32,32
77530,7750,-0.027998,0,22,22
77530,7751,-0.0379989,0,12,12
77530,7752,-0.0479998,0,2,2
