time,particle_id,x,y,mesh_index,mesh_index_original
30640,3054,0.0460035,0,96,96
30640,3055,0.0360031,0,86,86
30640,3056,0.0260027,0,76,76
30640,3057,0.0160024,0,66,66
30640,3058,0.00600202,0,56,56
30640,3059,-0.00399834,0,46,46
30640,3060,-0.0139987,0,36,36
30640,3061,-0.0239991,0,26,26
30640,3062,-0.0339994,0,16,16
30640,3063,-0.0439998,0,6,6
