time,particle_id,x,y,mesh_index,mesh_index_original
74740,7464,0.0420081,0,92,92
74740,7465,0.0320072,0,82,82
74740,7466,0.0220064,0,72,72
74740,7467,0.0120055,0,62,62
74740,7468,0.00200459,0,52,52
74740,7469,-0.00799629,0,42,42
74740,7470,-0.0179972,0,32,32
74740,7471,-0.0279981,0,22,22
74740,7472,-0.0379989,0,12,12
74740,7473,-0.0479998,0,2,2
