time,particle_id,x,y,mesh_index,mesh_index_original
38600,3850,0.0460044,0,96,96
38600,3851,0.0360039,0,86,86
38600,3852,0.0260035,0,76,76
38600,3853,0.016003,0,66,66
38600,3854,0.00600255,0,56,56
38600,3855,-0.0039979,0,46,46
38600,3856,-0.0139984,0,36,36
38600,3857,-0.0239988,0,26,26
38600,3858,-0.0339993,0,16,16
38600,3859,-0.0439997,0,6,6
