time,particle_id,x,y,mesh_index,mesh_index_original
34760,3466,0.0460039,0,96,96
34760,3467,0.0360035,0,86,86
34760,3468,0.0260031,0,76,76
34760,3469,0.0160027,0,66,66
34760,3470,0.0060023,0,56,56
34760,3471,-0.00399811,0,46,46
34760,3472,-0.0139985,0,36,36
34760,3473,-0.0239989,0,26,26
34760,3474,-0.0339993,0,16,16
34760,3475,-0.0439998,0,6,6
