time,particle_id,x,y,mesh_index,mesh_index_original
89260,8916,0.0410096,0,91,91
89260,8917,0.0310085,0,81,81
89260,8918,0.0210075,0,71,71
89260,8919,0.0110064,0,61,61
89260,8920,0.00100538,0,51,51
89260,8921,-0.00899567,0,41,41
89260,8922,-0.0189967,0,31,31
89260,8923,-0.0289978,0,21,21
89260,8924,-0.0389988,0,11,11
89260,8925,-0.0489999,0,1,1
