time,particle_id,x,y,mesh_index,mesh_index_original
82730,8263,0.0410089,0,91,91
82730,8264,0.0310079,0,81,81
82730,8265,0.0210069,0,71,71
82730,8266,0.011006,0,61,61
82730,8267,0.00100499,0,51,51
82730,8268,-0.00899599,0,41,41
82730,8269,-0.018997,0,31,31
82730,8270,-0.0289979,0,21,21
82730,8271,-0.0389989,0,11,11
82730,8272,-0.0489999,0,1,1
