time,particle_id,x,y,mesh_index,mesh_index_original
19370,1927,0.0480022,0,98,98
19370,1928,0.038002,0,88,88
19370,1929,0.0280018,0,78,78
19370,1930,0.0180016,0,68,68
19370,1931,0.00800132,0,58,58
19370,1932,-0.0019989,0,48,48
19370,1933,-0.0119991,0,38,38
19370,1934,-0.0219994,0,28,28
19370,1935,-0.0319996,0,18,18
19370,1936,-0.0419998,0,8,8
