time,particle_id,x,y,mesh_index,mesh_index_original
29490,2939,0.0470034,0,97,97
29490,2940,0.037003,0,87,87
29490,2941,0.0270027,0,77,77
29490,2942,0.0170023,0,67,67
29490,2943,0.00700198,0,57,57
29490,2944,-0.00299836,0,47,47
29490,2945,-0.0129987,0,37,37
29490,2946,-0.0229991,0,27,27
29490,2947,-0.0329994,0,17,17
29490,2948,-0.0429998,0,7,7
