time,particle_id,x,y,mesh_index,mesh_index_original
17960,1786,0.0480021,0,98,98
17960,1787,0.0380019,0,88,88
17960,1788,0.0280016,0,78,78
17960,1789,0.0180014,0,68,68
17960,1790,0.00800123,0,58,58
17960,1791,-0.00199898,0,48,48
17960,1792,-0.0119992,0,38,38
17960,1793,-0.0219994,0,28,28
17960,1794,-0.0319996,0,18,18
17960,1795,-0.0419998,0,8,8
