time,particle_id,x,y,mesh_index,mesh_index_original
84710,8461,0.0410091,0,91,91
84710,8462,0.0310081,0,81,81
84710,8463,0.0210071,0,71,71
84710,8464,0.0110061,0,61,61
84710,8465,0.00100511,0,51,51
84710,8466,-0.0089959,0,41,41
84710,8467,-0.0189969,0,31,31
84710,8468,-0.0289979,0,21,21
84710,8469,-0.0389989,0,11,11
84710,8470,-0.0489999,0,1,1
