time,particle_id,x,y,mesh_index,mesh_index_original
80800,8070,0.0410087,0,91,91
80800,8071,0.0310077,0,81,81
80800,8072,0.0210068,0,71,71
80800,8073,0.0110058,0,61,61
80800,8074,0.00100487,0,51,51
80800,8075,-0.00899609,0,41,41
80800,8076,-0.018997,0,31,31
80800,8077,-0.028998,0,21,21
80800,8078,-0.0389989,0,11,11
80800,8079,-0.0489999,0,1,1
