time,particle_id,x,y,mesh_index,mesh_index_original
75930,7583,0.0420083,0,92,92
75930,7584,0.0320074,0,82,82
75930,7585,0.0220065,0,72,72
75930,7586,0.0120056,0,62,62
75930,7587,0.00200467,0,52,52
75930,7588,-0.00799623,0,42,42
75930,7589,-0.0179971,0,32,32
75930,7590,-0.027998,0,22,22
75930,7591,-0.0379989,0,12,12
75930,7592,-0.0479998,0,2,2
