time,particle_id,x,y,mesh_index,mesh_index_original
67920,6782,0.0430075,0,93,93
67920,6783,0.0330067,0,83,83
67920,6784,0.0230059,0,73,73
67920,6785,0.0130051,0,63,63
67920,6786,0.00300425,0,53,53
67920,6787,-0.00699655,0,43,43
67920,6788,-0.0169974,0,33,33
67920,6789,-0.0269982,0,23,23
67920,6790,-0.036999,0,13,13
67920,6791,-0.0469998,0,3,3
