time,particle_id,x,y,mesh_index,mesh_index_original
44330,4423,0.045005,0,95,95
44330,4424,0.0350044,0,85,85
44330,4425,0.0250039,0,75,75
44330,4426,0.0150034,0,65,65
44330,4427,0.00500288,0,55,55
44330,4428,-0.00499764,0,45,45
44330,4429,-0.0149982,0,35,35
44330,4430,-0.0249987,0,25,25
44330,4431,-0.0349992,0,15,15
44330,4432,-0.0449997,0,5,5
