time,particle_id,x,y,mesh_index,mesh_index_original
20270,2017,0.0470023,0,97,97
20270,2018,0.0370021,0,87,87
20270,2019,0.0270018,0,77,77
20270,2020,0.0170016,0,67,67
20270,2021,0.00700136,0,57,57
20270,2022,-0.00299888,0,47,47
20270,2023,-0.0129991,0,37,37
20270,2024,-0.0229994,0,27,27
20270,2025,-0.0329996,0,17,17
20270,2026,-0.0429998,0,7,7
