time,particle_id,x,y,mesh_index,mesh_index_original
5390,529,0.0490006,0,99,99
5390,530,0.0390006,0,89,89
5390,531,0.0290005,0,79,79
5390,532,0.0190004,0,69,69
5390,533,0.00900037,0,59,59
5390,534,-0.000999692,0,49,49
5390,535,-0.0109998,0,39,39
5390,536,-0.0209998,0,29,29
5390,537,-0.0309999,0,19,19
5390,538,-0.0409999,0,9,9
