time,particle_id,x,y,mesh_index,mesh_index_original
3130,303,0.0490004,0,99,99
3130,304,0.0390003,0,89,89
3130,305,0.0290003,0,79,79
3130,306,0.0190002,0,69,69
3130,307,0.00900021,0,59,59
3130,308,-0.000999823,0,49,49
3130,309,-0.0109999,0,39,39
3130,310,-0.0209999,0,29,29
3130,311,-0.0309999,0,19,19
3130,312,-0.041,0,9,9
