time,particle_id,x,y,mesh_index,mesh_index_original
23600,2350,0.0470027,0,97,97
23600,2351,0.0370024,0,87,87
23600,2352,0.0270021,0,77,77
23600,2353,0.0170019,0,67,67
23600,2354,0.00700159,0,57,57
23600,2355,-0.00299869,0,47,47
23600,2356,-0.012999,0,37,37
23600,2357,-0.0229992,0,27,27
23600,2358,-0.0329995,0,17,17
23600,2359,-0.0429998,0,7,7
