time,particle_id,x,y,mesh_index,mesh_index_original
63520,6342,0.043007,0,93,93
63520,6343,0.0330062,0,83,83
63520,6344,0.0230055,0,73,73
63520,6345,0.0130047,0,63,63
63520,6346,0.00300398,0,53,53
63520,6347,-0.00699677,0,43,43
63520,6348,-0.0169975,0,33,33
63520,6349,-0.0269983,0,23,23
63520,6350,-0.036999,0,13,13
63520,6351,-0.0469998,0,3,3
