time,particle_id,x,y,mesh_index,mesh_index_original
8430,833,0.049001,0,99,99
8430,834,0.0390009,0,89,89
8430,835,0.0290008,0,79,79
8430,836,0.0190007,0,69,69
8430,837,0.00900058,0,59,59
8430,838,-0.000999516,0,49,49
8430,839,-0.0109996,0,39,39
8430,840,-0.0209997,0,29,29
8430,841,-0.0309998,0,19,19
8430,842,-0.0409999,0,9,9
