time,particle_id,x,y,mesh_index,mesh_index_original
14030,1393,0.0480016,0,98,98
14030,1394,0.0380015,0,88,88
14030,1395,0.0280013,0,78,78
14030,1396,0.0180011,0,68,68
14030,1397,0.00800096,0,58,58
14030,1398,-0.00199921,0,48,48
14030,1399,-0.0119994,0,38,38
14030,1400,-0.0219995,0,28,28
14030,1401,-0.0319997,0,18,18
14030,1402,-0.0419999,0,8,8
