time,particle_id,x,y,mesh_index,mesh_index_original
7000,690,0.0490008,0,99,99
7000,691,0.0390007,0,89,89
7000,692,0.0290006,0,79,79
7000,693,0.0190006,0,69,69
7000,694,0.00900048,0,59,59
7000,695,-0.000999599,0,49,49
7000,696,-0.0109997,0,39,39
7000,697,-0.0209998,0,29,29
7000,698,-0.0309998,0,19,19
7000,699,-0.0409999,0,9,9
