time,particle_id,x,y,mesh_index,mesh_index_original
8020,792,0.0490009,0,99,99
8020,793,0.0390008,0,89,89
8020,794,0.0290007,0,79,79
8020,795,0.0190006,0,69,69
8020,796,0.00900055,0,59,59
8020,797,-0.00099954,0,49,49
8020,798,-0.0109996,0,39,39
8020,799,-0.0209997,0,29,29
8020,800,-0.0309998,0,19,19
8020,801,-0.0409999,0,9,9
