time,particle_id,x,y,mesh_index,mesh_index_original
76150,7605,0.0420083,0,92,92
76150,7606,0.0320074,0,82,82
76150,7607,0.0220065,0,72,72
76150,7608,0.0120056,0,62,62
76150,7609,0.00200468,0,52,52
76150,7610,-0.00799622,0,42,42
76150,7611,-0.0179971,0,32,32
76150,7612,-0.027998,0,22,22
76150,7613,-0.0379989,0,12,12
76150,7614,-0.0479998,0,2,2
