time,particle_id,x,y,mesh_index,mesh_index_original
23270,2317,0.0470027,0,97,97
23270,2318,0.0370024,0,87,87
23270,2319,0.0270021,0,77,77
23270,2320,0.0170018,0,67,67
23270,2321,0.00700156,0,57,57
23270,2322,-0.00299871,0,47,47
23270,2323,-0.012999,0,37,37
23270,2324,-0.0229993,0,27,27
23270,2325,-0.0329995,0,17,17
23270,2326,-0.0429998,0,7,7
