time,particle_id,x,y,mesh_index,mesh_index_original
30490,3039,0.0460035,0,96,96
30490,3040,0.0360031,0,86,86
30490,3041,0.0260027,0,76,76
30490,3042,0.0160024,0,66,66
30490,3043,0.00600201,0,56,56
30490,3044,-0.00399835,0,46,46
30490,3045,-0.0139987,0,36,36
30490,3046,-0.0239991,0,26,26
30490,3047,-0.0339994,0,16,16
30490,3048,-0.0439998,0,6,6
