time,particle_id,x,y,mesh_index,mesh_index_original
48430,4833,0.0450054,0,95,95
48430,4834,0.0350049,0,85,85
48430,4835,0.0250043,0,75,75
48430,4836,0.0150037,0,65,65
48430,4837,0.00500315,0,55,55
48430,4838,-0.00499743,0,45,45
48430,4839,-0.014998,0,35,35
48430,4840,-0.0249986,0,25,25
48430,4841,-0.0349991,0,15,15
48430,4842,-0.0449997,0,5,5
