time,particle_id,x,y,mesh_index,mesh_index_original
35840,3574,0.0460041,0,96,96
35840,3575,0.0360036,0,86,86
35840,3576,0.0260032,0,76,76
35840,3577,0.0160028,0,66,66
35840,3578,0.00600237,0,56,56
35840,3579,-0.00399805,0,46,46
35840,3580,-0.0139985,0,36,36
35840,3581,-0.0239989,0,26,26
35840,3582,-0.0339993,0,16,16
35840,3583,-0.0439997,0,6,6
