time,particle_id,x,y,mesh_index,mesh_index_original
21870,2177,0.0470025,0,97,97
21870,2178,0.0370022,0,87,87
21870,2179,0.027002,0,77,77
21870,2180,0.0170017,0,67,67
21870,2181,0.00700147,0,57,57
21870,2182,-0.00299879,0,47,47
21870,2183,-0.012999,0,37,37
21870,2184,-0.0229993,0,27,27
21870,2185,-0.0329996,0,17,17
21870,2186,-0.0429998,0,7,7
