time,particle_id,x,y,mesh_index,mesh_index_original
96480,9638,0.0400103,0,90,90
96480,9639,0.0300091,0,80,80
96480,9640,0.020008,0,70,70
96480,9641,0.0100068,0,60,60
96480,9642,5.70166e-06,0,50,50
96480,9643,-0.00999544,0,40,40
96480,9644,-0.0199966,0,30,30
96480,9645,-0.0299977,0,20,20
96480,9646,-0.0399989,0,10,10
