time,particle_id,x,y,mesh_index,mesh_index_original
16350,1625,0.0480019,0,98,98
16350,1626,0.0380017,0,88,88
16350,1627,0.0280015,0,78,78
16350,1628,0.0180013,0,68,68
16350,1629,0.00800112,0,58,58
16350,1630,-0.00199908,0,48,48
16350,1631,-0.0119993,0,38,38
16350,1632,-0.0219995,0,28,28
16350,1633,-0.0319997,0,18,18
16350,1634,-0.0419998,0,8,8
