time,particle_id,x,y,mesh_index,mesh_index_original
85960,8586,0.0410092,0,91,91
85960,8587,0.0310082,0,81,81
85960,8588,0.0210072,0,71,71
85960,8589,0.0110062,0,61,61
85960,8590,0.00100518,0,51,51
85960,8591,-0.00899583,0,41,41
85960,8592,-0.0189969,0,31,31
85960,8593,-0.0289979,0,21,21
85960,8594,-0.0389989,0,11,11
85960,8595,-0.0489999,0,1,1
