time,particle_id,x,y,mesh_index,mesh_index_original
63020,6292,0.0430069,0,93,93
63020,6293,0.0330062,0,83,83
63020,6294,0.0230054,0,73,73
63020,6295,0.0130047,0,63,63
63020,6296,0.00300395,0,53,53
63020,6297,-0.0069968,0,43,43
63020,6298,-0.0169975,0,33,33
63020,6299,-0.0269983,0,23,23
63020,6300,-0.036999,0,13,13
63020,6301,-0.0469998,0,3,3
