time,particle_id,x,y,mesh_index,mesh_index_original
9950,985,0.0490012,0,99,99
9950,986,0.039001,0,89,89
9950,987,0.0290009,0,79,79
9950,988,0.0190008,0,69,69
9950,989,0.00900069,0,59,59
9950,990,-0.000999428,0,49,49
9950,991,-0.0109995,0,39,39
9950,992,-0.0209997,0,29,29
9950,993,-0.0309998,0,19,19
9950,994,-0.0409999,0,9,9
