time,particle_id,x,y,mesh_index,mesh_index_original
2610,251,0.0490003,0,99,99
2610,252,0.0390003,0,89,89
2610,253,0.0290002,0,79,79
2610,254,0.0190002,0,69,69
2610,255,0.00900018,0,59,59
2610,256,-0.000999853,0,49,49
2610,257,-0.0109999,0,39,39
2610,258,-0.0209999,0,29,29
2610,259,-0.0309999,0,19,19
2610,260,-0.041,0,9,9
