time,particle_id,x,y,mesh_index,mesh_index_original
72170,7207,0.0420078,0,92,92
72170,7208,0.032007,0,82,82
72170,7209,0.0220061,0,72,72
72170,7210,0.0120053,0,62,62
72170,7211,0.00200443,0,52,52
72170,7212,-0.00799642,0,42,42
72170,7213,-0.0179973,0,32,32
72170,7214,-0.0279981,0,22,22
72170,7215,-0.037999,0,12,12
72170,7216,-0.0479998,0,2,2
