time,particle_id,x,y,mesh_index,mesh_index_original
99220,9912,0.0400106,0,90,90
99220,9913,0.0300094,0,80,80
99220,9914,0.0200082,0,70,70
99220,9915,0.010007,0,60,60
99220,9916,5.86374e-06,0,50,50
99220,9917,-0.00999531,0,40,40
99220,9918,-0.0199965,0,30,30
99220,9919,-0.0299977,0,20,20
99220,9920,-0.0399988,0,10,10
