time,particle_id,x,y,mesh_index,mesh_index_original
39410,3931,0.0460045,0,96,96
39410,3932,0.036004,0,86,86
39410,3933,0.0260035,0,76,76
39410,3934,0.0160031,0,66,66
39410,3935,0.00600261,0,56,56
39410,3936,-0.00399786,0,46,46
39410,3937,-0.0139983,0,36,36
39410,3938,-0.0239988,0,26,26
39410,3939,-0.0339993,0,16,16
39410,3940,-0.0439997,0,6,6
