time,particle_id,x,y,mesh_index,mesh_index_original
21600,2150,0.0470025,0,97,97
21600,2151,0.0370022,0,87,87
21600,2152,0.027002,0,77,77
21600,2153,0.0170017,0,67,67
21600,2154,0.00700145,0,57,57
21600,2155,-0.0029988,0,47,47
21600,2156,-0.0129991,0,37,37
21600,2157,-0.0229993,0,27,27
21600,2158,-0.0329996,0,17,17
21600,2159,-0.0429998,0,7,7
