time,particle_id,x,y,mesh_index,mesh_index_original
49640,4954,0.0450056,0,95,95
49640,4955,0.035005,0,85,85
49640,4956,0.0250044,0,75,75
49640,4957,0.0150038,0,65,65
49640,4958,0.00500322,0,55,55
49640,4959,-0.00499736,0,45,45
49640,4960,-0.0149979,0,35,35
49640,4961,-0.0249985,0,25,25
49640,4962,-0.0349991,0,15,15
49640,4963,-0.0449997,0,5,5
