time,particle_id,x,y,mesh_index,mesh_index_original
84060,8396,0.041009,0,91,91
84060,8397,0.031008,0,81,81
84060,8398,0.0210071,0,71,71
84060,8399,0.0110061,0,61,61
84060,8400,0.00100507,0,51,51
84060,8401,-0.00899593,0,41,41
84060,8402,-0.0189969,0,31,31
84060,8403,-0.0289979,0,21,21
84060,8404,-0.0389989,0,11,11
84060,8405,-0.0489999,0,1,1
