time,particle_id,x,y,mesh_index,mesh_index_original
2740,264,0.0490003,0,99,99
2740,265,0.0390003,0,89,89
2740,266,0.0290002,0,79,79
2740,267,0.0190002,0,69,69
2740,268,0.00900019,0,59,59
2740,269,-0.000999846,0,49,49
2740,270,-0.0109999,0,39,39
2740,271,-0.0209999,0,29,29
2740,272,-0.0309999,0,19,19
2740,273,-0.041,0,9,9
