time,particle_id,x,y,mesh_index,mesh_index_original
4660,456,0.0490005,0,99,99
4660,457,0.0390005,0,89,89
4660,458,0.0290004,0,79,79
4660,459,0.0190004,0,69,69
4660,460,0.00900032,0,59,59
4660,461,-0.000999735,0,49,49
4660,462,-0.0109998,0,39,39
4660,463,-0.0209998,0,29,29
4660,464,-0.0309999,0,19,19
4660,465,-0.041,0,9,9
