time,particle_id,x,y,mesh_index,mesh_index_original
60480,6038,0.0430066,0,93,93
60480,6039,0.0330059,0,83,83
60480,6040,0.0230052,0,73,73
60480,6041,0.0130045,0,63,63
60480,6042,0.00300379,0,53,53
60480,6043,-0.00699693,0,43,43
60480,6044,-0.0169976,0,33,33
60480,6045,-0.0269984,0,23,23
60480,6046,-0.0369991,0,13,13
60480,6047,-0.0469998,0,3,3
