time,particle_id,x,y,mesh_index,mesh_index_original
24650,2455,0.0470028,0,97,97
24650,2456,0.0370025,0,87,87
24650,2457,0.0270022,0,77,77
24650,2458,0.0170019,0,67,67
24650,2459,0.00700166,0,57,57
24650,2460,-0.00299863,0,47,47
24650,2461,-0.0129989,0,37,37
24650,2462,-0.0229992,0,27,27
24650,2463,-0.0329995,0,17,17
24650,2464,-0.0429998,0,7,7
