time,particle_id,x,y,mesh_index,mesh_index_original
11380,1128,0.0480013,0,98,98
11380,1129,0.0380012,0,88,88
11380,1130,0.028001,0,78,78
11380,1131,0.0180009,0,68,68
11380,1132,0.00800078,0,58,58
11380,1133,-0.00199936,0,48,48
11380,1134,-0.0119995,0,38,38
11380,1135,-0.0219996,0,28,28
11380,1136,-0.0319998,0,18,18
11380,1137,-0.0419999,0,8,8
