time,particle_id,x,y,mesh_index,mesh_index_original
13820,1372,0.0480016,0,98,98
13820,1373,0.0380014,0,88,88
13820,1374,0.0280013,0,78,78
13820,1375,0.0180011,0,68,68
13820,1376,0.00800094,0,58,58
13820,1377,-0.00199922,0,48,48
13820,1378,-0.0119994,0,38,38
13820,1379,-0.0219995,0,28,28
13820,1380,-0.0319997,0,18,18
13820,1381,-0.0419999,0,8,8
