time,particle_id,x,y,mesh_index,mesh_index_original
55550,5545,0.0440062,0,94,94
55550,5546,0.0340055,0,84,84
55550,5547,0.0240049,0,74,74
55550,5548,0.0140042,0,64,64
55550,5549,0.00400354,0,54,54
55550,5550,-0.00599711,0,44,44
55550,5551,-0.0159978,0,34,34
55550,5552,-0.0259984,0,24,24
55550,5553,-0.0359991,0,14,14
55550,5554,-0.0459997,0,4,4
