time,particle_id,x,y,mesh_index,mesh_index_original
32490,3239,0.0460037,0,96,96
32490,3240,0.0360033,0,86,86
32490,3241,0.0260029,0,76,76
32490,3242,0.0160025,0,66,66
32490,3243,0.00600215,0,56,56
32490,3244,-0.00399824,0,46,46
32490,3245,-0.0139986,0,36,36
32490,3246,-0.023999,0,26,26
32490,3247,-0.0339994,0,16,16
32490,3248,-0.0439998,0,6,6
