time,particle_id,x,y,mesh_index,mesh_index_original
24910,2481,0.0470028,0,97,97
24910,2482,0.0370026,0,87,87
24910,2483,0.0270023,0,77,77
24910,2484,0.017002,0,67,67
24910,2485,0.00700167,0,57,57
24910,2486,-0.00299862,0,47,47
24910,2487,-0.0129989,0,37,37
24910,2488,-0.0229992,0,27,27
24910,2489,-0.0329995,0,17,17
24910,2490,-0.0429998,0,7,7
