time,particle_id,x,y,mesh_index,mesh_index_original
98830,9873,0.0400105,0,90,90
98830,9874,0.0300093,0,80,80
98830,9875,0.0200082,0,70,70
98830,9876,0.010007,0,60,60
98830,9877,5.84067e-06,0,50,50
98830,9878,-0.00999533,0,40,40
98830,9879,-0.0199965,0,30,30
98830,9880,-0.0299977,0,20,20
98830,9881,-0.0399988,0,10,10
