time,particle_id,x,y,mesh_index,mesh_index_original
48610,4851,0.0450055,0,95,95
48610,4852,0.0350049,0,85,85
48610,4853,0.0250043,0,75,75
48610,4854,0.0150037,0,65,65
48610,4855,0.00500316,0,55,55
48610,4856,-0.00499742,0,45,45
48610,4857,-0.014998,0,35,35
48610,4858,-0.0249986,0,25,25
48610,4859,-0.0349991,0,15,15
48610,4860,-0.0449997,0,5,5
