time,particle_id,x,y,mesh_index,mesh_index_original
56180,5608,0.0440062,0,94,94
56180,5609,0.0340056,0,84,84
56180,5610,0.0240049,0,74,74
56180,5611,0.0140042,0,64,64
56180,5612,0.00400358,0,54,54
56180,5613,-0.00599708,0,44,44
56180,5614,-0.0159977,0,34,34
56180,5615,-0.0259984,0,24,24
56180,5616,-0.0359991,0,14,14
56180,5617,-0.0459997,0,4,4
