time,particle_id,x,y,mesh_index,mesh_index_original
32270,3217,0.0460037,0,96,96
32270,3218,0.0360033,0,86,86
32270,3219,0.0260029,0,76,76
32270,3220,0.0160025,0,66,66
32270,3221,0.00600213,0,56,56
32270,3222,-0.00399825,0,46,46
32270,3223,-0.0139986,0,36,36
32270,3224,-0.023999,0,26,26
32270,3225,-0.0339994,0,16,16
32270,3226,-0.0439998,0,6,6
