time,particle_id,x,y,mesh_index,mesh_index_original
4280,418,0.0490005,0,99,99
4280,419,0.0390004,0,89,89
4280,420,0.0290004,0,79,79
4280,421,0.0190003,0,69,69
4280,422,0.00900029,0,59,59
4280,423,-0.000999757,0,49,49
4280,424,-0.0109998,0,39,39
4280,425,-0.0209999,0,29,29
4280,426,-0.0309999,0,19,19
4280,427,-0.041,0,9,9
