time,particle_id,x,y,mesh_index,mesh_index_original
44290,4419,0.045005,0,95,95
44290,4420,0.0350044,0,85,85
44290,4421,0.0250039,0,75,75
44290,4422,0.0150034,0,65,65
44290,4423,0.00500288,0,55,55
44290,4424,-0.00499765,0,45,45
44290,4425,-0.0149982,0,35,35
44290,4426,-0.0249987,0,25,25
44290,4427,-0.0349992,0,15,15
44290,4428,-0.0449997,0,5,5
