time,particle_id,x,y,mesh_index,mesh_index_original
87080,8698,0.0410094,0,91,91
87080,8699,0.0310083,0,81,81
87080,8700,0.0210073,0,71,71
87080,8701,0.0110063,0,61,61
87080,8702,0.00100525,0,51,51
87080,8703,-0.00899578,0,41,41
87080,8704,-0.0189968,0,31,31
87080,8705,-0.0289978,0,21,21
87080,8706,-0.0389989,0,11,11
87080,8707,-0.0489999,0,1,1
