time,particle_id,x,y,mesh_index,mesh_index_original
17580,1748,0.048002,0,98,98
17580,1749,0.0380018,0,88,88
17580,1750,0.0280016,0,78,78
17580,1751,0.0180014,0,68,68
17580,1752,0.0080012,0,58,58
17580,1753,-0.00199901,0,48,48
17580,1754,-0.0119992,0,38,38
17580,1755,-0.0219994,0,28,28
17580,1756,-0.0319996,0,18,18
17580,1757,-0.0419998,0,8,8
