time,particle_id,x,y,mesh_index,mesh_index_original
14720,1462,0.0480017,0,98,98
14720,1463,0.0380015,0,88,88
14720,1464,0.0280013,0,78,78
14720,1465,0.0180012,0,68,68
14720,1466,0.008001,0,58,58
14720,1467,-0.00199917,0,48,48
14720,1468,-0.0119993,0,38,38
14720,1469,-0.0219995,0,28,28
14720,1470,-0.0319997,0,18,18
14720,1471,-0.0419999,0,8,8
