time,particle_id,x,y,mesh_index,mesh_index_original
24890,2479,0.0470028,0,97,97
24890,2480,0.0370026,0,87,87
24890,2481,0.0270023,0,77,77
24890,2482,0.017002,0,67,67
24890,2483,0.00700167,0,57,57
24890,2484,-0.00299862,0,47,47
24890,2485,-0.0129989,0,37,37
24890,2486,-0.0229992,0,27,27
24890,2487,-0.0329995,0,17,17
24890,2488,-0.0429998,0,7,7
