time,particle_id,x,y,mesh_index,mesh_index_original
9670,957,0.0490011,0,99,99
9670,958,0.039001,0,89,89
9670,959,0.0290009,0,79,79
9670,960,0.0190008,0,69,69
9670,961,0.00900067,0,59,59
9670,962,-0.000999444,0,49,49
9670,963,-0.0109996,0,39,39
9670,964,-0.0209997,0,29,29
9670,965,-0.0309998,0,19,19
9670,966,-0.0409999,0,9,9
