time,particle_id,x,y,mesh_index,mesh_index_original
9740,964,0.0490011,0,99,99
9740,965,0.039001,0,89,89
9740,966,0.0290009,0,79,79
9740,967,0.0190008,0,69,69
9740,968,0.00900067,0,59,59
9740,969,-0.00099944,0,49,49
9740,970,-0.0109996,0,39,39
9740,971,-0.0209997,0,29,29
9740,972,-0.0309998,0,19,19
9740,973,-0.0409999,0,9,9
