time,particle_id,x,y,mesh_index,mesh_index_original
89030,8893,0.0410096,0,91,91
89030,8894,0.0310085,0,81,81
89030,8895,0.0210075,0,71,71
89030,8896,0.0110064,0,61,61
89030,8897,0.00100537,0,51,51
89030,8898,-0.00899569,0,41,41
89030,8899,-0.0189967,0,31,31
89030,8900,-0.0289978,0,21,21
89030,8901,-0.0389988,0,11,11
89030,8902,-0.0489999,0,1,1
