time,particle_id,x,y,mesh_index,mesh_index_original
73990,7389,0.042008,0,92,92
73990,7390,0.0320072,0,82,82
73990,7391,0.0220063,0,72,72
73990,7392,0.0120054,0,62,62
73990,7393,0.00200455,0,52,52
73990,7394,-0.00799633,0,42,42
73990,7395,-0.0179972,0,32,32
73990,7396,-0.0279981,0,22,22
73990,7397,-0.037999,0,12,12
73990,7398,-0.0479998,0,2,2
