time,particle_id,x,y,mesh_index,mesh_index_original
2840,274,0.0490003,0,99,99
2840,275,0.0390003,0,89,89
2840,276,0.0290003,0,79,79
2840,277,0.0190002,0,69,69
2840,278,0.00900019,0,59,59
2840,279,-0.00099984,0,49,49
2840,280,-0.0109999,0,39,39
2840,281,-0.0209999,0,29,29
2840,282,-0.0309999,0,19,19
2840,283,-0.041,0,9,9
