time,particle_id,x,y,mesh_index,mesh_index_original
41890,4179,0.0450047,0,95,95
41890,4180,0.0350042,0,85,85
41890,4181,0.0250037,0,75,75
41890,4182,0.0150032,0,65,65
41890,4183,0.00500272,0,55,55
41890,4184,-0.00499777,0,45,45
41890,4185,-0.0149983,0,35,35
41890,4186,-0.0249988,0,25,25
41890,4187,-0.0349993,0,15,15
41890,4188,-0.0449998,0,5,5
