time,particle_id,x,y,mesh_index,mesh_index_original
26680,2658,0.0470031,0,97,97
26680,2659,0.0370027,0,87,87
26680,2660,0.0270024,0,77,77
26680,2661,0.0170021,0,67,67
26680,2662,0.00700179,0,57,57
26680,2663,-0.00299852,0,47,47
26680,2664,-0.0129988,0,37,37
26680,2665,-0.0229992,0,27,27
26680,2666,-0.0329995,0,17,17
26680,2667,-0.0429998,0,7,7
