time,particle_id,x,y,mesh_index,mesh_index_original
99090,9899,0.0400105,0,90,90
99090,9900,0.0300094,0,80,80
99090,9901,0.0200082,0,70,70
99090,9902,0.010007,0,60,60
99090,9903,5.85605e-06,0,50,50
99090,9904,-0.00999532,0,40,40
99090,9905,-0.0199965,0,30,30
99090,9906,-0.0299977,0,20,20
99090,9907,-0.0399988,0,10,10
