time,particle_id,x,y,mesh_index,mesh_index_original
65230,6513,0.0430072,0,93,93
65230,6514,0.0330064,0,83,83
65230,6515,0.0230056,0,73,73
65230,6516,0.0130049,0,63,63
65230,6517,0.00300408,0,53,53
65230,6518,-0.00699669,0,43,43
65230,6519,-0.0169975,0,33,33
65230,6520,-0.0269982,0,23,23
65230,6521,-0.036999,0,13,13
65230,6522,-0.0469998,0,3,3
