time,particle_id,x,y,mesh_index,mesh_index_original
63710,6361,0.043007,0,93,93
63710,6362,0.0330062,0,83,83
63710,6363,0.0230055,0,73,73
63710,6364,0.0130047,0,63,63
63710,6365,0.00300399,0,53,53
63710,6366,-0.00699676,0,43,43
63710,6367,-0.0169975,0,33,33
63710,6368,-0.0269983,0,23,23
63710,6369,-0.036999,0,13,13
63710,6370,-0.0469998,0,3,3
