time,particle_id,x,y,mesh_index,mesh_index_original
14860,1476,0.0480017,0,98,98
14860,1477,0.0380015,0,88,88
14860,1478,0.0280014,0,78,78
14860,1479,0.0180012,0,68,68
14860,1480,0.00800101,0,58,58
14860,1481,-0.00199916,0,48,48
14860,1482,-0.0119993,0,38,38
14860,1483,-0.0219995,0,28,28
14860,1484,-0.0319997,0,18,18
14860,1485,-0.0419999,0,8,8
