time,particle_id,x,y,mesh_index,mesh_index_original
89340,8924,0.0410096,0,91,91
89340,8925,0.0310086,0,81,81
89340,8926,0.0210075,0,71,71
89340,8927,0.0110064,0,61,61
89340,8928,0.00100538,0,51,51
89340,8929,-0.00899567,0,41,41
89340,8930,-0.0189967,0,31,31
89340,8931,-0.0289978,0,21,21
89340,8932,-0.0389988,0,11,11
89340,8933,-0.0489999,0,1,1
