time,particle_id,x,y,mesh_index,mesh_index_original
71410,7131,0.0420078,0,92,92
71410,7132,0.0320069,0,82,82
71410,7133,0.0220061,0,72,72
71410,7134,0.0120052,0,62,62
71410,7135,0.00200439,0,52,52
71410,7136,-0.00799646,0,42,42
71410,7137,-0.0179973,0,32,32
71410,7138,-0.0279981,0,22,22
71410,7139,-0.037999,0,12,12
71410,7140,-0.0479998,0,2,2
