time,particle_id,x,y,mesh_index,mesh_index_original
37750,3765,0.0460043,0,96,96
37750,3766,0.0360038,0,86,86
37750,3767,0.0260034,0,76,76
37750,3768,0.0160029,0,66,66
37750,3769,0.0060025,0,56,56
37750,3770,-0.00399795,0,46,46
37750,3771,-0.0139984,0,36,36
37750,3772,-0.0239988,0,26,26
37750,3773,-0.0339993,0,16,16
37750,3774,-0.0439997,0,6,6
