time,particle_id,x,y,mesh_index,mesh_index_original
60200,6010,0.0430066,0,93,93
60200,6011,0.0330059,0,83,83
60200,6012,0.0230052,0,73,73
60200,6013,0.0130045,0,63,63
60200,6014,0.00300377,0,53,53
60200,6015,-0.00699694,0,43,43
60200,6016,-0.0169977,0,33,33
60200,6017,-0.0269984,0,23,23
60200,6018,-0.0369991,0,13,13
60200,6019,-0.0469998,0,3,3
