time,particle_id,x,y,mesh_index,mesh_index_original
470,37,0.049,0,99,99
470,38,0.039,0,89,89
470,39,0.029,0,79,79
470,40,0.019,0,69,69
470,41,0.00900003,0,59,59
470,42,-0.000999977,0,49,49
470,43,-0.011,0,39,39
470,44,-0.021,0,29,29
470,45,-0.031,0,19,19
470,46,-0.041,0,9,9
