time,particle_id,x,y,mesh_index,mesh_index_original
58760,5866,0.0440065,0,94,94
58760,5867,0.0340058,0,84,84
58760,5868,0.0240051,0,74,74
58760,5869,0.0140044,0,64,64
58760,5870,0.00400375,0,54,54
58760,5871,-0.00599695,0,44,44
58760,5872,-0.0159976,0,34,34
58760,5873,-0.0259983,0,24,24
58760,5874,-0.035999,0,14,14
58760,5875,-0.0459997,0,4,4
