time,particle_id,x,y,mesh_index,mesh_index_original
13560,1346,0.0480016,0,98,98
13560,1347,0.0380014,0,88,88
13560,1348,0.0280012,0,78,78
13560,1349,0.0180011,0,68,68
13560,1350,0.00800092,0,58,58
13560,1351,-0.00199923,0,48,48
13560,1352,-0.0119994,0,38,38
13560,1353,-0.0219996,0,28,28
13560,1354,-0.0319997,0,18,18
13560,1355,-0.0419999,0,8,8
