time,particle_id,x,y,mesh_index,mesh_index_original
90110,9001,0.0400096,0,90,90
90110,9002,0.0300085,0,80,80
90110,9003,0.0200075,0,70,70
90110,9004,0.0100064,0,60,60
90110,9005,5.32485e-06,0,50,50
90110,9006,-0.00999574,0,40,40
90110,9007,-0.0199968,0,30,30
90110,9008,-0.0299979,0,20,20
90110,9009,-0.0399989,0,10,10
