time,particle_id,x,y,mesh_index,mesh_index_original
14770,1467,0.0480017,0,98,98
14770,1468,0.0380015,0,88,88
14770,1469,0.0280014,0,78,78
14770,1470,0.0180012,0,68,68
14770,1471,0.00800101,0,58,58
14770,1472,-0.00199917,0,48,48
14770,1473,-0.0119993,0,38,38
14770,1474,-0.0219995,0,28,28
14770,1475,-0.0319997,0,18,18
14770,1476,-0.0419999,0,8,8
