time,particle_id,x,y,mesh_index,mesh_index_original
82600,8250,0.0410089,0,91,91
82600,8251,0.0310079,0,81,81
82600,8252,0.0210069,0,71,71
82600,8253,0.011006,0,61,61
82600,8254,0.00100498,0,51,51
82600,8255,-0.008996,0,41,41
82600,8256,-0.018997,0,31,31
82600,8257,-0.0289979,0,21,21
82600,8258,-0.0389989,0,11,11
82600,8259,-0.0489999,0,1,1
