time,particle_id,x,y,mesh_index,mesh_index_original
73510,7341,0.042008,0,92,92
73510,7342,0.0320071,0,82,82
73510,7343,0.0220063,0,72,72
73510,7344,0.0120054,0,62,62
73510,7345,0.00200452,0,52,52
73510,7346,-0.00799635,0,42,42
73510,7347,-0.0179972,0,32,32
73510,7348,-0.0279981,0,22,22
73510,7349,-0.037999,0,12,12
73510,7350,-0.0479998,0,2,2
