time,particle_id,x,y,mesh_index,mesh_index_original
37100,3700,0.0460042,0,96,96
37100,3701,0.0360038,0,86,86
37100,3702,0.0260033,0,76,76
37100,3703,0.0160029,0,66,66
37100,3704,0.00600245,0,56,56
37100,3705,-0.00399799,0,46,46
37100,3706,-0.0139984,0,36,36
37100,3707,-0.0239989,0,26,26
37100,3708,-0.0339993,0,16,16
37100,3709,-0.0439997,0,6,6
