time,particle_id,x,y,mesh_index,mesh_index_original
97850,9775,0.0400104,0,90,90
97850,9776,0.0300093,0,80,80
97850,9777,0.0200081,0,70,70
97850,9778,0.0100069,0,60,60
97850,9779,5.7827e-06,0,50,50
97850,9780,-0.00999537,0,40,40
97850,9781,-0.0199965,0,30,30
97850,9782,-0.0299977,0,20,20
97850,9783,-0.0399988,0,10,10
