time,particle_id,x,y,mesh_index,mesh_index_original
94020,9392,0.04001,0,90,90
94020,9393,0.0300089,0,80,80
94020,9394,0.0200078,0,70,70
94020,9395,0.0100067,0,60,60
94020,9396,5.55613e-06,0,50,50
94020,9397,-0.00999555,0,40,40
94020,9398,-0.0199967,0,30,30
94020,9399,-0.0299978,0,20,20
94020,9400,-0.0399989,0,10,10
