time,particle_id,x,y,mesh_index,mesh_index_original
57900,5780,0.0440064,0,94,94
57900,5781,0.0340057,0,84,84
57900,5782,0.0240051,0,74,74
57900,5783,0.0140044,0,64,64
57900,5784,0.00400369,0,54,54
57900,5785,-0.00599699,0,44,44
57900,5786,-0.0159977,0,34,34
57900,5787,-0.0259984,0,24,24
57900,5788,-0.035999,0,14,14
57900,5789,-0.0459997,0,4,4
