time,particle_id,x,y,mesh_index,mesh_index_original
60550,6045,0.0430067,0,93,93
60550,6046,0.0330059,0,83,83
60550,6047,0.0230052,0,73,73
60550,6048,0.0130045,0,63,63
60550,6049,0.00300379,0,53,53
60550,6050,-0.00699692,0,43,43
60550,6051,-0.0169976,0,33,33
60550,6052,-0.0269984,0,23,23
60550,6053,-0.0369991,0,13,13
60550,6054,-0.0469998,0,3,3
