time,particle_id,x,y,mesh_index,mesh_index_original
57490,5739,0.0440064,0,94,94
57490,5740,0.0340057,0,84,84
57490,5741,0.024005,0,74,74
57490,5742,0.0140043,0,64,64
57490,5743,0.00400367,0,54,54
57490,5744,-0.00599701,0,44,44
57490,5745,-0.0159977,0,34,34
57490,5746,-0.0259984,0,24,24
57490,5747,-0.035999,0,14,14
57490,5748,-0.0459997,0,4,4
