time,particle_id,x,y,mesh_index,mesh_index_original
59730,5963,0.0440066,0,94,94
59730,5964,0.0340059,0,84,84
59730,5965,0.0240052,0,74,74
59730,5966,0.0140045,0,64,64
59730,5967,0.00400381,0,54,54
59730,5968,-0.0059969,0,44,44
59730,5969,-0.0159976,0,34,34
59730,5970,-0.0259983,0,24,24
59730,5971,-0.035999,0,14,14
59730,5972,-0.0459997,0,4,4
