time,particle_id,x,y,mesh_index,mesh_index_original
63750,6365,0.043007,0,93,93
63750,6366,0.0330063,0,83,83
63750,6367,0.0230055,0,73,73
63750,6368,0.0130047,0,63,63
63750,6369,0.00300399,0,53,53
63750,6370,-0.00699676,0,43,43
63750,6371,-0.0169975,0,33,33
63750,6372,-0.0269983,0,23,23
63750,6373,-0.036999,0,13,13
63750,6374,-0.0469998,0,3,3
