time,particle_id,x,y,mesh_index,mesh_index_original
49870,4977,0.0450056,0,95,95
49870,4978,0.035005,0,85,85
49870,4979,0.0250044,0,75,75
49870,4980,0.0150038,0,65,65
49870,4981,0.00500324,0,55,55
49870,4982,-0.00499735,0,45,45
49870,4983,-0.0149979,0,35,35
49870,4984,-0.0249985,0,25,25
49870,4985,-0.0349991,0,15,15
49870,4986,-0.0449997,0,5,5
