time,particle_id,x,y,mesh_index,mesh_index_original
50540,5044,0.0440056,0,94,94
50540,5045,0.034005,0,84,84
50540,5046,0.0240044,0,74,74
50540,5047,0.0140038,0,64,64
50540,5048,0.00400322,0,54,54
50540,5049,-0.00599737,0,44,44
50540,5050,-0.015998,0,34,34
50540,5051,-0.0259986,0,24,24
50540,5052,-0.0359992,0,14,14
50540,5053,-0.0459998,0,4,4
