time,particle_id,x,y,mesh_index,mesh_index_original
41450,4135,0.0450046,0,95,95
41450,4136,0.0350042,0,85,85
41450,4137,0.0250037,0,75,75
41450,4138,0.0150032,0,65,65
41450,4139,0.00500269,0,55,55
41450,4140,-0.0049978,0,45,45
41450,4141,-0.0149983,0,35,35
41450,4142,-0.0249988,0,25,25
41450,4143,-0.0349993,0,15,15
41450,4144,-0.0449998,0,5,5
