time,particle_id,x,y,mesh_index,mesh_index_original
11560,1146,0.0480013,0,98,98
11560,1147,0.0380012,0,88,88
11560,1148,0.0280011,0,78,78
11560,1149,0.0180009,0,68,68
11560,1150,0.00800079,0,58,58
11560,1151,-0.00199935,0,48,48
11560,1152,-0.0119995,0,38,38
11560,1153,-0.0219996,0,28,28
11560,1154,-0.0319998,0,18,18
11560,1155,-0.0419999,0,8,8
