time,particle_id,x,y,mesh_index,mesh_index_original
81810,8171,0.0410088,0,91,91
81810,8172,0.0310078,0,81,81
81810,8173,0.0210069,0,71,71
81810,8174,0.0110059,0,61,61
81810,8175,0.00100493,0,51,51
81810,8176,-0.00899604,0,41,41
81810,8177,-0.018997,0,31,31
81810,8178,-0.028998,0,21,21
81810,8179,-0.0389989,0,11,11
81810,8180,-0.0489999,0,1,1
