time,particle_id,x,y,mesh_index,mesh_index_original
80610,8051,0.0410087,0,91,91
80610,8052,0.0310077,0,81,81
80610,8053,0.0210068,0,71,71
80610,8054,0.0110058,0,61,61
80610,8055,0.00100486,0,51,51
80610,8056,-0.00899609,0,41,41
80610,8057,-0.018997,0,31,31
80610,8058,-0.028998,0,21,21
80610,8059,-0.038999,0,11,11
80610,8060,-0.0489999,0,1,1
