time,particle_id,x,y,mesh_index,mesh_index_original
92870,9277,0.0400099,0,90,90
92870,9278,0.0300088,0,80,80
92870,9279,0.0200077,0,70,70
92870,9280,0.0100066,0,60,60
92870,9281,5.4881e-06,0,50,50
92870,9282,-0.00999561,0,40,40
92870,9283,-0.0199967,0,30,30
92870,9284,-0.0299978,0,20,20
92870,9285,-0.0399989,0,10,10
