time,particle_id,x,y,mesh_index,mesh_index_original
24390,2429,0.0470028,0,97,97
24390,2430,0.0370025,0,87,87
24390,2431,0.0270022,0,77,77
24390,2432,0.0170019,0,67,67
24390,2433,0.00700164,0,57,57
24390,2434,-0.00299865,0,47,47
24390,2435,-0.0129989,0,37,37
24390,2436,-0.0229992,0,27,27
24390,2437,-0.0329995,0,17,17
24390,2438,-0.0429998,0,7,7
