time,particle_id,x,y,mesh_index,mesh_index_original
19290,1919,0.0480022,0,98,98
19290,1920,0.038002,0,88,88
19290,1921,0.0280018,0,78,78
19290,1922,0.0180015,0,68,68
19290,1923,0.00800132,0,58,58
19290,1924,-0.00199891,0,48,48
19290,1925,-0.0119991,0,38,38
19290,1926,-0.0219994,0,28,28
19290,1927,-0.0319996,0,18,18
19290,1928,-0.0419998,0,8,8
