time,particle_id,x,y,mesh_index,mesh_index_original
10730,1063,0.0480012,0,98,98
10730,1064,0.0380011,0,88,88
10730,1065,0.028001,0,78,78
10730,1066,0.0180009,0,68,68
10730,1067,0.00800073,0,58,58
10730,1068,-0.0019994,0,48,48
10730,1069,-0.0119995,0,38,38
10730,1070,-0.0219996,0,28,28
10730,1071,-0.0319998,0,18,18
10730,1072,-0.0419999,0,8,8
