time,particle_id,x,y,mesh_index,mesh_index_original
82720,8262,0.0410089,0,91,91
82720,8263,0.0310079,0,81,81
82720,8264,0.0210069,0,71,71
82720,8265,0.011006,0,61,61
82720,8266,0.00100499,0,51,51
82720,8267,-0.00899599,0,41,41
82720,8268,-0.018997,0,31,31
82720,8269,-0.0289979,0,21,21
82720,8270,-0.0389989,0,11,11
82720,8271,-0.0489999,0,1,1
