time,particle_id,x,y,mesh_index,mesh_index_original
7820,772,0.0490009,0,99,99
7820,773,0.0390008,0,89,89
7820,774,0.0290007,0,79,79
7820,775,0.0190006,0,69,69
7820,776,0.00900054,0,59,59
7820,777,-0.000999551,0,49,49
7820,778,-0.0109996,0,39,39
7820,779,-0.0209997,0,29,29
7820,780,-0.0309998,0,19,19
7820,781,-0.0409999,0,9,9
