time,particle_id,x,y,mesh_index,mesh_index_original
83920,8382,0.041009,0,91,91
83920,8383,0.031008,0,81,81
83920,8384,0.021007,0,71,71
83920,8385,0.011006,0,61,61
83920,8386,0.00100506,0,51,51
83920,8387,-0.00899593,0,41,41
83920,8388,-0.0189969,0,31,31
83920,8389,-0.0289979,0,21,21
83920,8390,-0.0389989,0,11,11
83920,8391,-0.0489999,0,1,1
