time,particle_id,x,y,mesh_index,mesh_index_original
6020,592,0.0490007,0,99,99
6020,593,0.0390006,0,89,89
6020,594,0.0290006,0,79,79
6020,595,0.0190005,0,69,69
6020,596,0.00900041,0,59,59
6020,597,-0.000999656,0,49,49
6020,598,-0.0109997,0,39,39
6020,599,-0.0209998,0,29,29
6020,600,-0.0309999,0,19,19
6020,601,-0.0409999,0,9,9
