time,particle_id,x,y,mesh_index,mesh_index_original
65630,6553,0.0430072,0,93,93
65630,6554,0.0330064,0,83,83
65630,6555,0.0230057,0,73,73
65630,6556,0.0130049,0,63,63
65630,6557,0.00300411,0,53,53
65630,6558,-0.00699667,0,43,43
65630,6559,-0.0169974,0,33,33
65630,6560,-0.0269982,0,23,23
65630,6561,-0.036999,0,13,13
65630,6562,-0.0469998,0,3,3
