time,particle_id,x,y,mesh_index,mesh_index_original
41090,4099,0.0450046,0,95,95
41090,4100,0.0350041,0,85,85
41090,4101,0.0250036,0,75,75
41090,4102,0.0150032,0,65,65
41090,4103,0.00500267,0,55,55
41090,4104,-0.00499782,0,45,45
41090,4105,-0.0149983,0,35,35
41090,4106,-0.0249988,0,25,25
41090,4107,-0.0349993,0,15,15
41090,4108,-0.0449998,0,5,5
