time,particle_id,x,y,mesh_index,mesh_index_original
13030,1293,0.0480015,0,98,98
13030,1294,0.0380013,0,88,88
13030,1295,0.0280012,0,78,78
13030,1296,0.018001,0,68,68
13030,1297,0.00800089,0,58,58
13030,1298,-0.00199926,0,48,48
13030,1299,-0.0119994,0,38,38
13030,1300,-0.0219996,0,28,28
13030,1301,-0.0319997,0,18,18
13030,1302,-0.0419999,0,8,8
