time,particle_id,x,y,mesh_index,mesh_index_original
46830,4673,0.0450053,0,95,95
46830,4674,0.0350047,0,85,85
46830,4675,0.0250041,0,75,75
46830,4676,0.0150036,0,65,65
46830,4677,0.00500304,0,55,55
46830,4678,-0.00499751,0,45,45
46830,4679,-0.0149981,0,35,35
46830,4680,-0.0249986,0,25,25
46830,4681,-0.0349992,0,15,15
46830,4682,-0.0449997,0,5,5
