time,particle_id,x,y,mesh_index,mesh_index_original
21910,2181,0.0470025,0,97,97
21910,2182,0.0370022,0,87,87
21910,2183,0.027002,0,77,77
21910,2184,0.0170017,0,67,67
21910,2185,0.00700147,0,57,57
21910,2186,-0.00299879,0,47,47
21910,2187,-0.012999,0,37,37
21910,2188,-0.0229993,0,27,27
21910,2189,-0.0329996,0,17,17
21910,2190,-0.0429998,0,7,7
