time,particle_id,x,y,mesh_index,mesh_index_original
43550,4345,0.0450049,0,95,95
43550,4346,0.0350044,0,85,85
43550,4347,0.0250039,0,75,75
43550,4348,0.0150033,0,65,65
43550,4349,0.00500283,0,55,55
43550,4350,-0.00499769,0,45,45
43550,4351,-0.0149982,0,35,35
43550,4352,-0.0249987,0,25,25
43550,4353,-0.0349992,0,15,15
43550,4354,-0.0449997,0,5,5
