time,particle_id,x,y,mesh_index,mesh_index_original
9900,980,0.0490011,0,99,99
9900,981,0.039001,0,89,89
9900,982,0.0290009,0,79,79
9900,983,0.0190008,0,69,69
9900,984,0.00900069,0,59,59
9900,985,-0.000999431,0,49,49
9900,986,-0.0109995,0,39,39
9900,987,-0.0209997,0,29,29
9900,988,-0.0309998,0,19,19
9900,989,-0.0409999,0,9,9
