time,particle_id,x,y,mesh_index,mesh_index_original
95800,9570,0.0400102,0,90,90
95800,9571,0.0300091,0,80,80
95800,9572,0.0200079,0,70,70
95800,9573,0.0100068,0,60,60
95800,9574,5.66143e-06,0,50,50
95800,9575,-0.00999547,0,40,40
95800,9576,-0.0199966,0,30,30
95800,9577,-0.0299977,0,20,20
95800,9578,-0.0399989,0,10,10
