time,particle_id,x,y,mesh_index,mesh_index_original
27450,2735,0.0470031,0,97,97
27450,2736,0.0370028,0,87,87
27450,2737,0.0270025,0,77,77
27450,2738,0.0170022,0,67,67
27450,2739,0.00700185,0,57,57
27450,2740,-0.00299848,0,47,47
27450,2741,-0.0129988,0,37,37
27450,2742,-0.0229991,0,27,27
27450,2743,-0.0329994,0,17,17
27450,2744,-0.0429998,0,7,7
