time,particle_id,x,y,mesh_index,mesh_index_original
68870,6877,0.0430076,0,93,93
68870,6878,0.0330068,0,83,83
68870,6879,0.0230059,0,73,73
68870,6880,0.0130051,0,63,63
68870,6881,0.00300431,0,53,53
68870,6882,-0.0069965,0,43,43
68870,6883,-0.0169973,0,33,33
68870,6884,-0.0269981,0,23,23
68870,6885,-0.0369989,0,13,13
68870,6886,-0.0469998,0,3,3
