time,particle_id,x,y,mesh_index,mesh_index_original
14550,1445,0.0480017,0,98,98
14550,1446,0.0380015,0,88,88
14550,1447,0.0280013,0,78,78
14550,1448,0.0180012,0,68,68
14550,1449,0.00800099,0,58,58
14550,1450,-0.00199918,0,48,48
14550,1451,-0.0119993,0,38,38
14550,1452,-0.0219995,0,28,28
14550,1453,-0.0319997,0,18,18
14550,1454,-0.0419999,0,8,8
