time,particle_id,x,y,mesh_index,mesh_index_original
70770,7067,0.0420077,0,92,92
70770,7068,0.0320069,0,82,82
70770,7069,0.022006,0,72,72
70770,7070,0.0120052,0,62,62
70770,7071,0.00200435,0,52,52
70770,7072,-0.00799649,0,42,42
70770,7073,-0.0179973,0,32,32
70770,7074,-0.0279982,0,22,22
70770,7075,-0.037999,0,12,12
70770,7076,-0.0479998,0,2,2
