time,particle_id,x,y,mesh_index,mesh_index_original
83490,8339,0.041009,0,91,91
83490,8340,0.031008,0,81,81
83490,8341,0.021007,0,71,71
83490,8342,0.011006,0,61,61
83490,8343,0.00100503,0,51,51
83490,8344,-0.00899595,0,41,41
83490,8345,-0.0189969,0,31,31
83490,8346,-0.0289979,0,21,21
83490,8347,-0.0389989,0,11,11
83490,8348,-0.0489999,0,1,1
