time,particle_id,x,y,mesh_index,mesh_index_original
93960,9386,0.04001,0,90,90
93960,9387,0.0300089,0,80,80
93960,9388,0.0200078,0,70,70
93960,9389,0.0100067,0,60,60
93960,9390,5.55258e-06,0,50,50
93960,9391,-0.00999556,0,40,40
93960,9392,-0.0199967,0,30,30
93960,9393,-0.0299978,0,20,20
93960,9394,-0.0399989,0,10,10
