time,particle_id,x,y,mesh_index,mesh_index_original
47780,4768,0.0450054,0,95,95
47780,4769,0.0350048,0,85,85
47780,4770,0.0250042,0,75,75
47780,4771,0.0150037,0,65,65
47780,4772,0.0050031,0,55,55
47780,4773,-0.00499746,0,45,45
47780,4774,-0.014998,0,35,35
47780,4775,-0.0249986,0,25,25
47780,4776,-0.0349992,0,15,15
47780,4777,-0.0449997,0,5,5
