time,particle_id,x,y,mesh_index,mesh_index_original
8050,795,0.0490009,0,99,99
8050,796,0.0390008,0,89,89
8050,797,0.0290007,0,79,79
8050,798,0.0190007,0,69,69
8050,799,0.00900056,0,59,59
8050,800,-0.000999538,0,49,49
8050,801,-0.0109996,0,39,39
8050,802,-0.0209997,0,29,29
8050,803,-0.0309998,0,19,19
8050,804,-0.0409999,0,9,9
