time,particle_id,x,y,mesh_index,mesh_index_original
50720,5062,0.0440056,0,94,94
50720,5063,0.034005,0,84,84
50720,5064,0.0240044,0,74,74
50720,5065,0.0140038,0,64,64
50720,5066,0.00400323,0,54,54
50720,5067,-0.00599736,0,44,44
50720,5068,-0.015998,0,34,34
50720,5069,-0.0259986,0,24,24
50720,5070,-0.0359992,0,14,14
50720,5071,-0.0459998,0,4,4
