time,particle_id,x,y,mesh_index,mesh_index_original
7580,748,0.0490009,0,99,99
7580,749,0.0390008,0,89,89
7580,750,0.0290007,0,79,79
7580,751,0.0190006,0,69,69
7580,752,0.00900052,0,59,59
7580,753,-0.000999565,0,49,49
7580,754,-0.0109997,0,39,39
7580,755,-0.0209997,0,29,29
7580,756,-0.0309998,0,19,19
7580,757,-0.0409999,0,9,9
