time,particle_id,x,y,mesh_index,mesh_index_original
20420,2032,0.0470023,0,97,97
20420,2033,0.0370021,0,87,87
20420,2034,0.0270019,0,77,77
20420,2035,0.0170016,0,67,67
20420,2036,0.00700137,0,57,57
20420,2037,-0.00299887,0,47,47
20420,2038,-0.0129991,0,37,37
20420,2039,-0.0229994,0,27,27
20420,2040,-0.0329996,0,17,17
20420,2041,-0.0429998,0,7,7
