time,particle_id,x,y,mesh_index,mesh_index_original
93720,9362,0.04001,0,90,90
93720,9363,0.0300089,0,80,80
93720,9364,0.0200078,0,70,70
93720,9365,0.0100066,0,60,60
93720,9366,5.53839e-06,0,50,50
93720,9367,-0.00999557,0,40,40
93720,9368,-0.0199967,0,30,30
93720,9369,-0.0299978,0,20,20
93720,9370,-0.0399989,0,10,10
