time,particle_id,x,y,mesh_index,mesh_index_original
24230,2413,0.0470028,0,97,97
24230,2414,0.0370025,0,87,87
24230,2415,0.0270022,0,77,77
24230,2416,0.0170019,0,67,67
24230,2417,0.00700163,0,57,57
24230,2418,-0.00299866,0,47,47
24230,2419,-0.0129989,0,37,37
24230,2420,-0.0229992,0,27,27
24230,2421,-0.0329995,0,17,17
24230,2422,-0.0429998,0,7,7
