time,particle_id,x,y,mesh_index,mesh_index_original
67170,6707,0.0430074,0,93,93
67170,6708,0.0330066,0,83,83
67170,6709,0.0230058,0,73,73
67170,6710,0.013005,0,63,63
67170,6711,0.00300421,0,53,53
67170,6712,-0.00699659,0,43,43
67170,6713,-0.0169974,0,33,33
67170,6714,-0.0269982,0,23,23
67170,6715,-0.036999,0,13,13
67170,6716,-0.0469998,0,3,3
