time,particle_id,x,y,mesh_index,mesh_index_original
8990,889,0.049001,0,99,99
8990,890,0.0390009,0,89,89
8990,891,0.0290008,0,79,79
8990,892,0.0190007,0,69,69
8990,893,0.00900062,0,59,59
8990,894,-0.000999484,0,49,49
8990,895,-0.0109996,0,39,39
8990,896,-0.0209997,0,29,29
8990,897,-0.0309998,0,19,19
8990,898,-0.0409999,0,9,9
