time,particle_id,x,y,mesh_index,mesh_index_original
8350,825,0.049001,0,99,99
8350,826,0.0390009,0,89,89
8350,827,0.0290008,0,79,79
8350,828,0.0190007,0,69,69
8350,829,0.00900058,0,59,59
8350,830,-0.000999521,0,49,49
8350,831,-0.0109996,0,39,39
8350,832,-0.0209997,0,29,29
8350,833,-0.0309998,0,19,19
8350,834,-0.0409999,0,9,9
