time,particle_id,x,y,mesh_index,mesh_index_original
97090,9699,0.0400103,0,90,90
97090,9700,0.0300092,0,80,80
97090,9701,0.020008,0,70,70
97090,9702,0.0100069,0,60,60
97090,9703,5.73774e-06,0,50,50
97090,9704,-0.00999541,0,40,40
97090,9705,-0.0199966,0,30,30
97090,9706,-0.0299977,0,20,20
97090,9707,-0.0399989,0,10,10
