time,particle_id,x,y,mesh_index,mesh_index_original
71220,7112,0.0420077,0,92,92
71220,7113,0.0320069,0,82,82
71220,7114,0.0220061,0,72,72
71220,7115,0.0120052,0,62,62
71220,7116,0.00200438,0,52,52
71220,7117,-0.00799647,0,42,42
71220,7118,-0.0179973,0,32,32
71220,7119,-0.0279981,0,22,22
71220,7120,-0.037999,0,12,12
71220,7121,-0.0479998,0,2,2
