time,particle_id,x,y,mesh_index,mesh_index_original
65450,6535,0.0430072,0,93,93
65450,6536,0.0330064,0,83,83
65450,6537,0.0230056,0,73,73
65450,6538,0.0130049,0,63,63
65450,6539,0.0030041,0,53,53
65450,6540,-0.00699667,0,43,43
65450,6541,-0.0169974,0,33,33
65450,6542,-0.0269982,0,23,23
65450,6543,-0.036999,0,13,13
65450,6544,-0.0469998,0,3,3
