time,particle_id,x,y,mesh_index,mesh_index_original
60440,6034,0.0430066,0,93,93
60440,6035,0.0330059,0,83,83
60440,6036,0.0230052,0,73,73
60440,6037,0.0130045,0,63,63
60440,6038,0.00300378,0,53,53
60440,6039,-0.00699693,0,43,43
60440,6040,-0.0169976,0,33,33
60440,6041,-0.0269984,0,23,23
60440,6042,-0.0369991,0,13,13
60440,6043,-0.0469998,0,3,3
