time,particle_id,x,y,mesh_index,mesh_index_original
340,24,0.049,0,99,99
340,25,0.039,0,89,89
340,26,0.029,0,79,79
340,27,0.019,0,69,69
340,28,0.00900002,0,59,59
340,29,-0.000999985,0,49,49
340,30,-0.011,0,39,39
340,31,-0.021,0,29,29
340,32,-0.031,0,19,19
340,33,-0.041,0,9,9
