time,particle_id,x,y,mesh_index,mesh_index_original
65380,6528,0.0430072,0,93,93
65380,6529,0.0330064,0,83,83
65380,6530,0.0230056,0,73,73
65380,6531,0.0130049,0,63,63
65380,6532,0.00300409,0,53,53
65380,6533,-0.00699668,0,43,43
65380,6534,-0.0169975,0,33,33
65380,6535,-0.0269982,0,23,23
65380,6536,-0.036999,0,13,13
65380,6537,-0.0469998,0,3,3
