time,particle_id,x,y,mesh_index,mesh_index_original
90050,8995,0.0410097,0,91,91
90050,8996,0.0310086,0,81,81
90050,8997,0.0210076,0,71,71
90050,8998,0.0110065,0,61,61
90050,8999,0.00100543,0,51,51
90050,9000,-0.00999574,0,40,40
90050,9001,-0.0199968,0,30,30
90050,9002,-0.0299979,0,20,20
90050,9003,-0.0399989,0,10,10
