time,particle_id,x,y,mesh_index,mesh_index_original
23940,2384,0.0470027,0,97,97
23940,2385,0.0370025,0,87,87
23940,2386,0.0270022,0,77,77
23940,2387,0.0170019,0,67,67
23940,2388,0.00700161,0,57,57
23940,2389,-0.00299867,0,47,47
23940,2390,-0.012999,0,37,37
23940,2391,-0.0229992,0,27,27
23940,2392,-0.0329995,0,17,17
23940,2393,-0.0429998,0,7,7
