time,particle_id,x,y,mesh_index,mesh_index_original
69920,6982,0.0430077,0,93,93
69920,6983,0.0330069,0,83,83
69920,6984,0.023006,0,73,73
69920,6985,0.0130052,0,63,63
69920,6986,0.00300438,0,53,53
69920,6987,-0.00699645,0,43,43
69920,6988,-0.0169973,0,33,33
69920,6989,-0.0269981,0,23,23
69920,6990,-0.0369989,0,13,13
69920,6991,-0.0469998,0,3,3
