time,particle_id,x,y,mesh_index,mesh_index_original
77650,7755,0.0420084,0,92,92
77650,7756,0.0320075,0,82,82
77650,7757,0.0220066,0,72,72
77650,7758,0.0120057,0,62,62
77650,7759,0.00200477,0,52,52
77650,7760,-0.00799615,0,42,42
77650,7761,-0.0179971,0,32,32
77650,7762,-0.027998,0,22,22
77650,7763,-0.0379989,0,12,12
77650,7764,-0.0479998,0,2,2
