time,particle_id,x,y,mesh_index,mesh_index_original
66490,6639,0.0430073,0,93,93
66490,6640,0.0330065,0,83,83
66490,6641,0.0230057,0,73,73
66490,6642,0.0130049,0,63,63
66490,6643,0.00300416,0,53,53
66490,6644,-0.00699662,0,43,43
66490,6645,-0.0169974,0,33,33
66490,6646,-0.0269982,0,23,23
66490,6647,-0.036999,0,13,13
66490,6648,-0.0469998,0,3,3
