time,particle_id,x,y,mesh_index,mesh_index_original
8370,827,0.049001,0,99,99
8370,828,0.0390009,0,89,89
8370,829,0.0290008,0,79,79
8370,830,0.0190007,0,69,69
8370,831,0.00900058,0,59,59
8370,832,-0.00099952,0,49,49
8370,833,-0.0109996,0,39,39
8370,834,-0.0209997,0,29,29
8370,835,-0.0309998,0,19,19
8370,836,-0.0409999,0,9,9
