time,particle_id,x,y,mesh_index,mesh_index_original
45530,4543,0.0450051,0,95,95
45530,4544,0.0350046,0,85,85
45530,4545,0.025004,0,75,75
45530,4546,0.0150035,0,65,65
45530,4547,0.00500296,0,55,55
45530,4548,-0.00499758,0,45,45
45530,4549,-0.0149981,0,35,35
45530,4550,-0.0249987,0,25,25
45530,4551,-0.0349992,0,15,15
45530,4552,-0.0449997,0,5,5
