time,particle_id,x,y,mesh_index,mesh_index_original
50910,5081,0.0440057,0,94,94
50910,5082,0.034005,0,84,84
50910,5083,0.0240044,0,74,74
50910,5084,0.0140038,0,64,64
50910,5085,0.00400325,0,54,54
50910,5086,-0.00599735,0,44,44
50910,5087,-0.015998,0,34,34
50910,5088,-0.0259986,0,24,24
50910,5089,-0.0359992,0,14,14
50910,5090,-0.0459998,0,4,4
