time,particle_id,x,y,mesh_index,mesh_index_original
14980,1488,0.0480017,0,98,98
14980,1489,0.0380015,0,88,88
14980,1490,0.0280014,0,78,78
14980,1491,0.0180012,0,68,68
14980,1492,0.00800102,0,58,58
14980,1493,-0.00199915,0,48,48
14980,1494,-0.0119993,0,38,38
14980,1495,-0.0219995,0,28,28
14980,1496,-0.0319997,0,18,18
14980,1497,-0.0419999,0,8,8
