time,particle_id,x,y,mesh_index,mesh_index_original
64970,6487,0.0430071,0,93,93
64970,6488,0.0330064,0,83,83
64970,6489,0.0230056,0,73,73
64970,6490,0.0130048,0,63,63
64970,6491,0.00300407,0,53,53
64970,6492,-0.0069967,0,43,43
64970,6493,-0.0169975,0,33,33
64970,6494,-0.0269982,0,23,23
64970,6495,-0.036999,0,13,13
64970,6496,-0.0469998,0,3,3
