time,particle_id,x,y,mesh_index,mesh_index_original
36520,3642,0.0460041,0,96,96
36520,3643,0.0360037,0,86,86
36520,3644,0.0260033,0,76,76
36520,3645,0.0160028,0,66,66
36520,3646,0.00600241,0,56,56
36520,3647,-0.00399802,0,46,46
36520,3648,-0.0139984,0,36,36
36520,3649,-0.0239989,0,26,26
36520,3650,-0.0339993,0,16,16
36520,3651,-0.0439997,0,6,6
