time,particle_id,x,y,mesh_index,mesh_index_original
33500,3340,0.0460038,0,96,96
33500,3341,0.0360034,0,86,86
33500,3342,0.026003,0,76,76
33500,3343,0.0160026,0,66,66
33500,3344,0.00600221,0,56,56
33500,3345,-0.00399818,0,46,46
33500,3346,-0.0139986,0,36,36
33500,3347,-0.023999,0,26,26
33500,3348,-0.0339994,0,16,16
33500,3349,-0.0439998,0,6,6
