time,particle_id,x,y,mesh_index,mesh_index_original
6240,614,0.0490007,0,99,99
6240,615,0.0390006,0,89,89
6240,616,0.0290006,0,79,79
6240,617,0.0190005,0,69,69
6240,618,0.00900043,0,59,59
6240,619,-0.000999643,0,49,49
6240,620,-0.0109997,0,39,39
6240,621,-0.0209998,0,29,29
6240,622,-0.0309999,0,19,19
6240,623,-0.0409999,0,9,9
