time,particle_id,x,y,mesh_index,mesh_index_original
31710,3161,0.0460036,0,96,96
31710,3162,0.0360032,0,86,86
31710,3163,0.0260028,0,76,76
31710,3164,0.0160025,0,66,66
31710,3165,0.0060021,0,56,56
31710,3166,-0.00399828,0,46,46
31710,3167,-0.0139987,0,36,36
31710,3168,-0.023999,0,26,26
31710,3169,-0.0339994,0,16,16
31710,3170,-0.0439998,0,6,6
