time,particle_id,x,y,mesh_index,mesh_index_original
11800,1170,0.0480014,0,98,98
11800,1171,0.0380012,0,88,88
11800,1172,0.0280011,0,78,78
11800,1173,0.0180009,0,68,68
11800,1174,0.0080008,0,58,58
11800,1175,-0.00199933,0,48,48
11800,1176,-0.0119995,0,38,38
11800,1177,-0.0219996,0,28,28
11800,1178,-0.0319998,0,18,18
11800,1179,-0.0419999,0,8,8
