time,particle_id,x,y,mesh_index,mesh_index_original
66260,6616,0.0430073,0,93,93
66260,6617,0.0330065,0,83,83
66260,6618,0.0230057,0,73,73
66260,6619,0.0130049,0,63,63
66260,6620,0.00300415,0,53,53
66260,6621,-0.00699663,0,43,43
66260,6622,-0.0169974,0,33,33
66260,6623,-0.0269982,0,23,23
66260,6624,-0.036999,0,13,13
66260,6625,-0.0469998,0,3,3
