time,particle_id,x,y,mesh_index,mesh_index_original
18780,1868,0.0480022,0,98,98
18780,1869,0.0380019,0,88,88
18780,1870,0.0280017,0,78,78
18780,1871,0.0180015,0,68,68
18780,1872,0.00800128,0,58,58
18780,1873,-0.00199894,0,48,48
18780,1874,-0.0119992,0,38,38
18780,1875,-0.0219994,0,28,28
18780,1876,-0.0319996,0,18,18
18780,1877,-0.0419998,0,8,8
