time,particle_id,x,y,mesh_index,mesh_index_original
98630,9853,0.0400105,0,90,90
98630,9854,0.0300093,0,80,80
98630,9855,0.0200082,0,70,70
98630,9856,0.010007,0,60,60
98630,9857,5.82884e-06,0,50,50
98630,9858,-0.00999534,0,40,40
98630,9859,-0.0199965,0,30,30
98630,9860,-0.0299977,0,20,20
98630,9861,-0.0399988,0,10,10
