time,particle_id,x,y,mesh_index,mesh_index_original
47460,4736,0.0450053,0,95,95
47460,4737,0.0350048,0,85,85
47460,4738,0.0250042,0,75,75
47460,4739,0.0150036,0,65,65
47460,4740,0.00500308,0,55,55
47460,4741,-0.00499748,0,45,45
47460,4742,-0.014998,0,35,35
47460,4743,-0.0249986,0,25,25
47460,4744,-0.0349992,0,15,15
47460,4745,-0.0449997,0,5,5
