time,particle_id,x,y,mesh_index,mesh_index_original
31550,3145,0.0460036,0,96,96
31550,3146,0.0360032,0,86,86
31550,3147,0.0260028,0,76,76
31550,3148,0.0160025,0,66,66
31550,3149,0.00600208,0,56,56
31550,3150,-0.00399829,0,46,46
31550,3151,-0.0139987,0,36,36
31550,3152,-0.023999,0,26,26
31550,3153,-0.0339994,0,16,16
31550,3154,-0.0439998,0,6,6
