time,particle_id,x,y,mesh_index,mesh_index_original
59890,5979,0.0440066,0,94,94
59890,5980,0.0340059,0,84,84
59890,5981,0.0240052,0,74,74
59890,5982,0.0140045,0,64,64
59890,5983,0.00400382,0,54,54
59890,5984,-0.00599689,0,44,44
59890,5985,-0.0159976,0,34,34
59890,5986,-0.0259983,0,24,24
59890,5987,-0.035999,0,14,14
59890,5988,-0.0459997,0,4,4
