time,particle_id,x,y,mesh_index,mesh_index_original
54450,5435,0.044006,0,94,94
54450,5436,0.0340054,0,84,84
54450,5437,0.0240048,0,74,74
54450,5438,0.0140041,0,64,64
54450,5439,0.00400347,0,54,54
54450,5440,-0.00599717,0,44,44
54450,5441,-0.0159978,0,34,34
54450,5442,-0.0259985,0,24,24
54450,5443,-0.0359991,0,14,14
54450,5444,-0.0459997,0,4,4
