time,particle_id,x,y,mesh_index,mesh_index_original
71570,7147,0.0420078,0,92,92
71570,7148,0.0320069,0,82,82
71570,7149,0.0220061,0,72,72
71570,7150,0.0120052,0,62,62
71570,7151,0.0020044,0,52,52
71570,7152,-0.00799645,0,42,42
71570,7153,-0.0179973,0,32,32
71570,7154,-0.0279981,0,22,22
71570,7155,-0.037999,0,12,12
71570,7156,-0.0479998,0,2,2
