time,particle_id,x,y,mesh_index,mesh_index_original
79910,7981,0.0420087,0,92,92
79910,7982,0.0320077,0,82,82
79910,7983,0.0220068,0,72,72
79910,7984,0.0120059,0,62,62
79910,7985,0.00200491,0,52,52
79910,7986,-0.00799603,0,42,42
79910,7987,-0.017997,0,32,32
79910,7988,-0.0279979,0,22,22
79910,7989,-0.0379989,0,12,12
79910,7990,-0.0479998,0,2,2
