time,particle_id,x,y,mesh_index,mesh_index_original
43350,4325,0.0450049,0,95,95
43350,4326,0.0350043,0,85,85
43350,4327,0.0250038,0,75,75
43350,4328,0.0150033,0,65,65
43350,4329,0.00500281,0,55,55
43350,4330,-0.0049977,0,45,45
43350,4331,-0.0149982,0,35,35
43350,4332,-0.0249987,0,25,25
43350,4333,-0.0349992,0,15,15
43350,4334,-0.0449997,0,5,5
