time,particle_id,x,y,mesh_index,mesh_index_original
320,22,0.049,0,99,99
320,23,0.039,0,89,89
320,24,0.029,0,79,79
320,25,0.019,0,69,69
320,26,0.00900002,0,59,59
320,27,-0.000999986,0,49,49
320,28,-0.011,0,39,39
320,29,-0.021,0,29,29
320,30,-0.031,0,19,19
320,31,-0.041,0,9,9
