time,particle_id,x,y,mesh_index,mesh_index_original
76190,7609,0.0420083,0,92,92
76190,7610,0.0320074,0,82,82
76190,7611,0.0220065,0,72,72
76190,7612,0.0120056,0,62,62
76190,7613,0.00200468,0,52,52
76190,7614,-0.00799622,0,42,42
76190,7615,-0.0179971,0,32,32
76190,7616,-0.027998,0,22,22
76190,7617,-0.0379989,0,12,12
76190,7618,-0.0479998,0,2,2
