time,particle_id,x,y,mesh_index,mesh_index_original
97190,9709,0.0400103,0,90,90
97190,9710,0.0300092,0,80,80
97190,9711,0.020008,0,70,70
97190,9712,0.0100069,0,60,60
97190,9713,5.74366e-06,0,50,50
97190,9714,-0.0099954,0,40,40
97190,9715,-0.0199966,0,30,30
97190,9716,-0.0299977,0,20,20
97190,9717,-0.0399989,0,10,10
