time,particle_id,x,y,mesh_index,mesh_index_original
86330,8623,0.0410093,0,91,91
86330,8624,0.0310083,0,81,81
86330,8625,0.0210072,0,71,71
86330,8626,0.0110062,0,61,61
86330,8627,0.0010052,0,51,51
86330,8628,-0.00899582,0,41,41
86330,8629,-0.0189968,0,31,31
86330,8630,-0.0289979,0,21,21
86330,8631,-0.0389989,0,11,11
86330,8632,-0.0489999,0,1,1
