time,particle_id,x,y,mesh_index,mesh_index_original
33390,3329,0.0460038,0,96,96
33390,3330,0.0360034,0,86,86
33390,3331,0.026003,0,76,76
33390,3332,0.0160026,0,66,66
33390,3333,0.00600221,0,56,56
33390,3334,-0.00399819,0,46,46
33390,3335,-0.0139986,0,36,36
33390,3336,-0.023999,0,26,26
33390,3337,-0.0339994,0,16,16
33390,3338,-0.0439998,0,6,6
