time,particle_id,x,y,mesh_index,mesh_index_original
3270,317,0.0490004,0,99,99
3270,318,0.0390003,0,89,89
3270,319,0.0290003,0,79,79
3270,320,0.0190003,0,69,69
3270,321,0.00900022,0,59,59
3270,322,-0.000999815,0,49,49
3270,323,-0.0109999,0,39,39
3270,324,-0.0209999,0,29,29
3270,325,-0.0309999,0,19,19
3270,326,-0.041,0,9,9
