time,particle_id,x,y,mesh_index,mesh_index_original
61800,6170,0.0430068,0,93,93
61800,6171,0.0330061,0,83,83
61800,6172,0.0230053,0,73,73
61800,6173,0.0130046,0,63,63
61800,6174,0.00300387,0,53,53
61800,6175,-0.00699686,0,43,43
61800,6176,-0.0169976,0,33,33
61800,6177,-0.0269983,0,23,23
61800,6178,-0.0369991,0,13,13
61800,6179,-0.0469998,0,3,3
