time,particle_id,x,y,mesh_index,mesh_index_original
46740,4664,0.0450052,0,95,95
46740,4665,0.0350047,0,85,85
46740,4666,0.0250041,0,75,75
46740,4667,0.0150036,0,65,65
46740,4668,0.00500304,0,55,55
46740,4669,-0.00499752,0,45,45
46740,4670,-0.0149981,0,35,35
46740,4671,-0.0249986,0,25,25
46740,4672,-0.0349992,0,15,15
46740,4673,-0.0449997,0,5,5
