time,particle_id,x,y,mesh_index,mesh_index_original
88320,8822,0.0410095,0,91,91
88320,8823,0.0310085,0,81,81
88320,8824,0.0210074,0,71,71
88320,8825,0.0110064,0,61,61
88320,8826,0.00100532,0,51,51
88320,8827,-0.00899572,0,41,41
88320,8828,-0.0189968,0,31,31
88320,8829,-0.0289978,0,21,21
88320,8830,-0.0389989,0,11,11
88320,8831,-0.0489999,0,1,1
