time,particle_id,x,y,mesh_index,mesh_index_original
43170,4307,0.0450048,0,95,95
43170,4308,0.0350043,0,85,85
43170,4309,0.0250038,0,75,75
43170,4310,0.0150033,0,65,65
43170,4311,0.0050028,0,55,55
43170,4312,-0.00499771,0,45,45
43170,4313,-0.0149982,0,35,35
43170,4314,-0.0249987,0,25,25
43170,4315,-0.0349992,0,15,15
43170,4316,-0.0449997,0,5,5
