time,particle_id,x,y,mesh_index,mesh_index_original
51910,5181,0.0440058,0,94,94
51910,5182,0.0340051,0,84,84
51910,5183,0.0240045,0,74,74
51910,5184,0.0140039,0,64,64
51910,5185,0.00400331,0,54,54
51910,5186,-0.0059973,0,44,44
51910,5187,-0.0159979,0,34,34
51910,5188,-0.0259985,0,24,24
51910,5189,-0.0359991,0,14,14
51910,5190,-0.0459998,0,4,4
