time,particle_id,x,y,mesh_index,mesh_index_original
9230,913,0.0490011,0,99,99
9230,914,0.039001,0,89,89
9230,915,0.0290009,0,79,79
9230,916,0.0190007,0,69,69
9230,917,0.00900064,0,59,59
9230,918,-0.00099947,0,49,49
9230,919,-0.0109996,0,39,39
9230,920,-0.0209997,0,29,29
9230,921,-0.0309998,0,19,19
9230,922,-0.0409999,0,9,9
