time,particle_id,x,y,mesh_index,mesh_index_original
45160,4506,0.0450051,0,95,95
45160,4507,0.0350045,0,85,85
45160,4508,0.025004,0,75,75
45160,4509,0.0150035,0,65,65
45160,4510,0.00500293,0,55,55
45160,4511,-0.0049976,0,45,45
45160,4512,-0.0149981,0,35,35
45160,4513,-0.0249987,0,25,25
45160,4514,-0.0349992,0,15,15
45160,4515,-0.0449997,0,5,5
