time,particle_id,x,y,mesh_index,mesh_index_original
35890,3579,0.0460041,0,96,96
35890,3580,0.0360036,0,86,86
35890,3581,0.0260032,0,76,76
35890,3582,0.0160028,0,66,66
35890,3583,0.00600237,0,56,56
35890,3584,-0.00399805,0,46,46
35890,3585,-0.0139985,0,36,36
35890,3586,-0.0239989,0,26,26
35890,3587,-0.0339993,0,16,16
35890,3588,-0.0439997,0,6,6
