time,particle_id,x,y,mesh_index,mesh_index_original
42180,4208,0.0450047,0,95,95
42180,4209,0.0350042,0,85,85
42180,4210,0.0250037,0,75,75
42180,4211,0.0150032,0,65,65
42180,4212,0.00500274,0,55,55
42180,4213,-0.00499776,0,45,45
42180,4214,-0.0149983,0,35,35
42180,4215,-0.0249988,0,25,25
42180,4216,-0.0349993,0,15,15
42180,4217,-0.0449998,0,5,5
