time,particle_id,x,y,mesh_index,mesh_index_original
83670,8357,0.041009,0,91,91
83670,8358,0.031008,0,81,81
83670,8359,0.021007,0,71,71
83670,8360,0.011006,0,61,61
83670,8361,0.00100504,0,51,51
83670,8362,-0.00899595,0,41,41
83670,8363,-0.0189969,0,31,31
83670,8364,-0.0289979,0,21,21
83670,8365,-0.0389989,0,11,11
83670,8366,-0.0489999,0,1,1
