time,particle_id,x,y,mesh_index,mesh_index_original
27080,2698,0.0470031,0,97,97
27080,2699,0.0370028,0,87,87
27080,2700,0.0270025,0,77,77
27080,2701,0.0170021,0,67,67
27080,2702,0.00700182,0,57,57
27080,2703,-0.0029985,0,47,47
27080,2704,-0.0129988,0,37,37
27080,2705,-0.0229991,0,27,27
27080,2706,-0.0329995,0,17,17
27080,2707,-0.0429998,0,7,7
