time,particle_id,x,y,mesh_index,mesh_index_original
67540,6744,0.0430074,0,93,93
67540,6745,0.0330066,0,83,83
67540,6746,0.0230058,0,73,73
67540,6747,0.013005,0,63,63
67540,6748,0.00300423,0,53,53
67540,6749,-0.00699657,0,43,43
67540,6750,-0.0169974,0,33,33
67540,6751,-0.0269982,0,23,23
67540,6752,-0.036999,0,13,13
67540,6753,-0.0469998,0,3,3
