time,particle_id,x,y,mesh_index,mesh_index_original
41340,4124,0.0450046,0,95,95
41340,4125,0.0350041,0,85,85
41340,4126,0.0250037,0,75,75
41340,4127,0.0150032,0,65,65
41340,4128,0.00500268,0,55,55
41340,4129,-0.0049978,0,45,45
41340,4130,-0.0149983,0,35,35
41340,4131,-0.0249988,0,25,25
41340,4132,-0.0349993,0,15,15
41340,4133,-0.0449998,0,5,5
