time,particle_id,x,y,mesh_index,mesh_index_original
52600,5250,0.0440058,0,94,94
52600,5251,0.0340052,0,84,84
52600,5252,0.0240046,0,74,74
52600,5253,0.014004,0,64,64
52600,5254,0.00400335,0,54,54
52600,5255,-0.00599727,0,44,44
52600,5256,-0.0159979,0,34,34
52600,5257,-0.0259985,0,24,24
52600,5258,-0.0359991,0,14,14
52600,5259,-0.0459998,0,4,4
