time,particle_id,x,y,mesh_index,mesh_index_original
83160,8306,0.0410089,0,91,91
83160,8307,0.031008,0,81,81
83160,8308,0.021007,0,71,71
83160,8309,0.011006,0,61,61
83160,8310,0.00100501,0,51,51
83160,8311,-0.00899597,0,41,41
83160,8312,-0.018997,0,31,31
83160,8313,-0.0289979,0,21,21
83160,8314,-0.0389989,0,11,11
83160,8315,-0.0489999,0,1,1
