time,particle_id,x,y,mesh_index,mesh_index_original
24150,2405,0.0470028,0,97,97
24150,2406,0.0370025,0,87,87
24150,2407,0.0270022,0,77,77
24150,2408,0.0170019,0,67,67
24150,2409,0.00700162,0,57,57
24150,2410,-0.00299866,0,47,47
24150,2411,-0.0129989,0,37,37
24150,2412,-0.0229992,0,27,27
24150,2413,-0.0329995,0,17,17
24150,2414,-0.0429998,0,7,7
