time,particle_id,x,y,mesh_index,mesh_index_original
32560,3246,0.0460037,0,96,96
32560,3247,0.0360033,0,86,86
32560,3248,0.0260029,0,76,76
32560,3249,0.0160025,0,66,66
32560,3250,0.00600215,0,56,56
32560,3251,-0.00399823,0,46,46
32560,3252,-0.0139986,0,36,36
32560,3253,-0.023999,0,26,26
32560,3254,-0.0339994,0,16,16
32560,3255,-0.0439998,0,6,6
