time,particle_id,x,y,mesh_index,mesh_index_original
89880,8978,0.0410097,0,91,91
89880,8979,0.0310086,0,81,81
89880,8980,0.0210075,0,71,71
89880,8981,0.0110065,0,61,61
89880,8982,0.00100542,0,51,51
89880,8983,-0.00899564,0,41,41
89880,8984,-0.0189967,0,31,31
89880,8985,-0.0289978,0,21,21
89880,8986,-0.0389988,0,11,11
89880,8987,-0.0489999,0,1,1
