time,particle_id,x,y,mesh_index,mesh_index_original
54700,5460,0.0440061,0,94,94
54700,5461,0.0340054,0,84,84
54700,5462,0.0240048,0,74,74
54700,5463,0.0140041,0,64,64
54700,5464,0.00400349,0,54,54
54700,5465,-0.00599716,0,44,44
54700,5466,-0.0159978,0,34,34
54700,5467,-0.0259984,0,24,24
54700,5468,-0.0359991,0,14,14
54700,5469,-0.0459997,0,4,4
