time,particle_id,x,y,mesh_index,mesh_index_original
2650,255,0.0490003,0,99,99
2650,256,0.0390003,0,89,89
2650,257,0.0290002,0,79,79
2650,258,0.0190002,0,69,69
2650,259,0.00900018,0,59,59
2650,260,-0.000999851,0,49,49
2650,261,-0.0109999,0,39,39
2650,262,-0.0209999,0,29,29
2650,263,-0.0309999,0,19,19
2650,264,-0.041,0,9,9
