time,particle_id,x,y,mesh_index,mesh_index_original
27360,2726,0.0470031,0,97,97
27360,2727,0.0370028,0,87,87
27360,2728,0.0270025,0,77,77
27360,2729,0.0170022,0,67,67
27360,2730,0.00700184,0,57,57
27360,2731,-0.00299848,0,47,47
27360,2732,-0.0129988,0,37,37
27360,2733,-0.0229991,0,27,27
27360,2734,-0.0329995,0,17,17
27360,2735,-0.0429998,0,7,7
