time,particle_id,x,y,mesh_index,mesh_index_original
9630,953,0.0490011,0,99,99
9630,954,0.039001,0,89,89
9630,955,0.0290009,0,79,79
9630,956,0.0190008,0,69,69
9630,957,0.00900067,0,59,59
9630,958,-0.000999447,0,49,49
9630,959,-0.0109996,0,39,39
9630,960,-0.0209997,0,29,29
9630,961,-0.0309998,0,19,19
9630,962,-0.0409999,0,9,9
