time,particle_id,x,y,mesh_index,mesh_index_original
61300,6120,0.0430067,0,93,93
61300,6121,0.033006,0,83,83
61300,6122,0.0230053,0,73,73
61300,6123,0.0130046,0,63,63
61300,6124,0.00300384,0,53,53
61300,6125,-0.00699689,0,43,43
61300,6126,-0.0169976,0,33,33
61300,6127,-0.0269983,0,23,23
61300,6128,-0.0369991,0,13,13
61300,6129,-0.0469998,0,3,3
