time,particle_id,x,y,mesh_index,mesh_index_original
57070,5697,0.0440063,0,94,94
57070,5698,0.0340057,0,84,84
57070,5699,0.024005,0,74,74
57070,5700,0.0140043,0,64,64
57070,5701,0.00400364,0,54,54
57070,5702,-0.00599703,0,44,44
57070,5703,-0.0159977,0,34,34
57070,5704,-0.0259984,0,24,24
57070,5705,-0.0359991,0,14,14
57070,5706,-0.0459997,0,4,4
