time,particle_id,x,y,mesh_index,mesh_index_original
38260,3816,0.0460043,0,96,96
38260,3817,0.0360039,0,86,86
38260,3818,0.0260034,0,76,76
38260,3819,0.016003,0,66,66
38260,3820,0.00600253,0,56,56
38260,3821,-0.00399792,0,46,46
38260,3822,-0.0139984,0,36,36
38260,3823,-0.0239988,0,26,26
38260,3824,-0.0339993,0,16,16
38260,3825,-0.0439997,0,6,6
