time,particle_id,x,y,mesh_index,mesh_index_original
27200,2710,0.0470031,0,97,97
27200,2711,0.0370028,0,87,87
27200,2712,0.0270025,0,77,77
27200,2713,0.0170021,0,67,67
27200,2714,0.00700183,0,57,57
27200,2715,-0.00299849,0,47,47
27200,2716,-0.0129988,0,37,37
27200,2717,-0.0229991,0,27,27
27200,2718,-0.0329995,0,17,17
27200,2719,-0.0429998,0,7,7
