time,particle_id,x,y,mesh_index,mesh_index_original
49320,4922,0.0450055,0,95,95
49320,4923,0.0350049,0,85,85
49320,4924,0.0250044,0,75,75
49320,4925,0.0150038,0,65,65
49320,4926,0.0050032,0,55,55
49320,4927,-0.00499738,0,45,45
49320,4928,-0.014998,0,35,35
49320,4929,-0.0249985,0,25,25
49320,4930,-0.0349991,0,15,15
49320,4931,-0.0449997,0,5,5
