time,particle_id,x,y,mesh_index,mesh_index_original
96890,9679,0.0400103,0,90,90
96890,9680,0.0300092,0,80,80
96890,9681,0.020008,0,70,70
96890,9682,0.0100069,0,60,60
96890,9683,5.72591e-06,0,50,50
96890,9684,-0.00999542,0,40,40
96890,9685,-0.0199966,0,30,30
96890,9686,-0.0299977,0,20,20
96890,9687,-0.0399989,0,10,10
