time,particle_id,x,y,mesh_index,mesh_index_original
73590,7349,0.042008,0,92,92
73590,7350,0.0320071,0,82,82
73590,7351,0.0220063,0,72,72
73590,7352,0.0120054,0,62,62
73590,7353,0.00200452,0,52,52
73590,7354,-0.00799635,0,42,42
73590,7355,-0.0179972,0,32,32
73590,7356,-0.0279981,0,22,22
73590,7357,-0.037999,0,12,12
73590,7358,-0.0479998,0,2,2
