time,particle_id,x,y,mesh_index,mesh_index_original
43000,4290,0.0450048,0,95,95
43000,4291,0.0350043,0,85,85
43000,4292,0.0250038,0,75,75
43000,4293,0.0150033,0,65,65
43000,4294,0.00500279,0,55,55
43000,4295,-0.00499772,0,45,45
43000,4296,-0.0149982,0,35,35
43000,4297,-0.0249987,0,25,25
43000,4298,-0.0349992,0,15,15
43000,4299,-0.0449997,0,5,5
