time,particle_id,x,y,mesh_index,mesh_index_original
4480,438,0.0490005,0,99,99
4480,439,0.0390005,0,89,89
4480,440,0.0290004,0,79,79
4480,441,0.0190004,0,69,69
4480,442,0.00900031,0,59,59
4480,443,-0.000999745,0,49,49
4480,444,-0.0109998,0,39,39
4480,445,-0.0209998,0,29,29
4480,446,-0.0309999,0,19,19
4480,447,-0.041,0,9,9
