time,particle_id,x,y,mesh_index,mesh_index_original
18060,1796,0.0480021,0,98,98
18060,1797,0.0380019,0,88,88
18060,1798,0.0280017,0,78,78
18060,1799,0.0180014,0,68,68
18060,1800,0.00800123,0,58,58
18060,1801,-0.00199898,0,48,48
18060,1802,-0.0119992,0,38,38
18060,1803,-0.0219994,0,28,28
18060,1804,-0.0319996,0,18,18
18060,1805,-0.0419998,0,8,8
