time,particle_id,x,y,mesh_index,mesh_index_original
5410,531,0.0490006,0,99,99
5410,532,0.0390006,0,89,89
5410,533,0.0290005,0,79,79
5410,534,0.0190004,0,69,69
5410,535,0.00900037,0,59,59
5410,536,-0.000999691,0,49,49
5410,537,-0.0109998,0,39,39
5410,538,-0.0209998,0,29,29
5410,539,-0.0309999,0,19,19
5410,540,-0.0409999,0,9,9
