time,particle_id,x,y,mesh_index,mesh_index_original
90500,9040,0.0400096,0,90,90
90500,9041,0.0300086,0,80,80
90500,9042,0.0200075,0,70,70
90500,9043,0.0100064,0,60,60
90500,9044,5.34791e-06,0,50,50
90500,9045,-0.00999572,0,40,40
90500,9046,-0.0199968,0,30,30
90500,9047,-0.0299979,0,20,20
90500,9048,-0.0399989,0,10,10
