time,particle_id,x,y,mesh_index,mesh_index_original
36390,3629,0.0460041,0,96,96
36390,3630,0.0360037,0,86,86
36390,3631,0.0260033,0,76,76
36390,3632,0.0160028,0,66,66
36390,3633,0.00600241,0,56,56
36390,3634,-0.00399802,0,46,46
36390,3635,-0.0139985,0,36,36
36390,3636,-0.0239989,0,26,26
36390,3637,-0.0339993,0,16,16
36390,3638,-0.0439997,0,6,6
