time,particle_id,x,y,mesh_index,mesh_index_original
37140,3704,0.0460042,0,96,96
37140,3705,0.0360038,0,86,86
37140,3706,0.0260033,0,76,76
37140,3707,0.0160029,0,66,66
37140,3708,0.00600245,0,56,56
37140,3709,-0.00399798,0,46,46
37140,3710,-0.0139984,0,36,36
37140,3711,-0.0239989,0,26,26
37140,3712,-0.0339993,0,16,16
37140,3713,-0.0439997,0,6,6
