time,particle_id,x,y,mesh_index,mesh_index_original
98100,9800,0.0400104,0,90,90
98100,9801,0.0300093,0,80,80
98100,9802,0.0200081,0,70,70
98100,9803,0.010007,0,60,60
98100,9804,5.79749e-06,0,50,50
98100,9805,-0.00999536,0,40,40
98100,9806,-0.0199965,0,30,30
98100,9807,-0.0299977,0,20,20
98100,9808,-0.0399988,0,10,10
