time,particle_id,x,y,mesh_index,mesh_index_original
88800,8870,0.0410095,0,91,91
88800,8871,0.0310085,0,81,81
88800,8872,0.0210075,0,71,71
88800,8873,0.0110064,0,61,61
88800,8874,0.00100535,0,51,51
88800,8875,-0.0089957,0,41,41
88800,8876,-0.0189967,0,31,31
88800,8877,-0.0289978,0,21,21
88800,8878,-0.0389988,0,11,11
88800,8879,-0.0489999,0,1,1
