time,particle_id,x,y,mesh_index,mesh_index_original
20060,1996,0.0480023,0,98,98
20060,1997,0.0380021,0,88,88
20060,1998,0.0280018,0,78,78
20060,1999,0.0180016,0,68,68
20060,2000,0.00700135,0,57,57
20060,2001,-0.00299889,0,47,47
20060,2002,-0.0129991,0,37,37
20060,2003,-0.0229994,0,27,27
20060,2004,-0.0329996,0,17,17
20060,2005,-0.0429998,0,7,7
