time,particle_id,x,y,mesh_index,mesh_index_original
25560,2546,0.0470029,0,97,97
25560,2547,0.0370026,0,87,87
25560,2548,0.0270023,0,77,77
25560,2549,0.017002,0,67,67
25560,2550,0.00700172,0,57,57
25560,2551,-0.00299858,0,47,47
25560,2552,-0.0129989,0,37,37
25560,2553,-0.0229992,0,27,27
25560,2554,-0.0329995,0,17,17
25560,2555,-0.0429998,0,7,7
