time,particle_id,x,y,mesh_index,mesh_index_original
47660,4756,0.0450053,0,95,95
47660,4757,0.0350048,0,85,85
47660,4758,0.0250042,0,75,75
47660,4759,0.0150037,0,65,65
47660,4760,0.0050031,0,55,55
47660,4761,-0.00499747,0,45,45
47660,4762,-0.014998,0,35,35
47660,4763,-0.0249986,0,25,25
47660,4764,-0.0349992,0,15,15
47660,4765,-0.0449997,0,5,5
