time,particle_id,x,y,mesh_index,mesh_index_original
63270,6317,0.043007,0,93,93
63270,6318,0.0330062,0,83,83
63270,6319,0.0230055,0,73,73
63270,6320,0.0130047,0,63,63
63270,6321,0.00300396,0,53,53
63270,6322,-0.00699679,0,43,43
63270,6323,-0.0169975,0,33,33
63270,6324,-0.0269983,0,23,23
63270,6325,-0.036999,0,13,13
63270,6326,-0.0469998,0,3,3
