time,particle_id,x,y,mesh_index,mesh_index_original
32760,3266,0.0460037,0,96,96
32760,3267,0.0360033,0,86,86
32760,3268,0.0260029,0,76,76
32760,3269,0.0160026,0,66,66
32760,3270,0.00600216,0,56,56
32760,3271,-0.00399822,0,46,46
32760,3272,-0.0139986,0,36,36
32760,3273,-0.023999,0,26,26
32760,3274,-0.0339994,0,16,16
32760,3275,-0.0439998,0,6,6
