time,particle_id,x,y,mesh_index,mesh_index_original
69000,6890,0.0430076,0,93,93
69000,6891,0.0330068,0,83,83
69000,6892,0.023006,0,73,73
69000,6893,0.0130051,0,63,63
69000,6894,0.00300432,0,53,53
69000,6895,-0.00699649,0,43,43
69000,6896,-0.0169973,0,33,33
69000,6897,-0.0269981,0,23,23
69000,6898,-0.0369989,0,13,13
69000,6899,-0.0469998,0,3,3
