time,particle_id,x,y,mesh_index,mesh_index_original
4350,425,0.0490005,0,99,99
4350,426,0.0390004,0,89,89
4350,427,0.0290004,0,79,79
4350,428,0.0190003,0,69,69
4350,429,0.0090003,0,59,59
4350,430,-0.000999753,0,49,49
4350,431,-0.0109998,0,39,39
4350,432,-0.0209999,0,29,29
4350,433,-0.0309999,0,19,19
4350,434,-0.041,0,9,9
