time,particle_id,x,y,mesh_index,mesh_index_original
80330,8023,0.0410086,0,91,91
80330,8024,0.0310077,0,81,81
80330,8025,0.0210067,0,71,71
80330,8026,0.0110058,0,61,61
80330,8027,0.00100484,0,51,51
80330,8028,-0.00899611,0,41,41
80330,8029,-0.0189971,0,31,31
80330,8030,-0.028998,0,21,21
80330,8031,-0.038999,0,11,11
80330,8032,-0.0489999,0,1,1
