time,particle_id,x,y,mesh_index,mesh_index_original
25340,2524,0.0470029,0,97,97
25340,2525,0.0370026,0,87,87
25340,2526,0.0270023,0,77,77
25340,2527,0.017002,0,67,67
25340,2528,0.0070017,0,57,57
25340,2529,-0.0029986,0,47,47
25340,2530,-0.0129989,0,37,37
25340,2531,-0.0229992,0,27,27
25340,2532,-0.0329995,0,17,17
25340,2533,-0.0429998,0,7,7
