time,particle_id,x,y,mesh_index,mesh_index_original
78950,7885,0.0420086,0,92,92
78950,7886,0.0320076,0,82,82
78950,7887,0.0220067,0,72,72
78950,7888,0.0120058,0,62,62
78950,7889,0.00200485,0,52,52
78950,7890,-0.00799608,0,42,42
78950,7891,-0.017997,0,32,32
78950,7892,-0.0279979,0,22,22
78950,7893,-0.0379989,0,12,12
78950,7894,-0.0479998,0,2,2
