time,particle_id,x,y,mesh_index,mesh_index_original
83170,8307,0.0410089,0,91,91
83170,8308,0.031008,0,81,81
83170,8309,0.021007,0,71,71
83170,8310,0.011006,0,61,61
83170,8311,0.00100501,0,51,51
83170,8312,-0.00899597,0,41,41
83170,8313,-0.018997,0,31,31
83170,8314,-0.0289979,0,21,21
83170,8315,-0.0389989,0,11,11
83170,8316,-0.0489999,0,1,1
