time,particle_id,x,y,mesh_index,mesh_index_original
63340,6324,0.043007,0,93,93
63340,6325,0.0330062,0,83,83
63340,6326,0.0230055,0,73,73
63340,6327,0.0130047,0,63,63
63340,6328,0.00300397,0,53,53
63340,6329,-0.00699678,0,43,43
63340,6330,-0.0169975,0,33,33
63340,6331,-0.0269983,0,23,23
63340,6332,-0.036999,0,13,13
63340,6333,-0.0469998,0,3,3
