time,particle_id,x,y,mesh_index,mesh_index_original
50790,5069,0.0440056,0,94,94
50790,5070,0.034005,0,84,84
50790,5071,0.0240044,0,74,74
50790,5072,0.0140038,0,64,64
50790,5073,0.00400324,0,54,54
50790,5074,-0.00599736,0,44,44
50790,5075,-0.015998,0,34,34
50790,5076,-0.0259986,0,24,24
50790,5077,-0.0359992,0,14,14
50790,5078,-0.0459998,0,4,4
