time,particle_id,x,y,mesh_index,mesh_index_original
42150,4205,0.0450047,0,95,95
42150,4206,0.0350042,0,85,85
42150,4207,0.0250037,0,75,75
42150,4208,0.0150032,0,65,65
42150,4209,0.00500274,0,55,55
42150,4210,-0.00499776,0,45,45
42150,4211,-0.0149983,0,35,35
42150,4212,-0.0249988,0,25,25
42150,4213,-0.0349993,0,15,15
42150,4214,-0.0449998,0,5,5
