time,particle_id,x,y,mesh_index,mesh_index_original
36040,3594,0.0460041,0,96,96
36040,3595,0.0360037,0,86,86
36040,3596,0.0260032,0,76,76
36040,3597,0.0160028,0,66,66
36040,3598,0.00600238,0,56,56
36040,3599,-0.00399804,0,46,46
36040,3600,-0.0139985,0,36,36
36040,3601,-0.0239989,0,26,26
36040,3602,-0.0339993,0,16,16
36040,3603,-0.0439997,0,6,6
