time,particle_id,x,y,mesh_index,mesh_index_original
4680,458,0.0490005,0,99,99
4680,459,0.0390005,0,89,89
4680,460,0.0290004,0,79,79
4680,461,0.0190004,0,69,69
4680,462,0.00900032,0,59,59
4680,463,-0.000999733,0,49,49
4680,464,-0.0109998,0,39,39
4680,465,-0.0209998,0,29,29
4680,466,-0.0309999,0,19,19
4680,467,-0.041,0,9,9
