time,particle_id,x,y,mesh_index,mesh_index_original
73120,7302,0.0420079,0,92,92
73120,7303,0.0320071,0,82,82
73120,7304,0.0220062,0,72,72
73120,7305,0.0120054,0,62,62
73120,7306,0.00200449,0,52,52
73120,7307,-0.00799637,0,42,42
73120,7308,-0.0179972,0,32,32
73120,7309,-0.0279981,0,22,22
73120,7310,-0.037999,0,12,12
73120,7311,-0.0479998,0,2,2
