time,particle_id,x,y,mesh_index,mesh_index_original
67450,6735,0.0430074,0,93,93
67450,6736,0.0330066,0,83,83
67450,6737,0.0230058,0,73,73
67450,6738,0.013005,0,63,63
67450,6739,0.00300422,0,53,53
67450,6740,-0.00699657,0,43,43
67450,6741,-0.0169974,0,33,33
67450,6742,-0.0269982,0,23,23
67450,6743,-0.036999,0,13,13
67450,6744,-0.0469998,0,3,3
