time,particle_id,x,y,mesh_index,mesh_index_original
63600,6350,0.043007,0,93,93
63600,6351,0.0330062,0,83,83
63600,6352,0.0230055,0,73,73
63600,6353,0.0130047,0,63,63
63600,6354,0.00300398,0,53,53
63600,6355,-0.00699677,0,43,43
63600,6356,-0.0169975,0,33,33
63600,6357,-0.0269983,0,23,23
63600,6358,-0.036999,0,13,13
63600,6359,-0.0469998,0,3,3
