time,particle_id,x,y,mesh_index,mesh_index_original
4430,433,0.0490005,0,99,99
4430,434,0.0390005,0,89,89
4430,435,0.0290004,0,79,79
4430,436,0.0190004,0,69,69
4430,437,0.0090003,0,59,59
4430,438,-0.000999748,0,49,49
4430,439,-0.0109998,0,39,39
4430,440,-0.0209999,0,29,29
4430,441,-0.0309999,0,19,19
4430,442,-0.041,0,9,9
