time,particle_id,x,y,mesh_index,mesh_index_original
90850,9075,0.0400097,0,90,90
90850,9076,0.0300086,0,80,80
90850,9077,0.0200075,0,70,70
90850,9078,0.0100064,0,60,60
90850,9079,5.36861e-06,0,50,50
90850,9080,-0.0099957,0,40,40
90850,9081,-0.0199968,0,30,30
90850,9082,-0.0299979,0,20,20
90850,9083,-0.0399989,0,10,10
