time,particle_id,x,y,mesh_index,mesh_index_original
16470,1637,0.0480019,0,98,98
16470,1638,0.0380017,0,88,88
16470,1639,0.0280015,0,78,78
16470,1640,0.0180013,0,68,68
16470,1641,0.00800112,0,58,58
16470,1642,-0.00199907,0,48,48
16470,1643,-0.0119993,0,38,38
16470,1644,-0.0219995,0,28,28
16470,1645,-0.0319997,0,18,18
16470,1646,-0.0419998,0,8,8
