time,particle_id,x,y,mesh_index,mesh_index_original
65330,6523,0.0430072,0,93,93
65330,6524,0.0330064,0,83,83
65330,6525,0.0230056,0,73,73
65330,6526,0.0130049,0,63,63
65330,6527,0.00300409,0,53,53
65330,6528,-0.00699668,0,43,43
65330,6529,-0.0169975,0,33,33
65330,6530,-0.0269982,0,23,23
65330,6531,-0.036999,0,13,13
65330,6532,-0.0469998,0,3,3
