time,particle_id,x,y,mesh_index,mesh_index_original
250,15,0.049,0,99,99
250,16,0.039,0,89,89
250,17,0.029,0,79,79
250,18,0.019,0,69,69
250,19,0.00900001,0,59,59
250,20,-0.00099999,0,49,49
250,21,-0.011,0,39,39
250,22,-0.021,0,29,29
250,23,-0.031,0,19,19
250,24,-0.041,0,9,9
