time,particle_id,x,y,mesh_index,mesh_index_original
39210,3911,0.0460044,0,96,96
39210,3912,0.036004,0,86,86
39210,3913,0.0260035,0,76,76
39210,3914,0.0160031,0,66,66
39210,3915,0.00600259,0,56,56
39210,3916,-0.00399787,0,46,46
39210,3917,-0.0139983,0,36,36
39210,3918,-0.0239988,0,26,26
39210,3919,-0.0339993,0,16,16
39210,3920,-0.0439997,0,6,6
