time,particle_id,x,y,mesh_index,mesh_index_original
71760,7166,0.0420078,0,92,92
71760,7167,0.032007,0,82,82
71760,7168,0.0220061,0,72,72
71760,7169,0.0120053,0,62,62
71760,7170,0.00200441,0,52,52
71760,7171,-0.00799644,0,42,42
71760,7172,-0.0179973,0,32,32
71760,7173,-0.0279981,0,22,22
71760,7174,-0.037999,0,12,12
71760,7175,-0.0479998,0,2,2
