time,particle_id,x,y,mesh_index,mesh_index_original
22670,2257,0.0470026,0,97,97
22670,2258,0.0370023,0,87,87
22670,2259,0.0270021,0,77,77
22670,2260,0.0170018,0,67,67
22670,2261,0.00700152,0,57,57
22670,2262,-0.00299874,0,47,47
22670,2263,-0.012999,0,37,37
22670,2264,-0.0229993,0,27,27
22670,2265,-0.0329995,0,17,17
22670,2266,-0.0429998,0,7,7
