time,particle_id,x,y,mesh_index,mesh_index_original
40070,3997,0.0460045,0,96,96
40070,3998,0.0360041,0,86,86
40070,3999,0.0260036,0,76,76
40070,4000,0.0150031,0,65,65
40070,4001,0.0050026,0,55,55
40070,4002,-0.00499787,0,45,45
40070,4003,-0.0149983,0,35,35
40070,4004,-0.0249988,0,25,25
40070,4005,-0.0349993,0,15,15
40070,4006,-0.0449998,0,5,5
