time,particle_id,x,y,mesh_index,mesh_index_original
63470,6337,0.043007,0,93,93
63470,6338,0.0330062,0,83,83
63470,6339,0.0230055,0,73,73
63470,6340,0.0130047,0,63,63
63470,6341,0.00300397,0,53,53
63470,6342,-0.00699678,0,43,43
63470,6343,-0.0169975,0,33,33
63470,6344,-0.0269983,0,23,23
63470,6345,-0.036999,0,13,13
63470,6346,-0.0469998,0,3,3
