time,particle_id,x,y,mesh_index,mesh_index_original
36150,3605,0.0460041,0,96,96
36150,3606,0.0360037,0,86,86
36150,3607,0.0260032,0,76,76
36150,3608,0.0160028,0,66,66
36150,3609,0.00600239,0,56,56
36150,3610,-0.00399804,0,46,46
36150,3611,-0.0139985,0,36,36
36150,3612,-0.0239989,0,26,26
36150,3613,-0.0339993,0,16,16
36150,3614,-0.0439997,0,6,6
