time,particle_id,x,y,mesh_index,mesh_index_original
91750,9165,0.0400098,0,90,90
91750,9166,0.0300087,0,80,80
91750,9167,0.0200076,0,70,70
91750,9168,0.0100065,0,60,60
91750,9169,5.42185e-06,0,50,50
91750,9170,-0.00999566,0,40,40
91750,9171,-0.0199967,0,30,30
91750,9172,-0.0299978,0,20,20
91750,9173,-0.0399989,0,10,10
