time,particle_id,x,y,mesh_index,mesh_index_original
94560,9446,0.0400101,0,90,90
94560,9447,0.0300089,0,80,80
94560,9448,0.0200078,0,70,70
94560,9449,0.0100067,0,60,60
94560,9450,5.58808e-06,0,50,50
94560,9451,-0.00999553,0,40,40
94560,9452,-0.0199966,0,30,30
94560,9453,-0.0299978,0,20,20
94560,9454,-0.0399989,0,10,10
