time,particle_id,x,y,mesh_index,mesh_index_original
34350,3425,0.0460039,0,96,96
34350,3426,0.0360035,0,86,86
34350,3427,0.0260031,0,76,76
34350,3428,0.0160027,0,66,66
34350,3429,0.00600227,0,56,56
34350,3430,-0.00399814,0,46,46
34350,3431,-0.0139985,0,36,36
34350,3432,-0.0239989,0,26,26
34350,3433,-0.0339994,0,16,16
34350,3434,-0.0439998,0,6,6
