time,particle_id,x,y,mesh_index,mesh_index_original
20490,2039,0.0470023,0,97,97
20490,2040,0.0370021,0,87,87
20490,2041,0.0270019,0,77,77
20490,2042,0.0170016,0,67,67
20490,2043,0.00700138,0,57,57
20490,2044,-0.00299887,0,47,47
20490,2045,-0.0129991,0,37,37
20490,2046,-0.0229993,0,27,27
20490,2047,-0.0329996,0,17,17
20490,2048,-0.0429998,0,7,7
