time,particle_id,x,y,mesh_index,mesh_index_original
42310,4221,0.0450047,0,95,95
42310,4222,0.0350042,0,85,85
42310,4223,0.0250037,0,75,75
42310,4224,0.0150032,0,65,65
42310,4225,0.00500275,0,55,55
42310,4226,-0.00499775,0,45,45
42310,4227,-0.0149983,0,35,35
42310,4228,-0.0249988,0,25,25
42310,4229,-0.0349993,0,15,15
42310,4230,-0.0449998,0,5,5
