time,particle_id,x,y,mesh_index,mesh_index_original
88440,8834,0.0410095,0,91,91
88440,8835,0.0310085,0,81,81
88440,8836,0.0210074,0,71,71
88440,8837,0.0110064,0,61,61
88440,8838,0.00100533,0,51,51
88440,8839,-0.00899571,0,41,41
88440,8840,-0.0189968,0,31,31
88440,8841,-0.0289978,0,21,21
88440,8842,-0.0389989,0,11,11
88440,8843,-0.0489999,0,1,1
