time,particle_id,x,y,mesh_index,mesh_index_original
63060,6296,0.0430069,0,93,93
63060,6297,0.0330062,0,83,83
63060,6298,0.0230054,0,73,73
63060,6299,0.0130047,0,63,63
63060,6300,0.00300395,0,53,53
63060,6301,-0.0069968,0,43,43
63060,6302,-0.0169975,0,33,33
63060,6303,-0.0269983,0,23,23
63060,6304,-0.036999,0,13,13
63060,6305,-0.0469998,0,3,3
