time,particle_id,x,y,mesh_index,mesh_index_original
16310,1621,0.0480019,0,98,98
16310,1622,0.0380017,0,88,88
16310,1623,0.0280015,0,78,78
16310,1624,0.0180013,0,68,68
16310,1625,0.00800111,0,58,58
16310,1626,-0.00199908,0,48,48
16310,1627,-0.0119993,0,38,38
16310,1628,-0.0219995,0,28,28
16310,1629,-0.0319997,0,18,18
16310,1630,-0.0419998,0,8,8
