time,particle_id,x,y,mesh_index,mesh_index_original
33130,3303,0.0460038,0,96,96
33130,3304,0.0360034,0,86,86
33130,3305,0.026003,0,76,76
33130,3306,0.0160026,0,66,66
33130,3307,0.00600219,0,56,56
33130,3308,-0.0039982,0,46,46
33130,3309,-0.0139986,0,36,36
33130,3310,-0.023999,0,26,26
33130,3311,-0.0339994,0,16,16
33130,3312,-0.0439998,0,6,6
