time,particle_id,x,y,mesh_index,mesh_index_original
10890,1079,0.0480013,0,98,98
10890,1080,0.0380011,0,88,88
10890,1081,0.028001,0,78,78
10890,1082,0.0180009,0,68,68
10890,1083,0.00800074,0,58,58
10890,1084,-0.00199939,0,48,48
10890,1085,-0.0119995,0,38,38
10890,1086,-0.0219996,0,28,28
10890,1087,-0.0319998,0,18,18
10890,1088,-0.0419999,0,8,8
