time,particle_id,x,y,mesh_index,mesh_index_original
73070,7297,0.0420079,0,92,92
73070,7298,0.0320071,0,82,82
73070,7299,0.0220062,0,72,72
73070,7300,0.0120054,0,62,62
73070,7301,0.00200449,0,52,52
73070,7302,-0.00799637,0,42,42
73070,7303,-0.0179972,0,32,32
73070,7304,-0.0279981,0,22,22
73070,7305,-0.037999,0,12,12
73070,7306,-0.0479998,0,2,2
