time,particle_id,x,y,mesh_index,mesh_index_original
74670,7457,0.0420081,0,92,92
74670,7458,0.0320072,0,82,82
74670,7459,0.0220064,0,72,72
74670,7460,0.0120055,0,62,62
74670,7461,0.00200459,0,52,52
74670,7462,-0.00799629,0,42,42
74670,7463,-0.0179972,0,32,32
74670,7464,-0.0279981,0,22,22
74670,7465,-0.0379989,0,12,12
74670,7466,-0.0479998,0,2,2
