time,particle_id,x,y,mesh_index,mesh_index_original
97790,9769,0.0400104,0,90,90
97790,9770,0.0300092,0,80,80
97790,9771,0.0200081,0,70,70
97790,9772,0.0100069,0,60,60
97790,9773,5.77915e-06,0,50,50
97790,9774,-0.00999538,0,40,40
97790,9775,-0.0199965,0,30,30
97790,9776,-0.0299977,0,20,20
97790,9777,-0.0399988,0,10,10
