time,particle_id,x,y,mesh_index,mesh_index_original
11520,1142,0.0480013,0,98,98
11520,1143,0.0380012,0,88,88
11520,1144,0.0280011,0,78,78
11520,1145,0.0180009,0,68,68
11520,1146,0.00800078,0,58,58
11520,1147,-0.00199935,0,48,48
11520,1148,-0.0119995,0,38,38
11520,1149,-0.0219996,0,28,28
11520,1150,-0.0319998,0,18,18
11520,1151,-0.0419999,0,8,8
