time,particle_id,x,y,mesh_index,mesh_index_original
45810,4571,0.0450051,0,95,95
45810,4572,0.0350046,0,85,85
45810,4573,0.0250041,0,75,75
45810,4574,0.0150035,0,65,65
45810,4575,0.00500298,0,55,55
45810,4576,-0.00499757,0,45,45
45810,4577,-0.0149981,0,35,35
45810,4578,-0.0249986,0,25,25
45810,4579,-0.0349992,0,15,15
45810,4580,-0.0449997,0,5,5
