time,particle_id,x,y,mesh_index,mesh_index_original
55840,5574,0.0440062,0,94,94
55840,5575,0.0340055,0,84,84
55840,5576,0.0240049,0,74,74
55840,5577,0.0140042,0,64,64
55840,5578,0.00400356,0,54,54
55840,5579,-0.0059971,0,44,44
55840,5580,-0.0159978,0,34,34
55840,5581,-0.0259984,0,24,24
55840,5582,-0.0359991,0,14,14
55840,5583,-0.0459997,0,4,4
