time,particle_id,x,y,mesh_index,mesh_index_original
75050,7495,0.0420082,0,92,92
75050,7496,0.0320073,0,82,82
75050,7497,0.0220064,0,72,72
75050,7498,0.0120055,0,62,62
75050,7499,0.00200461,0,52,52
75050,7500,-0.00799628,0,42,42
75050,7501,-0.0179972,0,32,32
75050,7502,-0.027998,0,22,22
75050,7503,-0.0379989,0,12,12
75050,7504,-0.0479998,0,2,2
