time,particle_id,x,y,mesh_index,mesh_index_original
44560,4446,0.045005,0,95,95
44560,4447,0.0350045,0,85,85
44560,4448,0.0250039,0,75,75
44560,4449,0.0150034,0,65,65
44560,4450,0.00500289,0,55,55
44560,4451,-0.00499763,0,45,45
44560,4452,-0.0149982,0,35,35
44560,4453,-0.0249987,0,25,25
44560,4454,-0.0349992,0,15,15
44560,4455,-0.0449997,0,5,5
