time,particle_id,x,y,mesh_index,mesh_index_original
40510,4041,0.0450045,0,95,95
40510,4042,0.0350041,0,85,85
40510,4043,0.0250036,0,75,75
40510,4044,0.0150031,0,65,65
40510,4045,0.00500263,0,55,55
40510,4046,-0.00499785,0,45,45
40510,4047,-0.0149983,0,35,35
40510,4048,-0.0249988,0,25,25
40510,4049,-0.0349993,0,15,15
40510,4050,-0.0449998,0,5,5
