time,particle_id,x,y,mesh_index,mesh_index_original
18260,1816,0.0480021,0,98,98
18260,1817,0.0380019,0,88,88
18260,1818,0.0280017,0,78,78
18260,1819,0.0180015,0,68,68
18260,1820,0.00800125,0,58,58
18260,1821,-0.00199897,0,48,48
18260,1822,-0.0119992,0,38,38
18260,1823,-0.0219994,0,28,28
18260,1824,-0.0319996,0,18,18
18260,1825,-0.0419998,0,8,8
