time,particle_id,x,y,mesh_index,mesh_index_original
15140,1504,0.0480017,0,98,98
15140,1505,0.0380016,0,88,88
15140,1506,0.0280014,0,78,78
15140,1507,0.0180012,0,68,68
15140,1508,0.00800103,0,58,58
15140,1509,-0.00199914,0,48,48
15140,1510,-0.0119993,0,38,38
15140,1511,-0.0219995,0,28,28
15140,1512,-0.0319997,0,18,18
15140,1513,-0.0419999,0,8,8
