time,particle_id,x,y,mesh_index,mesh_index_original
21200,2110,0.0470024,0,97,97
21200,2111,0.0370022,0,87,87
21200,2112,0.0270019,0,77,77
21200,2113,0.0170017,0,67,67
21200,2114,0.00700142,0,57,57
21200,2115,-0.00299883,0,47,47
21200,2116,-0.0129991,0,37,37
21200,2117,-0.0229993,0,27,27
21200,2118,-0.0329996,0,17,17
21200,2119,-0.0429998,0,7,7
