time,particle_id,x,y,mesh_index,mesh_index_original
70080,6998,0.0430077,0,93,93
70080,6999,0.0330069,0,83,83
70080,7000,0.022006,0,72,72
70080,7001,0.0120051,0,62,62
70080,7002,0.00200431,0,52,52
70080,7003,-0.00799652,0,42,42
70080,7004,-0.0179974,0,32,32
70080,7005,-0.0279982,0,22,22
70080,7006,-0.037999,0,12,12
70080,7007,-0.0479998,0,2,2
