time,particle_id,x,y,mesh_index,mesh_index_original
15260,1516,0.0480018,0,98,98
15260,1517,0.0380016,0,88,88
15260,1518,0.0280014,0,78,78
15260,1519,0.0180012,0,68,68
15260,1520,0.00800104,0,58,58
15260,1521,-0.00199914,0,48,48
15260,1522,-0.0119993,0,38,38
15260,1523,-0.0219995,0,28,28
15260,1524,-0.0319997,0,18,18
15260,1525,-0.0419999,0,8,8
