time,particle_id,x,y,mesh_index,mesh_index_original
79830,7973,0.0420087,0,92,92
79830,7974,0.0320077,0,82,82
79830,7975,0.0220068,0,72,72
79830,7976,0.0120058,0,62,62
79830,7977,0.00200491,0,52,52
79830,7978,-0.00799604,0,42,42
79830,7979,-0.017997,0,32,32
79830,7980,-0.0279979,0,22,22
79830,7981,-0.0379989,0,12,12
79830,7982,-0.0479998,0,2,2
