time,particle_id,x,y,mesh_index,mesh_index_original
81090,8099,0.0410087,0,91,91
81090,8100,0.0310078,0,81,81
81090,8101,0.0210068,0,71,71
81090,8102,0.0110058,0,61,61
81090,8103,0.00100489,0,51,51
81090,8104,-0.00899607,0,41,41
81090,8105,-0.018997,0,31,31
81090,8106,-0.028998,0,21,21
81090,8107,-0.0389989,0,11,11
81090,8108,-0.0489999,0,1,1
