time,particle_id,x,y,mesh_index,mesh_index_original
54710,5461,0.0440061,0,94,94
54710,5462,0.0340054,0,84,84
54710,5463,0.0240048,0,74,74
54710,5464,0.0140041,0,64,64
54710,5465,0.00400349,0,54,54
54710,5466,-0.00599716,0,44,44
54710,5467,-0.0159978,0,34,34
54710,5468,-0.0259984,0,24,24
54710,5469,-0.0359991,0,14,14
54710,5470,-0.0459997,0,4,4
