time,particle_id,x,y,mesh_index,mesh_index_original
73020,7292,0.0420079,0,92,92
73020,7293,0.0320071,0,82,82
73020,7294,0.0220062,0,72,72
73020,7295,0.0120053,0,62,62
73020,7296,0.00200449,0,52,52
73020,7297,-0.00799638,0,42,42
73020,7298,-0.0179972,0,32,32
73020,7299,-0.0279981,0,22,22
73020,7300,-0.037999,0,12,12
73020,7301,-0.0479998,0,2,2
