time,particle_id,x,y,mesh_index,mesh_index_original
82810,8271,0.0410089,0,91,91
82810,8272,0.0310079,0,81,81
82810,8273,0.0210069,0,71,71
82810,8274,0.011006,0,61,61
82810,8275,0.00100499,0,51,51
82810,8276,-0.00899599,0,41,41
82810,8277,-0.018997,0,31,31
82810,8278,-0.0289979,0,21,21
82810,8279,-0.0389989,0,11,11
82810,8280,-0.0489999,0,1,1
