time,particle_id,x,y,mesh_index,mesh_index_original
63680,6358,0.043007,0,93,93
63680,6359,0.0330062,0,83,83
63680,6360,0.0230055,0,73,73
63680,6361,0.0130047,0,63,63
63680,6362,0.00300399,0,53,53
63680,6363,-0.00699676,0,43,43
63680,6364,-0.0169975,0,33,33
63680,6365,-0.0269983,0,23,23
63680,6366,-0.036999,0,13,13
63680,6367,-0.0469998,0,3,3
