time,particle_id,x,y,mesh_index,mesh_index_original
86850,8675,0.0410093,0,91,91
86850,8676,0.0310083,0,81,81
86850,8677,0.0210073,0,71,71
86850,8678,0.0110063,0,61,61
86850,8679,0.00100523,0,51,51
86850,8680,-0.00899579,0,41,41
86850,8681,-0.0189968,0,31,31
86850,8682,-0.0289978,0,21,21
86850,8683,-0.0389989,0,11,11
86850,8684,-0.0489999,0,1,1
