time,particle_id,x,y,mesh_index,mesh_index_original
29850,2975,0.0470034,0,97,97
29850,2976,0.0370031,0,87,87
29850,2977,0.0270027,0,77,77
29850,2978,0.0170024,0,67,67
29850,2979,0.00700201,0,57,57
29850,2980,-0.00299834,0,47,47
29850,2981,-0.0129987,0,37,37
29850,2982,-0.022999,0,27,27
29850,2983,-0.0329994,0,17,17
29850,2984,-0.0429998,0,7,7
