time,particle_id,x,y,mesh_index,mesh_index_original
79340,7924,0.0420086,0,92,92
79340,7925,0.0320077,0,82,82
79340,7926,0.0220068,0,72,72
79340,7927,0.0120058,0,62,62
79340,7928,0.00200488,0,52,52
79340,7929,-0.00799606,0,42,42
79340,7930,-0.017997,0,32,32
79340,7931,-0.0279979,0,22,22
79340,7932,-0.0379989,0,12,12
79340,7933,-0.0479998,0,2,2
