time,particle_id,x,y,mesh_index,mesh_index_original
2890,279,0.0490003,0,99,99
2890,280,0.0390003,0,89,89
2890,281,0.0290003,0,79,79
2890,282,0.0190002,0,69,69
2890,283,0.0090002,0,59,59
2890,284,-0.000999837,0,49,49
2890,285,-0.0109999,0,39,39
2890,286,-0.0209999,0,29,29
2890,287,-0.0309999,0,19,19
2890,288,-0.041,0,9,9
