time,particle_id,x,y,mesh_index,mesh_index_original
67720,6762,0.0430074,0,93,93
67720,6763,0.0330066,0,83,83
67720,6764,0.0230058,0,73,73
67720,6765,0.013005,0,63,63
67720,6766,0.00300424,0,53,53
67720,6767,-0.00699656,0,43,43
67720,6768,-0.0169974,0,33,33
67720,6769,-0.0269982,0,23,23
67720,6770,-0.036999,0,13,13
67720,6771,-0.0469998,0,3,3
