time,particle_id,x,y,mesh_index,mesh_index_original
51630,5153,0.0440057,0,94,94
51630,5154,0.0340051,0,84,84
51630,5155,0.0240045,0,74,74
51630,5156,0.0140039,0,64,64
51630,5157,0.00400329,0,54,54
51630,5158,-0.00599732,0,44,44
51630,5159,-0.0159979,0,34,34
51630,5160,-0.0259985,0,24,24
51630,5161,-0.0359991,0,14,14
51630,5162,-0.0459998,0,4,4
