time,particle_id,x,y,mesh_index,mesh_index_original
75240,7514,0.0420082,0,92,92
75240,7515,0.0320073,0,82,82
75240,7516,0.0220064,0,72,72
75240,7517,0.0120055,0,62,62
75240,7518,0.00200462,0,52,52
75240,7519,-0.00799627,0,42,42
75240,7520,-0.0179972,0,32,32
75240,7521,-0.027998,0,22,22
75240,7522,-0.0379989,0,12,12
75240,7523,-0.0479998,0,2,2
