time,particle_id,x,y,mesh_index,mesh_index_original
44840,4474,0.045005,0,95,95
44840,4475,0.0350045,0,85,85
44840,4476,0.025004,0,75,75
44840,4477,0.0150034,0,65,65
44840,4478,0.00500291,0,55,55
44840,4479,-0.00499762,0,45,45
44840,4480,-0.0149981,0,35,35
44840,4481,-0.0249987,0,25,25
44840,4482,-0.0349992,0,15,15
44840,4483,-0.0449997,0,5,5
