time,particle_id,x,y,mesh_index,mesh_index_original
82790,8269,0.0410089,0,91,91
82790,8270,0.0310079,0,81,81
82790,8271,0.0210069,0,71,71
82790,8272,0.011006,0,61,61
82790,8273,0.00100499,0,51,51
82790,8274,-0.00899599,0,41,41
82790,8275,-0.018997,0,31,31
82790,8276,-0.0289979,0,21,21
82790,8277,-0.0389989,0,11,11
82790,8278,-0.0489999,0,1,1
