time,particle_id,x,y,mesh_index,mesh_index_original
1680,158,0.0490002,0,99,99
1680,159,0.0390002,0,89,89
1680,160,0.0290001,0,79,79
1680,161,0.0190001,0,69,69
1680,162,0.00900011,0,59,59
1680,163,-0.000999907,0,49,49
1680,164,-0.0109999,0,39,39
1680,165,-0.0209999,0,29,29
1680,166,-0.031,0,19,19
1680,167,-0.041,0,9,9
