time,particle_id,x,y,mesh_index,mesh_index_original
46440,4634,0.0450052,0,95,95
46440,4635,0.0350047,0,85,85
46440,4636,0.0250041,0,75,75
46440,4637,0.0150036,0,65,65
46440,4638,0.00500302,0,55,55
46440,4639,-0.00499753,0,45,45
46440,4640,-0.0149981,0,35,35
46440,4641,-0.0249986,0,25,25
46440,4642,-0.0349992,0,15,15
46440,4643,-0.0449997,0,5,5
