time,particle_id,x,y,mesh_index,mesh_index_original
13130,1303,0.0480015,0,98,98
13130,1304,0.0380014,0,88,88
13130,1305,0.0280012,0,78,78
13130,1306,0.018001,0,68,68
13130,1307,0.0080009,0,58,58
13130,1308,-0.00199926,0,48,48
13130,1309,-0.0119994,0,38,38
13130,1310,-0.0219996,0,28,28
13130,1311,-0.0319997,0,18,18
13130,1312,-0.0419999,0,8,8
