time,particle_id,x,y,mesh_index,mesh_index_original
510,41,0.049,0,99,99
510,42,0.039,0,89,89
510,43,0.029,0,79,79
510,44,0.019,0,69,69
510,45,0.00900003,0,59,59
510,46,-0.000999975,0,49,49
510,47,-0.011,0,39,39
510,48,-0.021,0,29,29
510,49,-0.031,0,19,19
510,50,-0.041,0,9,9
