time,particle_id,x,y,mesh_index,mesh_index_original
58910,5881,0.0440065,0,94,94
58910,5882,0.0340058,0,84,84
58910,5883,0.0240051,0,74,74
58910,5884,0.0140045,0,64,64
58910,5885,0.00400376,0,54,54
58910,5886,-0.00599694,0,44,44
58910,5887,-0.0159976,0,34,34
58910,5888,-0.0259983,0,24,24
58910,5889,-0.035999,0,14,14
58910,5890,-0.0459997,0,4,4
