time,particle_id,x,y,mesh_index,mesh_index_original
64910,6481,0.0430071,0,93,93
64910,6482,0.0330064,0,83,83
64910,6483,0.0230056,0,73,73
64910,6484,0.0130048,0,63,63
64910,6485,0.00300406,0,53,53
64910,6486,-0.0069967,0,43,43
64910,6487,-0.0169975,0,33,33
64910,6488,-0.0269982,0,23,23
64910,6489,-0.036999,0,13,13
64910,6490,-0.0469998,0,3,3
