time,particle_id,x,y,mesh_index,mesh_index_original
42820,4272,0.0450048,0,95,95
42820,4273,0.0350043,0,85,85
42820,4274,0.0250038,0,75,75
42820,4275,0.0150033,0,65,65
42820,4276,0.00500278,0,55,55
42820,4277,-0.00499772,0,45,45
42820,4278,-0.0149982,0,35,35
42820,4279,-0.0249987,0,25,25
42820,4280,-0.0349992,0,15,15
42820,4281,-0.0449997,0,5,5
