time,particle_id,x,y,mesh_index,mesh_index_original
36990,3689,0.0460042,0,96,96
36990,3690,0.0360038,0,86,86
36990,3691,0.0260033,0,76,76
36990,3692,0.0160029,0,66,66
36990,3693,0.00600244,0,56,56
36990,3694,-0.00399799,0,46,46
36990,3695,-0.0139984,0,36,36
36990,3696,-0.0239989,0,26,26
36990,3697,-0.0339993,0,16,16
36990,3698,-0.0439997,0,6,6
