time,particle_id,x,y,mesh_index,mesh_index_original
1710,161,0.0490002,0,99,99
1710,162,0.0390002,0,89,89
1710,163,0.0290002,0,79,79
1710,164,0.0190001,0,69,69
1710,165,0.00900011,0,59,59
1710,166,-0.000999906,0,49,49
1710,167,-0.0109999,0,39,39
1710,168,-0.0209999,0,29,29
1710,169,-0.031,0,19,19
1710,170,-0.041,0,9,9
