time,particle_id,x,y,mesh_index,mesh_index_original
75430,7533,0.0420082,0,92,92
75430,7534,0.0320073,0,82,82
75430,7535,0.0220064,0,72,72
75430,7536,0.0120055,0,62,62
75430,7537,0.00200463,0,52,52
75430,7538,-0.00799626,0,42,42
75430,7539,-0.0179971,0,32,32
75430,7540,-0.027998,0,22,22
75430,7541,-0.0379989,0,12,12
75430,7542,-0.0479998,0,2,2
