time,particle_id,x,y,mesh_index,mesh_index_original
46350,4625,0.0450052,0,95,95
46350,4626,0.0350047,0,85,85
46350,4627,0.0250041,0,75,75
46350,4628,0.0150036,0,65,65
46350,4629,0.00500301,0,55,55
46350,4630,-0.00499754,0,45,45
46350,4631,-0.0149981,0,35,35
46350,4632,-0.0249986,0,25,25
46350,4633,-0.0349992,0,15,15
46350,4634,-0.0449997,0,5,5
