time,particle_id,x,y,mesh_index,mesh_index_original
7150,705,0.0490008,0,99,99
7150,706,0.0390007,0,89,89
7150,707,0.0290007,0,79,79
7150,708,0.0190006,0,69,69
7150,709,0.00900049,0,59,59
7150,710,-0.00099959,0,49,49
7150,711,-0.0109997,0,39,39
7150,712,-0.0209998,0,29,29
7150,713,-0.0309998,0,19,19
7150,714,-0.0409999,0,9,9
