time,particle_id,x,y,mesh_index,mesh_index_original
49510,4941,0.0450056,0,95,95
49510,4942,0.035005,0,85,85
49510,4943,0.0250044,0,75,75
49510,4944,0.0150038,0,65,65
49510,4945,0.00500322,0,55,55
49510,4946,-0.00499737,0,45,45
49510,4947,-0.014998,0,35,35
49510,4948,-0.0249985,0,25,25
49510,4949,-0.0349991,0,15,15
49510,4950,-0.0449997,0,5,5
