time,particle_id,x,y,mesh_index,mesh_index_original
13470,1337,0.0480016,0,98,98
13470,1338,0.0380014,0,88,88
13470,1339,0.0280012,0,78,78
13470,1340,0.0180011,0,68,68
13470,1341,0.00800092,0,58,58
13470,1342,-0.00199924,0,48,48
13470,1343,-0.0119994,0,38,38
13470,1344,-0.0219996,0,28,28
13470,1345,-0.0319997,0,18,18
13470,1346,-0.0419999,0,8,8
