time,particle_id,x,y,mesh_index,mesh_index_original
18750,1865,0.0480022,0,98,98
18750,1866,0.0380019,0,88,88
18750,1867,0.0280017,0,78,78
18750,1868,0.0180015,0,68,68
18750,1869,0.00800128,0,58,58
18750,1870,-0.00199894,0,48,48
18750,1871,-0.0119992,0,38,38
18750,1872,-0.0219994,0,28,28
18750,1873,-0.0319996,0,18,18
18750,1874,-0.0419998,0,8,8
