time,particle_id,x,y,mesh_index,mesh_index_original
40190,4009,0.0450045,0,95,95
40190,4010,0.035004,0,85,85
40190,4011,0.0250036,0,75,75
40190,4012,0.0150031,0,65,65
40190,4013,0.00500261,0,55,55
40190,4014,-0.00499786,0,45,45
40190,4015,-0.0149983,0,35,35
40190,4016,-0.0249988,0,25,25
40190,4017,-0.0349993,0,15,15
40190,4018,-0.0449998,0,5,5
