time,particle_id,x,y,mesh_index,mesh_index_original
32140,3204,0.0460036,0,96,96
32140,3205,0.0360033,0,86,86
32140,3206,0.0260029,0,76,76
32140,3207,0.0160025,0,66,66
32140,3208,0.00600212,0,56,56
32140,3209,-0.00399826,0,46,46
32140,3210,-0.0139986,0,36,36
32140,3211,-0.023999,0,26,26
32140,3212,-0.0339994,0,16,16
32140,3213,-0.0439998,0,6,6
