time,particle_id,x,y,mesh_index,mesh_index_original
90980,9088,0.0400097,0,90,90
90980,9089,0.0300086,0,80,80
90980,9090,0.0200075,0,70,70
90980,9091,0.0100065,0,60,60
90980,9092,5.3763e-06,0,50,50
90980,9093,-0.0099957,0,40,40
90980,9094,-0.0199968,0,30,30
90980,9095,-0.0299978,0,20,20
90980,9096,-0.0399989,0,10,10
