time,particle_id,x,y,mesh_index,mesh_index_original
95740,9564,0.0400102,0,90,90
95740,9565,0.0300091,0,80,80
95740,9566,0.0200079,0,70,70
95740,9567,0.0100068,0,60,60
95740,9568,5.65788e-06,0,50,50
95740,9569,-0.00999547,0,40,40
95740,9570,-0.0199966,0,30,30
95740,9571,-0.0299977,0,20,20
95740,9572,-0.0399989,0,10,10
