time,particle_id,x,y,mesh_index,mesh_index_original
13620,1352,0.0480016,0,98,98
13620,1353,0.0380014,0,88,88
13620,1354,0.0280012,0,78,78
13620,1355,0.0180011,0,68,68
13620,1356,0.00800093,0,58,58
13620,1357,-0.00199923,0,48,48
13620,1358,-0.0119994,0,38,38
13620,1359,-0.0219996,0,28,28
13620,1360,-0.0319997,0,18,18
13620,1361,-0.0419999,0,8,8
