time,particle_id,x,y,mesh_index,mesh_index_original
10750,1065,0.0480012,0,98,98
10750,1066,0.0380011,0,88,88
10750,1067,0.028001,0,78,78
10750,1068,0.0180009,0,68,68
10750,1069,0.00800073,0,58,58
10750,1070,-0.00199939,0,48,48
10750,1071,-0.0119995,0,38,38
10750,1072,-0.0219996,0,28,28
10750,1073,-0.0319998,0,18,18
10750,1074,-0.0419999,0,8,8
