time,particle_id,x,y,mesh_index,mesh_index_original
65250,6515,0.0430072,0,93,93
65250,6516,0.0330064,0,83,83
65250,6517,0.0230056,0,73,73
65250,6518,0.0130049,0,63,63
65250,6519,0.00300409,0,53,53
65250,6520,-0.00699669,0,43,43
65250,6521,-0.0169975,0,33,33
65250,6522,-0.0269982,0,23,23
65250,6523,-0.036999,0,13,13
65250,6524,-0.0469998,0,3,3
