time,particle_id,x,y,mesh_index,mesh_index_original
90100,9000,0.0400096,0,90,90
90100,9001,0.0300085,0,80,80
90100,9002,0.0200075,0,70,70
90100,9003,0.0100064,0,60,60
90100,9004,5.32427e-06,0,50,50
90100,9005,-0.00999574,0,40,40
90100,9006,-0.0199968,0,30,30
90100,9007,-0.0299979,0,20,20
90100,9008,-0.0399989,0,10,10
