time,particle_id,x,y,mesh_index,mesh_index_original
79580,7948,0.0420087,0,92,92
79580,7949,0.0320077,0,82,82
79580,7950,0.0220068,0,72,72
79580,7951,0.0120058,0,62,62
79580,7952,0.00200489,0,52,52
79580,7953,-0.00799605,0,42,42
79580,7954,-0.017997,0,32,32
79580,7955,-0.0279979,0,22,22
79580,7956,-0.0379989,0,12,12
79580,7957,-0.0479998,0,2,2
