time,particle_id,x,y,mesh_index,mesh_index_original
22540,2244,0.0470026,0,97,97
22540,2245,0.0370023,0,87,87
22540,2246,0.027002,0,77,77
22540,2247,0.0170018,0,67,67
22540,2248,0.00700151,0,57,57
22540,2249,-0.00299875,0,47,47
22540,2250,-0.012999,0,37,37
22540,2251,-0.0229993,0,27,27
22540,2252,-0.0329995,0,17,17
22540,2253,-0.0429998,0,7,7
