time,particle_id,x,y,mesh_index,mesh_index_original
65410,6531,0.0430072,0,93,93
65410,6532,0.0330064,0,83,83
65410,6533,0.0230056,0,73,73
65410,6534,0.0130049,0,63,63
65410,6535,0.0030041,0,53,53
65410,6536,-0.00699668,0,43,43
65410,6537,-0.0169974,0,33,33
65410,6538,-0.0269982,0,23,23
65410,6539,-0.036999,0,13,13
65410,6540,-0.0469998,0,3,3
