time,particle_id,x,y,mesh_index,mesh_index_original
25740,2564,0.0470029,0,97,97
25740,2565,0.0370026,0,87,87
25740,2566,0.0270023,0,77,77
25740,2567,0.017002,0,67,67
25740,2568,0.00700173,0,57,57
25740,2569,-0.00299857,0,47,47
25740,2570,-0.0129989,0,37,37
25740,2571,-0.0229992,0,27,27
25740,2572,-0.0329995,0,17,17
25740,2573,-0.0429998,0,7,7
