time,particle_id,x,y,mesh_index,mesh_index_original
97990,9789,0.0400104,0,90,90
97990,9790,0.0300093,0,80,80
97990,9791,0.0200081,0,70,70
97990,9792,0.0100069,0,60,60
97990,9793,5.79098e-06,0,50,50
97990,9794,-0.00999537,0,40,40
97990,9795,-0.0199965,0,30,30
97990,9796,-0.0299977,0,20,20
97990,9797,-0.0399988,0,10,10
