time,particle_id,x,y,mesh_index,mesh_index_original
46920,4682,0.0450053,0,95,95
46920,4683,0.0350047,0,85,85
46920,4684,0.0250042,0,75,75
46920,4685,0.0150036,0,65,65
46920,4686,0.00500305,0,55,55
46920,4687,-0.00499751,0,45,45
46920,4688,-0.0149981,0,35,35
46920,4689,-0.0249986,0,25,25
46920,4690,-0.0349992,0,15,15
46920,4691,-0.0449997,0,5,5
