time,particle_id,x,y,mesh_index,mesh_index_original
22930,2283,0.0470026,0,97,97
22930,2284,0.0370024,0,87,87
22930,2285,0.0270021,0,77,77
22930,2286,0.0170018,0,67,67
22930,2287,0.00700154,0,57,57
22930,2288,-0.00299873,0,47,47
22930,2289,-0.012999,0,37,37
22930,2290,-0.0229993,0,27,27
22930,2291,-0.0329995,0,17,17
22930,2292,-0.0429998,0,7,7
