time,particle_id,x,y,mesh_index,mesh_index_original
22620,2252,0.0470026,0,97,97
22620,2253,0.0370023,0,87,87
22620,2254,0.0270021,0,77,77
22620,2255,0.0170018,0,67,67
22620,2256,0.00700152,0,57,57
22620,2257,-0.00299875,0,47,47
22620,2258,-0.012999,0,37,37
22620,2259,-0.0229993,0,27,27
22620,2260,-0.0329995,0,17,17
22620,2261,-0.0429998,0,7,7
