time,particle_id,x,y,mesh_index,mesh_index_original
50990,5089,0.0440057,0,94,94
50990,5090,0.0340051,0,84,84
50990,5091,0.0240045,0,74,74
50990,5092,0.0140039,0,64,64
50990,5093,0.00400325,0,54,54
50990,5094,-0.00599735,0,44,44
50990,5095,-0.015998,0,34,34
50990,5096,-0.0259986,0,24,24
50990,5097,-0.0359992,0,14,14
50990,5098,-0.0459998,0,4,4
