time,particle_id,x,y,mesh_index,mesh_index_original
56270,5617,0.0440062,0,94,94
56270,5618,0.0340056,0,84,84
56270,5619,0.0240049,0,74,74
56270,5620,0.0140043,0,64,64
56270,5621,0.00400359,0,54,54
56270,5622,-0.00599708,0,44,44
56270,5623,-0.0159977,0,34,34
56270,5624,-0.0259984,0,24,24
56270,5625,-0.0359991,0,14,14
56270,5626,-0.0459997,0,4,4
