time,particle_id,x,y,mesh_index,mesh_index_original
68440,6834,0.0430075,0,93,93
68440,6835,0.0330067,0,83,83
68440,6836,0.0230059,0,73,73
68440,6837,0.0130051,0,63,63
68440,6838,0.00300429,0,53,53
68440,6839,-0.00699652,0,43,43
68440,6840,-0.0169973,0,33,33
68440,6841,-0.0269981,0,23,23
68440,6842,-0.0369989,0,13,13
68440,6843,-0.0469998,0,3,3
