time,particle_id,x,y,mesh_index,mesh_index_original
21500,2140,0.0470025,0,97,97
21500,2141,0.0370022,0,87,87
21500,2142,0.027002,0,77,77
21500,2143,0.0170017,0,67,67
21500,2144,0.00700144,0,57,57
21500,2145,-0.00299881,0,47,47
21500,2146,-0.0129991,0,37,37
21500,2147,-0.0229993,0,27,27
21500,2148,-0.0329996,0,17,17
21500,2149,-0.0429998,0,7,7
