time,particle_id,x,y,mesh_index,mesh_index_original
92270,9217,0.0400098,0,90,90
92270,9218,0.0300087,0,80,80
92270,9219,0.0200076,0,70,70
92270,9220,0.0100065,0,60,60
92270,9221,5.45261e-06,0,50,50
92270,9222,-0.00999564,0,40,40
92270,9223,-0.0199967,0,30,30
92270,9224,-0.0299978,0,20,20
92270,9225,-0.0399989,0,10,10
