time,particle_id,x,y,mesh_index,mesh_index_original
57090,5699,0.0440063,0,94,94
57090,5700,0.0340057,0,84,84
57090,5701,0.024005,0,74,74
57090,5702,0.0140043,0,64,64
57090,5703,0.00400364,0,54,54
57090,5704,-0.00599703,0,44,44
57090,5705,-0.0159977,0,34,34
57090,5706,-0.0259984,0,24,24
57090,5707,-0.0359991,0,14,14
57090,5708,-0.0459997,0,4,4
