time,particle_id,x,y,mesh_index,mesh_index_original
1440,134,0.0490002,0,99,99
1440,135,0.0390001,0,89,89
1440,136,0.0290001,0,79,79
1440,137,0.0190001,0,69,69
1440,138,0.00900009,0,59,59
1440,139,-0.000999921,0,49,49
1440,140,-0.0109999,0,39,39
1440,141,-0.021,0,29,29
1440,142,-0.031,0,19,19
1440,143,-0.041,0,9,9
