time,particle_id,x,y,mesh_index,mesh_index_original
95490,9539,0.0400102,0,90,90
95490,9540,0.030009,0,80,80
95490,9541,0.0200079,0,70,70
95490,9542,0.0100068,0,60,60
95490,9543,5.64309e-06,0,50,50
95490,9544,-0.00999549,0,40,40
95490,9545,-0.0199966,0,30,30
95490,9546,-0.0299977,0,20,20
95490,9547,-0.0399989,0,10,10
