time,particle_id,x,y,mesh_index,mesh_index_original
93520,9342,0.0400099,0,90,90
93520,9343,0.0300088,0,80,80
93520,9344,0.0200077,0,70,70
93520,9345,0.0100066,0,60,60
93520,9346,5.52656e-06,0,50,50
93520,9347,-0.00999558,0,40,40
93520,9348,-0.0199967,0,30,30
93520,9349,-0.0299978,0,20,20
93520,9350,-0.0399989,0,10,10
