time,particle_id,x,y,mesh_index,mesh_index_original
17630,1753,0.048002,0,98,98
17630,1754,0.0380018,0,88,88
17630,1755,0.0280016,0,78,78
17630,1756,0.0180014,0,68,68
17630,1757,0.0080012,0,58,58
17630,1758,-0.001999,0,48,48
17630,1759,-0.0119992,0,38,38
17630,1760,-0.0219994,0,28,28
17630,1761,-0.0319996,0,18,18
17630,1762,-0.0419998,0,8,8
