time,particle_id,x,y,mesh_index,mesh_index_original
50690,5059,0.0440056,0,94,94
50690,5060,0.034005,0,84,84
50690,5061,0.0240044,0,74,74
50690,5062,0.0140038,0,64,64
50690,5063,0.00400323,0,54,54
50690,5064,-0.00599737,0,44,44
50690,5065,-0.015998,0,34,34
50690,5066,-0.0259986,0,24,24
50690,5067,-0.0359992,0,14,14
50690,5068,-0.0459998,0,4,4
