time,particle_id,x,y,mesh_index,mesh_index_original
66880,6678,0.0430073,0,93,93
66880,6679,0.0330066,0,83,83
66880,6680,0.0230058,0,73,73
66880,6681,0.013005,0,63,63
66880,6682,0.00300419,0,53,53
66880,6683,-0.0069966,0,43,43
66880,6684,-0.0169974,0,33,33
66880,6685,-0.0269982,0,23,23
66880,6686,-0.036999,0,13,13
66880,6687,-0.0469998,0,3,3
