time,particle_id,x,y,mesh_index,mesh_index_original
41990,4189,0.0450047,0,95,95
41990,4190,0.0350042,0,85,85
41990,4191,0.0250037,0,75,75
41990,4192,0.0150032,0,65,65
41990,4193,0.00500273,0,55,55
41990,4194,-0.00499777,0,45,45
41990,4195,-0.0149983,0,35,35
41990,4196,-0.0249988,0,25,25
41990,4197,-0.0349993,0,15,15
41990,4198,-0.0449998,0,5,5
