time,particle_id,x,y,mesh_index,mesh_index_original
37180,3708,0.0460042,0,96,96
37180,3709,0.0360038,0,86,86
37180,3710,0.0260033,0,76,76
37180,3711,0.0160029,0,66,66
37180,3712,0.00600246,0,56,56
37180,3713,-0.00399798,0,46,46
37180,3714,-0.0139984,0,36,36
37180,3715,-0.0239989,0,26,26
37180,3716,-0.0339993,0,16,16
37180,3717,-0.0439997,0,6,6
