time,particle_id,x,y,mesh_index,mesh_index_original
75700,7560,0.0420082,0,92,92
75700,7561,0.0320073,0,82,82
75700,7562,0.0220064,0,72,72
75700,7563,0.0120055,0,62,62
75700,7564,0.00200465,0,52,52
75700,7565,-0.00799624,0,42,42
75700,7566,-0.0179971,0,32,32
75700,7567,-0.027998,0,22,22
75700,7568,-0.0379989,0,12,12
75700,7569,-0.0479998,0,2,2
