time,particle_id,x,y,mesh_index,mesh_index_original
30000,2990,0.0470034,0,97,97
30000,2991,0.0370031,0,87,87
30000,2992,0.0270027,0,77,77
30000,2993,0.0170024,0,67,67
30000,2994,0.00700202,0,57,57
30000,2995,-0.00299834,0,47,47
30000,2996,-0.0129987,0,37,37
30000,2997,-0.022999,0,27,27
30000,2998,-0.0329994,0,17,17
30000,2999,-0.0429998,0,7,7
