time,particle_id,x,y,mesh_index,mesh_index_original
83250,8315,0.041009,0,91,91
83250,8316,0.031008,0,81,81
83250,8317,0.021007,0,71,71
83250,8318,0.011006,0,61,61
83250,8319,0.00100502,0,51,51
83250,8320,-0.00899597,0,41,41
83250,8321,-0.0189969,0,31,31
83250,8322,-0.0289979,0,21,21
83250,8323,-0.0389989,0,11,11
83250,8324,-0.0489999,0,1,1
