time,particle_id,x,y,mesh_index,mesh_index_original
31040,3094,0.0460035,0,96,96
31040,3095,0.0360031,0,86,86
31040,3096,0.0260028,0,76,76
31040,3097,0.0160024,0,66,66
31040,3098,0.00600205,0,56,56
31040,3099,-0.00399832,0,46,46
31040,3100,-0.0139987,0,36,36
31040,3101,-0.023999,0,26,26
31040,3102,-0.0339994,0,16,16
31040,3103,-0.0439998,0,6,6
