time,particle_id,x,y,mesh_index,mesh_index_original
88010,8791,0.0410095,0,91,91
88010,8792,0.0310084,0,81,81
88010,8793,0.0210074,0,71,71
88010,8794,0.0110063,0,61,61
88010,8795,0.0010053,0,51,51
88010,8796,-0.00899574,0,41,41
88010,8797,-0.0189968,0,31,31
88010,8798,-0.0289978,0,21,21
88010,8799,-0.0389989,0,11,11
88010,8800,-0.0489999,0,1,1
